
#-------------------------------------Code tạo table trong mysql-------------------------------------------------------------
CREATE DATABASE IF NOT EXISTS movie_web CHARACTER SET utf8mb4 COLLATE utf8mb4_unicode_ci;
USE movie_web;

-- Bảng Users
CREATE TABLE users (
    user_id INT AUTO_INCREMENT PRIMARY KEY,
    username VARCHAR(100) NOT NULL UNIQUE,
    email VARCHAR(150) NOT NULL UNIQUE,
    password VARCHAR(255) NOT NULL,
    state ENUM('ACTIVE','FIXING','REMOVED','PENDING') DEFAULT 'PENDING',
    role enum('USER','ADMIN') default 'USER'
);

-- Bảng Movies
CREATE TABLE movies (
    movie_id INT AUTO_INCREMENT PRIMARY KEY,
    title VARCHAR(255) NOT NULL default 'This is not available',
    description TEXT,
    release_date VARCHAR(50),
    poster_url VARCHAR(500) default null,
    thumb_url VARCHAR(500) default null,
    status ENUM('coming','showing','finished') DEFAULT 'showing',
    country VARCHAR(50) DEFAULT 'Đang cập nhập',
    language VARCHAR(50) DEFAULT 'Đang cập nhập',
    trailer_url VARCHAR(500) default null,
    views INT DEFAULT 0
);

-- Bảng Genres
CREATE TABLE genres (
    genre_id INT AUTO_INCREMENT PRIMARY KEY,
    name VARCHAR(150) NOT NULL UNIQUE
);

CREATE TABLE movie_genres (
    movie_id INT NOT NULL,
    genre_id INT NOT NULL,
    PRIMARY KEY (movie_id, genre_id),
    FOREIGN KEY (movie_id) REFERENCES movies(movie_id) ON DELETE CASCADE,
    FOREIGN KEY (genre_id) REFERENCES genres(genre_id) ON DELETE CASCADE
);

-- Bảng Actors
CREATE TABLE actors (
    actor_id INT AUTO_INCREMENT PRIMARY KEY,
    name VARCHAR(255) NOT NULL UNIQUE
);

CREATE TABLE movie_actors (
    movie_id INT NOT NULL,
    actor_id INT NOT NULL,
    PRIMARY KEY (movie_id, actor_id),
    FOREIGN KEY (movie_id) REFERENCES movies(movie_id) ON DELETE CASCADE,
    FOREIGN KEY (actor_id) REFERENCES actors(actor_id) ON DELETE CASCADE
);

-- Bảng Directors
CREATE TABLE directors (
    director_id INT AUTO_INCREMENT PRIMARY KEY,
    name VARCHAR(255) NOT NULL UNIQUE
);

CREATE TABLE movie_directors (
    movie_id INT NOT NULL,
    director_id INT NOT NULL,
    PRIMARY KEY (movie_id, director_id),
    FOREIGN KEY (movie_id) REFERENCES movies(movie_id) ON DELETE CASCADE,
    FOREIGN KEY (director_id) REFERENCES directors(director_id) ON DELETE CASCADE
);

-- Bảng Episodes
CREATE TABLE episodes (
    episode_id INT AUTO_INCREMENT PRIMARY KEY,
    movie_id INT NOT NULL,
    name VARCHAR(255),
    video_url VARCHAR(500) default null,
    FOREIGN KEY (movie_id) REFERENCES movies(movie_id) ON DELETE CASCADE
);

-- Bảng Favorites (N-N User – Movie)
CREATE TABLE favorites (
    user_id INT NOT NULL,
    movie_id INT NOT NULL,
    added_at TIMESTAMP DEFAULT CURRENT_TIMESTAMP,
    PRIMARY KEY (user_id, movie_id),
    FOREIGN KEY (user_id) REFERENCES users(user_id) ON DELETE CASCADE,
    FOREIGN KEY (movie_id) REFERENCES movies(movie_id) ON DELETE CASCADE
);

-- Bảng Watch History (user không được trùng phim)
CREATE TABLE watch_history (
    user_id INT NOT NULL,
    movie_id INT NOT NULL,
    PRIMARY KEY (user_id, movie_id), -- đảm bảo không trùng
    FOREIGN KEY (user_id) REFERENCES users(user_id) ON DELETE CASCADE,
    FOREIGN KEY (movie_id) REFERENCES movies(movie_id) ON DELETE CASCADE
);

-- Bảng Comments cho Movie
CREATE TABLE comments (
    comment_id INT AUTO_INCREMENT PRIMARY KEY,
    user_id INT NOT NULL,
    movie_id INT NOT NULL,
    content TEXT NOT NULL,
    created_at TIMESTAMP DEFAULT CURRENT_TIMESTAMP,
    FOREIGN KEY (user_id) REFERENCES users(user_id) ON DELETE CASCADE,
    FOREIGN KEY (movie_id) REFERENCES movies(movie_id) ON DELETE CASCADE
);

CREATE TABLE saves (
    user_id INT NOT NULL,
    movie_id INT NOT NULL,
    added_at TIMESTAMP DEFAULT CURRENT_TIMESTAMP,
    PRIMARY KEY (user_id, movie_id),
    FOREIGN KEY (user_id) REFERENCES users(user_id) ON DELETE CASCADE,
    FOREIGN KEY (movie_id) REFERENCES movies(movie_id) ON DELETE CASCADE
);


#-------------------------------------Code tạo user <Chạy ngay sau khi tao bảng>---------------------------------------------------

insert into users (username, email, password, state, role) values ('saho33','abc@gmail.com','123456','ACTIVE','USER');
insert into users (username, email, password, state, role) values ('tuongng','absdfc@gmail.com','123456','PENDING','USER');

#----------Code tạo trước --------------------------

    -- Movie: Wayward Lạc lối
    INSERT INTO movies (movie_id, title, description, release_date, poster_url, thumb_url, status)
        VALUES (1, 'Wayward Lạc lối', 'Khi hai thiếu niên nổi loạn được gửi đến ngôi trường dành cho thiếu niên có vấn đề, họ sẽ phải liều mạng – hoặc tệ hơn nữa – để thoát khỏi nhà sáng lập có tư tưởng tà giáo.', '2025', 'https://phimimg.com/upload/vod/20250926-1/4e072b345b8772e4c3503570d5607a9d.jpg', 'https://phimimg.com/upload/vod/20250926-1/3cbb5f64e96fd652b65350e2e585554b.jpg', 'showing');
    UPDATE movies SET country='Âu Mỹ', language='Vietsub', trailer_url='https://www.youtube.com/watch?v=2kSNuohhKyc' WHERE movie_id=1;
    INSERT IGNORE INTO genres (name) VALUES ('Bí Ẩn');
    INSERT INTO movie_genres (movie_id, genre_id)
    SELECT 1, genre_id FROM genres WHERE name='Bí Ẩn' LIMIT 1;
    INSERT IGNORE INTO genres (name) VALUES ('Chính Kịch');
    INSERT INTO movie_genres (movie_id, genre_id)
    SELECT 1, genre_id FROM genres WHERE name='Chính Kịch' LIMIT 1;
    INSERT IGNORE INTO genres (name) VALUES ('Tâm Lý');
    INSERT INTO movie_genres (movie_id, genre_id)
    SELECT 1, genre_id FROM genres WHERE name='Tâm Lý' LIMIT 1;
    INSERT IGNORE INTO actors (name) VALUES ('Mae Martin');
    INSERT INTO movie_actors (movie_id, actor_id)
    SELECT 1, actor_id FROM actors WHERE name='Mae Martin' LIMIT 1;
    INSERT IGNORE INTO actors (name) VALUES ('Toni Collette');
    INSERT INTO movie_actors (movie_id, actor_id)
    SELECT 1, actor_id FROM actors WHERE name='Toni Collette' LIMIT 1;
    INSERT IGNORE INTO actors (name) VALUES ('Brandon Jay McLaren');
    INSERT INTO movie_actors (movie_id, actor_id)
    SELECT 1, actor_id FROM actors WHERE name='Brandon Jay McLaren' LIMIT 1;
    INSERT IGNORE INTO actors (name) VALUES ('Sarah Gadon');
    INSERT INTO movie_actors (movie_id, actor_id)
    SELECT 1, actor_id FROM actors WHERE name='Sarah Gadon' LIMIT 1;
    INSERT IGNORE INTO actors (name) VALUES ('Sydney Topliffe');
    INSERT INTO movie_actors (movie_id, actor_id)
    SELECT 1, actor_id FROM actors WHERE name='Sydney Topliffe' LIMIT 1;
    INSERT IGNORE INTO actors (name) VALUES ('Alyvia Alyn Lind');
    INSERT INTO movie_actors (movie_id, actor_id)
    SELECT 1, actor_id FROM actors WHERE name='Alyvia Alyn Lind' LIMIT 1;
    INSERT IGNORE INTO directors (name) VALUES ('Mae Martin');
    INSERT INTO movie_directors (movie_id, director_id)
    SELECT 1, director_id FROM directors WHERE name='Mae Martin' LIMIT 1;
    INSERT INTO episodes (movie_id, name, video_url)
    VALUES (1, 'Tập 01', 'https://player.phimapi.com/player/?url=https://s6.kkphimplayer6.com/20250925/VVACSgzq/index.m3u8');
    INSERT INTO episodes (movie_id, name, video_url)
    VALUES (1, 'Tập 02', 'https://player.phimapi.com/player/?url=https://s6.kkphimplayer6.com/20250925/YREW0T5T/index.m3u8');
    INSERT INTO episodes (movie_id, name, video_url)
    VALUES (1, 'Tập 03', 'https://player.phimapi.com/player/?url=https://s6.kkphimplayer6.com/20250925/6lxBwfxY/index.m3u8');
    INSERT INTO episodes (movie_id, name, video_url)
    VALUES (1, 'Tập 04', 'https://player.phimapi.com/player/?url=https://s6.kkphimplayer6.com/20250925/Rvi10fF0/index.m3u8');
    INSERT INTO episodes (movie_id, name, video_url)
    VALUES (1, 'Tập 05', 'https://player.phimapi.com/player/?url=https://s6.kkphimplayer6.com/20250925/taytzIUk/index.m3u8');
    INSERT INTO episodes (movie_id, name, video_url)
    VALUES (1, 'Tập 06', 'https://player.phimapi.com/player/?url=https://s6.kkphimplayer6.com/20250925/Wp9BZjIF/index.m3u8');
    INSERT INTO episodes (movie_id, name, video_url)
    VALUES (1, 'Tập 07', 'https://player.phimapi.com/player/?url=https://s6.kkphimplayer6.com/20250925/9Mt7QfJI/index.m3u8');
    INSERT INTO episodes (movie_id, name, video_url)
    VALUES (1, 'Tập 08', 'https://player.phimapi.com/player/?url=https://s6.kkphimplayer6.com/20250925/Y3T269x4/index.m3u8');

    -- Movie: Gia Tộc Guinness
    INSERT INTO movies (movie_id, title, description, release_date, poster_url, thumb_url, status)
    VALUES (2, 'Gia Tộc Guinness', 'Bốn anh chị em của gia tộc Guinness gánh vác đế chế sản xuất bia, gia tài và di sản của người bố quá cố ở Ireland đầy biến động vào thế kỷ 19.', '2025', 'https://phimimg.com/upload/vod/20250926-1/59fd9a9e09fa93ccd3f375ef82346732.jpg', 'https://phimimg.com/upload/vod/20250926-1/3674b690766715dc26cf4cd72e74e613.jpg', 'showing');
    UPDATE movies SET country='Anh', language='Vietsub', trailer_url='https://www.youtube.com/watch?v=2mH396WCN0U' WHERE movie_id=2;
    INSERT IGNORE INTO genres (name) VALUES ('Chính Kịch');
    INSERT INTO movie_genres (movie_id, genre_id)
    SELECT 2, genre_id FROM genres WHERE name='Chính Kịch' LIMIT 1;
    INSERT IGNORE INTO genres (name) VALUES ('Tâm Lý');
    INSERT INTO movie_genres (movie_id, genre_id)
    SELECT 2, genre_id FROM genres WHERE name='Tâm Lý' LIMIT 1;
    INSERT IGNORE INTO actors (name) VALUES ('Anthony Boyle');
    INSERT INTO movie_actors (movie_id, actor_id)
    SELECT 2, actor_id FROM actors WHERE name='Anthony Boyle' LIMIT 1;
    INSERT IGNORE INTO actors (name) VALUES ('Louis Partridge');
    INSERT INTO movie_actors (movie_id, actor_id)
    SELECT 2, actor_id FROM actors WHERE name='Louis Partridge' LIMIT 1;
    INSERT IGNORE INTO actors (name) VALUES ('Emily Fairn');
    INSERT INTO movie_actors (movie_id, actor_id)
    SELECT 2, actor_id FROM actors WHERE name='Emily Fairn' LIMIT 1;
    INSERT IGNORE INTO actors (name) VALUES ('Fionn O&#039;Shea');
    INSERT INTO movie_actors (movie_id, actor_id)
    SELECT 2, actor_id FROM actors WHERE name='Fionn O&#039;Shea' LIMIT 1;
    INSERT IGNORE INTO actors (name) VALUES ('James Norton');
    INSERT INTO movie_actors (movie_id, actor_id)
    SELECT 2, actor_id FROM actors WHERE name='James Norton' LIMIT 1;
    INSERT IGNORE INTO actors (name) VALUES ('Niamh McCormack');
    INSERT INTO movie_actors (movie_id, actor_id)
    SELECT 2, actor_id FROM actors WHERE name='Niamh McCormack' LIMIT 1;
    INSERT IGNORE INTO actors (name) VALUES ('Seamus O&#039;Hara');
    INSERT INTO movie_actors (movie_id, actor_id)
    SELECT 2, actor_id FROM actors WHERE name='Seamus O&#039;Hara' LIMIT 1;
    INSERT IGNORE INTO actors (name) VALUES ('Jack Gleeson');
    INSERT INTO movie_actors (movie_id, actor_id)
    SELECT 2, actor_id FROM actors WHERE name='Jack Gleeson' LIMIT 1;
    INSERT IGNORE INTO actors (name) VALUES ('Dervla Kirwan');
    INSERT INTO movie_actors (movie_id, actor_id)
    SELECT 2, actor_id FROM actors WHERE name='Dervla Kirwan' LIMIT 1;
    INSERT IGNORE INTO actors (name) VALUES ('Michael McElhatton');
    INSERT INTO movie_actors (movie_id, actor_id)
    SELECT 2, actor_id FROM actors WHERE name='Michael McElhatton' LIMIT 1;
    INSERT IGNORE INTO actors (name) VALUES ('Danielle Galligan');
    INSERT INTO movie_actors (movie_id, actor_id)
    SELECT 2, actor_id FROM actors WHERE name='Danielle Galligan' LIMIT 1;
    INSERT IGNORE INTO actors (name) VALUES ('David Wilmot');
    INSERT INTO movie_actors (movie_id, actor_id)
    SELECT 2, actor_id FROM actors WHERE name='David Wilmot' LIMIT 1;
    INSERT IGNORE INTO actors (name) VALUES ('Hilda Fay');
    INSERT INTO movie_actors (movie_id, actor_id)
    SELECT 2, actor_id FROM actors WHERE name='Hilda Fay' LIMIT 1;
    INSERT IGNORE INTO directors (name) VALUES ('Steven Knight');
    INSERT INTO movie_directors (movie_id, director_id)
    SELECT 2, director_id FROM directors WHERE name='Steven Knight' LIMIT 1;
    INSERT INTO episodes (movie_id, name, video_url)
    VALUES (2, 'Tập 01', 'https://player.phimapi.com/player/?url=https://s6.kkphimplayer6.com/20250925/Aj5g0hu8/index.m3u8');
    INSERT INTO episodes (movie_id, name, video_url)
    VALUES (2, 'Tập 02', 'https://player.phimapi.com/player/?url=https://s6.kkphimplayer6.com/20250925/R4VTzPv3/index.m3u8');
    INSERT INTO episodes (movie_id, name, video_url)
    VALUES (2, 'Tập 03', 'https://player.phimapi.com/player/?url=https://s6.kkphimplayer6.com/20250925/wP8B2KD0/index.m3u8');
    INSERT INTO episodes (movie_id, name, video_url)
    VALUES (2, 'Tập 04', 'https://player.phimapi.com/player/?url=https://s6.kkphimplayer6.com/20250925/BPfsRigt/index.m3u8');
    INSERT INTO episodes (movie_id, name, video_url)
    VALUES (2, 'Tập 05', 'https://player.phimapi.com/player/?url=https://s6.kkphimplayer6.com/20250925/pkbvLNvv/index.m3u8');
    INSERT INTO episodes (movie_id, name, video_url)
    VALUES (2, 'Tập 06', 'https://player.phimapi.com/player/?url=https://s6.kkphimplayer6.com/20250925/l6zDNEel/index.m3u8');
    INSERT INTO episodes (movie_id, name, video_url)
    VALUES (2, 'Tập 07', 'https://player.phimapi.com/player/?url=https://s6.kkphimplayer6.com/20250925/Yzd6kSdE/index.m3u8');
    INSERT INTO episodes (movie_id, name, video_url)
    VALUES (2, 'Tập 08', 'https://player.phimapi.com/player/?url=https://s6.kkphimplayer6.com/20250925/UumxXtgh/index.m3u8');

    -- Movie: Rừng Vàng
    INSERT INTO movies (movie_id, title, description, release_date, poster_url, thumb_url, status)
    VALUES (3, 'Rừng Vàng', 'Rừng Vàng xoay quanh hành trình bảo vệ danh dự và gia sản của Phương Ngưỡng Thiên, người đứng đầu đế chế thương mại Phương Thị có trị giá hàng tỷ. May mắn sống sót sau một tai nạn xe hơi, tỷ phú Phương Ngưỡng Thiên khiến cả gia đình bàng hoàng khi tuyên bố sẽ tái hôn với một cô gái trẻ hơn mình ba mươi tuổi và chuyển hết toàn bộ tài sản vào một quỹ tín thác do đối thủ của gia đình họ Phương quản lý. Khi ba người con trai xúi giục bà nội kiện ra tòa, Chủ tịch Phương thà kiện cáo với mẹ và trở mặt với con cái chứ không chịu khuất phục. Động cơ thật sự phía sau sự thay đổi đột ngột và bất thường này của Chủ tịch Phương là gì?', '2025', 'https://phimimg.com/upload/vod/20250918-1/08bdc8dc791ab424d9ce63bfd579e033.jpg', 'https://phimimg.com/upload/vod/20250918-1/a103548a654398d508a53df4fab3811b.jpg', 'showing');
    UPDATE movies SET country='Hồng Kông', language='Lồng Tiếng', trailer_url='https://www.youtube.com/watch?v=i3Wbo2pa6zE' WHERE movie_id=3;
    INSERT IGNORE INTO genres (name) VALUES ('Chính Kịch');
    INSERT INTO movie_genres (movie_id, genre_id)
    SELECT 3, genre_id FROM genres WHERE name='Chính Kịch' LIMIT 1;
    INSERT IGNORE INTO genres (name) VALUES ('Tâm Lý');
    INSERT INTO movie_genres (movie_id, genre_id)
    SELECT 3, genre_id FROM genres WHERE name='Tâm Lý' LIMIT 1;
    INSERT IGNORE INTO genres (name) VALUES ('Hình Sự');
    INSERT INTO movie_genres (movie_id, genre_id)
    SELECT 3, genre_id FROM genres WHERE name='Hình Sự' LIMIT 1;
    INSERT IGNORE INTO actors (name) VALUES ('Quách Tấn An');
    INSERT INTO movie_actors (movie_id, actor_id)
    SELECT 3, actor_id FROM actors WHERE name='Quách Tấn An' LIMIT 1;
    INSERT IGNORE INTO actors (name) VALUES ('Trần Hiểu Hoa');
    INSERT INTO movie_actors (movie_id, actor_id)
    SELECT 3, actor_id FROM actors WHERE name='Trần Hiểu Hoa' LIMIT 1;
    INSERT IGNORE INTO actors (name) VALUES ('La Tử Dật');
    INSERT INTO movie_actors (movie_id, actor_id)
    SELECT 3, actor_id FROM actors WHERE name='La Tử Dật' LIMIT 1;
    INSERT IGNORE INTO actors (name) VALUES ('Cung Từ Ân');
    INSERT INTO movie_actors (movie_id, actor_id)
    SELECT 3, actor_id FROM actors WHERE name='Cung Từ Ân' LIMIT 1;
    INSERT IGNORE INTO actors (name) VALUES ('Tưởng Gia Mẫn');
    INSERT INTO movie_actors (movie_id, actor_id)
    SELECT 3, actor_id FROM actors WHERE name='Tưởng Gia Mẫn' LIMIT 1;
    INSERT IGNORE INTO directors (name) VALUES ('Đang cập nhật');
    INSERT INTO movie_directors (movie_id, director_id)
    SELECT 3, director_id FROM directors WHERE name='Đang cập nhật' LIMIT 1;
    INSERT INTO episodes (movie_id, name, video_url)
    VALUES (3, 'Tập 01', 'https://player.phimapi.com/player/?url=https://s6.kkphimplayer6.com/20250918/xOFhnezF/index.m3u8');
    INSERT INTO episodes (movie_id, name, video_url)
    VALUES (3, 'Tập 02', 'https://player.phimapi.com/player/?url=https://s6.kkphimplayer6.com/20250918/u4pdP62S/index.m3u8');
    INSERT INTO episodes (movie_id, name, video_url)
    VALUES (3, 'Tập 03', 'https://player.phimapi.com/player/?url=https://s6.kkphimplayer6.com/20250918/YpE0uPhh/index.m3u8');
    INSERT INTO episodes (movie_id, name, video_url)
    VALUES (3, 'Tập 04', 'https://player.phimapi.com/player/?url=https://s6.kkphimplayer6.com/20250919/tPmkIyo4/index.m3u8');
    INSERT INTO episodes (movie_id, name, video_url)
    VALUES (3, 'Tập 05', 'https://player.phimapi.com/player/?url=https://s6.kkphimplayer6.com/20250919/QN6bAZcD/index.m3u8');
    INSERT INTO episodes (movie_id, name, video_url)
    VALUES (3, 'Tập 06', 'https://player.phimapi.com/player/?url=https://s6.kkphimplayer6.com/20250919/0Ik3DsaR/index.m3u8');
    INSERT INTO episodes (movie_id, name, video_url)
    VALUES (3, 'Tập 07', 'https://player.phimapi.com/player/?url=https://s6.kkphimplayer6.com/20250919/ArDr4d02/index.m3u8');
    INSERT INTO episodes (movie_id, name, video_url)
    VALUES (3, 'Tập 08', 'https://player.phimapi.com/player/?url=https://s6.kkphimplayer6.com/20250921/1l5ywQIc/index.m3u8');
    INSERT INTO episodes (movie_id, name, video_url)
    VALUES (3, 'Tập 09', 'https://player.phimapi.com/player/?url=https://s6.kkphimplayer6.com/20250921/liXuwvUH/index.m3u8');
    INSERT INTO episodes (movie_id, name, video_url)
    VALUES (3, 'Tập 10', 'https://player.phimapi.com/player/?url=https://s6.kkphimplayer6.com/20250922/W93BCXsn/index.m3u8');
    INSERT INTO episodes (movie_id, name, video_url)
    VALUES (3, 'Tập 11', 'https://player.phimapi.com/player/?url=https://s6.kkphimplayer6.com/20250922/XkYeypeg/index.m3u8');
    INSERT INTO episodes (movie_id, name, video_url)
    VALUES (3, 'Tập 12', 'https://player.phimapi.com/player/?url=https://s6.kkphimplayer6.com/20250923/7dMJKTtk/index.m3u8');
    INSERT INTO episodes (movie_id, name, video_url)
    VALUES (3, 'Tập 13', 'https://player.phimapi.com/player/?url=https://s6.kkphimplayer6.com/20250924/9fPlwzYV/index.m3u8');
    INSERT INTO episodes (movie_id, name, video_url)
    VALUES (3, 'Tập 14', 'https://player.phimapi.com/player/?url=https://s6.kkphimplayer6.com/20250926/hlmgAnfy/index.m3u8');
    INSERT INTO episodes (movie_id, name, video_url)
    VALUES (3, 'Tập 15', 'https://player.phimapi.com/player/?url=https://s6.kkphimplayer6.com/20250925/eLCFayCr/index.m3u8');
    INSERT INTO episodes (movie_id, name, video_url)
    VALUES (3, 'Tập 16', 'https://player.phimapi.com/player/?url=https://s6.kkphimplayer6.com/20250925/p4x1RUJD/index.m3u8');

insert into favorites (user_id, movie_id, added_at) values (1,1,null);
insert into favorites (user_id, movie_id, added_at) values (1,2,null);
insert into saves (user_id, movie_id, added_at) values (1,1,null);
insert into saves (user_id, movie_id, added_at) values (1,2,null);
insert into watch_history (user_id, movie_id) values (1,2);
insert into watch_history (user_id, movie_id) values (1,3);
insert into comments (user_id, movie_id, content) values (1,1,'Phim hay vay!');
insert into comments (user_id, movie_id, content) values (1,1,'Qua web dinh that su!');





	-- Movie: Người Thừa Kế Số 1
	INSERT INTO movies (movie_id, title, description, release_date, poster_url, thumb_url, status)
	VALUES (4, 'Người Thừa Kế Số 1', 'Khi bà Thara quyết định nghỉ hưu và giao lại trung tâm thương mại cho những người em và con cái của họ, cuộc chiến thừa kế bùng nổ giữa các thành viên gia tộc. Ai cũng có tham vọng tiếp quản chiếc ghế quyền lực của bà Thara: từ người em trai thân tín, cô em gái ngoài giá thú đến cả những đứa cháu ôm tham vọng lớn lao cùng nhiệt huyết sáng tạo của tuổi trẻ. Mâu thuẫn, âm mưu và tham vọng biến cả gia đình thành chiến trường không khoan nhượng trong cuộc chiến tranh giành vị trí Người Thừa Kế Số 1.', '2025', 'https://phimimg.com/upload/vod/20250821-1/c0b9428e2f68972ef6104b2609716cea.jpg', 'https://phimimg.com/upload/vod/20250821-1/42b42365015dbc8fecc2ecf3bf9487b9.jpg', 'showing');
	UPDATE movies SET country='Thái Lan', language='Vietsub + Thuyết Minh', trailer_url='https://www.youtube.com/watch?v=dVi6C-GpXFY' WHERE movie_id=4;
	INSERT IGNORE INTO genres (name) VALUES ('Chính Kịch');
	INSERT INTO movie_genres (movie_id, genre_id)
	  SELECT 4, genre_id FROM genres WHERE name='Chính Kịch' LIMIT 1;
	INSERT IGNORE INTO genres (name) VALUES ('Tình Cảm');
	INSERT INTO movie_genres (movie_id, genre_id)
	  SELECT 4, genre_id FROM genres WHERE name='Tình Cảm' LIMIT 1;
	INSERT IGNORE INTO genres (name) VALUES ('Tâm Lý');
	INSERT INTO movie_genres (movie_id, genre_id)
	  SELECT 4, genre_id FROM genres WHERE name='Tâm Lý' LIMIT 1;
	INSERT IGNORE INTO actors (name) VALUES ('Sinjai Plengpanich');
	INSERT INTO movie_actors (movie_id, actor_id)
	  SELECT 4, actor_id FROM actors WHERE name='Sinjai Plengpanich' LIMIT 1;
	INSERT IGNORE INTO actors (name) VALUES ('Kathaleeya McIntosh');
	INSERT INTO movie_actors (movie_id, actor_id)
	  SELECT 4, actor_id FROM actors WHERE name='Kathaleeya McIntosh' LIMIT 1;
	INSERT IGNORE INTO actors (name) VALUES ('Saksit Tangthong');
	INSERT INTO movie_actors (movie_id, actor_id)
	  SELECT 4, actor_id FROM actors WHERE name='Saksit Tangthong' LIMIT 1;
	INSERT IGNORE INTO actors (name) VALUES ('Tonkhao Chayuth Nitichakorn');
	INSERT INTO movie_actors (movie_id, actor_id)
	  SELECT 4, actor_id FROM actors WHERE name='Tonkhao Chayuth Nitichakorn' LIMIT 1;
	INSERT IGNORE INTO actors (name) VALUES ('New Akaravin Nanthipat');
	INSERT INTO movie_actors (movie_id, actor_id)
	  SELECT 4, actor_id FROM actors WHERE name='New Akaravin Nanthipat' LIMIT 1;
	INSERT IGNORE INTO actors (name) VALUES ('Porapat Srikajorn');
	INSERT INTO movie_actors (movie_id, actor_id)
	  SELECT 4, actor_id FROM actors WHERE name='Porapat Srikajorn' LIMIT 1;
	INSERT IGNORE INTO actors (name) VALUES ('Son Pannathorn Anankittilert');
	INSERT INTO movie_actors (movie_id, actor_id)
	  SELECT 4, actor_id FROM actors WHERE name='Son Pannathorn Anankittilert' LIMIT 1;
	INSERT IGNORE INTO actors (name) VALUES ('Pow Pawarada Viravan');
	INSERT INTO movie_actors (movie_id, actor_id)
	  SELECT 4, actor_id FROM actors WHERE name='Pow Pawarada Viravan' LIMIT 1;
	INSERT IGNORE INTO actors (name) VALUES ('Sanya Kunakorn');
	INSERT INTO movie_actors (movie_id, actor_id)
	  SELECT 4, actor_id FROM actors WHERE name='Sanya Kunakorn' LIMIT 1;
	INSERT IGNORE INTO actors (name) VALUES ('Khunakon Puraso');
	INSERT INTO movie_actors (movie_id, actor_id)
	  SELECT 4, actor_id FROM actors WHERE name='Khunakon Puraso' LIMIT 1;
	INSERT IGNORE INTO actors (name) VALUES ('Amarin Nitipon');
	INSERT INTO movie_actors (movie_id, actor_id)
	  SELECT 4, actor_id FROM actors WHERE name='Amarin Nitipon' LIMIT 1;
	INSERT IGNORE INTO actors (name) VALUES ('Vasin Asvanarunat');
	INSERT INTO movie_actors (movie_id, actor_id)
	  SELECT 4, actor_id FROM actors WHERE name='Vasin Asvanarunat' LIMIT 1;
	INSERT IGNORE INTO actors (name) VALUES ('Puma');
	INSERT INTO movie_actors (movie_id, actor_id)
	  SELECT 4, actor_id FROM actors WHERE name='Puma' LIMIT 1;
	INSERT IGNORE INTO directors (name) VALUES ('Sant Srikaewlaw');
	INSERT INTO movie_directors (movie_id, director_id)
	  SELECT 4, director_id FROM directors WHERE name='Sant Srikaewlaw' LIMIT 1;
	INSERT INTO episodes (movie_id, name, video_url)
	  VALUES (4, 'Tập 01', 'https://player.phimapi.com/player/?url=https://s6.kkphimplayer6.com/20250820/zSHDuMtK/index.m3u8');
	INSERT INTO episodes (movie_id, name, video_url)
	  VALUES (4, 'Tập 02', 'https://player.phimapi.com/player/?url=https://s6.kkphimplayer6.com/20250822/DvnhtdeT/index.m3u8');
	INSERT INTO episodes (movie_id, name, video_url)
	  VALUES (4, 'Tập 03', 'https://player.phimapi.com/player/?url=https://s6.kkphimplayer6.com/20250830/vvMds7Rz/index.m3u8');
	INSERT INTO episodes (movie_id, name, video_url)
	  VALUES (4, 'Tập 04', 'https://player.phimapi.com/player/?url=https://s6.kkphimplayer6.com/20250830/AiPi3zT7/index.m3u8');
	INSERT INTO episodes (movie_id, name, video_url)
	  VALUES (4, 'Tập 05', 'https://player.phimapi.com/player/?url=https://s6.kkphimplayer6.com/20250905/aP8THkFe/index.m3u8');
	INSERT INTO episodes (movie_id, name, video_url)
	  VALUES (4, 'Tập 06', 'https://player.phimapi.com/player/?url=https://s6.kkphimplayer6.com/20250908/E8Zt2aqw/index.m3u8');
	INSERT INTO episodes (movie_id, name, video_url)
	  VALUES (4, 'Tập 07', 'https://player.phimapi.com/player/?url=https://s6.kkphimplayer6.com/20250911/DVfCuYTB/index.m3u8');
	INSERT INTO episodes (movie_id, name, video_url)
	  VALUES (4, 'Tập 08', 'https://player.phimapi.com/player/?url=https://s6.kkphimplayer6.com/20250912/owXrXR5x/index.m3u8');
	INSERT INTO episodes (movie_id, name, video_url)
	  VALUES (4, 'Tập 09', 'https://player.phimapi.com/player/?url=https://s6.kkphimplayer6.com/20250919/co0iAE7F/index.m3u8');
	INSERT INTO episodes (movie_id, name, video_url)
	  VALUES (4, 'Tập 10', 'https://player.phimapi.com/player/?url=https://s6.kkphimplayer6.com/20250919/sI6NhtqG/index.m3u8');
	INSERT INTO episodes (movie_id, name, video_url)
	  VALUES (4, 'Tập 11', 'https://player.phimapi.com/player/?url=https://s6.kkphimplayer6.com/20250925/VlM1c6q2/index.m3u8');
	INSERT INTO episodes (movie_id, name, video_url)
	  VALUES (4, 'Tập 12', 'https://player.phimapi.com/player/?url=https://s6.kkphimplayer6.com/20250925/nsn9yO1H/index.m3u8');
	INSERT INTO episodes (movie_id, name, video_url)
	  VALUES (4, 'Tập 01', 'https://player.phimapi.com/player/?url=https://s6.kkphimplayer6.com/20250821/VwhcfiS6/index.m3u8');
	INSERT INTO episodes (movie_id, name, video_url)
	  VALUES (4, 'Tập 02', 'https://player.phimapi.com/player/?url=https://s6.kkphimplayer6.com/20250824/z967Nzik/index.m3u8');
	INSERT INTO episodes (movie_id, name, video_url)
	  VALUES (4, 'Tập 03', 'https://player.phimapi.com/player/?url=https://s6.kkphimplayer6.com/20250830/vQk84wb5/index.m3u8');
	INSERT INTO episodes (movie_id, name, video_url)
	  VALUES (4, 'Tập 04', 'https://player.phimapi.com/player/?url=https://s6.kkphimplayer6.com/20250830/mcLpDL2N/index.m3u8');
	INSERT INTO episodes (movie_id, name, video_url)
	  VALUES (4, 'Tập 05', 'https://player.phimapi.com/player/?url=https://s6.kkphimplayer6.com/20250905/Tl4ZCcNu/index.m3u8');
	INSERT INTO episodes (movie_id, name, video_url)
	  VALUES (4, 'Tập 06', 'https://player.phimapi.com/player/?url=https://s6.kkphimplayer6.com/20250908/3TuPiU02/index.m3u8');
	INSERT INTO episodes (movie_id, name, video_url)
	  VALUES (4, 'Tập 07', 'https://player.phimapi.com/player/?url=https://s6.kkphimplayer6.com/20250912/gjEujruW/index.m3u8');
	INSERT INTO episodes (movie_id, name, video_url)
	  VALUES (4, 'Tập 08', 'https://player.phimapi.com/player/?url=https://s6.kkphimplayer6.com/20250919/ZGr4QxJp/index.m3u8');
	INSERT INTO episodes (movie_id, name, video_url)
	  VALUES (4, 'Tập 09', 'https://player.phimapi.com/player/?url=https://s6.kkphimplayer6.com/20250919/0103iG8V/index.m3u8');
	INSERT INTO episodes (movie_id, name, video_url)
	  VALUES (4, 'Tập 10', 'https://player.phimapi.com/player/?url=https://s6.kkphimplayer6.com/20250925/Sve4V27r/index.m3u8');
	INSERT INTO episodes (movie_id, name, video_url)
	  VALUES (4, 'Tập 11', 'https://player.phimapi.com/player/?url=https://s6.kkphimplayer6.com/20250925/p6HE81ZO/index.m3u8');

	-- Movie: Đệ Nhất Phu Nhân
	INSERT INTO movies (movie_id, title, description, release_date, poster_url, thumb_url, status)
	VALUES (5, 'Đệ Nhất Phu Nhân', 'Khi sắp trở thành đệ nhất phu nhân, đời tư của Cha Soo Yeon trở thành vụ bê bối công khai khi người chồng vừa đắc cử tổng thống đòi ly hôn.', '2025', 'https://phimimg.com/upload/vod/20250925-1/72550efa036d98ed57ea44d0cfc00d87.jpg', 'https://phimimg.com/upload/vod/20250925-1/ca13487b818b96910fec938a134a7ddd.jpg', 'showing');
	UPDATE movies SET country='Hàn Quốc', language='Vietsub', trailer_url='https://www.youtube.com/watch?v=gxI_1O9IYl8' WHERE movie_id=5;
	INSERT IGNORE INTO genres (name) VALUES ('Chính Kịch');
	INSERT INTO movie_genres (movie_id, genre_id)
	  SELECT 5, genre_id FROM genres WHERE name='Chính Kịch' LIMIT 1;
	INSERT IGNORE INTO genres (name) VALUES ('Tình Cảm');
	INSERT INTO movie_genres (movie_id, genre_id)
	  SELECT 5, genre_id FROM genres WHERE name='Tình Cảm' LIMIT 1;
	INSERT IGNORE INTO genres (name) VALUES ('Tâm Lý');
	INSERT INTO movie_genres (movie_id, genre_id)
	  SELECT 5, genre_id FROM genres WHERE name='Tâm Lý' LIMIT 1;
	INSERT IGNORE INTO actors (name) VALUES ('Eugene');
	INSERT INTO movie_actors (movie_id, actor_id)
	  SELECT 5, actor_id FROM actors WHERE name='Eugene' LIMIT 1;
	INSERT IGNORE INTO actors (name) VALUES ('Ji Hyun-woo');
	INSERT INTO movie_actors (movie_id, actor_id)
	  SELECT 5, actor_id FROM actors WHERE name='Ji Hyun-woo' LIMIT 1;
	INSERT IGNORE INTO actors (name) VALUES ('Lee Min-young');
	INSERT INTO movie_actors (movie_id, actor_id)
	  SELECT 5, actor_id FROM actors WHERE name='Lee Min-young' LIMIT 1;
	INSERT IGNORE INTO actors (name) VALUES ('Oh Seung-eun');
	INSERT INTO movie_actors (movie_id, actor_id)
	  SELECT 5, actor_id FROM actors WHERE name='Oh Seung-eun' LIMIT 1;
	INSERT IGNORE INTO actors (name) VALUES ('Kim Ki-bang');
	INSERT INTO movie_actors (movie_id, actor_id)
	  SELECT 5, actor_id FROM actors WHERE name='Kim Ki-bang' LIMIT 1;
	INSERT IGNORE INTO actors (name) VALUES ('Shin So-yul');
	INSERT INTO movie_actors (movie_id, actor_id)
	  SELECT 5, actor_id FROM actors WHERE name='Shin So-yul' LIMIT 1;
	INSERT IGNORE INTO actors (name) VALUES ('Han Su-ah');
	INSERT INTO movie_actors (movie_id, actor_id)
	  SELECT 5, actor_id FROM actors WHERE name='Han Su-ah' LIMIT 1;
	INSERT IGNORE INTO directors (name) VALUES ('Lee Ho-hyun');
	INSERT INTO movie_directors (movie_id, director_id)
	  SELECT 5, director_id FROM directors WHERE name='Lee Ho-hyun' LIMIT 1;
	INSERT INTO episodes (movie_id, name, video_url)
	  VALUES (5, 'Tập 01', 'https://player.phimapi.com/player/?url=https://s6.kkphimplayer6.com/20250925/tKxXiK4P/index.m3u8');
	INSERT INTO episodes (movie_id, name, video_url)
	  VALUES (5, 'Tập 02', 'https://player.phimapi.com/player/?url=https://s6.kkphimplayer6.com/20250925/s74yk1HC/index.m3u8');

	-- Movie: Điện Hạ Và Phu Nhân Kamduang
	INSERT INTO movies (movie_id, title, description, release_date, poster_url, thumb_url, status)
	VALUES (6, 'Điện Hạ Và Phu Nhân Kamduang', 'Cuộc gặp tình cờ với quan trấn phủ Thung Yai buộc Khun Aek và Kamduang phải diễn sâu hơn và học cách sống trong cuộc hôn nhân hạnh phúc giả tạo.', '2025', 'https://phimimg.com/upload/vod/20250905-1/e7328ef6b5f4bebcabcf3eb3bdc2082a.jpg', 'https://phimimg.com/upload/vod/20250905-1/6e98c9eb3224f8d9f95895bdc42663e4.jpg', 'showing');
	UPDATE movies SET country='Thái Lan', language='Vietsub', trailer_url='https://www.youtube.com/watch?v=VCRJjeQte1c' WHERE movie_id=6;
	INSERT IGNORE INTO genres (name) VALUES ('Chính Kịch');
	INSERT INTO movie_genres (movie_id, genre_id)
	  SELECT 6, genre_id FROM genres WHERE name='Chính Kịch' LIMIT 1;
	INSERT IGNORE INTO genres (name) VALUES ('Tình Cảm');
	INSERT INTO movie_genres (movie_id, genre_id)
	  SELECT 6, genre_id FROM genres WHERE name='Tình Cảm' LIMIT 1;
	INSERT IGNORE INTO genres (name) VALUES ('Tâm Lý');
	INSERT INTO movie_genres (movie_id, genre_id)
	  SELECT 6, genre_id FROM genres WHERE name='Tâm Lý' LIMIT 1;
	INSERT IGNORE INTO actors (name) VALUES ('Jirayu Tangsrisuk');
	INSERT INTO movie_actors (movie_id, actor_id)
	  SELECT 6, actor_id FROM actors WHERE name='Jirayu Tangsrisuk' LIMIT 1;
	INSERT IGNORE INTO actors (name) VALUES ('Ranee Campen');
	INSERT INTO movie_actors (movie_id, actor_id)
	  SELECT 6, actor_id FROM actors WHERE name='Ranee Campen' LIMIT 1;
	INSERT IGNORE INTO actors (name) VALUES ('Ice Phanuwat');
	INSERT INTO movie_actors (movie_id, actor_id)
	  SELECT 6, actor_id FROM actors WHERE name='Ice Phanuwat' LIMIT 1;
	INSERT IGNORE INTO directors (name) VALUES ('Worawit Srisupap');
	INSERT INTO movie_directors (movie_id, director_id)
	  SELECT 6, director_id FROM directors WHERE name='Worawit Srisupap' LIMIT 1;
	INSERT INTO episodes (movie_id, name, video_url)
	  VALUES (6, 'Tập 01', 'https://player.phimapi.com/player/?url=https://s6.kkphimplayer6.com/20250905/PU0ZJ0wl/index.m3u8');
	INSERT INTO episodes (movie_id, name, video_url)
	  VALUES (6, 'Tập 02', 'https://player.phimapi.com/player/?url=https://s6.kkphimplayer6.com/20250905/21lrfi7P/index.m3u8');
	INSERT INTO episodes (movie_id, name, video_url)
	  VALUES (6, 'Tập 03', 'https://player.phimapi.com/player/?url=https://s6.kkphimplayer6.com/20250911/h5bNwrTF/index.m3u8');
	INSERT INTO episodes (movie_id, name, video_url)
	  VALUES (6, 'Tập 04', 'https://player.phimapi.com/player/?url=https://s6.kkphimplayer6.com/20250912/jmUK7TRa/index.m3u8');
	INSERT INTO episodes (movie_id, name, video_url)
	  VALUES (6, 'Tập 05', 'https://player.phimapi.com/player/?url=https://s6.kkphimplayer6.com/20250918/7RYg9cxw/index.m3u8');
	INSERT INTO episodes (movie_id, name, video_url)
	  VALUES (6, 'Tập 06', 'https://player.phimapi.com/player/?url=https://s6.kkphimplayer6.com/20250919/rTYo72tW/index.m3u8');
	INSERT INTO episodes (movie_id, name, video_url)
	  VALUES (6, 'Tập 07', 'https://player.phimapi.com/player/?url=https://s6.kkphimplayer6.com/20250925/GTcGRMUR/index.m3u8');

	-- Movie: Chước Chước Thiều Hoa
	INSERT INTO movies (movie_id, title, description, release_date, poster_url, thumb_url, status)
	VALUES (7, 'Chước Chước Thiều Hoa', 'Năm 1916, để cứu anh trai là Chử Thiều Trung, Chử Thiều Hoa đã gả cho Trần Đại Thuận – cậu cả của hiệu thuốc Trần Ký. Bằng sự thành tín và tài năng kinh doanh xuất sắc, cô đã nhận được sự coi trọng của cha chồng và trở thành người quản lý hiệu thuốc. Sau khi cha chồng và Trần Đại Thuận bất ngờ qua đời, Trần Nhị Thuận kế thừa hiệu thuốc nhưng đã phung phí hết gia sản, khiến hiệu thuốc rơi vào cảnh khốn cùng. Chử Thiều Hoa đã gắng gượng vượt qua gian khổ, mở hiệu thuốc Hoa Thuận để nuôi sống cả gia đình. Cô quyết định cùng mối tình đầu Hạ Sơ bắt đầu một cuộc sống mới, nhưng lại bị Trần Nhị Thuận và mẹ chồng ngăn cản. Sau đó, nhà họ Trần bị thổ phỉ cướp sạch, trong kiếp nạn này, Chử Thiều Hoa cũng mất đi con gái, đau lòng tột độ, cô một mình đến Thượng Hải.', '2025', 'https://phimimg.com/upload/vod/20250913-1/b1ac495cfdb3da91ef0a4e7789115a48.jpg', 'https://phimimg.com/upload/vod/20250913-1/e340d45fdb6c19ab69c7f787223dc53d.jpg', 'showing');
	UPDATE movies SET country='Trung Quốc', language='Vietsub + Thuyết Minh', trailer_url='https://www.youtube.com/watch?v=k1jAHbej_PA' WHERE movie_id=7;
	INSERT IGNORE INTO genres (name) VALUES ('Chính Kịch');
	INSERT INTO movie_genres (movie_id, genre_id)
	  SELECT 7, genre_id FROM genres WHERE name='Chính Kịch' LIMIT 1;
	INSERT IGNORE INTO genres (name) VALUES ('Tình Cảm');
	INSERT INTO movie_genres (movie_id, genre_id)
	  SELECT 7, genre_id FROM genres WHERE name='Tình Cảm' LIMIT 1;
	INSERT IGNORE INTO genres (name) VALUES ('Tâm Lý');
	INSERT INTO movie_genres (movie_id, genre_id)
	  SELECT 7, genre_id FROM genres WHERE name='Tâm Lý' LIMIT 1;
	INSERT IGNORE INTO actors (name) VALUES ('Nhiệt Y Tạ');
	INSERT INTO movie_actors (movie_id, actor_id)
	  SELECT 7, actor_id FROM actors WHERE name='Nhiệt Y Tạ' LIMIT 1;
	INSERT IGNORE INTO actors (name) VALUES ('Dương Hựu Ninh');
	INSERT INTO movie_actors (movie_id, actor_id)
	  SELECT 7, actor_id FROM actors WHERE name='Dương Hựu Ninh' LIMIT 1;
	INSERT IGNORE INTO actors (name) VALUES ('Mao Tử Tuấn');
	INSERT INTO movie_actors (movie_id, actor_id)
	  SELECT 7, actor_id FROM actors WHERE name='Mao Tử Tuấn' LIMIT 1;
	INSERT IGNORE INTO actors (name) VALUES ('Chái Bích Vân');
	INSERT INTO movie_actors (movie_id, actor_id)
	  SELECT 7, actor_id FROM actors WHERE name='Chái Bích Vân' LIMIT 1;
	INSERT IGNORE INTO actors (name) VALUES ('Đường Tằng');
	INSERT INTO movie_actors (movie_id, actor_id)
	  SELECT 7, actor_id FROM actors WHERE name='Đường Tằng' LIMIT 1;
	INSERT IGNORE INTO actors (name) VALUES ('Tuyên Ngôn');
	INSERT INTO movie_actors (movie_id, actor_id)
	  SELECT 7, actor_id FROM actors WHERE name='Tuyên Ngôn' LIMIT 1;
	INSERT IGNORE INTO actors (name) VALUES ('Chương Gia Duyệt');
	INSERT INTO movie_actors (movie_id, actor_id)
	  SELECT 7, actor_id FROM actors WHERE name='Chương Gia Duyệt' LIMIT 1;
	INSERT IGNORE INTO actors (name) VALUES ('Đồ Tùng Nham');
	INSERT INTO movie_actors (movie_id, actor_id)
	  SELECT 7, actor_id FROM actors WHERE name='Đồ Tùng Nham' LIMIT 1;
	INSERT IGNORE INTO actors (name) VALUES ('Thiệu Phong');
	INSERT INTO movie_actors (movie_id, actor_id)
	  SELECT 7, actor_id FROM actors WHERE name='Thiệu Phong' LIMIT 1;
	INSERT IGNORE INTO directors (name) VALUES ('Dư Đinh');
	INSERT INTO movie_directors (movie_id, director_id)
	  SELECT 7, director_id FROM directors WHERE name='Dư Đinh' LIMIT 1;
	INSERT INTO episodes (movie_id, name, video_url)
	  VALUES (7, 'Tập 01', 'https://player.phimapi.com/player/?url=https://s6.kkphimplayer6.com/20250913/ooaGhJgf/index.m3u8');
	INSERT INTO episodes (movie_id, name, video_url)
	  VALUES (7, 'Tập 02', 'https://player.phimapi.com/player/?url=https://s6.kkphimplayer6.com/20250913/QVi5nZgy/index.m3u8');
	INSERT INTO episodes (movie_id, name, video_url)
	  VALUES (7, 'Tập 03', 'https://player.phimapi.com/player/?url=https://s6.kkphimplayer6.com/20250913/CaXi9XM1/index.m3u8');
	INSERT INTO episodes (movie_id, name, video_url)
	  VALUES (7, 'Tập 04', 'https://player.phimapi.com/player/?url=https://s6.kkphimplayer6.com/20250913/RIKVKduh/index.m3u8');
	INSERT INTO episodes (movie_id, name, video_url)
	  VALUES (7, 'Tập 05', 'https://player.phimapi.com/player/?url=https://s6.kkphimplayer6.com/20250914/UlpYNU0m/index.m3u8');
	INSERT INTO episodes (movie_id, name, video_url)
	  VALUES (7, 'Tập 06', 'https://player.phimapi.com/player/?url=https://s6.kkphimplayer6.com/20250914/bwx2eFLW/index.m3u8');
	INSERT INTO episodes (movie_id, name, video_url)
	  VALUES (7, 'Tập 07', 'https://player.phimapi.com/player/?url=https://s6.kkphimplayer6.com/20250915/WBdxAj8w/index.m3u8');
	INSERT INTO episodes (movie_id, name, video_url)
	  VALUES (7, 'Tập 08', 'https://player.phimapi.com/player/?url=https://s6.kkphimplayer6.com/20250915/Oy0r68xU/index.m3u8');
	INSERT INTO episodes (movie_id, name, video_url)
	  VALUES (7, 'Tập 09', 'https://player.phimapi.com/player/?url=https://s6.kkphimplayer6.com/20250916/abNsh3Gt/index.m3u8');
	INSERT INTO episodes (movie_id, name, video_url)
	  VALUES (7, 'Tập 10', 'https://player.phimapi.com/player/?url=https://s6.kkphimplayer6.com/20250916/A2O3L9A3/index.m3u8');
	INSERT INTO episodes (movie_id, name, video_url)
	  VALUES (7, 'Tập 11', 'https://player.phimapi.com/player/?url=https://s6.kkphimplayer6.com/20250917/amUiOjgk/index.m3u8');
	INSERT INTO episodes (movie_id, name, video_url)
	  VALUES (7, 'Tập 12', 'https://player.phimapi.com/player/?url=https://s6.kkphimplayer6.com/20250917/MN000Gat/index.m3u8');
	INSERT INTO episodes (movie_id, name, video_url)
	  VALUES (7, 'Tập 13', 'https://player.phimapi.com/player/?url=https://s6.kkphimplayer6.com/20250918/UmlOLC47/index.m3u8');
	INSERT INTO episodes (movie_id, name, video_url)
	  VALUES (7, 'Tập 14', 'https://player.phimapi.com/player/?url=https://s6.kkphimplayer6.com/20250918/JhJXOFGx/index.m3u8');
	INSERT INTO episodes (movie_id, name, video_url)
	  VALUES (7, 'Tập 15', 'https://player.phimapi.com/player/?url=https://s6.kkphimplayer6.com/20250919/paVcEwp1/index.m3u8');
	INSERT INTO episodes (movie_id, name, video_url)
	  VALUES (7, 'Tập 16', 'https://player.phimapi.com/player/?url=https://s6.kkphimplayer6.com/20250919/5V2qV9nE/index.m3u8');
	INSERT INTO episodes (movie_id, name, video_url)
	  VALUES (7, 'Tập 17', 'https://player.phimapi.com/player/?url=https://s6.kkphimplayer6.com/20250920/JRjD7KP2/index.m3u8');
	INSERT INTO episodes (movie_id, name, video_url)
	  VALUES (7, 'Tập 18', 'https://player.phimapi.com/player/?url=https://s6.kkphimplayer6.com/20250920/sVCPLwmZ/index.m3u8');
	INSERT INTO episodes (movie_id, name, video_url)
	  VALUES (7, 'Tập 19', 'https://player.phimapi.com/player/?url=https://s6.kkphimplayer6.com/20250920/mTjXcltx/index.m3u8');
	INSERT INTO episodes (movie_id, name, video_url)
	  VALUES (7, 'Tập 20', 'https://player.phimapi.com/player/?url=https://s6.kkphimplayer6.com/20250920/H7QfPq9G/index.m3u8');
	INSERT INTO episodes (movie_id, name, video_url)
	  VALUES (7, 'Tập 21', 'https://player.phimapi.com/player/?url=https://s6.kkphimplayer6.com/20250921/YenhtB8I/index.m3u8');
	INSERT INTO episodes (movie_id, name, video_url)
	  VALUES (7, 'Tập 22', 'https://player.phimapi.com/player/?url=https://s6.kkphimplayer6.com/20250921/CzoFIHIj/index.m3u8');
	INSERT INTO episodes (movie_id, name, video_url)
	  VALUES (7, 'Tập 23', 'https://player.phimapi.com/player/?url=https://s6.kkphimplayer6.com/20250922/F8M9V7mk/index.m3u8');
	INSERT INTO episodes (movie_id, name, video_url)
	  VALUES (7, 'Tập 24', 'https://player.phimapi.com/player/?url=https://s6.kkphimplayer6.com/20250922/JgHGBZbi/index.m3u8');
	INSERT INTO episodes (movie_id, name, video_url)
	  VALUES (7, 'Tập 25', 'https://player.phimapi.com/player/?url=https://s6.kkphimplayer6.com/20250925/H2efd6IF/index.m3u8');
	INSERT INTO episodes (movie_id, name, video_url)
	  VALUES (7, 'Tập 26', 'https://player.phimapi.com/player/?url=https://s6.kkphimplayer6.com/20250925/u4juHwhk/index.m3u8');
	INSERT INTO episodes (movie_id, name, video_url)
	  VALUES (7, 'Tập 27', 'https://player.phimapi.com/player/?url=https://s6.kkphimplayer6.com/20250925/DYuhNJDu/index.m3u8');
	INSERT INTO episodes (movie_id, name, video_url)
	  VALUES (7, 'Tập 28', 'https://player.phimapi.com/player/?url=https://s6.kkphimplayer6.com/20250925/2QVPOgyB/index.m3u8');
	INSERT INTO episodes (movie_id, name, video_url)
	  VALUES (7, 'Tập 29', 'https://player.phimapi.com/player/?url=https://s6.kkphimplayer6.com/20250925/9ghmaaud/index.m3u8');
	INSERT INTO episodes (movie_id, name, video_url)
	  VALUES (7, 'Tập 30', 'https://player.phimapi.com/player/?url=https://s6.kkphimplayer6.com/20250925/t09dzeNB/index.m3u8');
	INSERT INTO episodes (movie_id, name, video_url)
	  VALUES (7, 'Tập 31', 'https://player.phimapi.com/player/?url=https://s6.kkphimplayer6.com/20250925/ObJtVSxq/index.m3u8');
	INSERT INTO episodes (movie_id, name, video_url)
	  VALUES (7, 'Tập 32', 'https://player.phimapi.com/player/?url=https://s6.kkphimplayer6.com/20250925/7eWI13Fp/index.m3u8');
	INSERT INTO episodes (movie_id, name, video_url)
	  VALUES (7, 'Tập 01', 'https://player.phimapi.com/player/?url=https://s6.kkphimplayer6.com/20250913/llkxcPcv/index.m3u8');
	INSERT INTO episodes (movie_id, name, video_url)
	  VALUES (7, 'Tập 02', 'https://player.phimapi.com/player/?url=https://s6.kkphimplayer6.com/20250913/TTXlPchg/index.m3u8');
	INSERT INTO episodes (movie_id, name, video_url)
	  VALUES (7, 'Tập 03', 'https://player.phimapi.com/player/?url=https://s6.kkphimplayer6.com/20250913/LrHuevUE/index.m3u8');
	INSERT INTO episodes (movie_id, name, video_url)
	  VALUES (7, 'Tập 04', 'https://player.phimapi.com/player/?url=https://s6.kkphimplayer6.com/20250913/05rJSl6F/index.m3u8');
	INSERT INTO episodes (movie_id, name, video_url)
	  VALUES (7, 'Tập 05', 'https://player.phimapi.com/player/?url=https://s6.kkphimplayer6.com/20250914/wvn040Jq/index.m3u8');
	INSERT INTO episodes (movie_id, name, video_url)
	  VALUES (7, 'Tập 06', 'https://player.phimapi.com/player/?url=https://s6.kkphimplayer6.com/20250914/wwB8IDo7/index.m3u8');
	INSERT INTO episodes (movie_id, name, video_url)
	  VALUES (7, 'Tập 07', 'https://player.phimapi.com/player/?url=https://s6.kkphimplayer6.com/20250915/LJ7E7CDG/index.m3u8');
	INSERT INTO episodes (movie_id, name, video_url)
	  VALUES (7, 'Tập 08', 'https://player.phimapi.com/player/?url=https://s6.kkphimplayer6.com/20250915/ja0SnH2n/index.m3u8');
	INSERT INTO episodes (movie_id, name, video_url)
	  VALUES (7, 'Tập 09', 'https://player.phimapi.com/player/?url=https://s6.kkphimplayer6.com/20250916/2a1NV9bz/index.m3u8');
	INSERT INTO episodes (movie_id, name, video_url)
	  VALUES (7, 'Tập 10', 'https://player.phimapi.com/player/?url=https://s6.kkphimplayer6.com/20250916/sexoGxvd/index.m3u8');
	INSERT INTO episodes (movie_id, name, video_url)
	  VALUES (7, 'Tập 11', 'https://player.phimapi.com/player/?url=https://s6.kkphimplayer6.com/20250917/opVILu2n/index.m3u8');
	INSERT INTO episodes (movie_id, name, video_url)
	  VALUES (7, 'Tập 12', 'https://player.phimapi.com/player/?url=https://s6.kkphimplayer6.com/20250917/WhElwVcY/index.m3u8');
	INSERT INTO episodes (movie_id, name, video_url)
	  VALUES (7, 'Tập 13', 'https://player.phimapi.com/player/?url=https://s6.kkphimplayer6.com/20250918/6FcIHWGR/index.m3u8');
	INSERT INTO episodes (movie_id, name, video_url)
	  VALUES (7, 'Tập 14', 'https://player.phimapi.com/player/?url=https://s6.kkphimplayer6.com/20250918/uBxNdwcS/index.m3u8');
	INSERT INTO episodes (movie_id, name, video_url)
	  VALUES (7, 'Tập 15', 'https://player.phimapi.com/player/?url=https://s6.kkphimplayer6.com/20250919/IOO9aakN/index.m3u8');
	INSERT INTO episodes (movie_id, name, video_url)
	  VALUES (7, 'Tập 16', 'https://player.phimapi.com/player/?url=https://s6.kkphimplayer6.com/20250919/DeoyQq3i/index.m3u8');
	INSERT INTO episodes (movie_id, name, video_url)
	  VALUES (7, 'Tập 17', 'https://player.phimapi.com/player/?url=https://s6.kkphimplayer6.com/20250920/t0DOAVYR/index.m3u8');
	INSERT INTO episodes (movie_id, name, video_url)
	  VALUES (7, 'Tập 18', 'https://player.phimapi.com/player/?url=https://s6.kkphimplayer6.com/20250920/wYu1zOE6/index.m3u8');
	INSERT INTO episodes (movie_id, name, video_url)
	  VALUES (7, 'Tập 19', 'https://player.phimapi.com/player/?url=https://s6.kkphimplayer6.com/20250920/762PPzRP/index.m3u8');
	INSERT INTO episodes (movie_id, name, video_url)
	  VALUES (7, 'Tập 20', 'https://player.phimapi.com/player/?url=https://s6.kkphimplayer6.com/20250920/riH34AwA/index.m3u8');
	INSERT INTO episodes (movie_id, name, video_url)
	  VALUES (7, 'Tập 21', 'https://player.phimapi.com/player/?url=https://s6.kkphimplayer6.com/20250921/XtxmYd2U/index.m3u8');
	INSERT INTO episodes (movie_id, name, video_url)
	  VALUES (7, 'Tập 22', 'https://player.phimapi.com/player/?url=https://s6.kkphimplayer6.com/20250921/gUrKfOvt/index.m3u8');
	INSERT INTO episodes (movie_id, name, video_url)
	  VALUES (7, 'Tập 23', 'https://player.phimapi.com/player/?url=https://s6.kkphimplayer6.com/20250922/4FkS6CWi/index.m3u8');
	INSERT INTO episodes (movie_id, name, video_url)
	  VALUES (7, 'Tập 24', 'https://player.phimapi.com/player/?url=https://s6.kkphimplayer6.com/20250922/n8dD6LKO/index.m3u8');
	INSERT INTO episodes (movie_id, name, video_url)
	  VALUES (7, 'Tập 25', 'https://player.phimapi.com/player/?url=https://s6.kkphimplayer6.com/20250925/sAVP2eXE/index.m3u8');
	INSERT INTO episodes (movie_id, name, video_url)
	  VALUES (7, 'Tập 26', 'https://player.phimapi.com/player/?url=https://s6.kkphimplayer6.com/20250925/0PmhBKgh/index.m3u8');
	INSERT INTO episodes (movie_id, name, video_url)
	  VALUES (7, 'Tập 27', 'https://player.phimapi.com/player/?url=https://s6.kkphimplayer6.com/20250925/nNw1Mm46/index.m3u8');
	INSERT INTO episodes (movie_id, name, video_url)
	  VALUES (7, 'Tập 28', 'https://player.phimapi.com/player/?url=https://s6.kkphimplayer6.com/20250925/t0Z0Q3Th/index.m3u8');
	INSERT INTO episodes (movie_id, name, video_url)
	  VALUES (7, 'Tập 29', 'https://player.phimapi.com/player/?url=https://s6.kkphimplayer6.com/20250925/87VSM0TM/index.m3u8');
	INSERT INTO episodes (movie_id, name, video_url)
	  VALUES (7, 'Tập 30', 'https://player.phimapi.com/player/?url=https://s6.kkphimplayer6.com/20250925/8fgoOz4j/index.m3u8');

	-- Movie: Thiếu Lâm Tiểu Tử 3 (Tân Ô Long Viện 3)
	INSERT INTO movies (movie_id, title, description, release_date, poster_url, thumb_url, status)
	VALUES (8, 'Thiếu Lâm Tiểu Tử 3 (Tân Ô Long Viện 3)', 'Sau trận chiến bảo vệ “Dịch Cân Kinh”, thầy trò Tiểu Văn sống những ngày yên bình trong chùa. Tuy nhiên, khi A Chân – cô gái được mời về chăm sóc Tiểu Văn – lại đánh cắp bí kíp võ công, Tiểu Văn cùng Tiểu Long và sư huynh phải xuống núi truy tìm. Trên đường, họ kết bạn với A Kim, vượt qua nhiều hiểm nguy và tiến vào Thiên Ma Cổ Bảo, nơi cuộc chiến giành lại “Dịch Cân Kinh” một lần nữa bùng nổ.', '1995', 'https://phimimg.com/upload/vod/20250925-1/ebbd8e896272e4dd3ec0936c54358eb0.jpg', 'https://phimimg.com/upload/vod/20250925-1/e44b81666952d52834f28a0276286fa0.jpg', 'showing');
	UPDATE movies SET country='Hồng Kông', language='Vietsub', trailer_url='https://www.youtube.com/watch?v=w5cmA8GnTdk' WHERE movie_id=8;
	INSERT IGNORE INTO genres (name) VALUES ('Hành Động');
	INSERT INTO movie_genres (movie_id, genre_id)
	  SELECT 8, genre_id FROM genres WHERE name='Hành Động' LIMIT 1;
	INSERT IGNORE INTO genres (name) VALUES ('Phiêu Lưu');
	INSERT INTO movie_genres (movie_id, genre_id)
	  SELECT 8, genre_id FROM genres WHERE name='Phiêu Lưu' LIMIT 1;
	INSERT IGNORE INTO genres (name) VALUES ('Hài Hước');
	INSERT INTO movie_genres (movie_id, genre_id)
	  SELECT 8, genre_id FROM genres WHERE name='Hài Hước' LIMIT 1;
	INSERT IGNORE INTO genres (name) VALUES ('Gia Đình');
	INSERT INTO movie_genres (movie_id, genre_id)
	  SELECT 8, genre_id FROM genres WHERE name='Gia Đình' LIMIT 1;
	INSERT IGNORE INTO genres (name) VALUES ('Tâm Lý');
	INSERT INTO movie_genres (movie_id, genre_id)
	  SELECT 8, genre_id FROM genres WHERE name='Tâm Lý' LIMIT 1;
	INSERT IGNORE INTO actors (name) VALUES ('Ashton Chen');
	INSERT INTO movie_actors (movie_id, actor_id)
	  SELECT 8, actor_id FROM actors WHERE name='Ashton Chen' LIMIT 1;
	INSERT IGNORE INTO actors (name) VALUES ('Steven Hao');
	INSERT INTO movie_actors (movie_id, actor_id)
	  SELECT 8, actor_id FROM actors WHERE name='Steven Hao' LIMIT 1;
	INSERT IGNORE INTO actors (name) VALUES ('Richard Ng Man-Tat');
	INSERT INTO movie_actors (movie_id, actor_id)
	  SELECT 8, actor_id FROM actors WHERE name='Richard Ng Man-Tat' LIMIT 1;
	INSERT IGNORE INTO actors (name) VALUES ('Lau Shun');
	INSERT INTO movie_actors (movie_id, actor_id)
	  SELECT 8, actor_id FROM actors WHERE name='Lau Shun' LIMIT 1;
	INSERT IGNORE INTO actors (name) VALUES ('Eric Kot Man-Fai');
	INSERT INTO movie_actors (movie_id, actor_id)
	  SELECT 8, actor_id FROM actors WHERE name='Eric Kot Man-Fai' LIMIT 1;
	INSERT IGNORE INTO actors (name) VALUES ('Elsie Yeh');
	INSERT INTO movie_actors (movie_id, actor_id)
	  SELECT 8, actor_id FROM actors WHERE name='Elsie Yeh' LIMIT 1;
	INSERT IGNORE INTO actors (name) VALUES ('Vivian Hsu');
	INSERT INTO movie_actors (movie_id, actor_id)
	  SELECT 8, actor_id FROM actors WHERE name='Vivian Hsu' LIMIT 1;
	INSERT IGNORE INTO actors (name) VALUES ('Michael Lee Ming-Yeung');
	INSERT INTO movie_actors (movie_id, actor_id)
	  SELECT 8, actor_id FROM actors WHERE name='Michael Lee Ming-Yeung' LIMIT 1;
	INSERT IGNORE INTO actors (name) VALUES ('Pal Sinn Lap-Man');
	INSERT INTO movie_actors (movie_id, actor_id)
	  SELECT 8, actor_id FROM actors WHERE name='Pal Sinn Lap-Man' LIMIT 1;
	INSERT IGNORE INTO actors (name) VALUES ('Wong Yat-Fei');
	INSERT INTO movie_actors (movie_id, actor_id)
	  SELECT 8, actor_id FROM actors WHERE name='Wong Yat-Fei' LIMIT 1;
	INSERT IGNORE INTO actors (name) VALUES ('Chen Wei-Min');
	INSERT INTO movie_actors (movie_id, actor_id)
	  SELECT 8, actor_id FROM actors WHERE name='Chen Wei-Min' LIMIT 1;
	INSERT IGNORE INTO directors (name) VALUES ('Kevin Chu');
	INSERT INTO movie_directors (movie_id, director_id)
	  SELECT 8, director_id FROM directors WHERE name='Kevin Chu' LIMIT 1;
	INSERT INTO episodes (movie_id, name, video_url)
	  VALUES (8, 'Full', 'https://player.phimapi.com/player/?url=https://s6.kkphimplayer6.com/20250925/3en4lYR8/index.m3u8');

	-- Movie: Thiếu Lâm Tiểu Tử 2 (Tân Ô Long Viện 2)
	INSERT INTO movies (movie_id, title, description, release_date, poster_url, thumb_url, status)
	VALUES (9, 'Thiếu Lâm Tiểu Tử 2 (Tân Ô Long Viện 2)', 'Những người mới nhập môn Thiếu Lâm trẻ tuổi vui vẻ đã đánh bại được hai sát thủ vụng về được thuê để chặt đứt bàn tay phải của vị sư phụ khéo léo của họ, người sở hữu sức mạnh kung-fu kỳ diệu.', '1994', 'https://phimimg.com/upload/vod/20250925-1/4048da4222606cc10a6594c8f4d01b54.jpg', 'https://phimimg.com/upload/vod/20250925-1/d180cbd71d4e99ee5c5d4101718516a8.jpg', 'showing');
	UPDATE movies SET country='Hồng Kông', language='Vietsub + Lồng Tiếng', trailer_url='https://www.youtube.com/watch?v=OqYr9fn2Zv8' WHERE movie_id=9;
	INSERT IGNORE INTO genres (name) VALUES ('Hài Hước');
	INSERT INTO movie_genres (movie_id, genre_id)
	  SELECT 9, genre_id FROM genres WHERE name='Hài Hước' LIMIT 1;
	INSERT IGNORE INTO genres (name) VALUES ('Hành Động');
	INSERT INTO movie_genres (movie_id, genre_id)
	  SELECT 9, genre_id FROM genres WHERE name='Hành Động' LIMIT 1;
	INSERT IGNORE INTO genres (name) VALUES ('Tâm Lý');
	INSERT INTO movie_genres (movie_id, genre_id)
	  SELECT 9, genre_id FROM genres WHERE name='Tâm Lý' LIMIT 1;
	INSERT IGNORE INTO genres (name) VALUES ('Phiêu Lưu');
	INSERT INTO movie_genres (movie_id, genre_id)
	  SELECT 9, genre_id FROM genres WHERE name='Phiêu Lưu' LIMIT 1;
	INSERT IGNORE INTO actors (name) VALUES ('Thích Tiểu Long');
	INSERT INTO movie_actors (movie_id, actor_id)
	  SELECT 9, actor_id FROM actors WHERE name='Thích Tiểu Long' LIMIT 1;
	INSERT IGNORE INTO actors (name) VALUES ('Hào Thiên');
	INSERT INTO movie_actors (movie_id, actor_id)
	  SELECT 9, actor_id FROM actors WHERE name='Hào Thiên' LIMIT 1;
	INSERT IGNORE INTO actors (name) VALUES ('Ngô Mạnh Đạt');
	INSERT INTO movie_actors (movie_id, actor_id)
	  SELECT 9, actor_id FROM actors WHERE name='Ngô Mạnh Đạt' LIMIT 1;
	INSERT IGNORE INTO actors (name) VALUES ('Lâm Chí Dĩnh');
	INSERT INTO movie_actors (movie_id, actor_id)
	  SELECT 9, actor_id FROM actors WHERE name='Lâm Chí Dĩnh' LIMIT 1;
	INSERT IGNORE INTO actors (name) VALUES ('Tạ Y Lâm');
	INSERT INTO movie_actors (movie_id, actor_id)
	  SELECT 9, actor_id FROM actors WHERE name='Tạ Y Lâm' LIMIT 1;
	INSERT IGNORE INTO directors (name) VALUES ('Chu Diên Bình');
	INSERT INTO movie_directors (movie_id, director_id)
	  SELECT 9, director_id FROM directors WHERE name='Chu Diên Bình' LIMIT 1;
	INSERT INTO episodes (movie_id, name, video_url)
	  VALUES (9, 'Full', 'https://player.phimapi.com/player/?url=https://s6.kkphimplayer6.com/20250925/aHeLD98V/index.m3u8');
	INSERT INTO episodes (movie_id, name, video_url)
	  VALUES (9, 'Full', 'https://player.phimapi.com/player/?url=https://s6.kkphimplayer6.com/20250925/ay08sWDk/index.m3u8');

	-- Movie: Thiếu Lâm Tiểu Tử (Tân Ô Long Viện)
	INSERT INTO movies (movie_id, title, description, release_date, poster_url, thumb_url, status)
	VALUES (10, 'Thiếu Lâm Tiểu Tử (Tân Ô Long Viện)', 'Bộ phim&nbsp;kể về hai cậu bé võ sinh Thiếu Lâm hiếu động, cùng thầy trò mình bước vào hàng loạt tình huống dở khóc dở cười để giúp đỡ bạn bè và chống lại kẻ xấu, mang đến một hành trình vừa hài hước vừa tràn đầy tinh thần nghĩa hiệp.', '1994', 'https://phimimg.com/upload/vod/20250925-1/a4cba1fa3b8c6f152fcf125022238728.jpg', 'https://phimimg.com/upload/vod/20250925-1/09b829ca61dc7fefdc5c5db607f4b329.jpg', 'showing');
	UPDATE movies SET country='Hồng Kông', language='Vietsub + Lồng Tiếng', trailer_url='https://www.youtube.com/watch?v=Giu1bvXBlEM' WHERE movie_id=10;
	INSERT IGNORE INTO genres (name) VALUES ('Hành Động');
	INSERT INTO movie_genres (movie_id, genre_id)
	  SELECT 10, genre_id FROM genres WHERE name='Hành Động' LIMIT 1;
	INSERT IGNORE INTO genres (name) VALUES ('Tình Cảm');
	INSERT INTO movie_genres (movie_id, genre_id)
	  SELECT 10, genre_id FROM genres WHERE name='Tình Cảm' LIMIT 1;
	INSERT IGNORE INTO genres (name) VALUES ('Hài Hước');
	INSERT INTO movie_genres (movie_id, genre_id)
	  SELECT 10, genre_id FROM genres WHERE name='Hài Hước' LIMIT 1;
	INSERT IGNORE INTO genres (name) VALUES ('Tâm Lý');
	INSERT INTO movie_genres (movie_id, genre_id)
	  SELECT 10, genre_id FROM genres WHERE name='Tâm Lý' LIMIT 1;
	INSERT IGNORE INTO genres (name) VALUES ('Chính Kịch');
	INSERT INTO movie_genres (movie_id, genre_id)
	  SELECT 10, genre_id FROM genres WHERE name='Chính Kịch' LIMIT 1;
	INSERT IGNORE INTO actors (name) VALUES ('Thích Tiểu Long');
	INSERT INTO movie_actors (movie_id, actor_id)
	  SELECT 10, actor_id FROM actors WHERE name='Thích Tiểu Long' LIMIT 1;
	INSERT IGNORE INTO actors (name) VALUES ('Hào Thiên');
	INSERT INTO movie_actors (movie_id, actor_id)
	  SELECT 10, actor_id FROM actors WHERE name='Hào Thiên' LIMIT 1;
	INSERT IGNORE INTO actors (name) VALUES ('Ngô Mạnh Đạt');
	INSERT INTO movie_actors (movie_id, actor_id)
	  SELECT 10, actor_id FROM actors WHERE name='Ngô Mạnh Đạt' LIMIT 1;
	INSERT IGNORE INTO actors (name) VALUES ('Lâm Chí Dĩnh');
	INSERT INTO movie_actors (movie_id, actor_id)
	  SELECT 10, actor_id FROM actors WHERE name='Lâm Chí Dĩnh' LIMIT 1;
	INSERT IGNORE INTO actors (name) VALUES ('Địch Long');
	INSERT INTO movie_actors (movie_id, actor_id)
	  SELECT 10, actor_id FROM actors WHERE name='Địch Long' LIMIT 1;
	INSERT IGNORE INTO actors (name) VALUES ('Vương Vũ');
	INSERT INTO movie_actors (movie_id, actor_id)
	  SELECT 10, actor_id FROM actors WHERE name='Vương Vũ' LIMIT 1;
	INSERT IGNORE INTO directors (name) VALUES ('Đỗ Kỳ Phong');
	INSERT INTO movie_directors (movie_id, director_id)
	  SELECT 10, director_id FROM directors WHERE name='Đỗ Kỳ Phong' LIMIT 1;
	INSERT INTO episodes (movie_id, name, video_url)
	  VALUES (10, 'Full', 'https://player.phimapi.com/player/?url=https://s6.kkphimplayer6.com/20250925/bhegNu6S/index.m3u8');
	INSERT INTO episodes (movie_id, name, video_url)
	  VALUES (10, 'Full', 'https://player.phimapi.com/player/?url=https://s6.kkphimplayer6.com/20250925/ok95IOiG/index.m3u8');

	-- Movie: Thế Giới Không Lối Thoát (Phần 3)
	INSERT INTO movies (movie_id, title, description, release_date, poster_url, thumb_url, status)
	VALUES (11, 'Thế Giới Không Lối Thoát (Phần 3)', 'Một game thủ lông bông cùng hai người bạn nhận ra họ đã lọt vào thế giới Tokyo song song, nơi họ buộc phải thi đấu trong một loạt trò chơi tàn bạo để tồn tại.', '2025', 'https://phimimg.com/upload/vod/20250925-1/d4033dd8e0b4c3dbcf3b6714c762de89.jpg', 'https://phimimg.com/upload/vod/20250925-1/28eb108438980c93da01d1ec7faa9fc9.jpg', 'showing');
	UPDATE movies SET country='Nhật Bản', language='Vietsub', trailer_url='https://www.youtube.com/watch?v=_8p6YkEPVco' WHERE movie_id=11;
	INSERT IGNORE INTO genres (name) VALUES ('Bí Ẩn');
	INSERT INTO movie_genres (movie_id, genre_id)
	  SELECT 11, genre_id FROM genres WHERE name='Bí Ẩn' LIMIT 1;
	INSERT IGNORE INTO genres (name) VALUES ('Chính Kịch');
	INSERT INTO movie_genres (movie_id, genre_id)
	  SELECT 11, genre_id FROM genres WHERE name='Chính Kịch' LIMIT 1;
	INSERT IGNORE INTO genres (name) VALUES ('Hành Động');
	INSERT INTO movie_genres (movie_id, genre_id)
	  SELECT 11, genre_id FROM genres WHERE name='Hành Động' LIMIT 1;
	INSERT IGNORE INTO genres (name) VALUES ('Phiêu Lưu');
	INSERT INTO movie_genres (movie_id, genre_id)
	  SELECT 11, genre_id FROM genres WHERE name='Phiêu Lưu' LIMIT 1;
	INSERT IGNORE INTO genres (name) VALUES ('Tâm Lý');
	INSERT INTO movie_genres (movie_id, genre_id)
	  SELECT 11, genre_id FROM genres WHERE name='Tâm Lý' LIMIT 1;
	INSERT IGNORE INTO actors (name) VALUES ('Kento Yamazaki');
	INSERT INTO movie_actors (movie_id, actor_id)
	  SELECT 11, actor_id FROM actors WHERE name='Kento Yamazaki' LIMIT 1;
	INSERT IGNORE INTO actors (name) VALUES ('Tao Tsuchiya');
	INSERT INTO movie_actors (movie_id, actor_id)
	  SELECT 11, actor_id FROM actors WHERE name='Tao Tsuchiya' LIMIT 1;
	INSERT IGNORE INTO directors (name) VALUES ('Sato Shinsuke');
	INSERT INTO movie_directors (movie_id, director_id)
	  SELECT 11, director_id FROM directors WHERE name='Sato Shinsuke' LIMIT 1;
	INSERT INTO episodes (movie_id, name, video_url)
	  VALUES (11, 'Tập 01', 'https://player.phimapi.com/player/?url=https://s6.kkphimplayer6.com/20250925/GGAbw7Z0/index.m3u8');
	INSERT INTO episodes (movie_id, name, video_url)
	  VALUES (11, 'Tập 02', 'https://player.phimapi.com/player/?url=https://s6.kkphimplayer6.com/20250925/6mbnkisb/index.m3u8');
	INSERT INTO episodes (movie_id, name, video_url)
	  VALUES (11, 'Tập 03', 'https://player.phimapi.com/player/?url=https://s6.kkphimplayer6.com/20250925/L1Kw7ieq/index.m3u8');
	INSERT INTO episodes (movie_id, name, video_url)
	  VALUES (11, 'Tập 04', 'https://player.phimapi.com/player/?url=https://s6.kkphimplayer6.com/20250925/wAngQqoJ/index.m3u8');
	INSERT INTO episodes (movie_id, name, video_url)
	  VALUES (11, 'Tập 05', 'https://player.phimapi.com/player/?url=https://s6.kkphimplayer6.com/20250925/QiB4Bypx/index.m3u8');
	INSERT INTO episodes (movie_id, name, video_url)
	  VALUES (11, 'Tập 06', 'https://player.phimapi.com/player/?url=https://s6.kkphimplayer6.com/20250925/bmWRhVnq/index.m3u8');

	-- Movie: Thế Giới Không Lối Thoát (Phần 2)
	INSERT INTO movies (movie_id, title, description, release_date, poster_url, thumb_url, status)
	VALUES (12, 'Thế Giới Không Lối Thoát (Phần 2)', 'Một game thủ lông bông cùng hai người bạn nhận ra họ đã lọt vào thế giới Tokyo song song, nơi họ buộc phải thi đấu trong một loạt trò chơi tàn bạo để tồn tại.', '2022', 'https://phimimg.com/upload/vod/20250925-1/b08eefe1ec84fd4292a55780271e852e.jpg', 'https://phimimg.com/upload/vod/20250925-1/0dbd2b82e0c50cdd87b8d0e5b28209b5.jpg', 'showing');
	UPDATE movies SET country='Nhật Bản', language='Vietsub', trailer_url='https://www.youtube.com/watch?v=1ifgEQCevYc' WHERE movie_id=12;
	INSERT IGNORE INTO genres (name) VALUES ('Bí Ẩn');
	INSERT INTO movie_genres (movie_id, genre_id)
	  SELECT 12, genre_id FROM genres WHERE name='Bí Ẩn' LIMIT 1;
	INSERT IGNORE INTO genres (name) VALUES ('Chính Kịch');
	INSERT INTO movie_genres (movie_id, genre_id)
	  SELECT 12, genre_id FROM genres WHERE name='Chính Kịch' LIMIT 1;
	INSERT IGNORE INTO genres (name) VALUES ('Hành Động');
	INSERT INTO movie_genres (movie_id, genre_id)
	  SELECT 12, genre_id FROM genres WHERE name='Hành Động' LIMIT 1;
	INSERT IGNORE INTO genres (name) VALUES ('Phiêu Lưu');
	INSERT INTO movie_genres (movie_id, genre_id)
	  SELECT 12, genre_id FROM genres WHERE name='Phiêu Lưu' LIMIT 1;
	INSERT IGNORE INTO genres (name) VALUES ('Tâm Lý');
	INSERT INTO movie_genres (movie_id, genre_id)
	  SELECT 12, genre_id FROM genres WHERE name='Tâm Lý' LIMIT 1;
	INSERT IGNORE INTO actors (name) VALUES ('Kento Yamazaki');
	INSERT INTO movie_actors (movie_id, actor_id)
	  SELECT 12, actor_id FROM actors WHERE name='Kento Yamazaki' LIMIT 1;
	INSERT IGNORE INTO actors (name) VALUES ('Tao Tsuchiya');
	INSERT INTO movie_actors (movie_id, actor_id)
	  SELECT 12, actor_id FROM actors WHERE name='Tao Tsuchiya' LIMIT 1;
	INSERT IGNORE INTO directors (name) VALUES ('Sato Shinsuke');
	INSERT INTO movie_directors (movie_id, director_id)
	  SELECT 12, director_id FROM directors WHERE name='Sato Shinsuke' LIMIT 1;
	INSERT INTO episodes (movie_id, name, video_url)
	  VALUES (12, 'Tập 01', 'https://player.phimapi.com/player/?url=https://s3.phim1280.tv/20240503/rnJFoB24/index.m3u8');
	INSERT INTO episodes (movie_id, name, video_url)
	  VALUES (12, 'Tập 02', 'https://player.phimapi.com/player/?url=https://s3.phim1280.tv/20240503/yH2QByLj/index.m3u8');
	INSERT INTO episodes (movie_id, name, video_url)
	  VALUES (12, 'Tập 03', 'https://player.phimapi.com/player/?url=https://s3.phim1280.tv/20240503/lY13cXT6/index.m3u8');
	INSERT INTO episodes (movie_id, name, video_url)
	  VALUES (12, 'Tập 04', 'https://player.phimapi.com/player/?url=https://s3.phim1280.tv/20240503/R7LAiNwg/index.m3u8');
	INSERT INTO episodes (movie_id, name, video_url)
	  VALUES (12, 'Tập 05', 'https://player.phimapi.com/player/?url=https://s3.phim1280.tv/20240503/9hzDqDS7/index.m3u8');
	INSERT INTO episodes (movie_id, name, video_url)
	  VALUES (12, 'Tập 06', 'https://player.phimapi.com/player/?url=https://s3.phim1280.tv/20240503/LLnquSrC/index.m3u8');
	INSERT INTO episodes (movie_id, name, video_url)
	  VALUES (12, 'Tập 07', 'https://player.phimapi.com/player/?url=https://s3.phim1280.tv/20240503/XbTPFQ0j/index.m3u8');
	INSERT INTO episodes (movie_id, name, video_url)
	  VALUES (12, 'Tập 08', 'https://player.phimapi.com/player/?url=https://s3.phim1280.tv/20240503/tvGKHawm/index.m3u8');

	-- Movie: Thế Giới Không Lối Thoát (Phần 1)
	INSERT INTO movies (movie_id, title, description, release_date, poster_url, thumb_url, status)
	VALUES (13, 'Thế Giới Không Lối Thoát (Phần 1)', 'Một game thủ lông bông cùng hai người bạn nhận ra họ đã lọt vào thế giới Tokyo song song, nơi họ buộc phải thi đấu trong một loạt trò chơi tàn bạo để tồn tại.', '2020', 'https://phimimg.com/upload/vod/20250925-1/1d5949d6f5812ad7e81fa34d63ba2ece.jpg', 'https://phimimg.com/upload/vod/20250925-1/d198f3b220b49a29cc18d89c7286e150.jpg', 'showing');
	UPDATE movies SET country='Nhật Bản', language='Vietsub', trailer_url='https://www.youtube.com/watch?v=49_44FFKZ1M' WHERE movie_id=13;
	INSERT IGNORE INTO genres (name) VALUES ('Bí Ẩn');
	INSERT INTO movie_genres (movie_id, genre_id)
	  SELECT 13, genre_id FROM genres WHERE name='Bí Ẩn' LIMIT 1;
	INSERT IGNORE INTO genres (name) VALUES ('Chính Kịch');
	INSERT INTO movie_genres (movie_id, genre_id)
	  SELECT 13, genre_id FROM genres WHERE name='Chính Kịch' LIMIT 1;
	INSERT IGNORE INTO genres (name) VALUES ('Hành Động');
	INSERT INTO movie_genres (movie_id, genre_id)
	  SELECT 13, genre_id FROM genres WHERE name='Hành Động' LIMIT 1;
	INSERT IGNORE INTO genres (name) VALUES ('Phiêu Lưu');
	INSERT INTO movie_genres (movie_id, genre_id)
	  SELECT 13, genre_id FROM genres WHERE name='Phiêu Lưu' LIMIT 1;
	INSERT IGNORE INTO genres (name) VALUES ('Tâm Lý');
	INSERT INTO movie_genres (movie_id, genre_id)
	  SELECT 13, genre_id FROM genres WHERE name='Tâm Lý' LIMIT 1;
	INSERT IGNORE INTO actors (name) VALUES ('Kento Yamazaki');
	INSERT INTO movie_actors (movie_id, actor_id)
	  SELECT 13, actor_id FROM actors WHERE name='Kento Yamazaki' LIMIT 1;
	INSERT IGNORE INTO actors (name) VALUES ('Tao Tsuchiya');
	INSERT INTO movie_actors (movie_id, actor_id)
	  SELECT 13, actor_id FROM actors WHERE name='Tao Tsuchiya' LIMIT 1;
	INSERT IGNORE INTO directors (name) VALUES ('Sato Shinsuke');
	INSERT INTO movie_directors (movie_id, director_id)
	  SELECT 13, director_id FROM directors WHERE name='Sato Shinsuke' LIMIT 1;
	INSERT INTO episodes (movie_id, name, video_url)
	  VALUES (13, 'Tập 01', 'https://player.phimapi.com/player/?url=https://s3.phim1280.tv/20240727/8M1fvP0A/index.m3u8');
	INSERT INTO episodes (movie_id, name, video_url)
	  VALUES (13, 'Tập 02', 'https://player.phimapi.com/player/?url=https://s3.phim1280.tv/20240727/0ba1AvdT/index.m3u8');
	INSERT INTO episodes (movie_id, name, video_url)
	  VALUES (13, 'Tập 03', 'https://player.phimapi.com/player/?url=https://s3.phim1280.tv/20240727/89QiOxOF/index.m3u8');
	INSERT INTO episodes (movie_id, name, video_url)
	  VALUES (13, 'Tập 04', 'https://player.phimapi.com/player/?url=https://s3.phim1280.tv/20240727/FPCvaYuq/index.m3u8');
	INSERT INTO episodes (movie_id, name, video_url)
	  VALUES (13, 'Tập 05', 'https://player.phimapi.com/player/?url=https://s3.phim1280.tv/20240727/q8zQZOQH/index.m3u8');
	INSERT INTO episodes (movie_id, name, video_url)
	  VALUES (13, 'Tập 06', 'https://player.phimapi.com/player/?url=https://s3.phim1280.tv/20240727/XMY7oDv2/index.m3u8');
	INSERT INTO episodes (movie_id, name, video_url)
	  VALUES (13, 'Tập 07', 'https://player.phimapi.com/player/?url=https://s3.phim1280.tv/20240727/by9HJJxF/index.m3u8');
	INSERT INTO episodes (movie_id, name, video_url)
	  VALUES (13, 'Tập 08', 'https://player.phimapi.com/player/?url=https://s3.phim1280.tv/20240727/UqF7spqr/index.m3u8');

	-- Movie: Tự Cẩm
	INSERT INTO movies (movie_id, title, description, release_date, poster_url, thumb_url, status)
	VALUES (14, 'Tự Cẩm', 'Bộ phim kể về tứ tiểu thư Khương Tự của phủ Đông Bình bá, người được tái sinh sau khi chết dưới tay người thương Úc Cẩm. Lần này, Khương Tự dũng cảm từ hôn, đấu trí với thẩm thẩm ác độc, mở tiệm hương liệu, giúp đỡ bạn tốt, và điều tra vụ án nhiều thiếu nữ bị giết hại... dần dần thay đổi kết cục bi thảm trước đây. Khi Khương Tự và tướng quân thiếu niên Úc Cẩm gặp lại, tuy mỗi người đều có toan tính riêng nhưng vẫn vương vấn nhau như trước. Cùng nhau, họ nỗ lực cứu ca ca Khương Trạm khỏi chết đuối, ngăn tỷ tỷ Khương Y treo cổ tự tử và cũng thay đổi kết cục phụ thân bị trưởng công chúa giá họa chém đầu. Hai người cùng vượt qua khó khăn nguy hiểm, thái độ của Khương Tự dành cho Úc Cẩm dần thay đổi, đồng ý yêu Úc Cẩm một lần nữa. Hai người nắm tay nhau bảo vệ Đại Chu thái bình, cùng hưởng một kiếp phồn hoa.', '2025', 'https://phimimg.com/upload/vod/20250301-1/8ec9e93a86081fa82af429d8b696aa81.jpg', 'https://phimimg.com/upload/vod/20250301-1/dfab47527ab7f9314a3556ee05e1c021.jpg', 'showing');
	UPDATE movies SET country='Trung Quốc', language='Vietsub + Thuyết Minh', trailer_url='https://www.youtube.com/watch?v=z07AwG5mt3I' WHERE movie_id=14;
	INSERT IGNORE INTO genres (name) VALUES ('Chính Kịch');
	INSERT INTO movie_genres (movie_id, genre_id)
	  SELECT 14, genre_id FROM genres WHERE name='Chính Kịch' LIMIT 1;
	INSERT IGNORE INTO genres (name) VALUES ('Cổ Trang');
	INSERT INTO movie_genres (movie_id, genre_id)
	  SELECT 14, genre_id FROM genres WHERE name='Cổ Trang' LIMIT 1;
	INSERT IGNORE INTO genres (name) VALUES ('Tình Cảm');
	INSERT INTO movie_genres (movie_id, genre_id)
	  SELECT 14, genre_id FROM genres WHERE name='Tình Cảm' LIMIT 1;
	INSERT IGNORE INTO actors (name) VALUES ('Cảnh Điềm');
	INSERT INTO movie_actors (movie_id, actor_id)
	  SELECT 14, actor_id FROM actors WHERE name='Cảnh Điềm' LIMIT 1;
	INSERT IGNORE INTO actors (name) VALUES ('Trương Vãn Ý');
	INSERT INTO movie_actors (movie_id, actor_id)
	  SELECT 14, actor_id FROM actors WHERE name='Trương Vãn Ý' LIMIT 1;
	INSERT IGNORE INTO actors (name) VALUES ('Quách Đào');
	INSERT INTO movie_actors (movie_id, actor_id)
	  SELECT 14, actor_id FROM actors WHERE name='Quách Đào' LIMIT 1;
	INSERT IGNORE INTO actors (name) VALUES ('Trương Thỉ');
	INSERT INTO movie_actors (movie_id, actor_id)
	  SELECT 14, actor_id FROM actors WHERE name='Trương Thỉ' LIMIT 1;
	INSERT IGNORE INTO actors (name) VALUES ('Từ Hảo');
	INSERT INTO movie_actors (movie_id, actor_id)
	  SELECT 14, actor_id FROM actors WHERE name='Từ Hảo' LIMIT 1;
	INSERT IGNORE INTO actors (name) VALUES ('Tào Phỉ Nhiên');
	INSERT INTO movie_actors (movie_id, actor_id)
	  SELECT 14, actor_id FROM actors WHERE name='Tào Phỉ Nhiên' LIMIT 1;
	INSERT IGNORE INTO actors (name) VALUES ('Huỳnh Dịch');
	INSERT INTO movie_actors (movie_id, actor_id)
	  SELECT 14, actor_id FROM actors WHERE name='Huỳnh Dịch' LIMIT 1;
	INSERT IGNORE INTO actors (name) VALUES ('Mã Tô');
	INSERT INTO movie_actors (movie_id, actor_id)
	  SELECT 14, actor_id FROM actors WHERE name='Mã Tô' LIMIT 1;
	INSERT IGNORE INTO directors (name) VALUES ('Vương Vi');
	INSERT INTO movie_directors (movie_id, director_id)
	  SELECT 14, director_id FROM directors WHERE name='Vương Vi' LIMIT 1;
	INSERT INTO episodes (movie_id, name, video_url)
	  VALUES (14, 'Tập 01', 'https://player.phimapi.com/player/?url=https://s4.phim1280.tv/20250301/m5aytq5j/index.m3u8');
	INSERT INTO episodes (movie_id, name, video_url)
	  VALUES (14, 'Tập 02', 'https://player.phimapi.com/player/?url=https://s4.phim1280.tv/20250301/JtSSDVng/index.m3u8');
	INSERT INTO episodes (movie_id, name, video_url)
	  VALUES (14, 'Tập 03', 'https://player.phimapi.com/player/?url=https://s4.phim1280.tv/20250301/Hu06BsSy/index.m3u8');
	INSERT INTO episodes (movie_id, name, video_url)
	  VALUES (14, 'Tập 04', 'https://player.phimapi.com/player/?url=https://s4.phim1280.tv/20250301/NRGqeiWQ/index.m3u8');
	INSERT INTO episodes (movie_id, name, video_url)
	  VALUES (14, 'Tập 05', 'https://player.phimapi.com/player/?url=https://s4.phim1280.tv/20250302/E4gQW0aO/index.m3u8');
	INSERT INTO episodes (movie_id, name, video_url)
	  VALUES (14, 'Tập 06', 'https://player.phimapi.com/player/?url=https://s4.phim1280.tv/20250302/EdV1oPkN/index.m3u8');
	INSERT INTO episodes (movie_id, name, video_url)
	  VALUES (14, 'Tập 07', 'https://player.phimapi.com/player/?url=https://s4.phim1280.tv/20250302/6wqk8L9R/index.m3u8');
	INSERT INTO episodes (movie_id, name, video_url)
	  VALUES (14, 'Tập 08', 'https://player.phimapi.com/player/?url=https://s4.phim1280.tv/20250303/xDB01kIL/index.m3u8');
	INSERT INTO episodes (movie_id, name, video_url)
	  VALUES (14, 'Tập 09', 'https://player.phimapi.com/player/?url=https://s4.phim1280.tv/20250303/2AwxYLst/index.m3u8');
	INSERT INTO episodes (movie_id, name, video_url)
	  VALUES (14, 'Tập 10', 'https://player.phimapi.com/player/?url=https://s4.phim1280.tv/20250304/0gzc0byL/index.m3u8');
	INSERT INTO episodes (movie_id, name, video_url)
	  VALUES (14, 'Tập 11', 'https://player.phimapi.com/player/?url=https://s4.phim1280.tv/20250304/u5PjsxA9/index.m3u8');
	INSERT INTO episodes (movie_id, name, video_url)
	  VALUES (14, 'Tập 12', 'https://player.phimapi.com/player/?url=https://s4.phim1280.tv/20250305/pmXA9c9F/index.m3u8');
	INSERT INTO episodes (movie_id, name, video_url)
	  VALUES (14, 'Tập 13', 'https://player.phimapi.com/player/?url=https://s4.phim1280.tv/20250305/qydgICiq/index.m3u8');
	INSERT INTO episodes (movie_id, name, video_url)
	  VALUES (14, 'Tập 14', 'https://player.phimapi.com/player/?url=https://s5.phim1280.tv/20250306/i7xqdkSn/index.m3u8');
	INSERT INTO episodes (movie_id, name, video_url)
	  VALUES (14, 'Tập 15', 'https://player.phimapi.com/player/?url=https://s5.phim1280.tv/20250306/hmjrZzFo/index.m3u8');
	INSERT INTO episodes (movie_id, name, video_url)
	  VALUES (14, 'Tập 16', 'https://player.phimapi.com/player/?url=https://s4.phim1280.tv/20250307/qjFrjbkV/index.m3u8');
	INSERT INTO episodes (movie_id, name, video_url)
	  VALUES (14, 'Tập 17', 'https://player.phimapi.com/player/?url=https://s6.kkphimplayer6.com/20250925/hOLCugmg/index.m3u8');
	INSERT INTO episodes (movie_id, name, video_url)
	  VALUES (14, 'Tập 18', 'https://player.phimapi.com/player/?url=https://s5.phim1280.tv/20250308/Z7U8CMr7/index.m3u8');
	INSERT INTO episodes (movie_id, name, video_url)
	  VALUES (14, 'Tập 19', 'https://player.phimapi.com/player/?url=https://s5.phim1280.tv/20250308/ZKE6Q5Mu/index.m3u8');
	INSERT INTO episodes (movie_id, name, video_url)
	  VALUES (14, 'Tập 20', 'https://player.phimapi.com/player/?url=https://s4.phim1280.tv/20250309/53PuYwXd/index.m3u8');
	INSERT INTO episodes (movie_id, name, video_url)
	  VALUES (14, 'Tập 21', 'https://player.phimapi.com/player/?url=https://s4.phim1280.tv/20250309/Ov512Mj7/index.m3u8');
	INSERT INTO episodes (movie_id, name, video_url)
	  VALUES (14, 'Tập 22', 'https://player.phimapi.com/player/?url=https://s4.phim1280.tv/20250311/JwhEgQvN/index.m3u8');
	INSERT INTO episodes (movie_id, name, video_url)
	  VALUES (14, 'Tập 23', 'https://player.phimapi.com/player/?url=https://s4.phim1280.tv/20250311/Baujwmml/index.m3u8');
	INSERT INTO episodes (movie_id, name, video_url)
	  VALUES (14, 'Tập 24', 'https://player.phimapi.com/player/?url=https://s4.phim1280.tv/20250311/Di4qMkIr/index.m3u8');
	INSERT INTO episodes (movie_id, name, video_url)
	  VALUES (14, 'Tập 25', 'https://player.phimapi.com/player/?url=https://s4.phim1280.tv/20250312/uJh075uA/index.m3u8');
	INSERT INTO episodes (movie_id, name, video_url)
	  VALUES (14, 'Tập 26', 'https://player.phimapi.com/player/?url=https://s4.phim1280.tv/20250313/Pw7nVAvf/index.m3u8');
	INSERT INTO episodes (movie_id, name, video_url)
	  VALUES (14, 'Tập 27', 'https://player.phimapi.com/player/?url=https://s4.phim1280.tv/20250314/R0NiE49f/index.m3u8');
	INSERT INTO episodes (movie_id, name, video_url)
	  VALUES (14, 'Tập 28', 'https://player.phimapi.com/player/?url=https://s4.phim1280.tv/20250314/nFP9oGHb/index.m3u8');
	INSERT INTO episodes (movie_id, name, video_url)
	  VALUES (14, 'Tập 29', 'https://player.phimapi.com/player/?url=https://s5.phim1280.tv/20250315/9gkCBqvr/index.m3u8');
	INSERT INTO episodes (movie_id, name, video_url)
	  VALUES (14, 'Tập 30', 'https://player.phimapi.com/player/?url=https://s5.phim1280.tv/20250315/v5nOqnWo/index.m3u8');
	INSERT INTO episodes (movie_id, name, video_url)
	  VALUES (14, 'Tập 31', 'https://player.phimapi.com/player/?url=https://s4.phim1280.tv/20250316/KmKtLHiZ/index.m3u8');
	INSERT INTO episodes (movie_id, name, video_url)
	  VALUES (14, 'Tập 32', 'https://player.phimapi.com/player/?url=https://s4.phim1280.tv/20250316/5gscnKDF/index.m3u8');
	INSERT INTO episodes (movie_id, name, video_url)
	  VALUES (14, 'Tập 33', 'https://player.phimapi.com/player/?url=https://s4.phim1280.tv/20250317/Jpy1JGhI/index.m3u8');
	INSERT INTO episodes (movie_id, name, video_url)
	  VALUES (14, 'Tập 34', 'https://player.phimapi.com/player/?url=https://s5.phim1280.tv/20250318/Le9VVlAk/index.m3u8');
	INSERT INTO episodes (movie_id, name, video_url)
	  VALUES (14, 'Tập 35', 'https://player.phimapi.com/player/?url=https://s5.phim1280.tv/20250319/DF2KrjFP/index.m3u8');
	INSERT INTO episodes (movie_id, name, video_url)
	  VALUES (14, 'Tập 36', 'https://player.phimapi.com/player/?url=https://s5.phim1280.tv/20250320/XMa3Wp6g/index.m3u8');
	INSERT INTO episodes (movie_id, name, video_url)
	  VALUES (14, 'Tập 37', 'https://player.phimapi.com/player/?url=https://s5.phim1280.tv/20250320/63qUy4ke/index.m3u8');
	INSERT INTO episodes (movie_id, name, video_url)
	  VALUES (14, 'Tập 38', 'https://player.phimapi.com/player/?url=https://s5.phim1280.tv/20250320/IPUfHels/index.m3u8');
	INSERT INTO episodes (movie_id, name, video_url)
	  VALUES (14, 'Tập 39', 'https://player.phimapi.com/player/?url=https://s5.phim1280.tv/20250320/ecYWxJHT/index.m3u8');
	INSERT INTO episodes (movie_id, name, video_url)
	  VALUES (14, 'Tập 40', 'https://player.phimapi.com/player/?url=https://s5.phim1280.tv/20250320/4ABaSitq/index.m3u8');
	INSERT INTO episodes (movie_id, name, video_url)
	  VALUES (14, 'Tập 01', 'https://player.phimapi.com/player/?url=https://s4.phim1280.tv/20250302/vP45P3g2/index.m3u8');
	INSERT INTO episodes (movie_id, name, video_url)
	  VALUES (14, 'Tập 02', 'https://player.phimapi.com/player/?url=https://s4.phim1280.tv/20250302/9clb5cGp/index.m3u8');
	INSERT INTO episodes (movie_id, name, video_url)
	  VALUES (14, 'Tập 03', 'https://player.phimapi.com/player/?url=https://s4.phim1280.tv/20250302/mIWlSrtF/index.m3u8');
	INSERT INTO episodes (movie_id, name, video_url)
	  VALUES (14, 'Tập 04', 'https://player.phimapi.com/player/?url=https://s5.phim1280.tv/20250306/b6XTfcZM/index.m3u8');
	INSERT INTO episodes (movie_id, name, video_url)
	  VALUES (14, 'Tập 05', 'https://player.phimapi.com/player/?url=https://s5.phim1280.tv/20250306/Oultvbjh/index.m3u8');
	INSERT INTO episodes (movie_id, name, video_url)
	  VALUES (14, 'Tập 06', 'https://player.phimapi.com/player/?url=https://s5.phim1280.tv/20250306/Lbc8lBs6/index.m3u8');
	INSERT INTO episodes (movie_id, name, video_url)
	  VALUES (14, 'Tập 07', 'https://player.phimapi.com/player/?url=https://s5.phim1280.tv/20250306/LUC8mU4Y/index.m3u8');
	INSERT INTO episodes (movie_id, name, video_url)
	  VALUES (14, 'Tập 08', 'https://player.phimapi.com/player/?url=https://s5.phim1280.tv/20250306/2YYYcNS6/index.m3u8');
	INSERT INTO episodes (movie_id, name, video_url)
	  VALUES (14, 'Tập 09', 'https://player.phimapi.com/player/?url=https://s5.phim1280.tv/20250306/xZVJ0Gdp/index.m3u8');
	INSERT INTO episodes (movie_id, name, video_url)
	  VALUES (14, 'Tập 10', 'https://player.phimapi.com/player/?url=https://s5.phim1280.tv/20250306/iIf79N6o/index.m3u8');
	INSERT INTO episodes (movie_id, name, video_url)
	  VALUES (14, 'Tập 11', 'https://player.phimapi.com/player/?url=https://s5.phim1280.tv/20250306/qHcifnQD/index.m3u8');
	INSERT INTO episodes (movie_id, name, video_url)
	  VALUES (14, 'Tập 12', 'https://player.phimapi.com/player/?url=https://s5.phim1280.tv/20250309/vASyR0rN/index.m3u8');
	INSERT INTO episodes (movie_id, name, video_url)
	  VALUES (14, 'Tập 13', 'https://player.phimapi.com/player/?url=https://s5.phim1280.tv/20250309/ktzMMQhV/index.m3u8');
	INSERT INTO episodes (movie_id, name, video_url)
	  VALUES (14, 'Tập 14', 'https://player.phimapi.com/player/?url=https://s5.phim1280.tv/20250309/A7B1Polu/index.m3u8');
	INSERT INTO episodes (movie_id, name, video_url)
	  VALUES (14, 'Tập 15', 'https://player.phimapi.com/player/?url=https://s5.phim1280.tv/20250309/04qxMl4d/index.m3u8');
	INSERT INTO episodes (movie_id, name, video_url)
	  VALUES (14, 'Tập 16', 'https://player.phimapi.com/player/?url=https://s5.phim1280.tv/20250309/PlRJgqDY/index.m3u8');
	INSERT INTO episodes (movie_id, name, video_url)
	  VALUES (14, 'Tập 17', 'https://player.phimapi.com/player/?url=https://s5.phim1280.tv/20250309/7TL4vsn4/index.m3u8');
	INSERT INTO episodes (movie_id, name, video_url)
	  VALUES (14, 'Tập 18', 'https://player.phimapi.com/player/?url=https://s4.phim1280.tv/20250311/wrgjLOhD/index.m3u8');
	INSERT INTO episodes (movie_id, name, video_url)
	  VALUES (14, 'Tập 19', 'https://player.phimapi.com/player/?url=https://s4.phim1280.tv/20250311/Tpp8W5p5/index.m3u8');
	INSERT INTO episodes (movie_id, name, video_url)
	  VALUES (14, 'Tập 20', 'https://player.phimapi.com/player/?url=https://s4.phim1280.tv/20250311/NEhhK3nO/index.m3u8');
	INSERT INTO episodes (movie_id, name, video_url)
	  VALUES (14, 'Tập 21', 'https://player.phimapi.com/player/?url=https://s4.phim1280.tv/20250311/jpmnVEo1/index.m3u8');
	INSERT INTO episodes (movie_id, name, video_url)
	  VALUES (14, 'Tập 22', 'https://player.phimapi.com/player/?url=https://s4.phim1280.tv/20250311/ZlbF6Cw8/index.m3u8');
	INSERT INTO episodes (movie_id, name, video_url)
	  VALUES (14, 'Tập 23', 'https://player.phimapi.com/player/?url=https://s4.phim1280.tv/20250311/bl8LFk81/index.m3u8');
	INSERT INTO episodes (movie_id, name, video_url)
	  VALUES (14, 'Tập 24', 'https://player.phimapi.com/player/?url=https://s4.phim1280.tv/20250312/hFlSE9Qz/index.m3u8');
	INSERT INTO episodes (movie_id, name, video_url)
	  VALUES (14, 'Tập 25', 'https://player.phimapi.com/player/?url=https://s4.phim1280.tv/20250317/zHMnAFAd/index.m3u8');
	INSERT INTO episodes (movie_id, name, video_url)
	  VALUES (14, 'Tập 26', 'https://player.phimapi.com/player/?url=https://s4.phim1280.tv/20250317/I1ByzOoa/index.m3u8');
	INSERT INTO episodes (movie_id, name, video_url)
	  VALUES (14, 'Tập 27', 'https://player.phimapi.com/player/?url=https://s4.phim1280.tv/20250317/oDdYF4xc/index.m3u8');
	INSERT INTO episodes (movie_id, name, video_url)
	  VALUES (14, 'Tập 29', 'https://player.phimapi.com/player/?url=https://s4.phim1280.tv/20250317/jiBKqGL8/index.m3u8');
	INSERT INTO episodes (movie_id, name, video_url)
	  VALUES (14, 'Tập 28', 'https://player.phimapi.com/player/?url=https://s4.phim1280.tv/20250317/mmlrM7ST/index.m3u8');
	INSERT INTO episodes (movie_id, name, video_url)
	  VALUES (14, 'Tập 30', 'https://player.phimapi.com/player/?url=https://s4.phim1280.tv/20250317/6G7vKDyb/index.m3u8');
	INSERT INTO episodes (movie_id, name, video_url)
	  VALUES (14, 'Tập 31', 'https://player.phimapi.com/player/?url=https://s4.phim1280.tv/20250320/DucMWgEM/index.m3u8');
	INSERT INTO episodes (movie_id, name, video_url)
	  VALUES (14, 'Tập 33', 'https://player.phimapi.com/player/?url=https://s4.phim1280.tv/20250320/uzazImkW/index.m3u8');
	INSERT INTO episodes (movie_id, name, video_url)
	  VALUES (14, 'Tập 32', 'https://player.phimapi.com/player/?url=https://s4.phim1280.tv/20250320/8CeWHMu9/index.m3u8');
	INSERT INTO episodes (movie_id, name, video_url)
	  VALUES (14, 'Tập 34', 'https://player.phimapi.com/player/?url=https://s4.phim1280.tv/20250320/4xEpyCJJ/index.m3u8');
	INSERT INTO episodes (movie_id, name, video_url)
	  VALUES (14, 'Tập 35', 'https://player.phimapi.com/player/?url=https://s4.phim1280.tv/20250320/suUmoJZ9/index.m3u8');
	INSERT INTO episodes (movie_id, name, video_url)
	  VALUES (14, 'Tập 36', 'https://player.phimapi.com/player/?url=https://s5.phim1280.tv/20250326/qubLAmsN/index.m3u8');
	INSERT INTO episodes (movie_id, name, video_url)
	  VALUES (14, 'Tập 37', 'https://player.phimapi.com/player/?url=https://s5.phim1280.tv/20250326/QGJT41nP/index.m3u8');
	INSERT INTO episodes (movie_id, name, video_url)
	  VALUES (14, 'Tập 38', 'https://player.phimapi.com/player/?url=https://s5.phim1280.tv/20250326/AFKVV6al/index.m3u8');
	INSERT INTO episodes (movie_id, name, video_url)
	  VALUES (14, 'Tập 39', 'https://player.phimapi.com/player/?url=https://s5.phim1280.tv/20250326/suKoWsM6/index.m3u8');
	INSERT INTO episodes (movie_id, name, video_url)
	  VALUES (14, 'Tập 40', 'https://player.phimapi.com/player/?url=https://s5.phim1280.tv/20250326/e8MGVKNW/index.m3u8');

	-- Movie: Phúc Lành Cho Thế Giới Tuyệt Vời Này (Phần 3)
	INSERT INTO movies (movie_id, title, description, release_date, poster_url, thumb_url, status)
	VALUES (15, 'Phúc Lành Cho Thế Giới Tuyệt Vời Này (Phần 3)', 'Satou Kazuma, một hikikomori đam mê trò chơi, Nhưng cuộc sống ngắn ngủi của anh kết thúc vì tai nạn giao thông lãng xẹt ... Nhưng khi anh ta tỉnh dậy, một cô gái xinh đẹp, người tự gọi mình là một nữ thần đã ở phía trước đôi mắt anh ấy và đưa anh ấy đến một thế giới khác, Khi sang thế giới mới, cậu gặp ngày càng nhiều mấy cô nàng không điên thì cũng tâm thần, riết rồi cậu muốn quay trở về thế giới cũ càng nhanh càng tốt...', '2024', 'https://phimimg.com/upload/vod/20250925-1/f85663e8b70ed1a31b93b2323aa637c9.jpg', 'https://phimimg.com/upload/vod/20250925-1/d81a21000f6785433bb9d34fd6744ccf.jpg', 'showing');
	UPDATE movies SET country='Nhật Bản', language='Vietsub', trailer_url='https://www.youtube.com/watch?v=p37syJvrlro' WHERE movie_id=15;
	INSERT IGNORE INTO genres (name) VALUES ('Hành Động');
	INSERT INTO movie_genres (movie_id, genre_id)
	  SELECT 15, genre_id FROM genres WHERE name='Hành Động' LIMIT 1;
	INSERT IGNORE INTO genres (name) VALUES ('Phiêu Lưu');
	INSERT INTO movie_genres (movie_id, genre_id)
	  SELECT 15, genre_id FROM genres WHERE name='Phiêu Lưu' LIMIT 1;
	INSERT IGNORE INTO genres (name) VALUES ('Hài Hước');
	INSERT INTO movie_genres (movie_id, genre_id)
	  SELECT 15, genre_id FROM genres WHERE name='Hài Hước' LIMIT 1;
	INSERT IGNORE INTO genres (name) VALUES ('Khoa Học');
	INSERT INTO movie_genres (movie_id, genre_id)
	  SELECT 15, genre_id FROM genres WHERE name='Khoa Học' LIMIT 1;
	INSERT IGNORE INTO genres (name) VALUES ('Viễn Tưởng');
	INSERT INTO movie_genres (movie_id, genre_id)
	  SELECT 15, genre_id FROM genres WHERE name='Viễn Tưởng' LIMIT 1;
	INSERT IGNORE INTO genres (name) VALUES ('Tâm Lý');
	INSERT INTO movie_genres (movie_id, genre_id)
	  SELECT 15, genre_id FROM genres WHERE name='Tâm Lý' LIMIT 1;
	INSERT IGNORE INTO actors (name) VALUES ('Jun Fukushima');
	INSERT INTO movie_actors (movie_id, actor_id)
	  SELECT 15, actor_id FROM actors WHERE name='Jun Fukushima' LIMIT 1;
	INSERT IGNORE INTO actors (name) VALUES ('Sora Amamiya');
	INSERT INTO movie_actors (movie_id, actor_id)
	  SELECT 15, actor_id FROM actors WHERE name='Sora Amamiya' LIMIT 1;
	INSERT IGNORE INTO actors (name) VALUES ('Rie Takahashi');
	INSERT INTO movie_actors (movie_id, actor_id)
	  SELECT 15, actor_id FROM actors WHERE name='Rie Takahashi' LIMIT 1;
	INSERT IGNORE INTO actors (name) VALUES ('Ai Kayano');
	INSERT INTO movie_actors (movie_id, actor_id)
	  SELECT 15, actor_id FROM actors WHERE name='Ai Kayano' LIMIT 1;
	INSERT IGNORE INTO directors (name) VALUES ('Đang cập nhật');
	INSERT INTO movie_directors (movie_id, director_id)
	  SELECT 15, director_id FROM directors WHERE name='Đang cập nhật' LIMIT 1;
	INSERT INTO episodes (movie_id, name, video_url)
	  VALUES (15, 'Tập 01', 'https://player.phimapi.com/player/?url=https://s6.kkphimplayer6.com/20250925/QDco0xoi/index.m3u8');
	INSERT INTO episodes (movie_id, name, video_url)
	  VALUES (15, 'Tập 02', 'https://player.phimapi.com/player/?url=https://s6.kkphimplayer6.com/20250925/VhLw6zvv/index.m3u8');
	INSERT INTO episodes (movie_id, name, video_url)
	  VALUES (15, 'Tập 03', 'https://player.phimapi.com/player/?url=https://s6.kkphimplayer6.com/20250925/Ibn7UH4A/index.m3u8');
	INSERT INTO episodes (movie_id, name, video_url)
	  VALUES (15, 'Tập 04', 'https://player.phimapi.com/player/?url=https://s6.kkphimplayer6.com/20250925/FHWiQUra/index.m3u8');
	INSERT INTO episodes (movie_id, name, video_url)
	  VALUES (15, 'Tập 05', 'https://player.phimapi.com/player/?url=https://s6.kkphimplayer6.com/20250925/89dZNQGv/index.m3u8');
	INSERT INTO episodes (movie_id, name, video_url)
	  VALUES (15, 'Tập 06', 'https://player.phimapi.com/player/?url=https://s6.kkphimplayer6.com/20250925/IXgdyEYo/index.m3u8');
	INSERT INTO episodes (movie_id, name, video_url)
	  VALUES (15, 'Tập 07', 'https://player.phimapi.com/player/?url=https://s6.kkphimplayer6.com/20250925/R66Jz73i/index.m3u8');
	INSERT INTO episodes (movie_id, name, video_url)
	  VALUES (15, 'Tập 08', 'https://player.phimapi.com/player/?url=https://s6.kkphimplayer6.com/20250925/iVnnaAw4/index.m3u8');
	INSERT INTO episodes (movie_id, name, video_url)
	  VALUES (15, 'Tập 09', 'https://player.phimapi.com/player/?url=https://s6.kkphimplayer6.com/20250925/PJ6RpOJt/index.m3u8');
	INSERT INTO episodes (movie_id, name, video_url)
	  VALUES (15, 'Tập 10', 'https://player.phimapi.com/player/?url=https://s6.kkphimplayer6.com/20250925/HRq3wAE5/index.m3u8');
	INSERT INTO episodes (movie_id, name, video_url)
	  VALUES (15, 'Tập 11', 'https://player.phimapi.com/player/?url=https://s6.kkphimplayer6.com/20250925/4h31Bvil/index.m3u8');
	INSERT INTO episodes (movie_id, name, video_url)
	  VALUES (15, 'Tập 12', 'https://player.phimapi.com/player/?url=https://s6.kkphimplayer6.com/20250925/6bGfNliN/index.m3u8');
	INSERT INTO episodes (movie_id, name, video_url)
	  VALUES (15, 'Tập 13', 'https://player.phimapi.com/player/?url=https://s6.kkphimplayer6.com/20250925/cxRf5jwk/index.m3u8');

	-- Movie: Phúc Lành Cho Thế Giới Tuyệt Vời Này (Phần 2)
	INSERT INTO movies (movie_id, title, description, release_date, poster_url, thumb_url, status)
	VALUES (16, 'Phúc Lành Cho Thế Giới Tuyệt Vời Này (Phần 2)', 'Satou Kazuma, một hikikomori đam mê trò chơi, Nhưng cuộc sống ngắn ngủi của anh kết thúc vì tai nạn giao thông lãng xẹt ... Nhưng khi anh ta tỉnh dậy, một cô gái xinh đẹp, người tự gọi mình là một nữ thần đã ở phía trước đôi mắt anh ấy và đưa anh ấy đến một thế giới khác, Khi sang thế giới mới, cậu gặp ngày càng nhiều mấy cô nàng không điên thì cũng tâm thần, riết rồi cậu muốn quay trở về thế giới cũ càng nhanh càng tốt...', '2017', 'https://phimimg.com/upload/vod/20250925-1/5ed5175a8eb15d5a26aabbcae57ca968.jpg', 'https://phimimg.com/upload/vod/20250925-1/91d6907af6fb97f83470fcb1e328fec7.jpg', 'showing');
	UPDATE movies SET country='Nhật Bản', language='Vietsub', trailer_url='https://www.youtube.com/watch?v=N82O4MvOuxw' WHERE movie_id=16;
	INSERT IGNORE INTO genres (name) VALUES ('Hành Động');
	INSERT INTO movie_genres (movie_id, genre_id)
	  SELECT 16, genre_id FROM genres WHERE name='Hành Động' LIMIT 1;
	INSERT IGNORE INTO genres (name) VALUES ('Phiêu Lưu');
	INSERT INTO movie_genres (movie_id, genre_id)
	  SELECT 16, genre_id FROM genres WHERE name='Phiêu Lưu' LIMIT 1;
	INSERT IGNORE INTO genres (name) VALUES ('Hài Hước');
	INSERT INTO movie_genres (movie_id, genre_id)
	  SELECT 16, genre_id FROM genres WHERE name='Hài Hước' LIMIT 1;
	INSERT IGNORE INTO genres (name) VALUES ('Khoa Học');
	INSERT INTO movie_genres (movie_id, genre_id)
	  SELECT 16, genre_id FROM genres WHERE name='Khoa Học' LIMIT 1;
	INSERT IGNORE INTO genres (name) VALUES ('Viễn Tưởng');
	INSERT INTO movie_genres (movie_id, genre_id)
	  SELECT 16, genre_id FROM genres WHERE name='Viễn Tưởng' LIMIT 1;
	INSERT IGNORE INTO genres (name) VALUES ('Tâm Lý');
	INSERT INTO movie_genres (movie_id, genre_id)
	  SELECT 16, genre_id FROM genres WHERE name='Tâm Lý' LIMIT 1;
	INSERT IGNORE INTO actors (name) VALUES ('Jun Fukushima');
	INSERT INTO movie_actors (movie_id, actor_id)
	  SELECT 16, actor_id FROM actors WHERE name='Jun Fukushima' LIMIT 1;
	INSERT IGNORE INTO actors (name) VALUES ('Sora Amamiya');
	INSERT INTO movie_actors (movie_id, actor_id)
	  SELECT 16, actor_id FROM actors WHERE name='Sora Amamiya' LIMIT 1;
	INSERT IGNORE INTO actors (name) VALUES ('Rie Takahashi');
	INSERT INTO movie_actors (movie_id, actor_id)
	  SELECT 16, actor_id FROM actors WHERE name='Rie Takahashi' LIMIT 1;
	INSERT IGNORE INTO actors (name) VALUES ('Ai Kayano');
	INSERT INTO movie_actors (movie_id, actor_id)
	  SELECT 16, actor_id FROM actors WHERE name='Ai Kayano' LIMIT 1;
	INSERT IGNORE INTO directors (name) VALUES ('Đang cập nhật');
	INSERT INTO movie_directors (movie_id, director_id)
	  SELECT 16, director_id FROM directors WHERE name='Đang cập nhật' LIMIT 1;
	INSERT INTO episodes (movie_id, name, video_url)
	  VALUES (16, 'Tập 01', 'https://player.phimapi.com/player/?url=https://s6.kkphimplayer6.com/20250925/6uXX3x5K/index.m3u8');
	INSERT INTO episodes (movie_id, name, video_url)
	  VALUES (16, 'Tập 02', 'https://player.phimapi.com/player/?url=https://s6.kkphimplayer6.com/20250925/jJKkDMPN/index.m3u8');
	INSERT INTO episodes (movie_id, name, video_url)
	  VALUES (16, 'Tập 03', 'https://player.phimapi.com/player/?url=https://s6.kkphimplayer6.com/20250925/ZLTQI93s/index.m3u8');
	INSERT INTO episodes (movie_id, name, video_url)
	  VALUES (16, 'Tập 04', 'https://player.phimapi.com/player/?url=https://s6.kkphimplayer6.com/20250925/CLU0lNzu/index.m3u8');
	INSERT INTO episodes (movie_id, name, video_url)
	  VALUES (16, 'Tập 05', 'https://player.phimapi.com/player/?url=https://s6.kkphimplayer6.com/20250925/p02jLvVm/index.m3u8');
	INSERT INTO episodes (movie_id, name, video_url)
	  VALUES (16, 'Tập 06', 'https://player.phimapi.com/player/?url=https://s6.kkphimplayer6.com/20250925/mfj2VZ73/index.m3u8');
	INSERT INTO episodes (movie_id, name, video_url)
	  VALUES (16, 'Tập 07', 'https://player.phimapi.com/player/?url=https://s6.kkphimplayer6.com/20250925/fp9yEciP/index.m3u8');
	INSERT INTO episodes (movie_id, name, video_url)
	  VALUES (16, 'Tập 08', 'https://player.phimapi.com/player/?url=https://s6.kkphimplayer6.com/20250925/bgulncGj/index.m3u8');
	INSERT INTO episodes (movie_id, name, video_url)
	  VALUES (16, 'Tập 09', 'https://player.phimapi.com/player/?url=https://s6.kkphimplayer6.com/20250925/ed6fsbTm/index.m3u8');
	INSERT INTO episodes (movie_id, name, video_url)
	  VALUES (16, 'Tập 10', 'https://player.phimapi.com/player/?url=https://s6.kkphimplayer6.com/20250925/dlWVPXcv/index.m3u8');
	INSERT INTO episodes (movie_id, name, video_url)
	  VALUES (16, 'Tập 11', 'https://player.phimapi.com/player/?url=https://s6.kkphimplayer6.com/20250925/s1E63kJx/index.m3u8');

	-- Movie: Phúc Lành Cho Thế Giới Tuyệt Vời Này (Phần 1)
	INSERT INTO movies (movie_id, title, description, release_date, poster_url, thumb_url, status)
	VALUES (17, 'Phúc Lành Cho Thế Giới Tuyệt Vời Này (Phần 1)', 'Satou Kazuma, một hikikomori đam mê trò chơi, Nhưng cuộc sống ngắn ngủi của anh kết thúc vì tai nạn giao thông lãng xẹt ... Nhưng khi anh ta tỉnh dậy, một cô gái xinh đẹp, người tự gọi mình là một nữ thần đã ở phía trước đôi mắt anh ấy và đưa anh ấy đến một thế giới khác, Khi sang thế giới mới, cậu gặp ngày càng nhiều mấy cô nàng không điên thì cũng tâm thần, riết rồi cậu muốn quay trở về thế giới cũ càng nhanh càng tốt...', '2016', 'https://phimimg.com/upload/vod/20250925-1/4c14d14685f8d136cee012ff5a11803b.jpg', 'https://phimimg.com/upload/vod/20250925-1/f6454c0aca897f683a72062d12b13950.jpg', 'showing');
	UPDATE movies SET country='Nhật Bản', language='Vietsub', trailer_url='https://www.youtube.com/watch?v=h4dX58X6ln4' WHERE movie_id=17;
	INSERT IGNORE INTO genres (name) VALUES ('Hành Động');
	INSERT INTO movie_genres (movie_id, genre_id)
	  SELECT 17, genre_id FROM genres WHERE name='Hành Động' LIMIT 1;
	INSERT IGNORE INTO genres (name) VALUES ('Phiêu Lưu');
	INSERT INTO movie_genres (movie_id, genre_id)
	  SELECT 17, genre_id FROM genres WHERE name='Phiêu Lưu' LIMIT 1;
	INSERT IGNORE INTO genres (name) VALUES ('Hài Hước');
	INSERT INTO movie_genres (movie_id, genre_id)
	  SELECT 17, genre_id FROM genres WHERE name='Hài Hước' LIMIT 1;
	INSERT IGNORE INTO genres (name) VALUES ('Khoa Học');
	INSERT INTO movie_genres (movie_id, genre_id)
	  SELECT 17, genre_id FROM genres WHERE name='Khoa Học' LIMIT 1;
	INSERT IGNORE INTO genres (name) VALUES ('Viễn Tưởng');
	INSERT INTO movie_genres (movie_id, genre_id)
	  SELECT 17, genre_id FROM genres WHERE name='Viễn Tưởng' LIMIT 1;
	INSERT IGNORE INTO genres (name) VALUES ('Tâm Lý');
	INSERT INTO movie_genres (movie_id, genre_id)
	  SELECT 17, genre_id FROM genres WHERE name='Tâm Lý' LIMIT 1;
	INSERT IGNORE INTO actors (name) VALUES ('Jun Fukushima');
	INSERT INTO movie_actors (movie_id, actor_id)
	  SELECT 17, actor_id FROM actors WHERE name='Jun Fukushima' LIMIT 1;
	INSERT IGNORE INTO actors (name) VALUES ('Sora Amamiya');
	INSERT INTO movie_actors (movie_id, actor_id)
	  SELECT 17, actor_id FROM actors WHERE name='Sora Amamiya' LIMIT 1;
	INSERT IGNORE INTO actors (name) VALUES ('Rie Takahashi');
	INSERT INTO movie_actors (movie_id, actor_id)
	  SELECT 17, actor_id FROM actors WHERE name='Rie Takahashi' LIMIT 1;
	INSERT IGNORE INTO actors (name) VALUES ('Ai Kayano');
	INSERT INTO movie_actors (movie_id, actor_id)
	  SELECT 17, actor_id FROM actors WHERE name='Ai Kayano' LIMIT 1;
	INSERT IGNORE INTO directors (name) VALUES ('Đang cập nhật');
	INSERT INTO movie_directors (movie_id, director_id)
	  SELECT 17, director_id FROM directors WHERE name='Đang cập nhật' LIMIT 1;
	INSERT INTO episodes (movie_id, name, video_url)
	  VALUES (17, 'Tập 01', 'https://player.phimapi.com/player/?url=https://s6.kkphimplayer6.com/20250925/p3BULkfA/index.m3u8');
	INSERT INTO episodes (movie_id, name, video_url)
	  VALUES (17, 'Tập 02', 'https://player.phimapi.com/player/?url=https://s6.kkphimplayer6.com/20250925/DX6JbPlu/index.m3u8');
	INSERT INTO episodes (movie_id, name, video_url)
	  VALUES (17, 'Tập 03', 'https://player.phimapi.com/player/?url=https://s6.kkphimplayer6.com/20250925/hx8zE1cH/index.m3u8');
	INSERT INTO episodes (movie_id, name, video_url)
	  VALUES (17, 'Tập 04', 'https://player.phimapi.com/player/?url=https://s6.kkphimplayer6.com/20250925/UKzgws9H/index.m3u8');
	INSERT INTO episodes (movie_id, name, video_url)
	  VALUES (17, 'Tập 05', 'https://player.phimapi.com/player/?url=https://s6.kkphimplayer6.com/20250925/TfK8Pl96/index.m3u8');
	INSERT INTO episodes (movie_id, name, video_url)
	  VALUES (17, 'Tập 06', 'https://player.phimapi.com/player/?url=https://s6.kkphimplayer6.com/20250925/iZRlClCa/index.m3u8');
	INSERT INTO episodes (movie_id, name, video_url)
	  VALUES (17, 'Tập 07', 'https://player.phimapi.com/player/?url=https://s6.kkphimplayer6.com/20250925/wfUY0G20/index.m3u8');
	INSERT INTO episodes (movie_id, name, video_url)
	  VALUES (17, 'Tập 08', 'https://player.phimapi.com/player/?url=https://s6.kkphimplayer6.com/20250925/hZJBiEwL/index.m3u8');
	INSERT INTO episodes (movie_id, name, video_url)
	  VALUES (17, 'Tập 09', 'https://player.phimapi.com/player/?url=https://s6.kkphimplayer6.com/20250925/daxnUQrJ/index.m3u8');
	INSERT INTO episodes (movie_id, name, video_url)
	  VALUES (17, 'Tập 10', 'https://player.phimapi.com/player/?url=https://s6.kkphimplayer6.com/20250925/E3tTM6gW/index.m3u8');
	INSERT INTO episodes (movie_id, name, video_url)
	  VALUES (17, 'Tập 11', 'https://player.phimapi.com/player/?url=https://s6.kkphimplayer6.com/20250925/XEGhy7wW/index.m3u8');

	-- Movie: Vâng Mệnh Trả Ngọc
	INSERT INTO movies (movie_id, title, description, release_date, poster_url, thumb_url, status)
	VALUES (18, 'Vâng Mệnh Trả Ngọc', 'Bộ phim kể về Lý Lăng, một công tử nổi danh sống vào thời Đông Hán, thời đại mà ngọc trai, đặc biệt là Nam Châu cực kỳ có giá trị. Lúc này, trò chơi cá cược ngọc trai đang rất phổ biến. Lý Lăng bị cuốn vào cuộc chơi ngọc trai do Thái thú sắp đặt, cuối cùng phá sản, trở thành con rối bị thao túng, phải đứng mũi chịu sào về sự biến động của giá ngọc trai. Sau đó, Lý Lăng bị hãm hại và chết thảm. Tuy nhiên, sau khi chết, Lý Lăng đã được trùng sinh, sống lại vào thời điểm trước khi phá sản và phát hiện mình sở hữu một năng lực đặc biệt, đó là khả năng nhìn xuyên thấu và cảm nhận đối với các con sò biển. Kết hợp với ký ức kiếp trước, anh bắt đầu sử dụng khả năng này để chiến thắng trong những cuộc cá cược ngọc trai, qua đó không những báo được thù mà còn bắt đầu một hành trình đầy kịch tính đưa ngọc trai vật hoàn cố chủ, mở ra một cuộc đời huyền thoại.', '2025', 'https://phimimg.com/upload/vod/20250918-1/e4e2cadcd916b10beda012e524a55ee5.jpg', 'https://phimimg.com/upload/vod/20250918-1/406ae81d3565d04a994fe9f89f5db5e1.jpg', 'showing');
	UPDATE movies SET country='Trung Quốc', language='Vietsub', trailer_url='https://www.youtube.com/watch?v=Ke0w5ox9uCk' WHERE movie_id=18;
	INSERT IGNORE INTO genres (name) VALUES ('Chính Kịch');
	INSERT INTO movie_genres (movie_id, genre_id)
	  SELECT 18, genre_id FROM genres WHERE name='Chính Kịch' LIMIT 1;
	INSERT IGNORE INTO genres (name) VALUES ('Cổ Trang');
	INSERT INTO movie_genres (movie_id, genre_id)
	  SELECT 18, genre_id FROM genres WHERE name='Cổ Trang' LIMIT 1;
	INSERT IGNORE INTO genres (name) VALUES ('Tình Cảm');
	INSERT INTO movie_genres (movie_id, genre_id)
	  SELECT 18, genre_id FROM genres WHERE name='Tình Cảm' LIMIT 1;
	INSERT IGNORE INTO genres (name) VALUES ('Tâm Lý');
	INSERT INTO movie_genres (movie_id, genre_id)
	  SELECT 18, genre_id FROM genres WHERE name='Tâm Lý' LIMIT 1;
	INSERT IGNORE INTO actors (name) VALUES ('Phù Khiên Văn');
	INSERT INTO movie_actors (movie_id, actor_id)
	  SELECT 18, actor_id FROM actors WHERE name='Phù Khiên Văn' LIMIT 1;
	INSERT IGNORE INTO actors (name) VALUES ('Trương Tinh Dao');
	INSERT INTO movie_actors (movie_id, actor_id)
	  SELECT 18, actor_id FROM actors WHERE name='Trương Tinh Dao' LIMIT 1;
	INSERT IGNORE INTO actors (name) VALUES ('Quách Tĩnh');
	INSERT INTO movie_actors (movie_id, actor_id)
	  SELECT 18, actor_id FROM actors WHERE name='Quách Tĩnh' LIMIT 1;
	INSERT IGNORE INTO actors (name) VALUES ('A Bỉ Đạt');
	INSERT INTO movie_actors (movie_id, actor_id)
	  SELECT 18, actor_id FROM actors WHERE name='A Bỉ Đạt' LIMIT 1;
	INSERT IGNORE INTO actors (name) VALUES ('Thượng Na');
	INSERT INTO movie_actors (movie_id, actor_id)
	  SELECT 18, actor_id FROM actors WHERE name='Thượng Na' LIMIT 1;
	INSERT IGNORE INTO actors (name) VALUES ('Lý Giai Bàn');
	INSERT INTO movie_actors (movie_id, actor_id)
	  SELECT 18, actor_id FROM actors WHERE name='Lý Giai Bàn' LIMIT 1;
	INSERT IGNORE INTO directors (name) VALUES ('Đỗ Đình Quân');
	INSERT INTO movie_directors (movie_id, director_id)
	  SELECT 18, director_id FROM directors WHERE name='Đỗ Đình Quân' LIMIT 1;
	INSERT INTO episodes (movie_id, name, video_url)
	  VALUES (18, 'Tập 01', 'https://player.phimapi.com/player/?url=https://s6.kkphimplayer6.com/20250918/JvuewLX2/index.m3u8');
	INSERT INTO episodes (movie_id, name, video_url)
	  VALUES (18, 'Tập 02', 'https://player.phimapi.com/player/?url=https://s6.kkphimplayer6.com/20250918/W8qrDrco/index.m3u8');
	INSERT INTO episodes (movie_id, name, video_url)
	  VALUES (18, 'Tập 03', 'https://player.phimapi.com/player/?url=https://s6.kkphimplayer6.com/20250918/BtSDSWMw/index.m3u8');
	INSERT INTO episodes (movie_id, name, video_url)
	  VALUES (18, 'Tập 04', 'https://player.phimapi.com/player/?url=https://s6.kkphimplayer6.com/20250918/VYz8o4Jh/index.m3u8');
	INSERT INTO episodes (movie_id, name, video_url)
	  VALUES (18, 'Tập 05', 'https://player.phimapi.com/player/?url=https://s6.kkphimplayer6.com/20250918/zNruF6ov/index.m3u8');
	INSERT INTO episodes (movie_id, name, video_url)
	  VALUES (18, 'Tập 06', 'https://player.phimapi.com/player/?url=https://s6.kkphimplayer6.com/20250918/peztkiXG/index.m3u8');
	INSERT INTO episodes (movie_id, name, video_url)
	  VALUES (18, 'Tập 07', 'https://player.phimapi.com/player/?url=https://s6.kkphimplayer6.com/20250919/DArhi3uR/index.m3u8');
	INSERT INTO episodes (movie_id, name, video_url)
	  VALUES (18, 'Tập 08', 'https://player.phimapi.com/player/?url=https://s6.kkphimplayer6.com/20250919/1YQko2BS/index.m3u8');
	INSERT INTO episodes (movie_id, name, video_url)
	  VALUES (18, 'Tập 09', 'https://player.phimapi.com/player/?url=https://s6.kkphimplayer6.com/20250920/g1yNIUAS/index.m3u8');
	INSERT INTO episodes (movie_id, name, video_url)
	  VALUES (18, 'Tập 10', 'https://player.phimapi.com/player/?url=https://s6.kkphimplayer6.com/20250920/vjkE7kPF/index.m3u8');
	INSERT INTO episodes (movie_id, name, video_url)
	  VALUES (18, 'Tập 11', 'https://player.phimapi.com/player/?url=https://s6.kkphimplayer6.com/20250921/MZQvCWuh/index.m3u8');
	INSERT INTO episodes (movie_id, name, video_url)
	  VALUES (18, 'Tập 12', 'https://player.phimapi.com/player/?url=https://s6.kkphimplayer6.com/20250921/99WL2o1p/index.m3u8');
	INSERT INTO episodes (movie_id, name, video_url)
	  VALUES (18, 'Tập 13', 'https://player.phimapi.com/player/?url=https://s6.kkphimplayer6.com/20250922/z6gfogpL/index.m3u8');
	INSERT INTO episodes (movie_id, name, video_url)
	  VALUES (18, 'Tập 14', 'https://player.phimapi.com/player/?url=https://s6.kkphimplayer6.com/20250922/zVSeByni/index.m3u8');
	INSERT INTO episodes (movie_id, name, video_url)
	  VALUES (18, 'Tập 15', 'https://player.phimapi.com/player/?url=https://s6.kkphimplayer6.com/20250924/9feDL1zv/index.m3u8');
	INSERT INTO episodes (movie_id, name, video_url)
	  VALUES (18, 'Tập 16', 'https://player.phimapi.com/player/?url=https://s6.kkphimplayer6.com/20250924/TDk9dJ0a/index.m3u8');
	INSERT INTO episodes (movie_id, name, video_url)
	  VALUES (18, 'Tập 17', 'https://player.phimapi.com/player/?url=https://s6.kkphimplayer6.com/20250924/nPy7LVa1/index.m3u8');
	INSERT INTO episodes (movie_id, name, video_url)
	  VALUES (18, 'Tập 18', 'https://player.phimapi.com/player/?url=https://s6.kkphimplayer6.com/20250925/ftwBIqmA/index.m3u8');

	-- Movie: Phồn Hoan
	INSERT INTO movies (movie_id, title, description, release_date, poster_url, thumb_url, status)
	VALUES (19, 'Phồn Hoan', 'Nguyễn Phi Phi là một cô gái lang bạt đầu đường xó chợ, do một sự nhầm lẫn đã thay thế đào hát nổi danh bước vào nhà họ Hoắc, trở thành cô chủ hào môn Hoắc Thanh Uyển, phải đọ sức với nhiều thế lực để trả thù, đồng thời cũng bước vào một mối tình rối ren, đan xen ân oán hào môn với thiếu soái ngang ngược Hoắc Tu.', '2025', 'https://phimimg.com/upload/vod/20250918-1/90dc8152c348edd33489bc802021a189.jpg', 'https://phimimg.com/upload/vod/20250918-1/1680349e9e930cd309f55f2c55ae543a.jpg', 'showing');
	UPDATE movies SET country='Trung Quốc', language='Vietsub', trailer_url='https://www.youtube.com/watch?v=P69N4dQIAsE' WHERE movie_id=19;
	INSERT IGNORE INTO genres (name) VALUES ('Chính Kịch');
	INSERT INTO movie_genres (movie_id, genre_id)
	  SELECT 19, genre_id FROM genres WHERE name='Chính Kịch' LIMIT 1;
	INSERT IGNORE INTO genres (name) VALUES ('Tình Cảm');
	INSERT INTO movie_genres (movie_id, genre_id)
	  SELECT 19, genre_id FROM genres WHERE name='Tình Cảm' LIMIT 1;
	INSERT IGNORE INTO genres (name) VALUES ('Tâm Lý');
	INSERT INTO movie_genres (movie_id, genre_id)
	  SELECT 19, genre_id FROM genres WHERE name='Tâm Lý' LIMIT 1;
	INSERT IGNORE INTO actors (name) VALUES ('Kha Dĩnh');
	INSERT INTO movie_actors (movie_id, actor_id)
	  SELECT 19, actor_id FROM actors WHERE name='Kha Dĩnh' LIMIT 1;
	INSERT IGNORE INTO actors (name) VALUES ('Trương Đình Duệ');
	INSERT INTO movie_actors (movie_id, actor_id)
	  SELECT 19, actor_id FROM actors WHERE name='Trương Đình Duệ' LIMIT 1;
	INSERT IGNORE INTO actors (name) VALUES ('Giang Vũ Thuận');
	INSERT INTO movie_actors (movie_id, actor_id)
	  SELECT 19, actor_id FROM actors WHERE name='Giang Vũ Thuận' LIMIT 1;
	INSERT IGNORE INTO actors (name) VALUES ('Lê Vân');
	INSERT INTO movie_actors (movie_id, actor_id)
	  SELECT 19, actor_id FROM actors WHERE name='Lê Vân' LIMIT 1;
	INSERT IGNORE INTO actors (name) VALUES ('Hà Diệc Khả');
	INSERT INTO movie_actors (movie_id, actor_id)
	  SELECT 19, actor_id FROM actors WHERE name='Hà Diệc Khả' LIMIT 1;
	INSERT IGNORE INTO actors (name) VALUES ('Tư Lực Canh');
	INSERT INTO movie_actors (movie_id, actor_id)
	  SELECT 19, actor_id FROM actors WHERE name='Tư Lực Canh' LIMIT 1;
	INSERT IGNORE INTO directors (name) VALUES ('Lý Hoành Kiện');
	INSERT INTO movie_directors (movie_id, director_id)
	  SELECT 19, director_id FROM directors WHERE name='Lý Hoành Kiện' LIMIT 1;
	INSERT INTO episodes (movie_id, name, video_url)
	  VALUES (19, 'Tập 01', 'https://player.phimapi.com/player/?url=https://s6.kkphimplayer6.com/20250924/69she2I4/index.m3u8');
	INSERT INTO episodes (movie_id, name, video_url)
	  VALUES (19, 'Tập 02', 'https://player.phimapi.com/player/?url=https://s6.kkphimplayer6.com/20250924/djY3tMZG/index.m3u8');
	INSERT INTO episodes (movie_id, name, video_url)
	  VALUES (19, 'Tập 03', 'https://player.phimapi.com/player/?url=https://s6.kkphimplayer6.com/20250924/P3NhBHyl/index.m3u8');
	INSERT INTO episodes (movie_id, name, video_url)
	  VALUES (19, 'Tập 04', 'https://player.phimapi.com/player/?url=https://s6.kkphimplayer6.com/20250924/QAM3UeiG/index.m3u8');
	INSERT INTO episodes (movie_id, name, video_url)
	  VALUES (19, 'Tập 05', 'https://player.phimapi.com/player/?url=https://s6.kkphimplayer6.com/20250924/QUbctyxd/index.m3u8');
	INSERT INTO episodes (movie_id, name, video_url)
	  VALUES (19, 'Tập 06', 'https://player.phimapi.com/player/?url=https://s6.kkphimplayer6.com/20250924/nh3DGLHQ/index.m3u8');
	INSERT INTO episodes (movie_id, name, video_url)
	  VALUES (19, 'Tập 07', 'https://player.phimapi.com/player/?url=https://s6.kkphimplayer6.com/20250924/BtDt8xR2/index.m3u8');
	INSERT INTO episodes (movie_id, name, video_url)
	  VALUES (19, 'Tập 08', 'https://player.phimapi.com/player/?url=https://s6.kkphimplayer6.com/20250924/c44jnGUR/index.m3u8');
	INSERT INTO episodes (movie_id, name, video_url)
	  VALUES (19, 'Tập 09', 'https://player.phimapi.com/player/?url=https://s6.kkphimplayer6.com/20250924/yKNwN89Q/index.m3u8');
	INSERT INTO episodes (movie_id, name, video_url)
	  VALUES (19, 'Tập 10', 'https://player.phimapi.com/player/?url=https://s6.kkphimplayer6.com/20250924/wlXruOvW/index.m3u8');
	INSERT INTO episodes (movie_id, name, video_url)
	  VALUES (19, 'Tập 11', 'https://player.phimapi.com/player/?url=https://s6.kkphimplayer6.com/20250924/Z9Pb3Zjz/index.m3u8');
	INSERT INTO episodes (movie_id, name, video_url)
	  VALUES (19, 'Tập 12', 'https://player.phimapi.com/player/?url=https://s6.kkphimplayer6.com/20250924/QFUYljq5/index.m3u8');
	INSERT INTO episodes (movie_id, name, video_url)
	  VALUES (19, 'Tập 13', 'https://player.phimapi.com/player/?url=https://s6.kkphimplayer6.com/20250924/HSFC8WOt/index.m3u8');
	INSERT INTO episodes (movie_id, name, video_url)
	  VALUES (19, 'Tập 14', 'https://player.phimapi.com/player/?url=https://s6.kkphimplayer6.com/20250924/LaJBFwNi/index.m3u8');
	INSERT INTO episodes (movie_id, name, video_url)
	  VALUES (19, 'Tập 15', 'https://player.phimapi.com/player/?url=https://s6.kkphimplayer6.com/20250924/t1Rrzzfz/index.m3u8');
	INSERT INTO episodes (movie_id, name, video_url)
	  VALUES (19, 'Tập 16', 'https://player.phimapi.com/player/?url=https://s6.kkphimplayer6.com/20250924/Aapjk8Hr/index.m3u8');
	INSERT INTO episodes (movie_id, name, video_url)
	  VALUES (19, 'Tập 17', 'https://player.phimapi.com/player/?url=https://s6.kkphimplayer6.com/20250924/gliPZTBQ/index.m3u8');
	INSERT INTO episodes (movie_id, name, video_url)
	  VALUES (19, 'Tập 18', 'https://player.phimapi.com/player/?url=https://s6.kkphimplayer6.com/20250924/Vtk6ZS1v/index.m3u8');
	INSERT INTO episodes (movie_id, name, video_url)
	  VALUES (19, 'Tập 19', 'https://player.phimapi.com/player/?url=https://s6.kkphimplayer6.com/20250924/5c58gzvV/index.m3u8');
	INSERT INTO episodes (movie_id, name, video_url)
	  VALUES (19, 'Tập 20', 'https://player.phimapi.com/player/?url=https://s6.kkphimplayer6.com/20250924/OS8rczb1/index.m3u8');
	INSERT INTO episodes (movie_id, name, video_url)
	  VALUES (19, 'Tập 21', 'https://player.phimapi.com/player/?url=https://s6.kkphimplayer6.com/20250925/ZQllvloY/index.m3u8');
	INSERT INTO episodes (movie_id, name, video_url)
	  VALUES (19, 'Tập 22', 'https://player.phimapi.com/player/?url=https://s6.kkphimplayer6.com/20250925/Tr5LkefO/index.m3u8');
	INSERT INTO episodes (movie_id, name, video_url)
	  VALUES (19, 'Tập 23', 'https://player.phimapi.com/player/?url=https://s6.kkphimplayer6.com/20250924/nNb5SNYJ/index.m3u8');
	INSERT INTO episodes (movie_id, name, video_url)
	  VALUES (19, 'Tập 24', 'https://player.phimapi.com/player/?url=https://s6.kkphimplayer6.com/20250924/fKAdy2Tg/index.m3u8');

	-- Movie: Bút Ký Tư Gia Của Ngô Tà
	INSERT INTO movies (movie_id, title, description, release_date, poster_url, thumb_url, status)
	VALUES (20, 'Bút Ký Tư Gia Của Ngô Tà', 'Ngô Tà, chủ một tiệm đồ cổ, tình cờ tìm được một cuộn sách lụa bí ẩn. Chú Ba của Ngô Tà là Ngô Tam Tỉnh, phát hiện trong đó ẩn giấu một tấm bản đồ thần bí. Để tìm tung tích chủ nhân đã mất tích của cuộn sách lụa, chú Ba dẫn theo Ngô Tà, Phan Tử, Tiểu ca Trương Khởi Linh và Đại Khuê lập thành một đội thám hiểm, cùng lên đường đến những địa điểm trên bản đồ để giải mã bí ẩn. Trong hành trình này, Ngô Tà làm quen với Vương Bàn Tử, người cũng đến để thăm dò bí mật. Đối mặt với muôn vàn hiểm nguy, thậm chí bị những sinh vật thần bí tấn công, cả nhóm đã đoàn kết, dùng trí tuệ và lòng dũng cảm để hóa giải nguy nan. Sâu dưới lòng đất, thứ họ phát hiện được, một con Xà Mi Đồng Ngư, đã bất ngờ hé mở quá khứ bị chôn vùi của chú Ba. Sau cuộc gặp gỡ với người phụ nữ bí ẩn A Ninh, ông đột nhiên biến mất không dấu vết. Để điều tra rõ sự thật và tìm kiếm người chú mất tích, Ngô Tà cùng các bạn lại dấn thân vào một cuộc hành trình mới...', '2025', 'https://phimimg.com/upload/vod/20250920-1/add6ec331a4510d5b2755f370be7a793.jpg', 'https://phimimg.com/upload/vod/20250920-1/4b41d870ea4a3ba5e3515e2e2dc4653c.jpg', 'showing');
	UPDATE movies SET country='Trung Quốc', language='Vietsub', trailer_url='https://www.youtube.com/watch?v=4tyq7amuiEE' WHERE movie_id=20;
	INSERT IGNORE INTO genres (name) VALUES ('Hành Động');
	INSERT INTO movie_genres (movie_id, genre_id)
	  SELECT 20, genre_id FROM genres WHERE name='Hành Động' LIMIT 1;
	INSERT IGNORE INTO genres (name) VALUES ('Phiêu Lưu');
	INSERT INTO movie_genres (movie_id, genre_id)
	  SELECT 20, genre_id FROM genres WHERE name='Phiêu Lưu' LIMIT 1;
	INSERT IGNORE INTO genres (name) VALUES ('Bí Ẩn');
	INSERT INTO movie_genres (movie_id, genre_id)
	  SELECT 20, genre_id FROM genres WHERE name='Bí Ẩn' LIMIT 1;
	INSERT IGNORE INTO actors (name) VALUES ('Ngô Trấn Vũ');
	INSERT INTO movie_actors (movie_id, actor_id)
	  SELECT 20, actor_id FROM actors WHERE name='Ngô Trấn Vũ' LIMIT 1;
	INSERT IGNORE INTO actors (name) VALUES ('Tào Lỗi');
	INSERT INTO movie_actors (movie_id, actor_id)
	  SELECT 20, actor_id FROM actors WHERE name='Tào Lỗi' LIMIT 1;
	INSERT IGNORE INTO actors (name) VALUES ('Từ Chấn Hiên');
	INSERT INTO movie_actors (movie_id, actor_id)
	  SELECT 20, actor_id FROM actors WHERE name='Từ Chấn Hiên' LIMIT 1;
	INSERT IGNORE INTO actors (name) VALUES ('Trình Tương');
	INSERT INTO movie_actors (movie_id, actor_id)
	  SELECT 20, actor_id FROM actors WHERE name='Trình Tương' LIMIT 1;
	INSERT IGNORE INTO actors (name) VALUES ('Tôn Cát Xuyên Dã');
	INSERT INTO movie_actors (movie_id, actor_id)
	  SELECT 20, actor_id FROM actors WHERE name='Tôn Cát Xuyên Dã' LIMIT 1;
	INSERT IGNORE INTO actors (name) VALUES ('Lý Mộc Thần');
	INSERT INTO movie_actors (movie_id, actor_id)
	  SELECT 20, actor_id FROM actors WHERE name='Lý Mộc Thần' LIMIT 1;
	INSERT IGNORE INTO actors (name) VALUES ('Mã Kinh Kinh');
	INSERT INTO movie_actors (movie_id, actor_id)
	  SELECT 20, actor_id FROM actors WHERE name='Mã Kinh Kinh' LIMIT 1;
	INSERT IGNORE INTO directors (name) VALUES ('Phan An Tử');
	INSERT INTO movie_directors (movie_id, director_id)
	  SELECT 20, director_id FROM directors WHERE name='Phan An Tử' LIMIT 1;
	INSERT INTO episodes (movie_id, name, video_url)
	  VALUES (20, 'Tập 01', 'https://player.phimapi.com/player/?url=https://s6.kkphimplayer6.com/20250920/zf0VGr9l/index.m3u8');
	INSERT INTO episodes (movie_id, name, video_url)
	  VALUES (20, 'Tập 02', 'https://player.phimapi.com/player/?url=https://s6.kkphimplayer6.com/20250920/z24wYMTX/index.m3u8');
	INSERT INTO episodes (movie_id, name, video_url)
	  VALUES (20, 'Tập 03', 'https://player.phimapi.com/player/?url=https://s6.kkphimplayer6.com/20250920/bby4v01e/index.m3u8');
	INSERT INTO episodes (movie_id, name, video_url)
	  VALUES (20, 'Tập 04', 'https://player.phimapi.com/player/?url=https://s6.kkphimplayer6.com/20250921/UU0JUWFi/index.m3u8');
	INSERT INTO episodes (movie_id, name, video_url)
	  VALUES (20, 'Tập 05', 'https://player.phimapi.com/player/?url=https://s6.kkphimplayer6.com/20250921/AP3iWbB8/index.m3u8');
	INSERT INTO episodes (movie_id, name, video_url)
	  VALUES (20, 'Tập 06', 'https://player.phimapi.com/player/?url=https://s6.kkphimplayer6.com/20250922/BP5WkVsA/index.m3u8');
	INSERT INTO episodes (movie_id, name, video_url)
	  VALUES (20, 'Tập 07', 'https://player.phimapi.com/player/?url=https://s6.kkphimplayer6.com/20250924/ApmI4oyJ/index.m3u8');
	INSERT INTO episodes (movie_id, name, video_url)
	  VALUES (20, 'Tập 08', 'https://player.phimapi.com/player/?url=https://s6.kkphimplayer6.com/20250924/YyvFTiTr/index.m3u8');
	INSERT INTO episodes (movie_id, name, video_url)
	  VALUES (20, 'Tập 09', 'https://player.phimapi.com/player/?url=https://s6.kkphimplayer6.com/20250925/uo4r2LfT/index.m3u8');
	INSERT INTO episodes (movie_id, name, video_url)
	  VALUES (20, 'Tập 10', 'https://player.phimapi.com/player/?url=https://s6.kkphimplayer6.com/20250925/ePnJ6uI8/index.m3u8');

	-- Movie: Sắc Xuân Trêu Người
	INSERT INTO movies (movie_id, title, description, release_date, poster_url, thumb_url, status)
	VALUES (21, 'Sắc Xuân Trêu Người', 'Ý thức của tổng giám đốc thời hiện đại Lâm Vũ Hào xuyên không vào trò chơi thương nhân buôn trà do chính mình tự phát triển, hoá thân thành cô vợ mới Nguỵ Tiểu Đường. Chỉ khi hoàn thành nhiệm vụ trong trò chơi, giành được danh hiệu “trà số một thiên hạ” mới có thể trở về thế giới của mình. Nguỵ Tiểu Đường nắm tay phu quân mình là Lý Tử Hiên cùng nhau mở ra chuyến hành trình giành giải nhất, cùng đấu trí đấu dũng nhưng vẫn giữ trái tim lương thiện của mình.', '2025', 'https://phimimg.com/upload/vod/20250925-1/15848abbae81644f348425cb370ceaf5.jpg', 'https://phimimg.com/upload/vod/20250925-1/c7144105ec2d6357e498ac9894fd84a8.jpg', 'showing');
	UPDATE movies SET country='Trung Quốc', language='Vietsub', trailer_url='https://www.youtube.com/watch?v=_3OFoMpIdUU' WHERE movie_id=21;
	INSERT IGNORE INTO genres (name) VALUES ('Chính Kịch');
	INSERT INTO movie_genres (movie_id, genre_id)
	  SELECT 21, genre_id FROM genres WHERE name='Chính Kịch' LIMIT 1;
	INSERT IGNORE INTO genres (name) VALUES ('Cổ Trang');
	INSERT INTO movie_genres (movie_id, genre_id)
	  SELECT 21, genre_id FROM genres WHERE name='Cổ Trang' LIMIT 1;
	INSERT IGNORE INTO genres (name) VALUES ('Tình Cảm');
	INSERT INTO movie_genres (movie_id, genre_id)
	  SELECT 21, genre_id FROM genres WHERE name='Tình Cảm' LIMIT 1;
	INSERT IGNORE INTO genres (name) VALUES ('Tâm Lý');
	INSERT INTO movie_genres (movie_id, genre_id)
	  SELECT 21, genre_id FROM genres WHERE name='Tâm Lý' LIMIT 1;
	INSERT IGNORE INTO actors (name) VALUES ('Lý Ca Dương');
	INSERT INTO movie_actors (movie_id, actor_id)
	  SELECT 21, actor_id FROM actors WHERE name='Lý Ca Dương' LIMIT 1;
	INSERT IGNORE INTO actors (name) VALUES ('Tôn Nghệ Vũ');
	INSERT INTO movie_actors (movie_id, actor_id)
	  SELECT 21, actor_id FROM actors WHERE name='Tôn Nghệ Vũ' LIMIT 1;
	INSERT IGNORE INTO actors (name) VALUES ('Tôn Nghệ Chân');
	INSERT INTO movie_actors (movie_id, actor_id)
	  SELECT 21, actor_id FROM actors WHERE name='Tôn Nghệ Chân' LIMIT 1;
	INSERT IGNORE INTO actors (name) VALUES ('Vu Hân Hòa');
	INSERT INTO movie_actors (movie_id, actor_id)
	  SELECT 21, actor_id FROM actors WHERE name='Vu Hân Hòa' LIMIT 1;
	INSERT IGNORE INTO actors (name) VALUES ('Vương Hoằng Hâm');
	INSERT INTO movie_actors (movie_id, actor_id)
	  SELECT 21, actor_id FROM actors WHERE name='Vương Hoằng Hâm' LIMIT 1;
	INSERT IGNORE INTO actors (name) VALUES ('Mã Nham');
	INSERT INTO movie_actors (movie_id, actor_id)
	  SELECT 21, actor_id FROM actors WHERE name='Mã Nham' LIMIT 1;
	INSERT IGNORE INTO directors (name) VALUES ('Sinh Lăng Chí');
	INSERT INTO movie_directors (movie_id, director_id)
	  SELECT 21, director_id FROM directors WHERE name='Sinh Lăng Chí' LIMIT 1;
	INSERT INTO episodes (movie_id, name, video_url)
	  VALUES (21, 'Tập 01', 'https://player.phimapi.com/player/?url=https://s6.kkphimplayer6.com/20250925/70dDpe5R/index.m3u8');
	INSERT INTO episodes (movie_id, name, video_url)
	  VALUES (21, 'Tập 02', 'https://player.phimapi.com/player/?url=https://s6.kkphimplayer6.com/20250925/9O1ohk3F/index.m3u8');
	INSERT INTO episodes (movie_id, name, video_url)
	  VALUES (21, 'Tập 03', 'https://player.phimapi.com/player/?url=https://s6.kkphimplayer6.com/20250925/80PZKJ1F/index.m3u8');
	INSERT INTO episodes (movie_id, name, video_url)
	  VALUES (21, 'Tập 04', 'https://player.phimapi.com/player/?url=https://s6.kkphimplayer6.com/20250925/NzkpquMb/index.m3u8');
	INSERT INTO episodes (movie_id, name, video_url)
	  VALUES (21, 'Tập 05', 'https://player.phimapi.com/player/?url=https://s6.kkphimplayer6.com/20250925/FZJH57kT/index.m3u8');
	INSERT INTO episodes (movie_id, name, video_url)
	  VALUES (21, 'Tập 06', 'https://player.phimapi.com/player/?url=https://s6.kkphimplayer6.com/20250925/qhmSJ9nF/index.m3u8');
	INSERT INTO episodes (movie_id, name, video_url)
	  VALUES (21, 'Tập 07', 'https://player.phimapi.com/player/?url=https://s6.kkphimplayer6.com/20250925/ty9o7rb2/index.m3u8');
	INSERT INTO episodes (movie_id, name, video_url)
	  VALUES (21, 'Tập 08', 'https://player.phimapi.com/player/?url=https://s6.kkphimplayer6.com/20250925/uaKSrqnx/index.m3u8');

	-- Movie: Chúc Bạn Phát Tài
	INSERT INTO movies (movie_id, title, description, release_date, poster_url, thumb_url, status)
	VALUES (22, 'Chúc Bạn Phát Tài', 'Trần Cung Hỷ, ông chủ một quán trà bình dị nằm trong con ngõ nhỏ ở phố Bắc Môn, hóa ra lại là &quot;thần mạt chược&quot; ẩn cư. Trong bối cảnh hai tập đoàn lớn đang đối đầu gay gắt, ba cô gái lần lượt tìm đến, thuyết phục anh tái xuất giang hồ. Để bảo vệ sự bình yên của khu phố cổ, anh đã cùng bóng hồng kề vai sát cánh, chiến đấu chống lại những âm mưu hiểm độc của giới tài phiệt. Trên bàn mạt chược nhỏ bé ngập tràn những âm mưu và sự lọc lừa, nhưng vị &quot;thần mạt chược&quot; trẻ tuổi đã liên tiếp hóa nguy thành an, giải cứu cả một vùng. Khi sắp có được con tim người đẹp, bí mật thân thế bị chôn vùi nhiều năm bất ngờ được hé lộ...', '2025', 'https://phimimg.com/upload/vod/20250925-1/cb07327b3186c813e613bad708fd7a40.jpg', 'https://phimimg.com/upload/vod/20250925-1/2a3360d6fc002b5a2724c5f636e8a898.jpg', 'showing');
	UPDATE movies SET country='Trung Quốc', language='Vietsub', trailer_url=NULL WHERE movie_id=22;
	INSERT IGNORE INTO genres (name) VALUES ('Chính Kịch');
	INSERT INTO movie_genres (movie_id, genre_id)
	  SELECT 22, genre_id FROM genres WHERE name='Chính Kịch' LIMIT 1;
	INSERT IGNORE INTO genres (name) VALUES ('Tâm Lý');
	INSERT INTO movie_genres (movie_id, genre_id)
	  SELECT 22, genre_id FROM genres WHERE name='Tâm Lý' LIMIT 1;
	INSERT IGNORE INTO actors (name) VALUES ('Ngô Phi');
	INSERT INTO movie_actors (movie_id, actor_id)
	  SELECT 22, actor_id FROM actors WHERE name='Ngô Phi' LIMIT 1;
	INSERT IGNORE INTO actors (name) VALUES ('Trịnh Nam Tịch');
	INSERT INTO movie_actors (movie_id, actor_id)
	  SELECT 22, actor_id FROM actors WHERE name='Trịnh Nam Tịch' LIMIT 1;
	INSERT IGNORE INTO actors (name) VALUES ('Lưu Tuyết Phàm');
	INSERT INTO movie_actors (movie_id, actor_id)
	  SELECT 22, actor_id FROM actors WHERE name='Lưu Tuyết Phàm' LIMIT 1;
	INSERT IGNORE INTO actors (name) VALUES ('Vương Đường Đường');
	INSERT INTO movie_actors (movie_id, actor_id)
	  SELECT 22, actor_id FROM actors WHERE name='Vương Đường Đường' LIMIT 1;
	INSERT IGNORE INTO actors (name) VALUES ('Lý Giai Hinh');
	INSERT INTO movie_actors (movie_id, actor_id)
	  SELECT 22, actor_id FROM actors WHERE name='Lý Giai Hinh' LIMIT 1;
	INSERT IGNORE INTO actors (name) VALUES ('Trần Nặc');
	INSERT INTO movie_actors (movie_id, actor_id)
	  SELECT 22, actor_id FROM actors WHERE name='Trần Nặc' LIMIT 1;
	INSERT IGNORE INTO directors (name) VALUES ('Lưu Thục');
	INSERT INTO movie_directors (movie_id, director_id)
	  SELECT 22, director_id FROM directors WHERE name='Lưu Thục' LIMIT 1;
	INSERT INTO episodes (movie_id, name, video_url)
	  VALUES (22, 'Tập 01', 'https://player.phimapi.com/player/?url=https://s6.kkphimplayer6.com/20250925/euFqwvJG/index.m3u8');
	INSERT INTO episodes (movie_id, name, video_url)
	  VALUES (22, 'Tập 02', 'https://player.phimapi.com/player/?url=https://s6.kkphimplayer6.com/20250925/MoG2Tfzp/index.m3u8');
	INSERT INTO episodes (movie_id, name, video_url)
	  VALUES (22, 'Tập 03', 'https://player.phimapi.com/player/?url=https://s6.kkphimplayer6.com/20250925/pHsuIFPZ/index.m3u8');
	INSERT INTO episodes (movie_id, name, video_url)
	  VALUES (22, 'Tập 04', 'https://player.phimapi.com/player/?url=https://s6.kkphimplayer6.com/20250925/ynHQ6eS6/index.m3u8');
	INSERT INTO episodes (movie_id, name, video_url)
	  VALUES (22, 'Tập 05', 'https://player.phimapi.com/player/?url=https://s6.kkphimplayer6.com/20250925/IFa0h4DH/index.m3u8');
	INSERT INTO episodes (movie_id, name, video_url)
	  VALUES (22, 'Tập 06', 'https://player.phimapi.com/player/?url=https://s6.kkphimplayer6.com/20250925/GOd9hLs3/index.m3u8');

	-- Movie: Phó Sơn Hải
	INSERT INTO movies (movie_id, title, description, release_date, poster_url, thumb_url, status)
	VALUES (23, 'Phó Sơn Hải', 'Bộ phim kể về Tiêu Minh Minh, một chàng trai từng say mê tiểu thuyết võ hiệp nhưng bị hiện thực làm mai một đi nhiệt huyết. Qua góc nhìn của nhân vật chính Tiêu Thu Thủy trong tiểu thuyết, anh có cơ hội trải nghiệm thế giới võ lâm. Từ một thiếu niên kiếm khách non nớt, bồng bột và có võ công thấp kém, anh dần trưởng thành, trở thành một đại hiệp có nghĩa khí, sẵn sàng bảo vệ gia đình và đất nước. Sau hành trình này, Tiêu Minh Minh tiếp tục sáng tác trong thời gian rảnh rỗi, gửi gắm niềm tin vào tinh thần nghĩa hiệp trong từng trang sách.', '2025', 'https://phimimg.com/upload/vod/20250911-1/73625f73aeb9ce7e396f796b994b684a.jpg', 'https://phimimg.com/upload/vod/20250911-1/99573d009a71f055ea5708a547b7f959.jpg', 'showing');
	UPDATE movies SET country='Trung Quốc', language='Vietsub + Thuyết Minh', trailer_url='https://www.youtube.com/watch?v=-3bQd2H8TBY' WHERE movie_id=23;
	INSERT IGNORE INTO genres (name) VALUES ('Chính Kịch');
	INSERT INTO movie_genres (movie_id, genre_id)
	  SELECT 23, genre_id FROM genres WHERE name='Chính Kịch' LIMIT 1;
	INSERT IGNORE INTO genres (name) VALUES ('Cổ Trang');
	INSERT INTO movie_genres (movie_id, genre_id)
	  SELECT 23, genre_id FROM genres WHERE name='Cổ Trang' LIMIT 1;
	INSERT IGNORE INTO genres (name) VALUES ('Tình Cảm');
	INSERT INTO movie_genres (movie_id, genre_id)
	  SELECT 23, genre_id FROM genres WHERE name='Tình Cảm' LIMIT 1;
	INSERT IGNORE INTO genres (name) VALUES ('Tâm Lý');
	INSERT INTO movie_genres (movie_id, genre_id)
	  SELECT 23, genre_id FROM genres WHERE name='Tâm Lý' LIMIT 1;
	INSERT IGNORE INTO genres (name) VALUES ('Phiêu Lưu');
	INSERT INTO movie_genres (movie_id, genre_id)
	  SELECT 23, genre_id FROM genres WHERE name='Phiêu Lưu' LIMIT 1;
	INSERT IGNORE INTO actors (name) VALUES ('Thành Nghị');
	INSERT INTO movie_actors (movie_id, actor_id)
	  SELECT 23, actor_id FROM actors WHERE name='Thành Nghị' LIMIT 1;
	INSERT IGNORE INTO actors (name) VALUES ('Cổ Lực Na Trát');
	INSERT INTO movie_actors (movie_id, actor_id)
	  SELECT 23, actor_id FROM actors WHERE name='Cổ Lực Na Trát' LIMIT 1;
	INSERT IGNORE INTO actors (name) VALUES ('Lý Khải Hinh');
	INSERT INTO movie_actors (movie_id, actor_id)
	  SELECT 23, actor_id FROM actors WHERE name='Lý Khải Hinh' LIMIT 1;
	INSERT IGNORE INTO actors (name) VALUES ('Trương Trí Lâm');
	INSERT INTO movie_actors (movie_id, actor_id)
	  SELECT 23, actor_id FROM actors WHERE name='Trương Trí Lâm' LIMIT 1;
	INSERT IGNORE INTO actors (name) VALUES ('Từ Chấn Hiên');
	INSERT INTO movie_actors (movie_id, actor_id)
	  SELECT 23, actor_id FROM actors WHERE name='Từ Chấn Hiên' LIMIT 1;
	INSERT IGNORE INTO actors (name) VALUES ('Lữ Tụng Hiền');
	INSERT INTO movie_actors (movie_id, actor_id)
	  SELECT 23, actor_id FROM actors WHERE name='Lữ Tụng Hiền' LIMIT 1;
	INSERT IGNORE INTO actors (name) VALUES ('Trần Ngọc Kỳ');
	INSERT INTO movie_actors (movie_id, actor_id)
	  SELECT 23, actor_id FROM actors WHERE name='Trần Ngọc Kỳ' LIMIT 1;
	INSERT IGNORE INTO directors (name) VALUES ('Nhậm Hải Đào');
	INSERT INTO movie_directors (movie_id, director_id)
	  SELECT 23, director_id FROM directors WHERE name='Nhậm Hải Đào' LIMIT 1;
	INSERT IGNORE INTO directors (name) VALUES ('Lâm Phong');
	INSERT INTO movie_directors (movie_id, director_id)
	  SELECT 23, director_id FROM directors WHERE name='Lâm Phong' LIMIT 1;
	INSERT INTO episodes (movie_id, name, video_url)
	  VALUES (23, 'Tập 01', 'https://player.phimapi.com/player/?url=https://s6.kkphimplayer6.com/20250911/vC3d2Fww/index.m3u8');
	INSERT INTO episodes (movie_id, name, video_url)
	  VALUES (23, 'Tập 02', 'https://player.phimapi.com/player/?url=https://s6.kkphimplayer6.com/20250911/EwGYN13K/index.m3u8');
	INSERT INTO episodes (movie_id, name, video_url)
	  VALUES (23, 'Tập 03', 'https://player.phimapi.com/player/?url=https://s6.kkphimplayer6.com/20250911/chne2oLr/index.m3u8');
	INSERT INTO episodes (movie_id, name, video_url)
	  VALUES (23, 'Tập 04', 'https://player.phimapi.com/player/?url=https://s6.kkphimplayer6.com/20250911/oVHt64is/index.m3u8');
	INSERT INTO episodes (movie_id, name, video_url)
	  VALUES (23, 'Tập 05', 'https://player.phimapi.com/player/?url=https://s6.kkphimplayer6.com/20250911/DfHmUjnX/index.m3u8');
	INSERT INTO episodes (movie_id, name, video_url)
	  VALUES (23, 'Tập 06', 'https://player.phimapi.com/player/?url=https://s6.kkphimplayer6.com/20250911/wR5WVpwV/index.m3u8');
	INSERT INTO episodes (movie_id, name, video_url)
	  VALUES (23, 'Tập 07', 'https://player.phimapi.com/player/?url=https://s6.kkphimplayer6.com/20250912/idAMNYrm/index.m3u8');
	INSERT INTO episodes (movie_id, name, video_url)
	  VALUES (23, 'Tập 08', 'https://player.phimapi.com/player/?url=https://s6.kkphimplayer6.com/20250912/CVUoJfLn/index.m3u8');
	INSERT INTO episodes (movie_id, name, video_url)
	  VALUES (23, 'Tập 09', 'https://player.phimapi.com/player/?url=https://s6.kkphimplayer6.com/20250913/bDObdcjL/index.m3u8');
	INSERT INTO episodes (movie_id, name, video_url)
	  VALUES (23, 'Tập 10', 'https://player.phimapi.com/player/?url=https://s6.kkphimplayer6.com/20250913/VFMSqaci/index.m3u8');
	INSERT INTO episodes (movie_id, name, video_url)
	  VALUES (23, 'Tập 11', 'https://player.phimapi.com/player/?url=https://s6.kkphimplayer6.com/20250914/ywcCA1pI/index.m3u8');
	INSERT INTO episodes (movie_id, name, video_url)
	  VALUES (23, 'Tập 12', 'https://player.phimapi.com/player/?url=https://s6.kkphimplayer6.com/20250914/xTH9p67g/index.m3u8');
	INSERT INTO episodes (movie_id, name, video_url)
	  VALUES (23, 'Tập 13', 'https://player.phimapi.com/player/?url=https://s6.kkphimplayer6.com/20250915/EZLNax41/index.m3u8');
	INSERT INTO episodes (movie_id, name, video_url)
	  VALUES (23, 'Tập 14', 'https://player.phimapi.com/player/?url=https://s6.kkphimplayer6.com/20250915/8l6i0cJw/index.m3u8');
	INSERT INTO episodes (movie_id, name, video_url)
	  VALUES (23, 'Tập 15', 'https://player.phimapi.com/player/?url=https://s6.kkphimplayer6.com/20250916/apRLfKPi/index.m3u8');
	INSERT INTO episodes (movie_id, name, video_url)
	  VALUES (23, 'Tập 16', 'https://player.phimapi.com/player/?url=https://s6.kkphimplayer6.com/20250916/wjADnMQg/index.m3u8');
	INSERT INTO episodes (movie_id, name, video_url)
	  VALUES (23, 'Tập 17', 'https://player.phimapi.com/player/?url=https://s6.kkphimplayer6.com/20250917/40Tn2Qmb/index.m3u8');
	INSERT INTO episodes (movie_id, name, video_url)
	  VALUES (23, 'Tập 18', 'https://player.phimapi.com/player/?url=https://s6.kkphimplayer6.com/20250917/gESr3Yy5/index.m3u8');
	INSERT INTO episodes (movie_id, name, video_url)
	  VALUES (23, 'Tập 19', 'https://player.phimapi.com/player/?url=https://s6.kkphimplayer6.com/20250918/mBPOhSBk/index.m3u8');
	INSERT INTO episodes (movie_id, name, video_url)
	  VALUES (23, 'Tập 20', 'https://player.phimapi.com/player/?url=https://s6.kkphimplayer6.com/20250918/0LWt9ulN/index.m3u8');
	INSERT INTO episodes (movie_id, name, video_url)
	  VALUES (23, 'Tập 21', 'https://player.phimapi.com/player/?url=https://s6.kkphimplayer6.com/20250919/bZjo8Efk/index.m3u8');
	INSERT INTO episodes (movie_id, name, video_url)
	  VALUES (23, 'Tập 22', 'https://player.phimapi.com/player/?url=https://s6.kkphimplayer6.com/20250919/cn2802kD/index.m3u8');
	INSERT INTO episodes (movie_id, name, video_url)
	  VALUES (23, 'Tập 23', 'https://player.phimapi.com/player/?url=https://s6.kkphimplayer6.com/20250920/Z2Wfp2DG/index.m3u8');
	INSERT INTO episodes (movie_id, name, video_url)
	  VALUES (23, 'Tập 24', 'https://player.phimapi.com/player/?url=https://s6.kkphimplayer6.com/20250920/tHA0qVQO/index.m3u8');
	INSERT INTO episodes (movie_id, name, video_url)
	  VALUES (23, 'Tập 25', 'https://player.phimapi.com/player/?url=https://s6.kkphimplayer6.com/20250921/xlPhHG4y/index.m3u8');
	INSERT INTO episodes (movie_id, name, video_url)
	  VALUES (23, 'Tập 26', 'https://player.phimapi.com/player/?url=https://s6.kkphimplayer6.com/20250921/56x9Oh53/index.m3u8');
	INSERT INTO episodes (movie_id, name, video_url)
	  VALUES (23, 'Tập 27', 'https://player.phimapi.com/player/?url=https://s6.kkphimplayer6.com/20250922/rDNEZIAl/index.m3u8');
	INSERT INTO episodes (movie_id, name, video_url)
	  VALUES (23, 'Tập 28', 'https://player.phimapi.com/player/?url=https://s6.kkphimplayer6.com/20250922/DpSemeCa/index.m3u8');
	INSERT INTO episodes (movie_id, name, video_url)
	  VALUES (23, 'Tập 29', 'https://player.phimapi.com/player/?url=https://s6.kkphimplayer6.com/20250923/1OW5lFEC/index.m3u8');
	INSERT INTO episodes (movie_id, name, video_url)
	  VALUES (23, 'Tập 30', 'https://player.phimapi.com/player/?url=https://s6.kkphimplayer6.com/20250923/C4lLnmqQ/index.m3u8');
	INSERT INTO episodes (movie_id, name, video_url)
	  VALUES (23, 'Tập 31', 'https://player.phimapi.com/player/?url=https://s6.kkphimplayer6.com/20250924/swfw9B7m/index.m3u8');
	INSERT INTO episodes (movie_id, name, video_url)
	  VALUES (23, 'Tập 32', 'https://player.phimapi.com/player/?url=https://s6.kkphimplayer6.com/20250924/82qB2tHG/index.m3u8');
	INSERT INTO episodes (movie_id, name, video_url)
	  VALUES (23, 'Tập 33', 'https://player.phimapi.com/player/?url=https://s6.kkphimplayer6.com/20250925/ZKYgbRcU/index.m3u8');
	INSERT INTO episodes (movie_id, name, video_url)
	  VALUES (23, 'Tập 34', 'https://player.phimapi.com/player/?url=https://s6.kkphimplayer6.com/20250925/5xQeJ9RV/index.m3u8');
	INSERT INTO episodes (movie_id, name, video_url)
	  VALUES (23, 'Tập 01', 'https://player.phimapi.com/player/?url=https://s6.kkphimplayer6.com/20250911/pU1e2wwV/index.m3u8');
	INSERT INTO episodes (movie_id, name, video_url)
	  VALUES (23, 'Tập 02', 'https://player.phimapi.com/player/?url=https://s6.kkphimplayer6.com/20250911/IT4SgC0S/index.m3u8');
	INSERT INTO episodes (movie_id, name, video_url)
	  VALUES (23, 'Tập 03', 'https://player.phimapi.com/player/?url=https://s6.kkphimplayer6.com/20250911/PWYaXYO9/index.m3u8');
	INSERT INTO episodes (movie_id, name, video_url)
	  VALUES (23, 'Tập 04', 'https://player.phimapi.com/player/?url=https://s6.kkphimplayer6.com/20250911/xGfFwXjS/index.m3u8');
	INSERT INTO episodes (movie_id, name, video_url)
	  VALUES (23, 'Tập 05', 'https://player.phimapi.com/player/?url=https://s6.kkphimplayer6.com/20250911/UHtu4T7K/index.m3u8');
	INSERT INTO episodes (movie_id, name, video_url)
	  VALUES (23, 'Tập 06', 'https://player.phimapi.com/player/?url=https://s6.kkphimplayer6.com/20250911/me4czAho/index.m3u8');
	INSERT INTO episodes (movie_id, name, video_url)
	  VALUES (23, 'Tập 07', 'https://player.phimapi.com/player/?url=https://s6.kkphimplayer6.com/20250912/KQhllCaM/index.m3u8');
	INSERT INTO episodes (movie_id, name, video_url)
	  VALUES (23, 'Tập 08', 'https://player.phimapi.com/player/?url=https://s6.kkphimplayer6.com/20250912/uTUDAFNz/index.m3u8');
	INSERT INTO episodes (movie_id, name, video_url)
	  VALUES (23, 'Tập 09', 'https://player.phimapi.com/player/?url=https://s6.kkphimplayer6.com/20250913/OvfnJVuZ/index.m3u8');
	INSERT INTO episodes (movie_id, name, video_url)
	  VALUES (23, 'Tập 10', 'https://player.phimapi.com/player/?url=https://s6.kkphimplayer6.com/20250913/7T3UD8QT/index.m3u8');
	INSERT INTO episodes (movie_id, name, video_url)
	  VALUES (23, 'Tập 11', 'https://player.phimapi.com/player/?url=https://s6.kkphimplayer6.com/20250914/ZaZW2PHV/index.m3u8');
	INSERT INTO episodes (movie_id, name, video_url)
	  VALUES (23, 'Tập 12', 'https://player.phimapi.com/player/?url=https://s6.kkphimplayer6.com/20250914/M8SdXd0z/index.m3u8');
	INSERT INTO episodes (movie_id, name, video_url)
	  VALUES (23, 'Tập 13', 'https://player.phimapi.com/player/?url=https://s6.kkphimplayer6.com/20250915/6PN6STHs/index.m3u8');
	INSERT INTO episodes (movie_id, name, video_url)
	  VALUES (23, 'Tập 14', 'https://player.phimapi.com/player/?url=https://s6.kkphimplayer6.com/20250915/DNZJcsi6/index.m3u8');
	INSERT INTO episodes (movie_id, name, video_url)
	  VALUES (23, 'Tập 15', 'https://player.phimapi.com/player/?url=https://s6.kkphimplayer6.com/20250916/oW0WnvWu/index.m3u8');
	INSERT INTO episodes (movie_id, name, video_url)
	  VALUES (23, 'Tập 16', 'https://player.phimapi.com/player/?url=https://s6.kkphimplayer6.com/20250916/oJUnkDv2/index.m3u8');
	INSERT INTO episodes (movie_id, name, video_url)
	  VALUES (23, 'Tập 17', 'https://player.phimapi.com/player/?url=https://s6.kkphimplayer6.com/20250917/deuPrAei/index.m3u8');
	INSERT INTO episodes (movie_id, name, video_url)
	  VALUES (23, 'Tập 18', 'https://player.phimapi.com/player/?url=https://s6.kkphimplayer6.com/20250917/QpEbFgnH/index.m3u8');
	INSERT INTO episodes (movie_id, name, video_url)
	  VALUES (23, 'Tập 19', 'https://player.phimapi.com/player/?url=https://s6.kkphimplayer6.com/20250918/huXzDq3G/index.m3u8');
	INSERT INTO episodes (movie_id, name, video_url)
	  VALUES (23, 'Tập 20', 'https://player.phimapi.com/player/?url=https://s6.kkphimplayer6.com/20250918/EA8WUA9W/index.m3u8');
	INSERT INTO episodes (movie_id, name, video_url)
	  VALUES (23, 'Tập 21', 'https://player.phimapi.com/player/?url=https://s6.kkphimplayer6.com/20250919/vFCRtJLE/index.m3u8');
	INSERT INTO episodes (movie_id, name, video_url)
	  VALUES (23, 'Tập 22', 'https://player.phimapi.com/player/?url=https://s6.kkphimplayer6.com/20250919/iXfVVQUw/index.m3u8');
	INSERT INTO episodes (movie_id, name, video_url)
	  VALUES (23, 'Tập 23', 'https://player.phimapi.com/player/?url=https://s6.kkphimplayer6.com/20250920/LhTTKNS8/index.m3u8');
	INSERT INTO episodes (movie_id, name, video_url)
	  VALUES (23, 'Tập 24', 'https://player.phimapi.com/player/?url=https://s6.kkphimplayer6.com/20250920/JzOH5KxC/index.m3u8');
	INSERT INTO episodes (movie_id, name, video_url)
	  VALUES (23, 'Tập 25', 'https://player.phimapi.com/player/?url=https://s6.kkphimplayer6.com/20250921/V3DeBzKB/index.m3u8');
	INSERT INTO episodes (movie_id, name, video_url)
	  VALUES (23, 'Tập 26', 'https://player.phimapi.com/player/?url=https://s6.kkphimplayer6.com/20250921/EMpvnJMN/index.m3u8');
	INSERT INTO episodes (movie_id, name, video_url)
	  VALUES (23, 'Tập 27', 'https://player.phimapi.com/player/?url=https://s6.kkphimplayer6.com/20250922/8237fQ61/index.m3u8');
	INSERT INTO episodes (movie_id, name, video_url)
	  VALUES (23, 'Tập 28', 'https://player.phimapi.com/player/?url=https://s6.kkphimplayer6.com/20250922/h80Etsaw/index.m3u8');
	INSERT INTO episodes (movie_id, name, video_url)
	  VALUES (23, 'Tập 29', 'https://player.phimapi.com/player/?url=https://s6.kkphimplayer6.com/20250923/o7m83lVx/index.m3u8');
	INSERT INTO episodes (movie_id, name, video_url)
	  VALUES (23, 'Tập 30', 'https://player.phimapi.com/player/?url=https://s6.kkphimplayer6.com/20250923/pHNqOaQS/index.m3u8');
	INSERT INTO episodes (movie_id, name, video_url)
	  VALUES (23, 'Tập 31', 'https://player.phimapi.com/player/?url=https://s6.kkphimplayer6.com/20250924/ZZPhrdYs/index.m3u8');
	INSERT INTO episodes (movie_id, name, video_url)
	  VALUES (23, 'Tập 32', 'https://player.phimapi.com/player/?url=https://s6.kkphimplayer6.com/20250924/7cgWKqKe/index.m3u8');
	INSERT INTO episodes (movie_id, name, video_url)
	  VALUES (23, 'Tập 33', 'https://player.phimapi.com/player/?url=https://s6.kkphimplayer6.com/20250925/SbMtcgYw/index.m3u8');
	INSERT INTO episodes (movie_id, name, video_url)
	  VALUES (23, 'Tập 34', 'https://player.phimapi.com/player/?url=https://s6.kkphimplayer6.com/20250925/gM3KFaSN/index.m3u8');

	-- Movie: Những Điệp Viên Hết Thời (Phần 5)
	INSERT INTO movies (movie_id, title, description, release_date, poster_url, thumb_url, status)
	VALUES (24, 'Những Điệp Viên Hết Thời (Phần 5)', 'Bộ phim điệp viên hài hước theo chân hành trình của một nhóm đặc vụ MI5 vô tích sự và ông sếp đáng ghét của họ - Jackson Lamb khét tiếng - trong thế giới tình báo đầy lừa lọc nhằm bảo vệ nước Anh trước những thế lực xấu xa.', '2025', 'https://phimimg.com/upload/vod/20250925-1/593947b43048103e48c0626feff530ae.jpg', 'https://phimimg.com/upload/vod/20250925-1/036e50fcdbacabefee1e697ff2f49147.jpg', 'showing');
	UPDATE movies SET country='Âu Mỹ', language='Vietsub', trailer_url='https://www.youtube.com/watch?v=A9BCtrziWtg' WHERE movie_id=24;
	INSERT IGNORE INTO genres (name) VALUES ('Hình Sự');
	INSERT INTO movie_genres (movie_id, genre_id)
	  SELECT 24, genre_id FROM genres WHERE name='Hình Sự' LIMIT 1;
	INSERT IGNORE INTO genres (name) VALUES ('Chính Kịch');
	INSERT INTO movie_genres (movie_id, genre_id)
	  SELECT 24, genre_id FROM genres WHERE name='Chính Kịch' LIMIT 1;
	INSERT IGNORE INTO genres (name) VALUES ('Hài Hước');
	INSERT INTO movie_genres (movie_id, genre_id)
	  SELECT 24, genre_id FROM genres WHERE name='Hài Hước' LIMIT 1;
	INSERT IGNORE INTO genres (name) VALUES ('Tâm Lý');
	INSERT INTO movie_genres (movie_id, genre_id)
	  SELECT 24, genre_id FROM genres WHERE name='Tâm Lý' LIMIT 1;
	INSERT IGNORE INTO actors (name) VALUES ('Gary Oldman');
	INSERT INTO movie_actors (movie_id, actor_id)
	  SELECT 24, actor_id FROM actors WHERE name='Gary Oldman' LIMIT 1;
	INSERT IGNORE INTO actors (name) VALUES ('Jack Lowden');
	INSERT INTO movie_actors (movie_id, actor_id)
	  SELECT 24, actor_id FROM actors WHERE name='Jack Lowden' LIMIT 1;
	INSERT IGNORE INTO actors (name) VALUES ('Kristin Scott Thomas');
	INSERT INTO movie_actors (movie_id, actor_id)
	  SELECT 24, actor_id FROM actors WHERE name='Kristin Scott Thomas' LIMIT 1;
	INSERT IGNORE INTO directors (name) VALUES ('Saul Metzstein');
	INSERT INTO movie_directors (movie_id, director_id)
	  SELECT 24, director_id FROM directors WHERE name='Saul Metzstein' LIMIT 1;
	INSERT INTO episodes (movie_id, name, video_url)
	  VALUES (24, 'Tập 01', 'https://player.phimapi.com/player/?url=https://s6.kkphimplayer6.com/20250925/oP1N7A8V/index.m3u8');

	-- Movie: Những Điệp Viên Hết Thời (Phần 4)
	INSERT INTO movies (movie_id, title, description, release_date, poster_url, thumb_url, status)
	VALUES (25, 'Những Điệp Viên Hết Thời (Phần 4)', 'Bộ phim điệp viên hài hước theo chân hành trình của một nhóm đặc vụ MI5 vô tích sự và ông sếp đáng ghét của họ - Jackson Lamb khét tiếng - trong thế giới tình báo đầy lừa lọc nhằm bảo vệ nước Anh trước những thế lực xấu xa.', '2024', 'https://phimimg.com/upload/vod/20250925-1/e5791909e78c8fc3b3de60077f52e427.jpg', 'https://phimimg.com/upload/vod/20250925-1/e64f6e1ae178a648cd33142a6cf174f9.jpg', 'showing');
	UPDATE movies SET country='Âu Mỹ', language='Vietsub', trailer_url='https://www.youtube.com/watch?v=xo27sE2fdvs' WHERE movie_id=25;
	INSERT IGNORE INTO genres (name) VALUES ('Hình Sự');
	INSERT INTO movie_genres (movie_id, genre_id)
	  SELECT 25, genre_id FROM genres WHERE name='Hình Sự' LIMIT 1;
	INSERT IGNORE INTO genres (name) VALUES ('Chính Kịch');
	INSERT INTO movie_genres (movie_id, genre_id)
	  SELECT 25, genre_id FROM genres WHERE name='Chính Kịch' LIMIT 1;
	INSERT IGNORE INTO genres (name) VALUES ('Hài Hước');
	INSERT INTO movie_genres (movie_id, genre_id)
	  SELECT 25, genre_id FROM genres WHERE name='Hài Hước' LIMIT 1;
	INSERT IGNORE INTO genres (name) VALUES ('Tâm Lý');
	INSERT INTO movie_genres (movie_id, genre_id)
	  SELECT 25, genre_id FROM genres WHERE name='Tâm Lý' LIMIT 1;
	INSERT IGNORE INTO actors (name) VALUES ('Gary Oldman');
	INSERT INTO movie_actors (movie_id, actor_id)
	  SELECT 25, actor_id FROM actors WHERE name='Gary Oldman' LIMIT 1;
	INSERT IGNORE INTO actors (name) VALUES ('Jack Lowden');
	INSERT INTO movie_actors (movie_id, actor_id)
	  SELECT 25, actor_id FROM actors WHERE name='Jack Lowden' LIMIT 1;
	INSERT IGNORE INTO actors (name) VALUES ('Kristin Scott Thomas');
	INSERT INTO movie_actors (movie_id, actor_id)
	  SELECT 25, actor_id FROM actors WHERE name='Kristin Scott Thomas' LIMIT 1;
	INSERT IGNORE INTO directors (name) VALUES ('Adam Randall');
	INSERT INTO movie_directors (movie_id, director_id)
	  SELECT 25, director_id FROM directors WHERE name='Adam Randall' LIMIT 1;
	INSERT INTO episodes (movie_id, name, video_url)
	  VALUES (25, 'Tập 01', 'https://player.phimapi.com/player/?url=https://s6.kkphimplayer6.com/20250925/hOuO3z5l/index.m3u8');
	INSERT INTO episodes (movie_id, name, video_url)
	  VALUES (25, 'Tập 02', 'https://player.phimapi.com/player/?url=https://s6.kkphimplayer6.com/20250925/GhvVBJGF/index.m3u8');
	INSERT INTO episodes (movie_id, name, video_url)
	  VALUES (25, 'Tập 03', 'https://player.phimapi.com/player/?url=https://s6.kkphimplayer6.com/20250925/rWkLbZ0M/index.m3u8');
	INSERT INTO episodes (movie_id, name, video_url)
	  VALUES (25, 'Tập 04', 'https://player.phimapi.com/player/?url=https://s6.kkphimplayer6.com/20250925/sFzxSR9D/index.m3u8');
	INSERT INTO episodes (movie_id, name, video_url)
	  VALUES (25, 'Tập 05', 'https://player.phimapi.com/player/?url=https://s6.kkphimplayer6.com/20250925/ScME7bZZ/index.m3u8');
	INSERT INTO episodes (movie_id, name, video_url)
	  VALUES (25, 'Tập 06', 'https://player.phimapi.com/player/?url=https://s6.kkphimplayer6.com/20250925/DOHTd49E/index.m3u8');

	-- Movie: Những Điệp Viên Hết Thời (Phần 3)
	INSERT INTO movies (movie_id, title, description, release_date, poster_url, thumb_url, status)
	VALUES (26, 'Những Điệp Viên Hết Thời (Phần 3)', 'Bộ phim điệp viên hài hước theo chân hành trình của một nhóm đặc vụ MI5 vô tích sự và ông sếp đáng ghét của họ - Jackson Lamb khét tiếng - trong thế giới tình báo đầy lừa lọc nhằm bảo vệ nước Anh trước những thế lực xấu xa.', '2023', 'https://phimimg.com/upload/vod/20250925-1/6bb37eed06b66db047e273842003fadb.jpg', 'https://phimimg.com/upload/vod/20250925-1/5ba77cd11174a564f065b115e38955fe.jpg', 'showing');
	UPDATE movies SET country='Âu Mỹ', language='Vietsub', trailer_url='https://www.youtube.com/watch?v=HLVg_D1cznE' WHERE movie_id=26;
	INSERT IGNORE INTO genres (name) VALUES ('Hình Sự');
	INSERT INTO movie_genres (movie_id, genre_id)
	  SELECT 26, genre_id FROM genres WHERE name='Hình Sự' LIMIT 1;
	INSERT IGNORE INTO genres (name) VALUES ('Chính Kịch');
	INSERT INTO movie_genres (movie_id, genre_id)
	  SELECT 26, genre_id FROM genres WHERE name='Chính Kịch' LIMIT 1;
	INSERT IGNORE INTO genres (name) VALUES ('Hài Hước');
	INSERT INTO movie_genres (movie_id, genre_id)
	  SELECT 26, genre_id FROM genres WHERE name='Hài Hước' LIMIT 1;
	INSERT IGNORE INTO genres (name) VALUES ('Tâm Lý');
	INSERT INTO movie_genres (movie_id, genre_id)
	  SELECT 26, genre_id FROM genres WHERE name='Tâm Lý' LIMIT 1;
	INSERT IGNORE INTO actors (name) VALUES ('Gary Oldman');
	INSERT INTO movie_actors (movie_id, actor_id)
	  SELECT 26, actor_id FROM actors WHERE name='Gary Oldman' LIMIT 1;
	INSERT IGNORE INTO actors (name) VALUES ('Jack Lowden');
	INSERT INTO movie_actors (movie_id, actor_id)
	  SELECT 26, actor_id FROM actors WHERE name='Jack Lowden' LIMIT 1;
	INSERT IGNORE INTO actors (name) VALUES ('Kristin Scott Thomas');
	INSERT INTO movie_actors (movie_id, actor_id)
	  SELECT 26, actor_id FROM actors WHERE name='Kristin Scott Thomas' LIMIT 1;
	INSERT IGNORE INTO directors (name) VALUES ('Saul Metzstein');
	INSERT INTO movie_directors (movie_id, director_id)
	  SELECT 26, director_id FROM directors WHERE name='Saul Metzstein' LIMIT 1;
	INSERT INTO episodes (movie_id, name, video_url)
	  VALUES (26, 'Tập 01', 'https://player.phimapi.com/player/?url=https://s3.phim1280.tv/20240702/d1J2hrp1/index.m3u8');
	INSERT INTO episodes (movie_id, name, video_url)
	  VALUES (26, 'Tập 02', 'https://player.phimapi.com/player/?url=https://s3.phim1280.tv/20240702/n8AAIuEq/index.m3u8');
	INSERT INTO episodes (movie_id, name, video_url)
	  VALUES (26, 'Tập 03', 'https://player.phimapi.com/player/?url=https://s3.phim1280.tv/20240702/pw9sBU1u/index.m3u8');
	INSERT INTO episodes (movie_id, name, video_url)
	  VALUES (26, 'Tập 04', 'https://player.phimapi.com/player/?url=https://s3.phim1280.tv/20240702/zyYYFQnj/index.m3u8');
	INSERT INTO episodes (movie_id, name, video_url)
	  VALUES (26, 'Tập 05', 'https://player.phimapi.com/player/?url=https://s3.phim1280.tv/20240702/XJolt5TR/index.m3u8');
	INSERT INTO episodes (movie_id, name, video_url)
	  VALUES (26, 'Tập 06', 'https://player.phimapi.com/player/?url=https://s3.phim1280.tv/20240702/4XEGubYx/index.m3u8');

	-- Movie: Những Điệp Viên Hết Thời (Phần 2)
	INSERT INTO movies (movie_id, title, description, release_date, poster_url, thumb_url, status)
	VALUES (27, 'Những Điệp Viên Hết Thời (Phần 2)', 'Bộ phim điệp viên hài hước theo chân hành trình của một nhóm đặc vụ MI5 vô tích sự và ông sếp đáng ghét của họ - Jackson Lamb khét tiếng - trong thế giới tình báo đầy lừa lọc nhằm bảo vệ nước Anh trước những thế lực xấu xa.', '2022', 'https://phimimg.com/upload/vod/20250925-1/632f1857f0767d2bb3b4c60a02b5aa22.jpg', 'https://phimimg.com/upload/vod/20250925-1/8ab8be89fb86c5e7d4894c6a2cc4883b.jpg', 'showing');
	UPDATE movies SET country='Âu Mỹ', language='Vietsub', trailer_url='https://www.youtube.com/watch?v=0rOPA8VfVn8' WHERE movie_id=27;
	INSERT IGNORE INTO genres (name) VALUES ('Hình Sự');
	INSERT INTO movie_genres (movie_id, genre_id)
	  SELECT 27, genre_id FROM genres WHERE name='Hình Sự' LIMIT 1;
	INSERT IGNORE INTO genres (name) VALUES ('Chính Kịch');
	INSERT INTO movie_genres (movie_id, genre_id)
	  SELECT 27, genre_id FROM genres WHERE name='Chính Kịch' LIMIT 1;
	INSERT IGNORE INTO genres (name) VALUES ('Hài Hước');
	INSERT INTO movie_genres (movie_id, genre_id)
	  SELECT 27, genre_id FROM genres WHERE name='Hài Hước' LIMIT 1;
	INSERT IGNORE INTO genres (name) VALUES ('Tâm Lý');
	INSERT INTO movie_genres (movie_id, genre_id)
	  SELECT 27, genre_id FROM genres WHERE name='Tâm Lý' LIMIT 1;
	INSERT IGNORE INTO actors (name) VALUES ('Gary Oldman');
	INSERT INTO movie_actors (movie_id, actor_id)
	  SELECT 27, actor_id FROM actors WHERE name='Gary Oldman' LIMIT 1;
	INSERT IGNORE INTO actors (name) VALUES ('Jack Lowden');
	INSERT INTO movie_actors (movie_id, actor_id)
	  SELECT 27, actor_id FROM actors WHERE name='Jack Lowden' LIMIT 1;
	INSERT IGNORE INTO actors (name) VALUES ('Kristin Scott Thomas');
	INSERT INTO movie_actors (movie_id, actor_id)
	  SELECT 27, actor_id FROM actors WHERE name='Kristin Scott Thomas' LIMIT 1;
	INSERT IGNORE INTO directors (name) VALUES ('Jeremy Lovering');
	INSERT INTO movie_directors (movie_id, director_id)
	  SELECT 27, director_id FROM directors WHERE name='Jeremy Lovering' LIMIT 1;
	INSERT INTO episodes (movie_id, name, video_url)
	  VALUES (27, 'Tập 01', 'https://player.phimapi.com/player/?url=https://s3.phim1280.tv/20240702/rMYOSkpt/index.m3u8');
	INSERT INTO episodes (movie_id, name, video_url)
	  VALUES (27, 'Tập 02', 'https://player.phimapi.com/player/?url=https://s3.phim1280.tv/20240702/gXN2s4JN/index.m3u8');
	INSERT INTO episodes (movie_id, name, video_url)
	  VALUES (27, 'Tập 03', 'https://player.phimapi.com/player/?url=https://s3.phim1280.tv/20240702/RtDpL9fb/index.m3u8');
	INSERT INTO episodes (movie_id, name, video_url)
	  VALUES (27, 'Tập 04', 'https://player.phimapi.com/player/?url=https://s3.phim1280.tv/20240702/udHgwCtB/index.m3u8');
	INSERT INTO episodes (movie_id, name, video_url)
	  VALUES (27, 'Tập 05', 'https://player.phimapi.com/player/?url=https://s3.phim1280.tv/20240702/a5FjfAzj/index.m3u8');
	INSERT INTO episodes (movie_id, name, video_url)
	  VALUES (27, 'Tập 06', 'https://player.phimapi.com/player/?url=https://s3.phim1280.tv/20240702/0rChws8l/index.m3u8');

	-- Movie: Những Điệp Viên Hết Thời (Phần 1)
	INSERT INTO movies (movie_id, title, description, release_date, poster_url, thumb_url, status)
	VALUES (28, 'Những Điệp Viên Hết Thời (Phần 1)', 'Bộ phim điệp viên hài hước theo chân hành trình của một nhóm đặc vụ MI5 vô tích sự và ông sếp đáng ghét của họ - Jackson Lamb khét tiếng - trong thế giới tình báo đầy lừa lọc nhằm bảo vệ nước Anh trước những thế lực xấu xa.', '2022', 'https://phimimg.com/upload/vod/20250925-1/7037163b2ed973a99b66df1a94054198.jpg', 'https://phimimg.com/upload/vod/20250925-1/e8867550cf2c2e152b4b7ec4798f0c47.jpg', 'showing');
	UPDATE movies SET country='Âu Mỹ', language='Vietsub', trailer_url='https://www.youtube.com/watch?v=cuRT1kgTdMQ' WHERE movie_id=28;
	INSERT IGNORE INTO genres (name) VALUES ('Hình Sự');
	INSERT INTO movie_genres (movie_id, genre_id)
	  SELECT 28, genre_id FROM genres WHERE name='Hình Sự' LIMIT 1;
	INSERT IGNORE INTO genres (name) VALUES ('Chính Kịch');
	INSERT INTO movie_genres (movie_id, genre_id)
	  SELECT 28, genre_id FROM genres WHERE name='Chính Kịch' LIMIT 1;
	INSERT IGNORE INTO genres (name) VALUES ('Hài Hước');
	INSERT INTO movie_genres (movie_id, genre_id)
	  SELECT 28, genre_id FROM genres WHERE name='Hài Hước' LIMIT 1;
	INSERT IGNORE INTO genres (name) VALUES ('Tâm Lý');
	INSERT INTO movie_genres (movie_id, genre_id)
	  SELECT 28, genre_id FROM genres WHERE name='Tâm Lý' LIMIT 1;
	INSERT IGNORE INTO actors (name) VALUES ('Gary Oldman');
	INSERT INTO movie_actors (movie_id, actor_id)
	  SELECT 28, actor_id FROM actors WHERE name='Gary Oldman' LIMIT 1;
	INSERT IGNORE INTO actors (name) VALUES ('Jack Lowden');
	INSERT INTO movie_actors (movie_id, actor_id)
	  SELECT 28, actor_id FROM actors WHERE name='Jack Lowden' LIMIT 1;
	INSERT IGNORE INTO actors (name) VALUES ('Kristin Scott Thomas');
	INSERT INTO movie_actors (movie_id, actor_id)
	  SELECT 28, actor_id FROM actors WHERE name='Kristin Scott Thomas' LIMIT 1;
	INSERT IGNORE INTO directors (name) VALUES ('James Hawes');
	INSERT INTO movie_directors (movie_id, director_id)
	  SELECT 28, director_id FROM directors WHERE name='James Hawes' LIMIT 1;
	INSERT INTO episodes (movie_id, name, video_url)
	  VALUES (28, 'Tập 01', 'https://player.phimapi.com/player/?url=https://s3.phim1280.tv/20240702/TfVfOA0A/index.m3u8');
	INSERT INTO episodes (movie_id, name, video_url)
	  VALUES (28, 'Tập 02', 'https://player.phimapi.com/player/?url=https://s3.phim1280.tv/20240702/C8f7YNXA/index.m3u8');
	INSERT INTO episodes (movie_id, name, video_url)
	  VALUES (28, 'Tập 03', 'https://player.phimapi.com/player/?url=https://s3.phim1280.tv/20240703/2657rfbw/index.m3u8');
	INSERT INTO episodes (movie_id, name, video_url)
	  VALUES (28, 'Tập 04', 'https://player.phimapi.com/player/?url=https://s3.phim1280.tv/20240702/jQO4EvbO/index.m3u8');
	INSERT INTO episodes (movie_id, name, video_url)
	  VALUES (28, 'Tập 05', 'https://player.phimapi.com/player/?url=https://s3.phim1280.tv/20240702/xjsbE5EL/index.m3u8');
	INSERT INTO episodes (movie_id, name, video_url)
	  VALUES (28, 'Tập 06', 'https://player.phimapi.com/player/?url=https://s3.phim1280.tv/20240702/vRY8jZXd/index.m3u8');

	-- Movie: Bác Sĩ Nghĩa Hiệp
	INSERT INTO movies (movie_id, title, description, release_date, poster_url, thumb_url, status)
	VALUES (29, 'Bác Sĩ Nghĩa Hiệp', 'Bộ phim kể về Lăng Vi Dân (Trần Hào), một bác sĩ Đông y chính trực, giàu lòng nhân ái, quyết tâm chứng minh giá trị y học cổ truyền giữa thời đại hiện đại. Sau khi rời khỏi xưởng thuốc gia tộc, anh lập nên thương hiệu Mạch Mạch Thông để giúp đỡ người nghèo và truyền bá y lý từ &quot;Hoàng Đế Nội Kinh&quot;. Anh gặp và chữa trị cho La Dĩnh Thâm (Trương Hy Văn), từ đó nảy sinh tình cảm. Tuy nhiên, mối quan hệ này gây nên sự ghen tuông từ Thẩm Ỷ Đình (Lưu Bội Nguyệt), người bạn thân của Dĩnh Thâm, cũng là &quot;tiểu tam&quot; trong gia đình Vi Dân. Bị vây quanh bởi thù hận và âm mưu từ người thân, Vi Dân cùng Dĩnh Thâm kiên trì vượt qua thử thách, bảo vệ niềm tin vào Đông y.', '2025', 'https://phimimg.com/upload/vod/20250925-1/6e2b48b9fd8c028f07d7f4ddef10c435.jpg', 'https://phimimg.com/upload/vod/20250925-1/f2cb7efbeb0756d7a7776d6ec5053983.jpg', 'showing');
	UPDATE movies SET country='Hồng Kông', language='Lồng Tiếng', trailer_url='https://www.youtube.com/watch?v=gRVRBhIaU_o' WHERE movie_id=29;
	INSERT IGNORE INTO genres (name) VALUES ('Chính Kịch');
	INSERT INTO movie_genres (movie_id, genre_id)
	  SELECT 29, genre_id FROM genres WHERE name='Chính Kịch' LIMIT 1;
	INSERT IGNORE INTO genres (name) VALUES ('Tâm Lý');
	INSERT INTO movie_genres (movie_id, genre_id)
	  SELECT 29, genre_id FROM genres WHERE name='Tâm Lý' LIMIT 1;
	INSERT IGNORE INTO genres (name) VALUES ('Phiêu Lưu');
	INSERT INTO movie_genres (movie_id, genre_id)
	  SELECT 29, genre_id FROM genres WHERE name='Phiêu Lưu' LIMIT 1;
	INSERT IGNORE INTO genres (name) VALUES ('Hình Sự');
	INSERT INTO movie_genres (movie_id, genre_id)
	  SELECT 29, genre_id FROM genres WHERE name='Hình Sự' LIMIT 1;
	INSERT IGNORE INTO actors (name) VALUES ('Trần Hào');
	INSERT INTO movie_actors (movie_id, actor_id)
	  SELECT 29, actor_id FROM actors WHERE name='Trần Hào' LIMIT 1;
	INSERT IGNORE INTO actors (name) VALUES ('Trương Hy Văn');
	INSERT INTO movie_actors (movie_id, actor_id)
	  SELECT 29, actor_id FROM actors WHERE name='Trương Hy Văn' LIMIT 1;
	INSERT IGNORE INTO actors (name) VALUES ('Đinh Tử Lãng');
	INSERT INTO movie_actors (movie_id, actor_id)
	  SELECT 29, actor_id FROM actors WHERE name='Đinh Tử Lãng' LIMIT 1;
	INSERT IGNORE INTO actors (name) VALUES ('Đàm Khải Kỳ');
	INSERT INTO movie_actors (movie_id, actor_id)
	  SELECT 29, actor_id FROM actors WHERE name='Đàm Khải Kỳ' LIMIT 1;
	INSERT IGNORE INTO actors (name) VALUES ('Lưu Bội Nguyệt');
	INSERT INTO movie_actors (movie_id, actor_id)
	  SELECT 29, actor_id FROM actors WHERE name='Lưu Bội Nguyệt' LIMIT 1;
	INSERT IGNORE INTO directors (name) VALUES ('Tạ Hạo Dương');
	INSERT INTO movie_directors (movie_id, director_id)
	  SELECT 29, director_id FROM directors WHERE name='Tạ Hạo Dương' LIMIT 1;
	INSERT INTO episodes (movie_id, name, video_url)
	  VALUES (29, 'Tập 01', 'https://player.phimapi.com/player/?url=https://s6.kkphimplayer6.com/20250925/vDGHsMxB/index.m3u8');
	INSERT INTO episodes (movie_id, name, video_url)
	  VALUES (29, 'Tập 02', 'https://player.phimapi.com/player/?url=https://s6.kkphimplayer6.com/20250925/dYmxF1c0/index.m3u8');
	INSERT INTO episodes (movie_id, name, video_url)
	  VALUES (29, 'Tập 03', 'https://player.phimapi.com/player/?url=https://s6.kkphimplayer6.com/20250925/mRiZoNum/index.m3u8');
	INSERT INTO episodes (movie_id, name, video_url)
	  VALUES (29, 'Tập 04', 'https://player.phimapi.com/player/?url=https://s6.kkphimplayer6.com/20250925/vATOv9PQ/index.m3u8');
	INSERT INTO episodes (movie_id, name, video_url)
	  VALUES (29, 'Tập 05', 'https://player.phimapi.com/player/?url=https://s6.kkphimplayer6.com/20250925/VlvLKlHK/index.m3u8');
	INSERT INTO episodes (movie_id, name, video_url)
	  VALUES (29, 'Tập 06', 'https://player.phimapi.com/player/?url=https://s6.kkphimplayer6.com/20250925/ATM3A3Jt/index.m3u8');
	INSERT INTO episodes (movie_id, name, video_url)
	  VALUES (29, 'Tập 07', 'https://player.phimapi.com/player/?url=https://s6.kkphimplayer6.com/20250925/7A4vFPEf/index.m3u8');
	INSERT INTO episodes (movie_id, name, video_url)
	  VALUES (29, 'Tập 08', 'https://player.phimapi.com/player/?url=https://s6.kkphimplayer6.com/20250925/kvjnswcj/index.m3u8');
	INSERT INTO episodes (movie_id, name, video_url)
	  VALUES (29, 'Tập 09', 'https://player.phimapi.com/player/?url=https://s6.kkphimplayer6.com/20250925/FUri0iC2/index.m3u8');
	INSERT INTO episodes (movie_id, name, video_url)
	  VALUES (29, 'Tập 10', 'https://player.phimapi.com/player/?url=https://s6.kkphimplayer6.com/20250925/hXbtJ81f/index.m3u8');
	INSERT INTO episodes (movie_id, name, video_url)
	  VALUES (29, 'Tập 11', 'https://player.phimapi.com/player/?url=https://s6.kkphimplayer6.com/20250925/20rE1yPS/index.m3u8');
	INSERT INTO episodes (movie_id, name, video_url)
	  VALUES (29, 'Tập 12', 'https://player.phimapi.com/player/?url=https://s6.kkphimplayer6.com/20250925/G0p2XLg7/index.m3u8');
	INSERT INTO episodes (movie_id, name, video_url)
	  VALUES (29, 'Tập 13', 'https://player.phimapi.com/player/?url=https://s6.kkphimplayer6.com/20250925/JOvNN2kq/index.m3u8');
	INSERT INTO episodes (movie_id, name, video_url)
	  VALUES (29, 'Tập 14', 'https://player.phimapi.com/player/?url=https://s6.kkphimplayer6.com/20250925/kxwezMaY/index.m3u8');
	INSERT INTO episodes (movie_id, name, video_url)
	  VALUES (29, 'Tập 15', 'https://player.phimapi.com/player/?url=https://s6.kkphimplayer6.com/20250925/81cA2Nr0/index.m3u8');
	INSERT INTO episodes (movie_id, name, video_url)
	  VALUES (29, 'Tập 16', 'https://player.phimapi.com/player/?url=https://s6.kkphimplayer6.com/20250925/2Y1krBo3/index.m3u8');
	INSERT INTO episodes (movie_id, name, video_url)
	  VALUES (29, 'Tập 17', 'https://player.phimapi.com/player/?url=https://s6.kkphimplayer6.com/20250925/96jMXajl/index.m3u8');

	-- Movie: Tì Nữ
	INSERT INTO movies (movie_id, title, description, release_date, poster_url, thumb_url, status)
	VALUES (30, 'Tì Nữ', 'Thẩm Ngọc Thanh là con thứ của phủ Quốc công, chịu bắt nạt đến cùng cực, mẹ ruột Tần tiểu nương bị hại. Vì để báo thù, nàng hóa thân thành Tịch Nhan - kỹ nữ của Mị Hương Lâu, tiếp cận nhiếp chính vương Bùi Tịch. Tịch Nhan dựa vào nhan sắc xinh đẹp và sự thông minh của mình, dần dà giành được sự tin tưởng và cưng chiều của Bùi Tịch. Nàng âm thầm đặt bẫy, vạch trần âm mưu của thái hậu và phủ Quốc công, đồng thời bảo vệ Bùi Chiêu - con trai của mình. Tịch Nhan và Bùi Tịch đã bắt tay chống lại thế lực của thái hậu và phủ Quốc công, trải qua bao thử thách sống chết. Bùi Tịch vì bảo vệ Tịch Nhan và Chiêu Nhi, không tiếc lấy thân mình làm mồi nhử, thâm nhập sâu vào phía địch. Bùi Tịch &quot;chết&quot;, Tịch Nhan đưa Chiêu Nhi đi mai danh ẩn tích, mở y quán tại nơi biên ải. Bùi Tịch giả chết thoát thân, trùng phùng cùng mẹ con Tịch Nhan, cả ba người cùng sống hạnh phúc, bình yên bên nhau.', '2025', 'https://phimimg.com/upload/vod/20250910-1/123501cee3fcdd5e4f009656cf37bd0e.jpg', 'https://phimimg.com/upload/vod/20250910-1/7c8d58071596b4d0b7d455838a5b66a3.jpg', 'showing');
	UPDATE movies SET country='Trung Quốc', language='Vietsub', trailer_url='https://www.youtube.com/watch?v=UTHs7EasvvI' WHERE movie_id=30;
	INSERT IGNORE INTO genres (name) VALUES ('Chính Kịch');
	INSERT INTO movie_genres (movie_id, genre_id)
	  SELECT 30, genre_id FROM genres WHERE name='Chính Kịch' LIMIT 1;
	INSERT IGNORE INTO genres (name) VALUES ('Cổ Trang');
	INSERT INTO movie_genres (movie_id, genre_id)
	  SELECT 30, genre_id FROM genres WHERE name='Cổ Trang' LIMIT 1;
	INSERT IGNORE INTO genres (name) VALUES ('Tình Cảm');
	INSERT INTO movie_genres (movie_id, genre_id)
	  SELECT 30, genre_id FROM genres WHERE name='Tình Cảm' LIMIT 1;
	INSERT IGNORE INTO genres (name) VALUES ('Tâm Lý');
	INSERT INTO movie_genres (movie_id, genre_id)
	  SELECT 30, genre_id FROM genres WHERE name='Tâm Lý' LIMIT 1;
	INSERT IGNORE INTO actors (name) VALUES ('Đặng Khải');
	INSERT INTO movie_actors (movie_id, actor_id)
	  SELECT 30, actor_id FROM actors WHERE name='Đặng Khải' LIMIT 1;
	INSERT IGNORE INTO actors (name) VALUES ('Triệu Tịch Tịch');
	INSERT INTO movie_actors (movie_id, actor_id)
	  SELECT 30, actor_id FROM actors WHERE name='Triệu Tịch Tịch' LIMIT 1;
	INSERT IGNORE INTO actors (name) VALUES ('Dương Văn Huyến');
	INSERT INTO movie_actors (movie_id, actor_id)
	  SELECT 30, actor_id FROM actors WHERE name='Dương Văn Huyến' LIMIT 1;
	INSERT IGNORE INTO actors (name) VALUES ('Diêu Nặc');
	INSERT INTO movie_actors (movie_id, actor_id)
	  SELECT 30, actor_id FROM actors WHERE name='Diêu Nặc' LIMIT 1;
	INSERT IGNORE INTO actors (name) VALUES ('Vu Hân Ngật');
	INSERT INTO movie_actors (movie_id, actor_id)
	  SELECT 30, actor_id FROM actors WHERE name='Vu Hân Ngật' LIMIT 1;
	INSERT IGNORE INTO directors (name) VALUES ('Ngô Thừa Triết');
	INSERT INTO movie_directors (movie_id, director_id)
	  SELECT 30, director_id FROM directors WHERE name='Ngô Thừa Triết' LIMIT 1;
	INSERT INTO episodes (movie_id, name, video_url)
	  VALUES (30, 'Tập 01', 'https://player.phimapi.com/player/?url=https://s6.kkphimplayer6.com/20250910/fBWffFuK/index.m3u8');
	INSERT INTO episodes (movie_id, name, video_url)
	  VALUES (30, 'Tập 02', 'https://player.phimapi.com/player/?url=https://s6.kkphimplayer6.com/20250910/kdPEm3UV/index.m3u8');
	INSERT INTO episodes (movie_id, name, video_url)
	  VALUES (30, 'Tập 03', 'https://player.phimapi.com/player/?url=https://s6.kkphimplayer6.com/20250910/cMcgzAGp/index.m3u8');
	INSERT INTO episodes (movie_id, name, video_url)
	  VALUES (30, 'Tập 04', 'https://player.phimapi.com/player/?url=https://s6.kkphimplayer6.com/20250910/r4vceYRj/index.m3u8');
	INSERT INTO episodes (movie_id, name, video_url)
	  VALUES (30, 'Tập 05', 'https://player.phimapi.com/player/?url=https://s6.kkphimplayer6.com/20250910/all9WWgP/index.m3u8');
	INSERT INTO episodes (movie_id, name, video_url)
	  VALUES (30, 'Tập 06', 'https://player.phimapi.com/player/?url=https://s6.kkphimplayer6.com/20250910/zqqe8vGx/index.m3u8');
	INSERT INTO episodes (movie_id, name, video_url)
	  VALUES (30, 'Tập 07', 'https://player.phimapi.com/player/?url=https://s6.kkphimplayer6.com/20250910/kFbIPsGN/index.m3u8');
	INSERT INTO episodes (movie_id, name, video_url)
	  VALUES (30, 'Tập 08', 'https://player.phimapi.com/player/?url=https://s6.kkphimplayer6.com/20250910/f5E4xrEM/index.m3u8');
	INSERT INTO episodes (movie_id, name, video_url)
	  VALUES (30, 'Tập 09', 'https://player.phimapi.com/player/?url=https://s6.kkphimplayer6.com/20250911/MrdbbCzB/index.m3u8');
	INSERT INTO episodes (movie_id, name, video_url)
	  VALUES (30, 'Tập 10', 'https://player.phimapi.com/player/?url=https://s6.kkphimplayer6.com/20250911/uqKfqmTe/index.m3u8');
	INSERT INTO episodes (movie_id, name, video_url)
	  VALUES (30, 'Tập 11', 'https://player.phimapi.com/player/?url=https://s6.kkphimplayer6.com/20250912/QEWOzf78/index.m3u8');
	INSERT INTO episodes (movie_id, name, video_url)
	  VALUES (30, 'Tập 12', 'https://player.phimapi.com/player/?url=https://s6.kkphimplayer6.com/20250912/MkejZmL5/index.m3u8');
	INSERT INTO episodes (movie_id, name, video_url)
	  VALUES (30, 'Tập 13', 'https://player.phimapi.com/player/?url=https://s6.kkphimplayer6.com/20250913/36Ys9ez3/index.m3u8');
	INSERT INTO episodes (movie_id, name, video_url)
	  VALUES (30, 'Tập 14', 'https://player.phimapi.com/player/?url=https://s6.kkphimplayer6.com/20250914/7vkIqQMd/index.m3u8');
	INSERT INTO episodes (movie_id, name, video_url)
	  VALUES (30, 'Tập 15', 'https://player.phimapi.com/player/?url=https://s6.kkphimplayer6.com/20250915/chj5my6I/index.m3u8');
	INSERT INTO episodes (movie_id, name, video_url)
	  VALUES (30, 'Tập 16', 'https://player.phimapi.com/player/?url=https://s6.kkphimplayer6.com/20250916/moSzQXWE/index.m3u8');
	INSERT INTO episodes (movie_id, name, video_url)
	  VALUES (30, 'Tập 17', 'https://player.phimapi.com/player/?url=https://s6.kkphimplayer6.com/20250917/n0HC2Khb/index.m3u8');
	INSERT INTO episodes (movie_id, name, video_url)
	  VALUES (30, 'Tập 18', 'https://player.phimapi.com/player/?url=https://s6.kkphimplayer6.com/20250918/w6RReELC/index.m3u8');
	INSERT INTO episodes (movie_id, name, video_url)
	  VALUES (30, 'Tập 19', 'https://player.phimapi.com/player/?url=https://s6.kkphimplayer6.com/20250919/3oy2uyA5/index.m3u8');
	INSERT INTO episodes (movie_id, name, video_url)
	  VALUES (30, 'Tập 20', 'https://player.phimapi.com/player/?url=https://s6.kkphimplayer6.com/20250921/LfXHpGhB/index.m3u8');
	INSERT INTO episodes (movie_id, name, video_url)
	  VALUES (30, 'Tập 21', 'https://player.phimapi.com/player/?url=https://s6.kkphimplayer6.com/20250921/nJWAG9ht/index.m3u8');
	INSERT INTO episodes (movie_id, name, video_url)
	  VALUES (30, 'Tập 22', 'https://player.phimapi.com/player/?url=https://s6.kkphimplayer6.com/20250922/YeF927jt/index.m3u8');
	INSERT INTO episodes (movie_id, name, video_url)
	  VALUES (30, 'Tập 23', 'https://player.phimapi.com/player/?url=https://s6.kkphimplayer6.com/20250923/r0DUgXHF/index.m3u8');
	INSERT INTO episodes (movie_id, name, video_url)
	  VALUES (30, 'Tập 24', 'https://player.phimapi.com/player/?url=https://s6.kkphimplayer6.com/20250925/mj04xYKG/index.m3u8');
	INSERT INTO episodes (movie_id, name, video_url)
	  VALUES (30, 'Tập 25', 'https://player.phimapi.com/player/?url=https://s6.kkphimplayer6.com/20250925/f8AT3Amz/index.m3u8');

	-- Movie: Khế Ước Song Sinh
	INSERT INTO movies (movie_id, title, description, release_date, poster_url, thumb_url, status)
	VALUES (31, 'Khế Ước Song Sinh', 'Câu chuyện kể về Xích Vũ – thần thú Phượng Hoàng của tộc Xích Diễm, mang trong mình trái tim phong tỏa tình yêu. Trong một lần tình cờ, chàng gặp gỡ Mục Linh Tuyết – một thiếu nữ phàm trần có gia tộc bị kẻ gian hãm hại. Vào đêm trăng tròn, hai người lập nên khế ước song sinh giữa người và thần thú. Từ đó, họ cùng trải qua muôn vàn gian khổ, trưởng thành bên nhau, cuối cùng tiêu diệt kẻ gian nịnh, cứu vớt chúng sinh.', '2025', 'https://phimimg.com/upload/vod/20250923-1/e1dba207a49a0d0df3cd52b94cacf8e3.jpg', 'https://phimimg.com/upload/vod/20250923-1/dc68224598a55eff013b25c5216251f8.jpg', 'showing');
	UPDATE movies SET country='Trung Quốc', language='Vietsub', trailer_url=NULL WHERE movie_id=31;
	INSERT IGNORE INTO genres (name) VALUES ('Chính Kịch');
	INSERT INTO movie_genres (movie_id, genre_id)
	  SELECT 31, genre_id FROM genres WHERE name='Chính Kịch' LIMIT 1;
	INSERT IGNORE INTO genres (name) VALUES ('Cổ Trang');
	INSERT INTO movie_genres (movie_id, genre_id)
	  SELECT 31, genre_id FROM genres WHERE name='Cổ Trang' LIMIT 1;
	INSERT IGNORE INTO genres (name) VALUES ('Tình Cảm');
	INSERT INTO movie_genres (movie_id, genre_id)
	  SELECT 31, genre_id FROM genres WHERE name='Tình Cảm' LIMIT 1;
	INSERT IGNORE INTO genres (name) VALUES ('Tâm Lý');
	INSERT INTO movie_genres (movie_id, genre_id)
	  SELECT 31, genre_id FROM genres WHERE name='Tâm Lý' LIMIT 1;
	INSERT IGNORE INTO actors (name) VALUES ('Akilyar');
	INSERT INTO movie_actors (movie_id, actor_id)
	  SELECT 31, actor_id FROM actors WHERE name='Akilyar' LIMIT 1;
	INSERT IGNORE INTO actors (name) VALUES ('A Lý Nha');
	INSERT INTO movie_actors (movie_id, actor_id)
	  SELECT 31, actor_id FROM actors WHERE name='A Lý Nha' LIMIT 1;
	INSERT IGNORE INTO actors (name) VALUES ('Ương Bối Hạ');
	INSERT INTO movie_actors (movie_id, actor_id)
	  SELECT 31, actor_id FROM actors WHERE name='Ương Bối Hạ' LIMIT 1;
	INSERT IGNORE INTO actors (name) VALUES ('Lý Vịnh Hào');
	INSERT INTO movie_actors (movie_id, actor_id)
	  SELECT 31, actor_id FROM actors WHERE name='Lý Vịnh Hào' LIMIT 1;
	INSERT IGNORE INTO actors (name) VALUES ('Đặng Vận Sơ');
	INSERT INTO movie_actors (movie_id, actor_id)
	  SELECT 31, actor_id FROM actors WHERE name='Đặng Vận Sơ' LIMIT 1;
	INSERT IGNORE INTO directors (name) VALUES ('Hy Tử');
	INSERT INTO movie_directors (movie_id, director_id)
	  SELECT 31, director_id FROM directors WHERE name='Hy Tử' LIMIT 1;
	INSERT INTO episodes (movie_id, name, video_url)
	  VALUES (31, 'Tập 01', 'https://player.phimapi.com/player/?url=https://s6.kkphimplayer6.com/20250924/wDnKlO69/index.m3u8');
	INSERT INTO episodes (movie_id, name, video_url)
	  VALUES (31, 'Tập 02', 'https://player.phimapi.com/player/?url=https://s6.kkphimplayer6.com/20250924/KHKTHHZr/index.m3u8');
	INSERT INTO episodes (movie_id, name, video_url)
	  VALUES (31, 'Tập 03', 'https://player.phimapi.com/player/?url=https://s6.kkphimplayer6.com/20250924/WtuAhsCl/index.m3u8');
	INSERT INTO episodes (movie_id, name, video_url)
	  VALUES (31, 'Tập 04', 'https://player.phimapi.com/player/?url=https://s6.kkphimplayer6.com/20250924/5Ro5Q3TW/index.m3u8');
	INSERT INTO episodes (movie_id, name, video_url)
	  VALUES (31, 'Tập 05', 'https://player.phimapi.com/player/?url=https://s6.kkphimplayer6.com/20250924/SZKUR5La/index.m3u8');
	INSERT INTO episodes (movie_id, name, video_url)
	  VALUES (31, 'Tập 06', 'https://player.phimapi.com/player/?url=https://s6.kkphimplayer6.com/20250924/recxcSew/index.m3u8');
	INSERT INTO episodes (movie_id, name, video_url)
	  VALUES (31, 'Tập 07', 'https://player.phimapi.com/player/?url=https://s6.kkphimplayer6.com/20250924/vMu83RXG/index.m3u8');
	INSERT INTO episodes (movie_id, name, video_url)
	  VALUES (31, 'Tập 08', 'https://player.phimapi.com/player/?url=https://s6.kkphimplayer6.com/20250924/OL8iLjQP/index.m3u8');
	INSERT INTO episodes (movie_id, name, video_url)
	  VALUES (31, 'Tập 09', 'https://player.phimapi.com/player/?url=https://s6.kkphimplayer6.com/20250925/fZ41FaP3/index.m3u8');
	INSERT INTO episodes (movie_id, name, video_url)
	  VALUES (31, 'Tập 10', 'https://player.phimapi.com/player/?url=https://s6.kkphimplayer6.com/20250925/AgcL5L30/index.m3u8');

	-- Movie: Hoa Xuân Ẩn Mình
	INSERT INTO movies (movie_id, title, description, release_date, poster_url, thumb_url, status)
	VALUES (32, 'Hoa Xuân Ẩn Mình', 'Bộ phim xoay quanh câu chuyện tình yêu và những toan tính quyền lực trong bối cảnh rối ren của thời loạn. Nữ chính Xuân Hoa vốn là tiểu thư khuê các, thông minh, kiên cường nhưng gặp nhiều biến cố khiến gia tộc suy bại. Trong hành trình tìm lại công bằng và bảo vệ những người mình yêu thương, nàng vô tình bị cuốn vào vòng xoáy tranh đoạt giữa triều đình và thế lực giang hồ. Bên cạnh nàng là những con người vừa là tri kỷ vừa là thử thách: một anh hùng trọng nghĩa khinh tài, một công tử ôn nhu nhưng giấu kín âm mưu, và những kẻ thù trong bóng tối luôn rình rập. Trải qua bao hiểm nguy, Xuân Hoa dần tìm ra chân tình và cũng mạnh mẽ đứng lên nắm giữ vận mệnh của chính mình.', '2025', 'https://phimimg.com/upload/vod/20250921-1/ec19afb24cfd19b744bfb2c9fdaada6b.jpg', 'https://phimimg.com/upload/vod/20250921-1/ae39e41d739139b9c3a1d61900c1085c.jpg', 'showing');
	UPDATE movies SET country='Trung Quốc', language='Vietsub', trailer_url='https://www.youtube.com/watch?v=kA1aWL5c5po' WHERE movie_id=32;
	INSERT IGNORE INTO genres (name) VALUES ('Chính Kịch');
	INSERT INTO movie_genres (movie_id, genre_id)
	  SELECT 32, genre_id FROM genres WHERE name='Chính Kịch' LIMIT 1;
	INSERT IGNORE INTO genres (name) VALUES ('Cổ Trang');
	INSERT INTO movie_genres (movie_id, genre_id)
	  SELECT 32, genre_id FROM genres WHERE name='Cổ Trang' LIMIT 1;
	INSERT IGNORE INTO genres (name) VALUES ('Tình Cảm');
	INSERT INTO movie_genres (movie_id, genre_id)
	  SELECT 32, genre_id FROM genres WHERE name='Tình Cảm' LIMIT 1;
	INSERT IGNORE INTO genres (name) VALUES ('Tâm Lý');
	INSERT INTO movie_genres (movie_id, genre_id)
	  SELECT 32, genre_id FROM genres WHERE name='Tâm Lý' LIMIT 1;
	INSERT IGNORE INTO actors (name) VALUES ('Châu Lệ Nhạn');
	INSERT INTO movie_actors (movie_id, actor_id)
	  SELECT 32, actor_id FROM actors WHERE name='Châu Lệ Nhạn' LIMIT 1;
	INSERT IGNORE INTO actors (name) VALUES ('Cảnh Nghiệp Đình');
	INSERT INTO movie_actors (movie_id, actor_id)
	  SELECT 32, actor_id FROM actors WHERE name='Cảnh Nghiệp Đình' LIMIT 1;
	INSERT IGNORE INTO actors (name) VALUES ('Trần Minh Hào');
	INSERT INTO movie_actors (movie_id, actor_id)
	  SELECT 32, actor_id FROM actors WHERE name='Trần Minh Hào' LIMIT 1;
	INSERT IGNORE INTO actors (name) VALUES ('Tống Chiêu Dị');
	INSERT INTO movie_actors (movie_id, actor_id)
	  SELECT 32, actor_id FROM actors WHERE name='Tống Chiêu Dị' LIMIT 1;
	INSERT IGNORE INTO directors (name) VALUES ('Tôn Gia Dương');
	INSERT INTO movie_directors (movie_id, director_id)
	  SELECT 32, director_id FROM directors WHERE name='Tôn Gia Dương' LIMIT 1;
	INSERT INTO episodes (movie_id, name, video_url)
	  VALUES (32, 'Tập 01', 'https://player.phimapi.com/player/?url=https://s6.kkphimplayer6.com/20250921/H8FVIXgE/index.m3u8');
	INSERT INTO episodes (movie_id, name, video_url)
	  VALUES (32, 'Tập 02', 'https://player.phimapi.com/player/?url=https://s6.kkphimplayer6.com/20250921/5t7kkWSu/index.m3u8');
	INSERT INTO episodes (movie_id, name, video_url)
	  VALUES (32, 'Tập 03', 'https://player.phimapi.com/player/?url=https://s6.kkphimplayer6.com/20250921/BHa1z1Mv/index.m3u8');
	INSERT INTO episodes (movie_id, name, video_url)
	  VALUES (32, 'Tập 04', 'https://player.phimapi.com/player/?url=https://s6.kkphimplayer6.com/20250921/ARkjp6fU/index.m3u8');
	INSERT INTO episodes (movie_id, name, video_url)
	  VALUES (32, 'Tập 05', 'https://player.phimapi.com/player/?url=https://s6.kkphimplayer6.com/20250921/cJonxpVg/index.m3u8');
	INSERT INTO episodes (movie_id, name, video_url)
	  VALUES (32, 'Tập 06', 'https://player.phimapi.com/player/?url=https://s6.kkphimplayer6.com/20250921/xvVNzQj8/index.m3u8');
	INSERT INTO episodes (movie_id, name, video_url)
	  VALUES (32, 'Tập 07', 'https://player.phimapi.com/player/?url=https://s6.kkphimplayer6.com/20250921/Wiql3MOl/index.m3u8');
	INSERT INTO episodes (movie_id, name, video_url)
	  VALUES (32, 'Tập 08', 'https://player.phimapi.com/player/?url=https://s6.kkphimplayer6.com/20250921/zijPAnZK/index.m3u8');
	INSERT INTO episodes (movie_id, name, video_url)
	  VALUES (32, 'Tập 09', 'https://player.phimapi.com/player/?url=https://s6.kkphimplayer6.com/20250922/iFWXILOC/index.m3u8');
	INSERT INTO episodes (movie_id, name, video_url)
	  VALUES (32, 'Tập 10', 'https://player.phimapi.com/player/?url=https://s6.kkphimplayer6.com/20250922/4151pN7g/index.m3u8');
	INSERT INTO episodes (movie_id, name, video_url)
	  VALUES (32, 'Tập 11', 'https://player.phimapi.com/player/?url=https://s6.kkphimplayer6.com/20250923/VCj3kn0U/index.m3u8');
	INSERT INTO episodes (movie_id, name, video_url)
	  VALUES (32, 'Tập 12', 'https://player.phimapi.com/player/?url=https://s6.kkphimplayer6.com/20250923/648wryg8/index.m3u8');
	INSERT INTO episodes (movie_id, name, video_url)
	  VALUES (32, 'Tập 13', 'https://player.phimapi.com/player/?url=https://s6.kkphimplayer6.com/20250924/ay3lsZVl/index.m3u8');
	INSERT INTO episodes (movie_id, name, video_url)
	  VALUES (32, 'Tập 14', 'https://player.phimapi.com/player/?url=https://s6.kkphimplayer6.com/20250924/GQwsKNOf/index.m3u8');
	INSERT INTO episodes (movie_id, name, video_url)
	  VALUES (32, 'Tập 15', 'https://player.phimapi.com/player/?url=https://s6.kkphimplayer6.com/20250925/BouzQjVI/index.m3u8');
	INSERT INTO episodes (movie_id, name, video_url)
	  VALUES (32, 'Tập 16', 'https://player.phimapi.com/player/?url=https://s6.kkphimplayer6.com/20250925/Vr2AtPp0/index.m3u8');

	-- Movie: Chuyến Tàu Tình Yêu
	INSERT INTO movies (movie_id, title, description, release_date, poster_url, thumb_url, status)
	VALUES (33, 'Chuyến Tàu Tình Yêu', 'Pure từng yêu sâu đậm Air, nhưng Air buộc phải kết hôn vì gia đình, nên hai người chia tay. Pure vẫn không thể quên được tình cũ và luôn giữ liên lạc với Air. Một năm sau, tình cờ Pure gặp lại Air trong quán bar, và cũng gặp được Loft, em chồng của Air. Loft yêu Pure ngay từ cái nhìn đầu tiên, chủ động tấn công bất chấp mối quan hệ phức tạp. Từ đó, Pure rơi vào vòng xoáy giữa người cũ và người mới, đau đầu vì bất kỳ sự lựa chọn nào cũng sẽ khiến một người tổn thương.', '2025', 'https://phimimg.com/upload/vod/20250912-1/f53c4d9dfbc402cdafae29d08290c1d4.jpg', 'https://phimimg.com/upload/vod/20250912-1/fb1b7ec20a6934bd186b3a2ec0757194.jpg', 'showing');
	UPDATE movies SET country='Thái Lan', language='Vietsub', trailer_url=NULL WHERE movie_id=33;
	INSERT IGNORE INTO genres (name) VALUES ('Chính Kịch');
	INSERT INTO movie_genres (movie_id, genre_id)
	  SELECT 33, genre_id FROM genres WHERE name='Chính Kịch' LIMIT 1;
	INSERT IGNORE INTO genres (name) VALUES ('Tình Cảm');
	INSERT INTO movie_genres (movie_id, genre_id)
	  SELECT 33, genre_id FROM genres WHERE name='Tình Cảm' LIMIT 1;
	INSERT IGNORE INTO genres (name) VALUES ('Tâm Lý');
	INSERT INTO movie_genres (movie_id, genre_id)
	  SELECT 33, genre_id FROM genres WHERE name='Tâm Lý' LIMIT 1;
	INSERT IGNORE INTO actors (name) VALUES ('Aom Pundao Panyabaramee');
	INSERT INTO movie_actors (movie_id, actor_id)
	  SELECT 33, actor_id FROM actors WHERE name='Aom Pundao Panyabaramee' LIMIT 1;
	INSERT IGNORE INTO actors (name) VALUES ('Shelly Phetsai Chanruenang');
	INSERT INTO movie_actors (movie_id, actor_id)
	  SELECT 33, actor_id FROM actors WHERE name='Shelly Phetsai Chanruenang' LIMIT 1;
	INSERT IGNORE INTO actors (name) VALUES ('Naerunchara Lertprasert');
	INSERT INTO movie_actors (movie_id, actor_id)
	  SELECT 33, actor_id FROM actors WHERE name='Naerunchara Lertprasert' LIMIT 1;
	INSERT IGNORE INTO actors (name) VALUES ('Kimmy Thitisan Goodburn');
	INSERT INTO movie_actors (movie_id, actor_id)
	  SELECT 33, actor_id FROM actors WHERE name='Kimmy Thitisan Goodburn' LIMIT 1;
	INSERT IGNORE INTO actors (name) VALUES ('Kanta Danao');
	INSERT INTO movie_actors (movie_id, actor_id)
	  SELECT 33, actor_id FROM actors WHERE name='Kanta Danao' LIMIT 1;
	INSERT IGNORE INTO actors (name) VALUES ('Vacharakiat Boonphakdee');
	INSERT INTO movie_actors (movie_id, actor_id)
	  SELECT 33, actor_id FROM actors WHERE name='Vacharakiat Boonphakdee' LIMIT 1;
	INSERT IGNORE INTO actors (name) VALUES ('Natsinee Charoensitthisap');
	INSERT INTO movie_actors (movie_id, actor_id)
	  SELECT 33, actor_id FROM actors WHERE name='Natsinee Charoensitthisap' LIMIT 1;
	INSERT IGNORE INTO actors (name) VALUES ('Duangjai Hiransri');
	INSERT INTO movie_actors (movie_id, actor_id)
	  SELECT 33, actor_id FROM actors WHERE name='Duangjai Hiransri' LIMIT 1;
	INSERT IGNORE INTO actors (name) VALUES ('Dusit Witooteerasan');
	INSERT INTO movie_actors (movie_id, actor_id)
	  SELECT 33, actor_id FROM actors WHERE name='Dusit Witooteerasan' LIMIT 1;
	INSERT IGNORE INTO actors (name) VALUES ('Rachanee Siralert');
	INSERT INTO movie_actors (movie_id, actor_id)
	  SELECT 33, actor_id FROM actors WHERE name='Rachanee Siralert' LIMIT 1;
	INSERT IGNORE INTO directors (name) VALUES ('Đang cập nhật');
	INSERT INTO movie_directors (movie_id, director_id)
	  SELECT 33, director_id FROM directors WHERE name='Đang cập nhật' LIMIT 1;
	INSERT INTO episodes (movie_id, name, video_url)
	  VALUES (33, 'Tập 01', 'https://player.phimapi.com/player/?url=https://s6.kkphimplayer6.com/20250912/E9lGrZkG/index.m3u8');
	INSERT INTO episodes (movie_id, name, video_url)
	  VALUES (33, 'Tập 02', 'https://player.phimapi.com/player/?url=https://s6.kkphimplayer6.com/20250912/C7U4Prem/index.m3u8');
	INSERT INTO episodes (movie_id, name, video_url)
	  VALUES (33, 'Tập 03', 'https://player.phimapi.com/player/?url=https://s6.kkphimplayer6.com/20250912/SH5sT9te/index.m3u8');
	INSERT INTO episodes (movie_id, name, video_url)
	  VALUES (33, 'Tập 04', 'https://player.phimapi.com/player/?url=https://s6.kkphimplayer6.com/20250912/ZQWQVWsv/index.m3u8');
	INSERT INTO episodes (movie_id, name, video_url)
	  VALUES (33, 'Tập 05', 'https://player.phimapi.com/player/?url=https://s6.kkphimplayer6.com/20250916/XMRPJG5A/index.m3u8');
	INSERT INTO episodes (movie_id, name, video_url)
	  VALUES (33, 'Tập 06', 'https://player.phimapi.com/player/?url=https://s6.kkphimplayer6.com/20250923/10fF60T9/index.m3u8');
	INSERT INTO episodes (movie_id, name, video_url)
	  VALUES (33, 'Tập 07', 'https://player.phimapi.com/player/?url=https://s6.kkphimplayer6.com/20250925/xpBU1bv4/index.m3u8');

	-- Movie: Những Người Bảo Vệ
	INSERT INTO movies (movie_id, title, description, release_date, poster_url, thumb_url, status)
	VALUES (34, 'Những Người Bảo Vệ', 'Thượng Hải thập niên 1940, nam diễn viên nghèo khổ Đinh Dịch buộc phải giả mạo một chuyên gia mật mã mù sau khi đặc vụ Cố Ẩn Sơn lỡ tay giết nhầm người thật. Cố Ẩn Sơn cải trang thành trợ lý của Đinh Dịch, cùng anh thâm nhập vào cơ quan tình báo Nhật dưới sự giúp đỡ của nữ chủ rạp hát Tiên Bích Vân. Trong hành trình đầy hiểm nguy, bộ đôi bất đắc dĩ dần hình thành tình huynh đệ sâu sắc, nhưng sự khác biệt về lòng trung thành đã đẩy họ đến thử thách niềm tin và sự hy sinh không thể tránh khỏi.', '2025', 'https://phimimg.com/upload/vod/20250925-1/0c684aedeeaa36c578813cc96f695d1c.jpg', 'https://phimimg.com/upload/vod/20250925-1/5e4a4c53938592c47830c1051cbea7f6.jpg', 'showing');
	UPDATE movies SET country='Trung Quốc', language='Vietsub', trailer_url='https://www.youtube.com/watch?v=5dXwCA5Ub_Q' WHERE movie_id=34;
	INSERT IGNORE INTO genres (name) VALUES ('Chính Kịch');
	INSERT INTO movie_genres (movie_id, genre_id)
	  SELECT 34, genre_id FROM genres WHERE name='Chính Kịch' LIMIT 1;
	INSERT IGNORE INTO genres (name) VALUES ('Tâm Lý');
	INSERT INTO movie_genres (movie_id, genre_id)
	  SELECT 34, genre_id FROM genres WHERE name='Tâm Lý' LIMIT 1;
	INSERT IGNORE INTO genres (name) VALUES ('Hình Sự');
	INSERT INTO movie_genres (movie_id, genre_id)
	  SELECT 34, genre_id FROM genres WHERE name='Hình Sự' LIMIT 1;
	INSERT IGNORE INTO genres (name) VALUES ('Phiêu Lưu');
	INSERT INTO movie_genres (movie_id, genre_id)
	  SELECT 34, genre_id FROM genres WHERE name='Phiêu Lưu' LIMIT 1;
	INSERT IGNORE INTO actors (name) VALUES ('Trương Nhất Sơn');
	INSERT INTO movie_actors (movie_id, actor_id)
	  SELECT 34, actor_id FROM actors WHERE name='Trương Nhất Sơn' LIMIT 1;
	INSERT IGNORE INTO actors (name) VALUES ('Hàn Đông Quân');
	INSERT INTO movie_actors (movie_id, actor_id)
	  SELECT 34, actor_id FROM actors WHERE name='Hàn Đông Quân' LIMIT 1;
	INSERT IGNORE INTO actors (name) VALUES ('Trương Thiên Ái');
	INSERT INTO movie_actors (movie_id, actor_id)
	  SELECT 34, actor_id FROM actors WHERE name='Trương Thiên Ái' LIMIT 1;
	INSERT IGNORE INTO actors (name) VALUES ('Lưu Hoan');
	INSERT INTO movie_actors (movie_id, actor_id)
	  SELECT 34, actor_id FROM actors WHERE name='Lưu Hoan' LIMIT 1;
	INSERT IGNORE INTO actors (name) VALUES ('Bào Đại Chí');
	INSERT INTO movie_actors (movie_id, actor_id)
	  SELECT 34, actor_id FROM actors WHERE name='Bào Đại Chí' LIMIT 1;
	INSERT IGNORE INTO actors (name) VALUES ('Tiêu Cương');
	INSERT INTO movie_actors (movie_id, actor_id)
	  SELECT 34, actor_id FROM actors WHERE name='Tiêu Cương' LIMIT 1;
	INSERT IGNORE INTO directors (name) VALUES ('Dương Văn Quân');
	INSERT INTO movie_directors (movie_id, director_id)
	  SELECT 34, director_id FROM directors WHERE name='Dương Văn Quân' LIMIT 1;
	INSERT IGNORE INTO directors (name) VALUES ('Thạch Luyến');
	INSERT INTO movie_directors (movie_id, director_id)
	  SELECT 34, director_id FROM directors WHERE name='Thạch Luyến' LIMIT 1;
	INSERT IGNORE INTO directors (name) VALUES ('Viên Dục Thần');
	INSERT INTO movie_directors (movie_id, director_id)
	  SELECT 34, director_id FROM directors WHERE name='Viên Dục Thần' LIMIT 1;
	INSERT INTO episodes (movie_id, name, video_url)
	  VALUES (34, 'Tập 01', 'https://player.phimapi.com/player/?url=https://s6.kkphimplayer6.com/20250925/o5BG0hwK/index.m3u8');
	INSERT INTO episodes (movie_id, name, video_url)
	  VALUES (34, 'Tập 02', 'https://player.phimapi.com/player/?url=https://s6.kkphimplayer6.com/20250925/eVvx4LAc/index.m3u8');
	INSERT INTO episodes (movie_id, name, video_url)
	  VALUES (34, 'Tập 03', 'https://player.phimapi.com/player/?url=https://s6.kkphimplayer6.com/20250925/AIIc81u9/index.m3u8');
	INSERT INTO episodes (movie_id, name, video_url)
	  VALUES (34, 'Tập 04', 'https://player.phimapi.com/player/?url=https://s6.kkphimplayer6.com/20250925/dLtefAmQ/index.m3u8');
	INSERT INTO episodes (movie_id, name, video_url)
	  VALUES (34, 'Tập 05', 'https://player.phimapi.com/player/?url=https://s6.kkphimplayer6.com/20250925/S8mQ7eIG/index.m3u8');

	-- Movie: Ngọt Ngào Trong Toan Tính
	INSERT INTO movies (movie_id, title, description, release_date, poster_url, thumb_url, status)
	VALUES (35, 'Ngọt Ngào Trong Toan Tính', 'Tiểu thư Tống Tri Chi có gia đình sung túc, cuộc sống hạnh phúc, đem lòng yêu Dịch Ôn Hàn, một chàng trai xuất thân nghèo khó. Nhưng cô lại bị phản bội tàn nhẫn, vướng vào vô số tai tiếng. Trong cơn tuyệt vọng, cô mất hết tất cả và rơi xuống cầu bỏ mạng. Không ngờ số phận cho cô cơ hội sống lại. Ở kiếp này, Tống Tri Chi quyết tâm bảo vệ người thân, trả thù kẻ phản bội, đồng thời bắt tay với Quý Bạch Gian, người nắm quyền của tập đoàn Quý Hoằng, vạch trần bí mật kinh thiên động địa đã bị che giấu nhiều năm. Lần này, cô nhất định sẽ đoạt lại tất cả những gì vốn thuộc về mình!', '2025', 'https://phimimg.com/upload/vod/20250922-1/e3655710504fd70b9f9e7ecee242dd07.jpg', 'https://phimimg.com/upload/vod/20250922-1/e21432da666f7176e3cdf55804a18502.jpg', 'showing');
	UPDATE movies SET country='Trung Quốc', language='Vietsub + Thuyết Minh', trailer_url='https://www.youtube.com/watch?v=CZQcRCNqzI8' WHERE movie_id=35;
	INSERT IGNORE INTO genres (name) VALUES ('Chính Kịch');
	INSERT INTO movie_genres (movie_id, genre_id)
	  SELECT 35, genre_id FROM genres WHERE name='Chính Kịch' LIMIT 1;
	INSERT IGNORE INTO genres (name) VALUES ('Tình Cảm');
	INSERT INTO movie_genres (movie_id, genre_id)
	  SELECT 35, genre_id FROM genres WHERE name='Tình Cảm' LIMIT 1;
	INSERT IGNORE INTO genres (name) VALUES ('Tâm Lý');
	INSERT INTO movie_genres (movie_id, genre_id)
	  SELECT 35, genre_id FROM genres WHERE name='Tâm Lý' LIMIT 1;
	INSERT IGNORE INTO actors (name) VALUES ('Đái Yên Ni');
	INSERT INTO movie_actors (movie_id, actor_id)
	  SELECT 35, actor_id FROM actors WHERE name='Đái Yên Ni' LIMIT 1;
	INSERT IGNORE INTO actors (name) VALUES ('Quách Gia Nam');
	INSERT INTO movie_actors (movie_id, actor_id)
	  SELECT 35, actor_id FROM actors WHERE name='Quách Gia Nam' LIMIT 1;
	INSERT IGNORE INTO actors (name) VALUES ('Thái Tường Vũ');
	INSERT INTO movie_actors (movie_id, actor_id)
	  SELECT 35, actor_id FROM actors WHERE name='Thái Tường Vũ' LIMIT 1;
	INSERT IGNORE INTO actors (name) VALUES ('Phạm Hiểu Đông');
	INSERT INTO movie_actors (movie_id, actor_id)
	  SELECT 35, actor_id FROM actors WHERE name='Phạm Hiểu Đông' LIMIT 1;
	INSERT IGNORE INTO directors (name) VALUES ('Lý Thiên');
	INSERT INTO movie_directors (movie_id, director_id)
	  SELECT 35, director_id FROM directors WHERE name='Lý Thiên' LIMIT 1;
	INSERT INTO episodes (movie_id, name, video_url)
	  VALUES (35, 'Tập 01', 'https://player.phimapi.com/player/?url=https://s6.kkphimplayer6.com/20250922/ZYnMvfgX/index.m3u8');
	INSERT INTO episodes (movie_id, name, video_url)
	  VALUES (35, 'Tập 02', 'https://player.phimapi.com/player/?url=https://s6.kkphimplayer6.com/20250922/7EjdQX8W/index.m3u8');
	INSERT INTO episodes (movie_id, name, video_url)
	  VALUES (35, 'Tập 03', 'https://player.phimapi.com/player/?url=https://s6.kkphimplayer6.com/20250922/kghEExuq/index.m3u8');
	INSERT INTO episodes (movie_id, name, video_url)
	  VALUES (35, 'Tập 04', 'https://player.phimapi.com/player/?url=https://s6.kkphimplayer6.com/20250923/LkdGXwUP/index.m3u8');
	INSERT INTO episodes (movie_id, name, video_url)
	  VALUES (35, 'Tập 05', 'https://player.phimapi.com/player/?url=https://s6.kkphimplayer6.com/20250923/l6W3BhS8/index.m3u8');
	INSERT INTO episodes (movie_id, name, video_url)
	  VALUES (35, 'Tập 06', 'https://player.phimapi.com/player/?url=https://s6.kkphimplayer6.com/20250923/2lZEt2h8/index.m3u8');
	INSERT INTO episodes (movie_id, name, video_url)
	  VALUES (35, 'Tập 07', 'https://player.phimapi.com/player/?url=https://s6.kkphimplayer6.com/20250924/l6wzlaIx/index.m3u8');
	INSERT INTO episodes (movie_id, name, video_url)
	  VALUES (35, 'Tập 08', 'https://player.phimapi.com/player/?url=https://s6.kkphimplayer6.com/20250925/Wgy8a8IR/index.m3u8');
	INSERT INTO episodes (movie_id, name, video_url)
	  VALUES (35, 'Tập 09', 'https://player.phimapi.com/player/?url=https://s6.kkphimplayer6.com/20250925/JSgwj9As/index.m3u8');
	INSERT INTO episodes (movie_id, name, video_url)
	  VALUES (35, 'Tập 01', 'https://player.phimapi.com/player/?url=https://s6.kkphimplayer6.com/20250922/NIDWxlY8/index.m3u8');
	INSERT INTO episodes (movie_id, name, video_url)
	  VALUES (35, 'Tập 02', 'https://player.phimapi.com/player/?url=https://s6.kkphimplayer6.com/20250922/CsUNsY4A/index.m3u8');
	INSERT INTO episodes (movie_id, name, video_url)
	  VALUES (35, 'Tập 03', 'https://player.phimapi.com/player/?url=https://s6.kkphimplayer6.com/20250922/IHEhDAm6/index.m3u8');
	INSERT INTO episodes (movie_id, name, video_url)
	  VALUES (35, 'Tập 04', 'https://player.phimapi.com/player/?url=https://s6.kkphimplayer6.com/20250923/z12m8FAP/index.m3u8');
	INSERT INTO episodes (movie_id, name, video_url)
	  VALUES (35, 'Tập 05', 'https://player.phimapi.com/player/?url=https://s6.kkphimplayer6.com/20250923/067ylQTx/index.m3u8');
	INSERT INTO episodes (movie_id, name, video_url)
	  VALUES (35, 'Tập 06', 'https://player.phimapi.com/player/?url=https://s6.kkphimplayer6.com/20250923/FZj9Qtig/index.m3u8');
	INSERT INTO episodes (movie_id, name, video_url)
	  VALUES (35, 'Tập 07', 'https://player.phimapi.com/player/?url=https://s6.kkphimplayer6.com/20250924/2e6dwoFc/index.m3u8');
	INSERT INTO episodes (movie_id, name, video_url)
	  VALUES (35, 'Tập 08', 'https://player.phimapi.com/player/?url=https://s6.kkphimplayer6.com/20250925/dHIzdSSK/index.m3u8');
	INSERT INTO episodes (movie_id, name, video_url)
	  VALUES (35, 'Tập 09', 'https://player.phimapi.com/player/?url=https://s6.kkphimplayer6.com/20250925/EacOSoOb/index.m3u8');

	-- Movie: Nửa Thành Gió Trăng Nửa Thành Tuyết
	INSERT INTO movies (movie_id, title, description, release_date, poster_url, thumb_url, status)
	VALUES (36, 'Nửa Thành Gió Trăng Nửa Thành Tuyết', 'Sở Minh Huy bị cha dượng - một gã &quot;phượng hoàng nam&quot; cướp đoạt tài sản, tàn sát cả gia đình. May mắn thoát chết, cô thay tên đổi họ lên kế hoạch báo thù. Để trả thù cha dượng, cô đã ký hợp đồng giả làm người yêu của đại thiếu soái, giúp hắn ám sát em trai - Cố Đồng Bái. Qua nhiều lần đối đầu, mối tình cấm kỵ &quot;chị dâu - em chồng&quot; nảy sinh. Khi Sở Minh Huy báo thù thành công, người yêu lại trở thành kẻ thù. Trải qua bao phen sóng gió, cuối cùng hai người đã tháo gỡ hiểu lầm, chung tay trừng trị kẻ chủ mưu thực sự, chính là đại thiếu soái.', '2025', 'https://phimimg.com/upload/vod/20250917-1/b147252a33aeaec3f9767436519561f3.jpg', 'https://phimimg.com/upload/vod/20250917-1/512cb72f5ace7334b28b48e7d3652f3f.jpg', 'showing');
	UPDATE movies SET country='Trung Quốc', language='Vietsub + Thuyết Minh', trailer_url='https://www.youtube.com/watch?v=IiXfqRC3kDU' WHERE movie_id=36;
	INSERT IGNORE INTO genres (name) VALUES ('Chính Kịch');
	INSERT INTO movie_genres (movie_id, genre_id)
	  SELECT 36, genre_id FROM genres WHERE name='Chính Kịch' LIMIT 1;
	INSERT IGNORE INTO genres (name) VALUES ('Tình Cảm');
	INSERT INTO movie_genres (movie_id, genre_id)
	  SELECT 36, genre_id FROM genres WHERE name='Tình Cảm' LIMIT 1;
	INSERT IGNORE INTO genres (name) VALUES ('Tâm Lý');
	INSERT INTO movie_genres (movie_id, genre_id)
	  SELECT 36, genre_id FROM genres WHERE name='Tâm Lý' LIMIT 1;
	INSERT IGNORE INTO actors (name) VALUES ('Hàn Lệ Dao');
	INSERT INTO movie_actors (movie_id, actor_id)
	  SELECT 36, actor_id FROM actors WHERE name='Hàn Lệ Dao' LIMIT 1;
	INSERT IGNORE INTO actors (name) VALUES ('Vương Tuấn Hạo');
	INSERT INTO movie_actors (movie_id, actor_id)
	  SELECT 36, actor_id FROM actors WHERE name='Vương Tuấn Hạo' LIMIT 1;
	INSERT IGNORE INTO actors (name) VALUES ('Lý Diên Phong');
	INSERT INTO movie_actors (movie_id, actor_id)
	  SELECT 36, actor_id FROM actors WHERE name='Lý Diên Phong' LIMIT 1;
	INSERT IGNORE INTO actors (name) VALUES ('Trác Nghệ Trần');
	INSERT INTO movie_actors (movie_id, actor_id)
	  SELECT 36, actor_id FROM actors WHERE name='Trác Nghệ Trần' LIMIT 1;
	INSERT IGNORE INTO actors (name) VALUES ('Trương Tế');
	INSERT INTO movie_actors (movie_id, actor_id)
	  SELECT 36, actor_id FROM actors WHERE name='Trương Tế' LIMIT 1;
	INSERT IGNORE INTO directors (name) VALUES ('Thẩm Kỳ Viễn');
	INSERT INTO movie_directors (movie_id, director_id)
	  SELECT 36, director_id FROM directors WHERE name='Thẩm Kỳ Viễn' LIMIT 1;
	INSERT INTO episodes (movie_id, name, video_url)
	  VALUES (36, 'Tập 01', 'https://player.phimapi.com/player/?url=https://s6.kkphimplayer6.com/20250917/XRaU22b5/index.m3u8');
	INSERT INTO episodes (movie_id, name, video_url)
	  VALUES (36, 'Tập 02', 'https://player.phimapi.com/player/?url=https://s6.kkphimplayer6.com/20250917/p6ddYRv6/index.m3u8');
	INSERT INTO episodes (movie_id, name, video_url)
	  VALUES (36, 'Tập 03', 'https://player.phimapi.com/player/?url=https://s6.kkphimplayer6.com/20250917/RjvDCHNu/index.m3u8');
	INSERT INTO episodes (movie_id, name, video_url)
	  VALUES (36, 'Tập 04', 'https://player.phimapi.com/player/?url=https://s6.kkphimplayer6.com/20250917/L5hZiLfV/index.m3u8');
	INSERT INTO episodes (movie_id, name, video_url)
	  VALUES (36, 'Tập 05', 'https://player.phimapi.com/player/?url=https://s6.kkphimplayer6.com/20250917/q3wOZkQk/index.m3u8');
	INSERT INTO episodes (movie_id, name, video_url)
	  VALUES (36, 'Tập 06', 'https://player.phimapi.com/player/?url=https://s6.kkphimplayer6.com/20250917/tzoDZMP4/index.m3u8');
	INSERT INTO episodes (movie_id, name, video_url)
	  VALUES (36, 'Tập 07', 'https://player.phimapi.com/player/?url=https://s6.kkphimplayer6.com/20250917/eXqzQcc9/index.m3u8');
	INSERT INTO episodes (movie_id, name, video_url)
	  VALUES (36, 'Tập 08', 'https://player.phimapi.com/player/?url=https://s6.kkphimplayer6.com/20250917/y9Jlc900/index.m3u8');
	INSERT INTO episodes (movie_id, name, video_url)
	  VALUES (36, 'Tập 09', 'https://player.phimapi.com/player/?url=https://s6.kkphimplayer6.com/20250918/XjrDExkn/index.m3u8');
	INSERT INTO episodes (movie_id, name, video_url)
	  VALUES (36, 'Tập 10', 'https://player.phimapi.com/player/?url=https://s6.kkphimplayer6.com/20250918/wotZtJq4/index.m3u8');
	INSERT INTO episodes (movie_id, name, video_url)
	  VALUES (36, 'Tập 11', 'https://player.phimapi.com/player/?url=https://s6.kkphimplayer6.com/20250919/G9XgfS8U/index.m3u8');
	INSERT INTO episodes (movie_id, name, video_url)
	  VALUES (36, 'Tập 12', 'https://player.phimapi.com/player/?url=https://s6.kkphimplayer6.com/20250919/dhulK5NP/index.m3u8');
	INSERT INTO episodes (movie_id, name, video_url)
	  VALUES (36, 'Tập 13', 'https://player.phimapi.com/player/?url=https://s6.kkphimplayer6.com/20250920/ZZUbwcLG/index.m3u8');
	INSERT INTO episodes (movie_id, name, video_url)
	  VALUES (36, 'Tập 14', 'https://player.phimapi.com/player/?url=https://s6.kkphimplayer6.com/20250920/7C0cEpfq/index.m3u8');
	INSERT INTO episodes (movie_id, name, video_url)
	  VALUES (36, 'Tập 15', 'https://player.phimapi.com/player/?url=https://s6.kkphimplayer6.com/20250921/N803GtyN/index.m3u8');
	INSERT INTO episodes (movie_id, name, video_url)
	  VALUES (36, 'Tập 16', 'https://player.phimapi.com/player/?url=https://s6.kkphimplayer6.com/20250921/pX1jbdup/index.m3u8');
	INSERT INTO episodes (movie_id, name, video_url)
	  VALUES (36, 'Tập 17', 'https://player.phimapi.com/player/?url=https://s6.kkphimplayer6.com/20250922/59wHJA2B/index.m3u8');
	INSERT INTO episodes (movie_id, name, video_url)
	  VALUES (36, 'Tập 18', 'https://player.phimapi.com/player/?url=https://s6.kkphimplayer6.com/20250922/eNJtJ8LL/index.m3u8');
	INSERT INTO episodes (movie_id, name, video_url)
	  VALUES (36, 'Tập 19', 'https://player.phimapi.com/player/?url=https://s6.kkphimplayer6.com/20250925/0GPQUcN3/index.m3u8');
	INSERT INTO episodes (movie_id, name, video_url)
	  VALUES (36, 'Tập 20', 'https://player.phimapi.com/player/?url=https://s6.kkphimplayer6.com/20250925/1K2eJHlY/index.m3u8');
	INSERT INTO episodes (movie_id, name, video_url)
	  VALUES (36, 'Tập 21', 'https://player.phimapi.com/player/?url=https://s6.kkphimplayer6.com/20250925/M3832537/index.m3u8');
	INSERT INTO episodes (movie_id, name, video_url)
	  VALUES (36, 'Tập 22', 'https://player.phimapi.com/player/?url=https://s6.kkphimplayer6.com/20250923/0D4VoFPP/index.m3u8');
	INSERT INTO episodes (movie_id, name, video_url)
	  VALUES (36, 'Tập 23', 'https://player.phimapi.com/player/?url=https://s6.kkphimplayer6.com/20250923/oNZxyzX7/index.m3u8');
	INSERT INTO episodes (movie_id, name, video_url)
	  VALUES (36, 'Tập 24', 'https://player.phimapi.com/player/?url=https://s6.kkphimplayer6.com/20250923/A9VWZrtq/index.m3u8');
	INSERT INTO episodes (movie_id, name, video_url)
	  VALUES (36, 'Tập 01', 'https://player.phimapi.com/player/?url=https://s6.kkphimplayer6.com/20250917/S78zX58S/index.m3u8');
	INSERT INTO episodes (movie_id, name, video_url)
	  VALUES (36, 'Tập 02', 'https://player.phimapi.com/player/?url=https://s6.kkphimplayer6.com/20250917/BrsGjl8A/index.m3u8');
	INSERT INTO episodes (movie_id, name, video_url)
	  VALUES (36, 'Tập 03', 'https://player.phimapi.com/player/?url=https://s6.kkphimplayer6.com/20250917/t17gwlb6/index.m3u8');
	INSERT INTO episodes (movie_id, name, video_url)
	  VALUES (36, 'Tập 04', 'https://player.phimapi.com/player/?url=https://s6.kkphimplayer6.com/20250917/1nr00Sw8/index.m3u8');
	INSERT INTO episodes (movie_id, name, video_url)
	  VALUES (36, 'Tập 05', 'https://player.phimapi.com/player/?url=https://s6.kkphimplayer6.com/20250917/lGGj2egp/index.m3u8');
	INSERT INTO episodes (movie_id, name, video_url)
	  VALUES (36, 'Tập 06', 'https://player.phimapi.com/player/?url=https://s6.kkphimplayer6.com/20250917/X4IM6h2m/index.m3u8');
	INSERT INTO episodes (movie_id, name, video_url)
	  VALUES (36, 'Tập 07', 'https://player.phimapi.com/player/?url=https://s6.kkphimplayer6.com/20250917/VWtv9wBR/index.m3u8');
	INSERT INTO episodes (movie_id, name, video_url)
	  VALUES (36, 'Tập 08', 'https://player.phimapi.com/player/?url=https://s6.kkphimplayer6.com/20250917/RGBZ4OGO/index.m3u8');
	INSERT INTO episodes (movie_id, name, video_url)
	  VALUES (36, 'Tập 09', 'https://player.phimapi.com/player/?url=https://s6.kkphimplayer6.com/20250918/rHmkZGQF/index.m3u8');
	INSERT INTO episodes (movie_id, name, video_url)
	  VALUES (36, 'Tập 10', 'https://player.phimapi.com/player/?url=https://s6.kkphimplayer6.com/20250918/gOSrZJ1R/index.m3u8');
	INSERT INTO episodes (movie_id, name, video_url)
	  VALUES (36, 'Tập 11', 'https://player.phimapi.com/player/?url=https://s6.kkphimplayer6.com/20250919/cUqICbOv/index.m3u8');
	INSERT INTO episodes (movie_id, name, video_url)
	  VALUES (36, 'Tập 12', 'https://player.phimapi.com/player/?url=https://s6.kkphimplayer6.com/20250919/BTG2BI1m/index.m3u8');
	INSERT INTO episodes (movie_id, name, video_url)
	  VALUES (36, 'Tập 13', 'https://player.phimapi.com/player/?url=https://s6.kkphimplayer6.com/20250920/COD8GCC3/index.m3u8');
	INSERT INTO episodes (movie_id, name, video_url)
	  VALUES (36, 'Tập 14', 'https://player.phimapi.com/player/?url=https://s6.kkphimplayer6.com/20250920/SqRmyYXF/index.m3u8');
	INSERT INTO episodes (movie_id, name, video_url)
	  VALUES (36, 'Tập 15', 'https://player.phimapi.com/player/?url=https://s6.kkphimplayer6.com/20250921/shBrGp9s/index.m3u8');
	INSERT INTO episodes (movie_id, name, video_url)
	  VALUES (36, 'Tập 16', 'https://player.phimapi.com/player/?url=https://s6.kkphimplayer6.com/20250921/Bgf4tUAw/index.m3u8');
	INSERT INTO episodes (movie_id, name, video_url)
	  VALUES (36, 'Tập 17', 'https://player.phimapi.com/player/?url=https://s6.kkphimplayer6.com/20250922/V5gm1Vh9/index.m3u8');
	INSERT INTO episodes (movie_id, name, video_url)
	  VALUES (36, 'Tập 18', 'https://player.phimapi.com/player/?url=https://s6.kkphimplayer6.com/20250922/FXHDgyri/index.m3u8');
	INSERT INTO episodes (movie_id, name, video_url)
	  VALUES (36, 'Tập 19', 'https://player.phimapi.com/player/?url=https://s6.kkphimplayer6.com/20250925/vSlBaKcS/index.m3u8');
	INSERT INTO episodes (movie_id, name, video_url)
	  VALUES (36, 'Tập 20', 'https://player.phimapi.com/player/?url=https://s6.kkphimplayer6.com/20250925/K89fwZPE/index.m3u8');
	INSERT INTO episodes (movie_id, name, video_url)
	  VALUES (36, 'Tập 21', 'https://player.phimapi.com/player/?url=https://s6.kkphimplayer6.com/20250925/SYZT25jl/index.m3u8');

	-- Movie: Khúc Từ Biệt Trước Gương
	INSERT INTO movies (movie_id, title, description, release_date, poster_url, thumb_url, status)
	VALUES (37, 'Khúc Từ Biệt Trước Gương', 'Chu Nhược Hề từ bỏ tình yêu với Lý Yến để theo đuổi tham vọng và kết hôn với Thái tử, nhưng mưu mô cung đình dẫn đến cái chết của cả hai. Khi cuộc sống quay trở lại điểm khởi đầu, Chu Nhược Hề quyết tâm sửa sai và bảo vệ Lý Yến, chỉ để nhận ra kẻ thù lớn nhất chính là bản thân mình ba năm trước.', '2025', 'https://phimimg.com/upload/vod/20250921-1/d0b150c300424223c6124bb4c1526fff.jpg', 'https://phimimg.com/upload/vod/20250921-1/a3fecf59627620c4f79879354be8d6ca.jpg', 'showing');
	UPDATE movies SET country='Trung Quốc', language='Vietsub', trailer_url='https://www.youtube.com/watch?v=A11TcGX1k64' WHERE movie_id=37;
	INSERT IGNORE INTO genres (name) VALUES ('Chính Kịch');
	INSERT INTO movie_genres (movie_id, genre_id)
	  SELECT 37, genre_id FROM genres WHERE name='Chính Kịch' LIMIT 1;
	INSERT IGNORE INTO genres (name) VALUES ('Cổ Trang');
	INSERT INTO movie_genres (movie_id, genre_id)
	  SELECT 37, genre_id FROM genres WHERE name='Cổ Trang' LIMIT 1;
	INSERT IGNORE INTO genres (name) VALUES ('Tình Cảm');
	INSERT INTO movie_genres (movie_id, genre_id)
	  SELECT 37, genre_id FROM genres WHERE name='Tình Cảm' LIMIT 1;
	INSERT IGNORE INTO genres (name) VALUES ('Tâm Lý');
	INSERT INTO movie_genres (movie_id, genre_id)
	  SELECT 37, genre_id FROM genres WHERE name='Tâm Lý' LIMIT 1;
	INSERT IGNORE INTO actors (name) VALUES ('Trần Dao');
	INSERT INTO movie_actors (movie_id, actor_id)
	  SELECT 37, actor_id FROM actors WHERE name='Trần Dao' LIMIT 1;
	INSERT IGNORE INTO actors (name) VALUES ('Toàn Y Luân');
	INSERT INTO movie_actors (movie_id, actor_id)
	  SELECT 37, actor_id FROM actors WHERE name='Toàn Y Luân' LIMIT 1;
	INSERT IGNORE INTO actors (name) VALUES ('Hòa Phụng Thiên');
	INSERT INTO movie_actors (movie_id, actor_id)
	  SELECT 37, actor_id FROM actors WHERE name='Hòa Phụng Thiên' LIMIT 1;
	INSERT IGNORE INTO actors (name) VALUES ('Thái Trác Âm');
	INSERT INTO movie_actors (movie_id, actor_id)
	  SELECT 37, actor_id FROM actors WHERE name='Thái Trác Âm' LIMIT 1;
	INSERT IGNORE INTO actors (name) VALUES ('Diêu Trác Quân');
	INSERT INTO movie_actors (movie_id, actor_id)
	  SELECT 37, actor_id FROM actors WHERE name='Diêu Trác Quân' LIMIT 1;
	INSERT IGNORE INTO actors (name) VALUES ('Lý Khải Văn');
	INSERT INTO movie_actors (movie_id, actor_id)
	  SELECT 37, actor_id FROM actors WHERE name='Lý Khải Văn' LIMIT 1;
	INSERT IGNORE INTO actors (name) VALUES ('Trương Viện Ngọc');
	INSERT INTO movie_actors (movie_id, actor_id)
	  SELECT 37, actor_id FROM actors WHERE name='Trương Viện Ngọc' LIMIT 1;
	INSERT IGNORE INTO directors (name) VALUES ('Lam Chí Vĩ');
	INSERT INTO movie_directors (movie_id, director_id)
	  SELECT 37, director_id FROM directors WHERE name='Lam Chí Vĩ' LIMIT 1;
	INSERT IGNORE INTO directors (name) VALUES ('Trình Vĩ Tuấn');
	INSERT INTO movie_directors (movie_id, director_id)
	  SELECT 37, director_id FROM directors WHERE name='Trình Vĩ Tuấn' LIMIT 1;
	INSERT INTO episodes (movie_id, name, video_url)
	  VALUES (37, 'Tập 01', 'https://player.phimapi.com/player/?url=https://s6.kkphimplayer6.com/20250919/GhDDRumP/index.m3u8');
	INSERT INTO episodes (movie_id, name, video_url)
	  VALUES (37, 'Tập 02', 'https://player.phimapi.com/player/?url=https://s6.kkphimplayer6.com/20250919/HFtti6QD/index.m3u8');
	INSERT INTO episodes (movie_id, name, video_url)
	  VALUES (37, 'Tập 03', 'https://player.phimapi.com/player/?url=https://s6.kkphimplayer6.com/20250919/QhK36dpy/index.m3u8');
	INSERT INTO episodes (movie_id, name, video_url)
	  VALUES (37, 'Tập 04', 'https://player.phimapi.com/player/?url=https://s6.kkphimplayer6.com/20250919/UF4lUx7T/index.m3u8');
	INSERT INTO episodes (movie_id, name, video_url)
	  VALUES (37, 'Tập 05', 'https://player.phimapi.com/player/?url=https://s6.kkphimplayer6.com/20250921/bNb6l9yV/index.m3u8');
	INSERT INTO episodes (movie_id, name, video_url)
	  VALUES (37, 'Tập 06', 'https://player.phimapi.com/player/?url=https://s6.kkphimplayer6.com/20250921/0Io4KdqJ/index.m3u8');
	INSERT INTO episodes (movie_id, name, video_url)
	  VALUES (37, 'Tập 07', 'https://player.phimapi.com/player/?url=https://s6.kkphimplayer6.com/20250921/ztrP26ey/index.m3u8');
	INSERT INTO episodes (movie_id, name, video_url)
	  VALUES (37, 'Tập 08', 'https://player.phimapi.com/player/?url=https://s6.kkphimplayer6.com/20250921/ZHRpaClK/index.m3u8');
	INSERT INTO episodes (movie_id, name, video_url)
	  VALUES (37, 'Tập 09', 'https://player.phimapi.com/player/?url=https://s6.kkphimplayer6.com/20250922/FPGm6UJS/index.m3u8');
	INSERT INTO episodes (movie_id, name, video_url)
	  VALUES (37, 'Tập 10', 'https://player.phimapi.com/player/?url=https://s6.kkphimplayer6.com/20250922/TU1VGZsn/index.m3u8');
	INSERT INTO episodes (movie_id, name, video_url)
	  VALUES (37, 'Tập 11', 'https://player.phimapi.com/player/?url=https://s6.kkphimplayer6.com/20250924/xg0PE6xH/index.m3u8');
	INSERT INTO episodes (movie_id, name, video_url)
	  VALUES (37, 'Tập 12', 'https://player.phimapi.com/player/?url=https://s6.kkphimplayer6.com/20250924/PQ4t8zgz/index.m3u8');
	INSERT INTO episodes (movie_id, name, video_url)
	  VALUES (37, 'Tập 13', 'https://player.phimapi.com/player/?url=https://s6.kkphimplayer6.com/20250925/wsmG8YRZ/index.m3u8');

	-- Movie: Phân Phương Hỉ Sự
	INSERT INTO movies (movie_id, title, description, release_date, poster_url, thumb_url, status)
	VALUES (38, 'Phân Phương Hỉ Sự', 'Ngải Tứ Hỷ, cô chủ quán trọ là người kiên quyết theo đuổi &quot;chủ nghĩa độc thân&quot;, nhưng vì một vụ kiện trời ơi đất hỡi, nàng bất ngờ trở thành &quot;trường hợp điểm&quot; của quan phủ trong chiến dịch dẹp bỏ chủ nghĩa này. Là người từng chịu ơn Tứ Hỷ, Kinh Khảm buộc phải cưới nàng để giúp nàng thoát khỏi rắc rối. Tưởng rằng sau khi thành thân, hai người có thể &quot;đường ai nấy đi&quot; êm đẹp, nhưng ai ngờ cặp phu thê bất đắc dĩ này lại bị cuốn vào cuộc đấu đá giành quyền lực trong nhà họ Kinh, một gia tộc chuyên làm trà cống cho triều đình. Nhà họ Kinh mỗi người một vẻ: Lão tổ mẫu Ngụy Quân Nhất thoạt nhìn trông chẳng để ý sự đời, bên trong lại âm thầm hiểu hết mọi chuyện. Đích mẫu của Kinh Khảm, La Chu Tứ đam mê quyền lực, âm hiểm, độc ác, vô tình. Đại tỷ Kinh Trân Châu kiêu kỳ, đỏng đảnh, tự cho mình là nhất. Tỳ nữ Lã Kiều Nga ham hư vinh, miệng ngọt chết ruồi, vô cùng giả tạo. Đệ đệ La A Cát, gã công tử bột ngạo mạn, coi trời bằng vung.', '2025', 'https://phimimg.com/upload/vod/20250922-1/cf8cdaf398fb9283a99d692d085b78d9.jpg', 'https://phimimg.com/upload/vod/20250922-1/151e59b6fba3bbc0d0816990f907c5fe.jpg', 'showing');
	UPDATE movies SET country='Trung Quốc', language='Vietsub', trailer_url='https://www.youtube.com/watch?v=g6v7LGyF3r8' WHERE movie_id=38;
	INSERT IGNORE INTO genres (name) VALUES ('Hài Hước');
	INSERT INTO movie_genres (movie_id, genre_id)
	  SELECT 38, genre_id FROM genres WHERE name='Hài Hước' LIMIT 1;
	INSERT IGNORE INTO genres (name) VALUES ('Cổ Trang');
	INSERT INTO movie_genres (movie_id, genre_id)
	  SELECT 38, genre_id FROM genres WHERE name='Cổ Trang' LIMIT 1;
	INSERT IGNORE INTO genres (name) VALUES ('Tình Cảm');
	INSERT INTO movie_genres (movie_id, genre_id)
	  SELECT 38, genre_id FROM genres WHERE name='Tình Cảm' LIMIT 1;
	INSERT IGNORE INTO genres (name) VALUES ('Tâm Lý');
	INSERT INTO movie_genres (movie_id, genre_id)
	  SELECT 38, genre_id FROM genres WHERE name='Tâm Lý' LIMIT 1;
	INSERT IGNORE INTO actors (name) VALUES ('Lạt Mục Dương Tử');
	INSERT INTO movie_actors (movie_id, actor_id)
	  SELECT 38, actor_id FROM actors WHERE name='Lạt Mục Dương Tử' LIMIT 1;
	INSERT IGNORE INTO actors (name) VALUES ('Hà Trại Phi');
	INSERT INTO movie_actors (movie_id, actor_id)
	  SELECT 38, actor_id FROM actors WHERE name='Hà Trại Phi' LIMIT 1;
	INSERT IGNORE INTO actors (name) VALUES ('Nhậm Hào');
	INSERT INTO movie_actors (movie_id, actor_id)
	  SELECT 38, actor_id FROM actors WHERE name='Nhậm Hào' LIMIT 1;
	INSERT IGNORE INTO actors (name) VALUES ('Xướng Long');
	INSERT INTO movie_actors (movie_id, actor_id)
	  SELECT 38, actor_id FROM actors WHERE name='Xướng Long' LIMIT 1;
	INSERT IGNORE INTO actors (name) VALUES ('Tào Thúy Vân');
	INSERT INTO movie_actors (movie_id, actor_id)
	  SELECT 38, actor_id FROM actors WHERE name='Tào Thúy Vân' LIMIT 1;
	INSERT IGNORE INTO actors (name) VALUES ('Phạm Soái Kỳ');
	INSERT INTO movie_actors (movie_id, actor_id)
	  SELECT 38, actor_id FROM actors WHERE name='Phạm Soái Kỳ' LIMIT 1;
	INSERT IGNORE INTO actors (name) VALUES ('Chùy Na Lệ Sa');
	INSERT INTO movie_actors (movie_id, actor_id)
	  SELECT 38, actor_id FROM actors WHERE name='Chùy Na Lệ Sa' LIMIT 1;
	INSERT IGNORE INTO actors (name) VALUES ('Trương Nhã Manh');
	INSERT INTO movie_actors (movie_id, actor_id)
	  SELECT 38, actor_id FROM actors WHERE name='Trương Nhã Manh' LIMIT 1;
	INSERT IGNORE INTO actors (name) VALUES ('Vương Sơn Thủy');
	INSERT INTO movie_actors (movie_id, actor_id)
	  SELECT 38, actor_id FROM actors WHERE name='Vương Sơn Thủy' LIMIT 1;
	INSERT IGNORE INTO actors (name) VALUES ('Vương Hâm Đình');
	INSERT INTO movie_actors (movie_id, actor_id)
	  SELECT 38, actor_id FROM actors WHERE name='Vương Hâm Đình' LIMIT 1;
	INSERT IGNORE INTO actors (name) VALUES ('Lý Điện Tôn');
	INSERT INTO movie_actors (movie_id, actor_id)
	  SELECT 38, actor_id FROM actors WHERE name='Lý Điện Tôn' LIMIT 1;
	INSERT IGNORE INTO actors (name) VALUES ('Lý Hải Ngân');
	INSERT INTO movie_actors (movie_id, actor_id)
	  SELECT 38, actor_id FROM actors WHERE name='Lý Hải Ngân' LIMIT 1;
	INSERT IGNORE INTO actors (name) VALUES ('Lưu Lâm');
	INSERT INTO movie_actors (movie_id, actor_id)
	  SELECT 38, actor_id FROM actors WHERE name='Lưu Lâm' LIMIT 1;
	INSERT IGNORE INTO actors (name) VALUES ('Lý Giai Hàng');
	INSERT INTO movie_actors (movie_id, actor_id)
	  SELECT 38, actor_id FROM actors WHERE name='Lý Giai Hàng' LIMIT 1;
	INSERT IGNORE INTO actors (name) VALUES ('Ngô Giai Di');
	INSERT INTO movie_actors (movie_id, actor_id)
	  SELECT 38, actor_id FROM actors WHERE name='Ngô Giai Di' LIMIT 1;
	INSERT IGNORE INTO actors (name) VALUES ('Lưu Khôn');
	INSERT INTO movie_actors (movie_id, actor_id)
	  SELECT 38, actor_id FROM actors WHERE name='Lưu Khôn' LIMIT 1;
	INSERT IGNORE INTO actors (name) VALUES ('Lưu Tiểu Bắc');
	INSERT INTO movie_actors (movie_id, actor_id)
	  SELECT 38, actor_id FROM actors WHERE name='Lưu Tiểu Bắc' LIMIT 1;
	INSERT IGNORE INTO directors (name) VALUES ('Lý Á Phi');
	INSERT INTO movie_directors (movie_id, director_id)
	  SELECT 38, director_id FROM directors WHERE name='Lý Á Phi' LIMIT 1;
	INSERT INTO episodes (movie_id, name, video_url)
	  VALUES (38, 'Tập 01', 'https://player.phimapi.com/player/?url=https://s6.kkphimplayer6.com/20250922/37uBGjQP/index.m3u8');
	INSERT INTO episodes (movie_id, name, video_url)
	  VALUES (38, 'Tập 02', 'https://player.phimapi.com/player/?url=https://s6.kkphimplayer6.com/20250922/ohYbZuw8/index.m3u8');
	INSERT INTO episodes (movie_id, name, video_url)
	  VALUES (38, 'Tập 03', 'https://player.phimapi.com/player/?url=https://s6.kkphimplayer6.com/20250922/VDrSrMVy/index.m3u8');
	INSERT INTO episodes (movie_id, name, video_url)
	  VALUES (38, 'Tập 04', 'https://player.phimapi.com/player/?url=https://s6.kkphimplayer6.com/20250922/G92GdARx/index.m3u8');
	INSERT INTO episodes (movie_id, name, video_url)
	  VALUES (38, 'Tập 05', 'https://player.phimapi.com/player/?url=https://s6.kkphimplayer6.com/20250923/sp7CaCky/index.m3u8');
	INSERT INTO episodes (movie_id, name, video_url)
	  VALUES (38, 'Tập 06', 'https://player.phimapi.com/player/?url=https://s6.kkphimplayer6.com/20250923/giIurfGg/index.m3u8');
	INSERT INTO episodes (movie_id, name, video_url)
	  VALUES (38, 'Tập 07', 'https://player.phimapi.com/player/?url=https://s6.kkphimplayer6.com/20250924/cwbdzEFo/index.m3u8');
	INSERT INTO episodes (movie_id, name, video_url)
	  VALUES (38, 'Tập 08', 'https://player.phimapi.com/player/?url=https://s6.kkphimplayer6.com/20250924/zaFQyw3O/index.m3u8');
	INSERT INTO episodes (movie_id, name, video_url)
	  VALUES (38, 'Tập 09', 'https://player.phimapi.com/player/?url=https://s6.kkphimplayer6.com/20250925/uO0KyWMC/index.m3u8');
	INSERT INTO episodes (movie_id, name, video_url)
	  VALUES (38, 'Tập 10', 'https://player.phimapi.com/player/?url=https://s6.kkphimplayer6.com/20250925/EKAkcRzz/index.m3u8');

	-- Movie: Đuổi Theo Cánh Bướm
	INSERT INTO movies (movie_id, title, description, release_date, poster_url, thumb_url, status)
	VALUES (39, 'Đuổi Theo Cánh Bướm', 'Lâm Du và Đinh Sùng Hy từ thời cấp ba đã mang mối tình mập mờ cho đến khi vào đại học. Một vụ tai nạn giao thông khiến Lâm Du rơi vào hôn mê bất tỉnh. Đinh Sùng Hy đã dùng trí tuệ nhân tạo để tải ý thức của cô vào thế giới ảo, hy vọng có thể thông qua việc tạo mộng mà đánh thức cô dậy. Trong thế giới ảo, anh nhiều lần gặp lại Lâm Du dưới vai trò người dẫn đường. Thế nhưng, Lâm Du liên tục chạm phải những ký ức đau thương, khiến kịch bản trong thế giới ảo nhiều lần sụp đổ. Khi thể trạng Lâm Du dần cạn kiệt, định mệnh đã an bài hai người phải chia xa vĩnh viễn. Trước lúc ra đi, Lâm Du lần lượt nói lời tạm biệt với những người mình từng yêu thương.', '2025', 'https://phimimg.com/upload/vod/20250924-1/57b503eff6b1061ec60e41b51799ad3d.jpg', 'https://phimimg.com/upload/vod/20250924-1/3280b79c317562cbd2e61a18997bcc6e.jpg', 'showing');
	UPDATE movies SET country='Trung Quốc', language='Vietsub', trailer_url=NULL WHERE movie_id=39;
	INSERT IGNORE INTO genres (name) VALUES ('Chính Kịch');
	INSERT INTO movie_genres (movie_id, genre_id)
	  SELECT 39, genre_id FROM genres WHERE name='Chính Kịch' LIMIT 1;
	INSERT IGNORE INTO genres (name) VALUES ('Tình Cảm');
	INSERT INTO movie_genres (movie_id, genre_id)
	  SELECT 39, genre_id FROM genres WHERE name='Tình Cảm' LIMIT 1;
	INSERT IGNORE INTO genres (name) VALUES ('Tâm Lý');
	INSERT INTO movie_genres (movie_id, genre_id)
	  SELECT 39, genre_id FROM genres WHERE name='Tâm Lý' LIMIT 1;
	INSERT IGNORE INTO actors (name) VALUES ('Wang Xingwei');
	INSERT INTO movie_actors (movie_id, actor_id)
	  SELECT 39, actor_id FROM actors WHERE name='Wang Xingwei' LIMIT 1;
	INSERT IGNORE INTO actors (name) VALUES ('Gong Fangni');
	INSERT INTO movie_actors (movie_id, actor_id)
	  SELECT 39, actor_id FROM actors WHERE name='Gong Fangni' LIMIT 1;
	INSERT IGNORE INTO actors (name) VALUES ('Jin Pengbo');
	INSERT INTO movie_actors (movie_id, actor_id)
	  SELECT 39, actor_id FROM actors WHERE name='Jin Pengbo' LIMIT 1;
	INSERT IGNORE INTO actors (name) VALUES ('Peng Yihang');
	INSERT INTO movie_actors (movie_id, actor_id)
	  SELECT 39, actor_id FROM actors WHERE name='Peng Yihang' LIMIT 1;
	INSERT IGNORE INTO directors (name) VALUES ('Đang cập nhật');
	INSERT INTO movie_directors (movie_id, director_id)
	  SELECT 39, director_id FROM directors WHERE name='Đang cập nhật' LIMIT 1;
	INSERT INTO episodes (movie_id, name, video_url)
	  VALUES (39, 'Tập 01', 'https://player.phimapi.com/player/?url=https://s6.kkphimplayer6.com/20250923/XSfuMNQr/index.m3u8');
	INSERT INTO episodes (movie_id, name, video_url)
	  VALUES (39, 'Tập 02', 'https://player.phimapi.com/player/?url=https://s6.kkphimplayer6.com/20250923/E788IAAC/index.m3u8');
	INSERT INTO episodes (movie_id, name, video_url)
	  VALUES (39, 'Tập 03', 'https://player.phimapi.com/player/?url=https://s6.kkphimplayer6.com/20250923/jd05SMS0/index.m3u8');
	INSERT INTO episodes (movie_id, name, video_url)
	  VALUES (39, 'Tập 04', 'https://player.phimapi.com/player/?url=https://s6.kkphimplayer6.com/20250923/IP71fsTF/index.m3u8');
	INSERT INTO episodes (movie_id, name, video_url)
	  VALUES (39, 'Tập 05', 'https://player.phimapi.com/player/?url=https://s6.kkphimplayer6.com/20250923/6h7jSF4E/index.m3u8');
	INSERT INTO episodes (movie_id, name, video_url)
	  VALUES (39, 'Tập 06', 'https://player.phimapi.com/player/?url=https://s6.kkphimplayer6.com/20250923/IcFCRqSU/index.m3u8');
	INSERT INTO episodes (movie_id, name, video_url)
	  VALUES (39, 'Tập 07', 'https://player.phimapi.com/player/?url=https://s6.kkphimplayer6.com/20250923/ohpeFANL/index.m3u8');
	INSERT INTO episodes (movie_id, name, video_url)
	  VALUES (39, 'Tập 08', 'https://player.phimapi.com/player/?url=https://s6.kkphimplayer6.com/20250923/n0rgV1f8/index.m3u8');
	INSERT INTO episodes (movie_id, name, video_url)
	  VALUES (39, 'Tập 09', 'https://player.phimapi.com/player/?url=https://s6.kkphimplayer6.com/20250923/HNnOjeL3/index.m3u8');
	INSERT INTO episodes (movie_id, name, video_url)
	  VALUES (39, 'Tập 10', 'https://player.phimapi.com/player/?url=https://s6.kkphimplayer6.com/20250923/lfKtT5BR/index.m3u8');
	INSERT INTO episodes (movie_id, name, video_url)
	  VALUES (39, 'Tập 11', 'https://player.phimapi.com/player/?url=https://s6.kkphimplayer6.com/20250923/egisHGiG/index.m3u8');
	INSERT INTO episodes (movie_id, name, video_url)
	  VALUES (39, 'Tập 12', 'https://player.phimapi.com/player/?url=https://s6.kkphimplayer6.com/20250923/oSXgm7qU/index.m3u8');
	INSERT INTO episodes (movie_id, name, video_url)
	  VALUES (39, 'Tập 13', 'https://player.phimapi.com/player/?url=https://s6.kkphimplayer6.com/20250924/xbET0B2i/index.m3u8');
	INSERT INTO episodes (movie_id, name, video_url)
	  VALUES (39, 'Tập 14', 'https://player.phimapi.com/player/?url=https://s6.kkphimplayer6.com/20250924/hRzTFdmw/index.m3u8');
	INSERT INTO episodes (movie_id, name, video_url)
	  VALUES (39, 'Tập 15', 'https://player.phimapi.com/player/?url=https://s6.kkphimplayer6.com/20250924/SvfGUtvQ/index.m3u8');
	INSERT INTO episodes (movie_id, name, video_url)
	  VALUES (39, 'Tập 16', 'https://player.phimapi.com/player/?url=https://s6.kkphimplayer6.com/20250924/5uSpdmI4/index.m3u8');
	INSERT INTO episodes (movie_id, name, video_url)
	  VALUES (39, 'Tập 17', 'https://player.phimapi.com/player/?url=https://s6.kkphimplayer6.com/20250925/zKxheY3O/index.m3u8');
	INSERT INTO episodes (movie_id, name, video_url)
	  VALUES (39, 'Tập 18', 'https://player.phimapi.com/player/?url=https://s6.kkphimplayer6.com/20250925/xi4lLSC3/index.m3u8');
	INSERT INTO episodes (movie_id, name, video_url)
	  VALUES (39, 'Tập 19', 'https://player.phimapi.com/player/?url=https://s6.kkphimplayer6.com/20250925/yMrLsOOi/index.m3u8');
	INSERT INTO episodes (movie_id, name, video_url)
	  VALUES (39, 'Tập 20', 'https://player.phimapi.com/player/?url=https://s6.kkphimplayer6.com/20250925/zOpzr9Tb/index.m3u8');

	-- Movie: Bạch Dạ Thần Duyên Khởi Tam Sinh
	INSERT INTO movies (movie_id, title, description, release_date, poster_url, thumb_url, status)
	VALUES (40, 'Bạch Dạ Thần Duyên Khởi Tam Sinh', 'Bạch Tiểu Huỳnh từ nhỏ đã bị xem là ác ma, đã tu luyện thành tiên để báo thù cho cái chết của cha. Cô bị ràng buộc linh hồn với Dạ Thần - Dạ Thần Uyên, và dần nảy sinh tình cảm với anh. Dạ Thần Uyên đã hy sinh bản thân để giúp cô thức tỉnh, vạch trần âm mưu thao túng Dạ Thần của Tiên Vương. Với sự giúp đỡ của mọi người, Bạch Tiểu Huỳnh đã giết chết Tiên Chúa và kết liễu mạng sống của Dạ Thần. Dạ Thần Uyên hóa thành kiếm linh và tan biến, để lại Bạch Tiểu Huỳnh chờ đợi ngàn năm để được trọng sinh.', '2025', 'https://phimimg.com/upload/vod/20250915-1/68947ac2e1115cca6cfae6a946020be0.jpg', 'https://phimimg.com/upload/vod/20250915-1/49258418154f8c673a5bdec4e2abb11d.jpg', 'showing');
	UPDATE movies SET country='Trung Quốc', language='Vietsub', trailer_url='https://www.youtube.com/watch?v=B6EB89HP68s' WHERE movie_id=40;
	INSERT IGNORE INTO genres (name) VALUES ('Chính Kịch');
	INSERT INTO movie_genres (movie_id, genre_id)
	  SELECT 40, genre_id FROM genres WHERE name='Chính Kịch' LIMIT 1;
	INSERT IGNORE INTO genres (name) VALUES ('Cổ Trang');
	INSERT INTO movie_genres (movie_id, genre_id)
	  SELECT 40, genre_id FROM genres WHERE name='Cổ Trang' LIMIT 1;
	INSERT IGNORE INTO genres (name) VALUES ('Tình Cảm');
	INSERT INTO movie_genres (movie_id, genre_id)
	  SELECT 40, genre_id FROM genres WHERE name='Tình Cảm' LIMIT 1;
	INSERT IGNORE INTO genres (name) VALUES ('Tâm Lý');
	INSERT INTO movie_genres (movie_id, genre_id)
	  SELECT 40, genre_id FROM genres WHERE name='Tâm Lý' LIMIT 1;
	INSERT IGNORE INTO actors (name) VALUES ('Vương Tử Dị');
	INSERT INTO movie_actors (movie_id, actor_id)
	  SELECT 40, actor_id FROM actors WHERE name='Vương Tử Dị' LIMIT 1;
	INSERT IGNORE INTO actors (name) VALUES ('Tất Dục Thần');
	INSERT INTO movie_actors (movie_id, actor_id)
	  SELECT 40, actor_id FROM actors WHERE name='Tất Dục Thần' LIMIT 1;
	INSERT IGNORE INTO actors (name) VALUES ('Hướng Hân');
	INSERT INTO movie_actors (movie_id, actor_id)
	  SELECT 40, actor_id FROM actors WHERE name='Hướng Hân' LIMIT 1;
	INSERT IGNORE INTO actors (name) VALUES ('Trữ Tự Thuyên');
	INSERT INTO movie_actors (movie_id, actor_id)
	  SELECT 40, actor_id FROM actors WHERE name='Trữ Tự Thuyên' LIMIT 1;
	INSERT IGNORE INTO actors (name) VALUES ('Quách Hinh Ngọc');
	INSERT INTO movie_actors (movie_id, actor_id)
	  SELECT 40, actor_id FROM actors WHERE name='Quách Hinh Ngọc' LIMIT 1;
	INSERT IGNORE INTO actors (name) VALUES ('Vương Sóc');
	INSERT INTO movie_actors (movie_id, actor_id)
	  SELECT 40, actor_id FROM actors WHERE name='Vương Sóc' LIMIT 1;
	INSERT IGNORE INTO actors (name) VALUES ('Tăng Hi Đường');
	INSERT INTO movie_actors (movie_id, actor_id)
	  SELECT 40, actor_id FROM actors WHERE name='Tăng Hi Đường' LIMIT 1;
	INSERT IGNORE INTO actors (name) VALUES ('Doãn Nhuỵ');
	INSERT INTO movie_actors (movie_id, actor_id)
	  SELECT 40, actor_id FROM actors WHERE name='Doãn Nhuỵ' LIMIT 1;
	INSERT IGNORE INTO directors (name) VALUES ('Hồi Vũ');
	INSERT INTO movie_directors (movie_id, director_id)
	  SELECT 40, director_id FROM directors WHERE name='Hồi Vũ' LIMIT 1;
	INSERT INTO episodes (movie_id, name, video_url)
	  VALUES (40, 'Tập 01', 'https://player.phimapi.com/player/?url=https://s6.kkphimplayer6.com/20250917/7JRlIFCw/index.m3u8');
	INSERT INTO episodes (movie_id, name, video_url)
	  VALUES (40, 'Tập 02', 'https://player.phimapi.com/player/?url=https://s6.kkphimplayer6.com/20250917/QxJJBy6o/index.m3u8');
	INSERT INTO episodes (movie_id, name, video_url)
	  VALUES (40, 'Tập 03', 'https://player.phimapi.com/player/?url=https://s6.kkphimplayer6.com/20250917/JVvq188K/index.m3u8');
	INSERT INTO episodes (movie_id, name, video_url)
	  VALUES (40, 'Tập 04', 'https://player.phimapi.com/player/?url=https://s6.kkphimplayer6.com/20250917/wZ86XQH1/index.m3u8');
	INSERT INTO episodes (movie_id, name, video_url)
	  VALUES (40, 'Tập 05', 'https://player.phimapi.com/player/?url=https://s6.kkphimplayer6.com/20250917/hoE3AZPe/index.m3u8');
	INSERT INTO episodes (movie_id, name, video_url)
	  VALUES (40, 'Tập 06', 'https://player.phimapi.com/player/?url=https://s6.kkphimplayer6.com/20250917/lZklBEQH/index.m3u8');
	INSERT INTO episodes (movie_id, name, video_url)
	  VALUES (40, 'Tập 07', 'https://player.phimapi.com/player/?url=https://s6.kkphimplayer6.com/20250919/sYDttrSn/index.m3u8');
	INSERT INTO episodes (movie_id, name, video_url)
	  VALUES (40, 'Tập 08', 'https://player.phimapi.com/player/?url=https://s6.kkphimplayer6.com/20250919/NVKpenVQ/index.m3u8');
	INSERT INTO episodes (movie_id, name, video_url)
	  VALUES (40, 'Tập 09', 'https://player.phimapi.com/player/?url=https://s6.kkphimplayer6.com/20250919/dLCtX9SF/index.m3u8');
	INSERT INTO episodes (movie_id, name, video_url)
	  VALUES (40, 'Tập 10', 'https://player.phimapi.com/player/?url=https://s6.kkphimplayer6.com/20250919/gHT9pYuH/index.m3u8');
	INSERT INTO episodes (movie_id, name, video_url)
	  VALUES (40, 'Tập 11', 'https://player.phimapi.com/player/?url=https://s6.kkphimplayer6.com/20250919/Y7l9V5TT/index.m3u8');
	INSERT INTO episodes (movie_id, name, video_url)
	  VALUES (40, 'Tập 12', 'https://player.phimapi.com/player/?url=https://s6.kkphimplayer6.com/20250919/hjiSEs7e/index.m3u8');
	INSERT INTO episodes (movie_id, name, video_url)
	  VALUES (40, 'Tập 13', 'https://player.phimapi.com/player/?url=https://s6.kkphimplayer6.com/20250919/4gxzLPIi/index.m3u8');
	INSERT INTO episodes (movie_id, name, video_url)
	  VALUES (40, 'Tập 14', 'https://player.phimapi.com/player/?url=https://s6.kkphimplayer6.com/20250920/KSWqZnG4/index.m3u8');
	INSERT INTO episodes (movie_id, name, video_url)
	  VALUES (40, 'Tập 15', 'https://player.phimapi.com/player/?url=https://s6.kkphimplayer6.com/20250921/qcOGvANy/index.m3u8');
	INSERT INTO episodes (movie_id, name, video_url)
	  VALUES (40, 'Tập 16', 'https://player.phimapi.com/player/?url=https://s6.kkphimplayer6.com/20250922/V9TIUYV7/index.m3u8');
	INSERT INTO episodes (movie_id, name, video_url)
	  VALUES (40, 'Tập 17', 'https://player.phimapi.com/player/?url=https://s6.kkphimplayer6.com/20250923/fcKt1AjV/index.m3u8');
	INSERT INTO episodes (movie_id, name, video_url)
	  VALUES (40, 'Tập 18', 'https://player.phimapi.com/player/?url=https://s6.kkphimplayer6.com/20250924/2sXoOi2B/index.m3u8');
	INSERT INTO episodes (movie_id, name, video_url)
	  VALUES (40, 'Tập 19', 'https://player.phimapi.com/player/?url=https://s6.kkphimplayer6.com/20250925/L5Qjn5hv/index.m3u8');

	-- Movie: Thế Giới Xoay Quanh Em
	INSERT INTO movies (movie_id, title, description, release_date, poster_url, thumb_url, status)
	VALUES (41, 'Thế Giới Xoay Quanh Em', 'Tawan, Mana và Shin là ba cô nhi cùng lớn lên bên nhau ở vùng biên giới Thái - Lào. Mana và Shin thầm yêu Tawan nhưng lại không muốn làm tổn thương tình bạn thân thiết của cả ba. Niềm khát khao một cuộc sống tốt đẹp hơn và những nỗ lực để vượt lên trên bất công xã hội đã dẫn họ đến một bước ngoặt chết người, làm thay đổi cuộc đời họ mãi mãi. Bị buộc phải chia lìa nhau, sợi dây gắn kết của tình yêu, ước mơ và tình bạn giữa Tawan, Mana và Shin dần tan vỡ.', '2024', 'https://phimimg.com/upload/vod/20250922-1/bf3e372330befa3e0e594b26ba7f65e1.jpg', 'https://phimimg.com/upload/vod/20250922-1/578943593a21cc7525c0028e0124d03b.jpg', 'showing');
	UPDATE movies SET country='Thái Lan', language='Vietsub', trailer_url='https://www.youtube.com/watch?v=_97fOFOCa_Q' WHERE movie_id=41;
	INSERT IGNORE INTO genres (name) VALUES ('Chính Kịch');
	INSERT INTO movie_genres (movie_id, genre_id)
	  SELECT 41, genre_id FROM genres WHERE name='Chính Kịch' LIMIT 1;
	INSERT IGNORE INTO genres (name) VALUES ('Tình Cảm');
	INSERT INTO movie_genres (movie_id, genre_id)
	  SELECT 41, genre_id FROM genres WHERE name='Tình Cảm' LIMIT 1;
	INSERT IGNORE INTO genres (name) VALUES ('Tâm Lý');
	INSERT INTO movie_genres (movie_id, genre_id)
	  SELECT 41, genre_id FROM genres WHERE name='Tâm Lý' LIMIT 1;
	INSERT IGNORE INTO actors (name) VALUES ('Jirayu Tangsrisuk');
	INSERT INTO movie_actors (movie_id, actor_id)
	  SELECT 41, actor_id FROM actors WHERE name='Jirayu Tangsrisuk' LIMIT 1;
	INSERT IGNORE INTO actors (name) VALUES ('Maylada Susri');
	INSERT INTO movie_actors (movie_id, actor_id)
	  SELECT 41, actor_id FROM actors WHERE name='Maylada Susri' LIMIT 1;
	INSERT IGNORE INTO actors (name) VALUES ('Paris Intarakomalyasut');
	INSERT INTO movie_actors (movie_id, actor_id)
	  SELECT 41, actor_id FROM actors WHERE name='Paris Intarakomalyasut' LIMIT 1;
	INSERT IGNORE INTO actors (name) VALUES ('Warintorn Panhakarn');
	INSERT INTO movie_actors (movie_id, actor_id)
	  SELECT 41, actor_id FROM actors WHERE name='Warintorn Panhakarn' LIMIT 1;
	INSERT IGNORE INTO actors (name) VALUES ('Myria Benedetti');
	INSERT INTO movie_actors (movie_id, actor_id)
	  SELECT 41, actor_id FROM actors WHERE name='Myria Benedetti' LIMIT 1;
	INSERT IGNORE INTO actors (name) VALUES ('Henry Myron');
	INSERT INTO movie_actors (movie_id, actor_id)
	  SELECT 41, actor_id FROM actors WHERE name='Henry Myron' LIMIT 1;
	INSERT IGNORE INTO actors (name) VALUES ('Pornthip Skidjai');
	INSERT INTO movie_actors (movie_id, actor_id)
	  SELECT 41, actor_id FROM actors WHERE name='Pornthip Skidjai' LIMIT 1;
	INSERT IGNORE INTO actors (name) VALUES ('Nawinda Bertotti');
	INSERT INTO movie_actors (movie_id, actor_id)
	  SELECT 41, actor_id FROM actors WHERE name='Nawinda Bertotti' LIMIT 1;
	INSERT IGNORE INTO actors (name) VALUES ('Witsarut Himmarat');
	INSERT INTO movie_actors (movie_id, actor_id)
	  SELECT 41, actor_id FROM actors WHERE name='Witsarut Himmarat' LIMIT 1;
	INSERT IGNORE INTO actors (name) VALUES ('Penpetch Benyakul');
	INSERT INTO movie_actors (movie_id, actor_id)
	  SELECT 41, actor_id FROM actors WHERE name='Penpetch Benyakul' LIMIT 1;
	INSERT IGNORE INTO actors (name) VALUES ('Pawanrat Naksuriya');
	INSERT INTO movie_actors (movie_id, actor_id)
	  SELECT 41, actor_id FROM actors WHERE name='Pawanrat Naksuriya' LIMIT 1;
	INSERT IGNORE INTO actors (name) VALUES ('Ratchanont Suprakob');
	INSERT INTO movie_actors (movie_id, actor_id)
	  SELECT 41, actor_id FROM actors WHERE name='Ratchanont Suprakob' LIMIT 1;
	INSERT IGNORE INTO actors (name) VALUES ('Danny Luciano');
	INSERT INTO movie_actors (movie_id, actor_id)
	  SELECT 41, actor_id FROM actors WHERE name='Danny Luciano' LIMIT 1;
	INSERT IGNORE INTO actors (name) VALUES ('Phutharit Promba');
	INSERT INTO movie_actors (movie_id, actor_id)
	  SELECT 41, actor_id FROM actors WHERE name='Phutharit Promba' LIMIT 1;
	INSERT IGNORE INTO directors (name) VALUES ('Ampaiporn Jitmaingong');
	INSERT INTO movie_directors (movie_id, director_id)
	  SELECT 41, director_id FROM directors WHERE name='Ampaiporn Jitmaingong' LIMIT 1;
	INSERT INTO episodes (movie_id, name, video_url)
	  VALUES (41, 'Tập 01', 'https://player.phimapi.com/player/?url=https://s6.kkphimplayer6.com/20250921/1BwyxmUG/index.m3u8');
	INSERT INTO episodes (movie_id, name, video_url)
	  VALUES (41, 'Tập 02', 'https://player.phimapi.com/player/?url=https://s6.kkphimplayer6.com/20250921/BtPldhwR/index.m3u8');
	INSERT INTO episodes (movie_id, name, video_url)
	  VALUES (41, 'Tập 03', 'https://player.phimapi.com/player/?url=https://s6.kkphimplayer6.com/20250921/Ts54Ee5C/index.m3u8');
	INSERT INTO episodes (movie_id, name, video_url)
	  VALUES (41, 'Tập 04', 'https://player.phimapi.com/player/?url=https://s6.kkphimplayer6.com/20250921/TVmVpKsd/index.m3u8');
	INSERT INTO episodes (movie_id, name, video_url)
	  VALUES (41, 'Tập 05', 'https://player.phimapi.com/player/?url=https://s6.kkphimplayer6.com/20250921/akzHyIpK/index.m3u8');
	INSERT INTO episodes (movie_id, name, video_url)
	  VALUES (41, 'Tập 06', 'https://player.phimapi.com/player/?url=https://s6.kkphimplayer6.com/20250921/yRAqz6Jl/index.m3u8');
	INSERT INTO episodes (movie_id, name, video_url)
	  VALUES (41, 'Tập 07', 'https://player.phimapi.com/player/?url=https://s6.kkphimplayer6.com/20250921/iBp66Eqr/index.m3u8');
	INSERT INTO episodes (movie_id, name, video_url)
	  VALUES (41, 'Tập 08', 'https://player.phimapi.com/player/?url=https://s6.kkphimplayer6.com/20250921/37T3m19w/index.m3u8');
	INSERT INTO episodes (movie_id, name, video_url)
	  VALUES (41, 'Tập 09', 'https://player.phimapi.com/player/?url=https://s6.kkphimplayer6.com/20250921/RVu3L10w/index.m3u8');
	INSERT INTO episodes (movie_id, name, video_url)
	  VALUES (41, 'Tập 10', 'https://player.phimapi.com/player/?url=https://s6.kkphimplayer6.com/20250921/k7wklbCk/index.m3u8');
	INSERT INTO episodes (movie_id, name, video_url)
	  VALUES (41, 'Tập 11', 'https://player.phimapi.com/player/?url=https://s6.kkphimplayer6.com/20250921/FCED9Lhc/index.m3u8');
	INSERT INTO episodes (movie_id, name, video_url)
	  VALUES (41, 'Tập 12', 'https://player.phimapi.com/player/?url=https://s6.kkphimplayer6.com/20250921/varz2HCy/index.m3u8');
	INSERT INTO episodes (movie_id, name, video_url)
	  VALUES (41, 'Tập 13', 'https://player.phimapi.com/player/?url=https://s6.kkphimplayer6.com/20250922/K15GaPoE/index.m3u8');
	INSERT INTO episodes (movie_id, name, video_url)
	  VALUES (41, 'Tập 14', 'https://player.phimapi.com/player/?url=https://s6.kkphimplayer6.com/20250922/uhaJTj3m/index.m3u8');
	INSERT INTO episodes (movie_id, name, video_url)
	  VALUES (41, 'Tập 15', 'https://player.phimapi.com/player/?url=https://s6.kkphimplayer6.com/20250922/vTqAu0fS/index.m3u8');
	INSERT INTO episodes (movie_id, name, video_url)
	  VALUES (41, 'Tập 16', 'https://player.phimapi.com/player/?url=https://s6.kkphimplayer6.com/20250925/QwnevuSz/index.m3u8');
	INSERT INTO episodes (movie_id, name, video_url)
	  VALUES (41, 'Tập 17', 'https://player.phimapi.com/player/?url=https://s6.kkphimplayer6.com/20250925/hSeb8XI6/index.m3u8');
	INSERT INTO episodes (movie_id, name, video_url)
	  VALUES (41, 'Tập 18', 'https://player.phimapi.com/player/?url=https://s6.kkphimplayer6.com/20250925/qlmNT24C/index.m3u8');

	-- Movie: Tủ Quần Áo Lọ Lem
	INSERT INTO movies (movie_id, title, description, release_date, poster_url, thumb_url, status)
	VALUES (42, 'Tủ Quần Áo Lọ Lem', 'Cô sinh viên Haruka được người mình thầm mến rủ đi uống rượu. Trong khi cô đang tự hỏi cách để trở nên duyên dáng hơn, Hikaru cực kỳ xinh đẹp xuất hiện.', '2025', 'https://phimimg.com/upload/vod/20250703-1/e7985bfc1587bd01009c9c0235f7763d.jpg', 'https://phimimg.com/upload/vod/20250703-1/f654d7ba1109286a882a8c12956123e7.jpg', 'showing');
	UPDATE movies SET country='Nhật Bản', language='Vietsub', trailer_url='https://www.youtube.com/watch?v=46aRycM2h18' WHERE movie_id=42;
	INSERT IGNORE INTO genres (name) VALUES ('Chính Kịch');
	INSERT INTO movie_genres (movie_id, genre_id)
	  SELECT 42, genre_id FROM genres WHERE name='Chính Kịch' LIMIT 1;
	INSERT IGNORE INTO genres (name) VALUES ('Tình Cảm');
	INSERT INTO movie_genres (movie_id, genre_id)
	  SELECT 42, genre_id FROM genres WHERE name='Tình Cảm' LIMIT 1;
	INSERT IGNORE INTO genres (name) VALUES ('Tâm Lý');
	INSERT INTO movie_genres (movie_id, genre_id)
	  SELECT 42, genre_id FROM genres WHERE name='Tâm Lý' LIMIT 1;
	INSERT IGNORE INTO actors (name) VALUES ('Ichika Osaki');
	INSERT INTO movie_actors (movie_id, actor_id)
	  SELECT 42, actor_id FROM actors WHERE name='Ichika Osaki' LIMIT 1;
	INSERT IGNORE INTO actors (name) VALUES ('Matsumoto Leo');
	INSERT INTO movie_actors (movie_id, actor_id)
	  SELECT 42, actor_id FROM actors WHERE name='Matsumoto Leo' LIMIT 1;
	INSERT IGNORE INTO actors (name) VALUES ('Karuma');
	INSERT INTO movie_actors (movie_id, actor_id)
	  SELECT 42, actor_id FROM actors WHERE name='Karuma' LIMIT 1;
	INSERT IGNORE INTO actors (name) VALUES ('Yuna Mito');
	INSERT INTO movie_actors (movie_id, actor_id)
	  SELECT 42, actor_id FROM actors WHERE name='Yuna Mito' LIMIT 1;
	INSERT IGNORE INTO actors (name) VALUES ('Rintaro Hachimura');
	INSERT INTO movie_actors (movie_id, actor_id)
	  SELECT 42, actor_id FROM actors WHERE name='Rintaro Hachimura' LIMIT 1;
	INSERT IGNORE INTO directors (name) VALUES ('Ryosuke Fukawa');
	INSERT INTO movie_directors (movie_id, director_id)
	  SELECT 42, director_id FROM directors WHERE name='Ryosuke Fukawa' LIMIT 1;
	INSERT INTO episodes (movie_id, name, video_url)
	  VALUES (42, 'Tập 01', 'https://player.phimapi.com/player/?url=https://s6.kkphimplayer6.com/20250702/YENj5VIs/index.m3u8');
	INSERT INTO episodes (movie_id, name, video_url)
	  VALUES (42, 'Tập 02', 'https://player.phimapi.com/player/?url=https://s6.kkphimplayer6.com/20250709/9DHSZbdz/index.m3u8');
	INSERT INTO episodes (movie_id, name, video_url)
	  VALUES (42, 'Tập 03', 'https://player.phimapi.com/player/?url=https://s6.kkphimplayer6.com/20250717/EjBgxJsV/index.m3u8');
	INSERT INTO episodes (movie_id, name, video_url)
	  VALUES (42, 'Tập 04', 'https://player.phimapi.com/player/?url=https://s6.kkphimplayer6.com/20250724/sYhhhTDO/index.m3u8');
	INSERT INTO episodes (movie_id, name, video_url)
	  VALUES (42, 'Tập 05', 'https://player.phimapi.com/player/?url=https://s6.kkphimplayer6.com/20250802/sCkVyFvH/index.m3u8');
	INSERT INTO episodes (movie_id, name, video_url)
	  VALUES (42, 'Tập 06', 'https://player.phimapi.com/player/?url=https://s6.kkphimplayer6.com/20250807/fDnrIxOi/index.m3u8');
	INSERT INTO episodes (movie_id, name, video_url)
	  VALUES (42, 'Tập 07', 'https://player.phimapi.com/player/?url=https://s6.kkphimplayer6.com/20250814/SVy2yyZj/index.m3u8');
	INSERT INTO episodes (movie_id, name, video_url)
	  VALUES (42, 'Tập 08', 'https://player.phimapi.com/player/?url=https://s6.kkphimplayer6.com/20250820/qHWYMtA5/index.m3u8');
	INSERT INTO episodes (movie_id, name, video_url)
	  VALUES (42, 'Tập 09', 'https://player.phimapi.com/player/?url=https://s6.kkphimplayer6.com/20250828/6PcC6B3b/index.m3u8');
	INSERT INTO episodes (movie_id, name, video_url)
	  VALUES (42, 'Tập 10', 'https://player.phimapi.com/player/?url=https://s6.kkphimplayer6.com/20250908/9DI0Yegd/index.m3u8');
	INSERT INTO episodes (movie_id, name, video_url)
	  VALUES (42, 'Tập 11', 'https://player.phimapi.com/player/?url=https://s6.kkphimplayer6.com/20250911/vrZ8bdkr/index.m3u8');
	INSERT INTO episodes (movie_id, name, video_url)
	  VALUES (42, 'Tập 12', 'https://player.phimapi.com/player/?url=https://s6.kkphimplayer6.com/20250925/DovHE9j8/index.m3u8');

	-- Movie: Sự Trỗi Dậy Của Khiên Hiệp Sĩ (Phần 4)
	INSERT INTO movies (movie_id, title, description, release_date, poster_url, thumb_url, status)
	VALUES (43, 'Sự Trỗi Dậy Của Khiên Hiệp Sĩ (Phần 4)', 'Naofumi tiếp tục hành trình bảo vệ thế giới với tấm khiên huyền thoại, đối mặt với những thế lực ngày càng nguy hiểm sau cuộc chiến tàn khốc. Khi bí ẩn về các vũ khí huyền thoại và thế giới song song dần được hé lộ, cậu buộc phải vượt qua giới hạn bản thân. Sự gắn kết giữa Naofumi và các đồng đội như Raphtalia, Filo trở nên quan trọng hơn bao giờ hết. Mùa 4 hứa hẹn đưa khán giả đến với vô vàn trận chiến mới khốc liệt cùng những bước ngoặt bất ngờ trong số phận của “anh hùng khiên”.', '2025', 'https://phimimg.com/upload/vod/20250715-1/0d246b70f317eac6961aaa10de13f3fa.jpg', 'https://phimimg.com/upload/vod/20250715-1/adad146856eaf3791c577aea8680885e.jpg', 'showing');
	UPDATE movies SET country='Nhật Bản', language='Vietsub', trailer_url='https://www.youtube.com/watch?v=E9jL_0OHiXA' WHERE movie_id=43;
	INSERT IGNORE INTO genres (name) VALUES ('Hành Động');
	INSERT INTO movie_genres (movie_id, genre_id)
	  SELECT 43, genre_id FROM genres WHERE name='Hành Động' LIMIT 1;
	INSERT IGNORE INTO genres (name) VALUES ('Phiêu Lưu');
	INSERT INTO movie_genres (movie_id, genre_id)
	  SELECT 43, genre_id FROM genres WHERE name='Phiêu Lưu' LIMIT 1;
	INSERT IGNORE INTO genres (name) VALUES ('Khoa Học');
	INSERT INTO movie_genres (movie_id, genre_id)
	  SELECT 43, genre_id FROM genres WHERE name='Khoa Học' LIMIT 1;
	INSERT IGNORE INTO genres (name) VALUES ('Viễn Tưởng');
	INSERT INTO movie_genres (movie_id, genre_id)
	  SELECT 43, genre_id FROM genres WHERE name='Viễn Tưởng' LIMIT 1;
	INSERT IGNORE INTO genres (name) VALUES ('Chính Kịch');
	INSERT INTO movie_genres (movie_id, genre_id)
	  SELECT 43, genre_id FROM genres WHERE name='Chính Kịch' LIMIT 1;
	INSERT IGNORE INTO actors (name) VALUES ('Rina Hidaka');
	INSERT INTO movie_actors (movie_id, actor_id)
	  SELECT 43, actor_id FROM actors WHERE name='Rina Hidaka' LIMIT 1;
	INSERT IGNORE INTO actors (name) VALUES ('Kaito Ishikawa');
	INSERT INTO movie_actors (movie_id, actor_id)
	  SELECT 43, actor_id FROM actors WHERE name='Kaito Ishikawa' LIMIT 1;
	INSERT IGNORE INTO actors (name) VALUES ('Asami Seto');
	INSERT INTO movie_actors (movie_id, actor_id)
	  SELECT 43, actor_id FROM actors WHERE name='Asami Seto' LIMIT 1;
	INSERT IGNORE INTO actors (name) VALUES ('Yoshitsugu Matsuoka');
	INSERT INTO movie_actors (movie_id, actor_id)
	  SELECT 43, actor_id FROM actors WHERE name='Yoshitsugu Matsuoka' LIMIT 1;
	INSERT IGNORE INTO actors (name) VALUES ('Konomi Kohara');
	INSERT INTO movie_actors (movie_id, actor_id)
	  SELECT 43, actor_id FROM actors WHERE name='Konomi Kohara' LIMIT 1;
	INSERT IGNORE INTO actors (name) VALUES ('Kouhei Amasaki');
	INSERT INTO movie_actors (movie_id, actor_id)
	  SELECT 43, actor_id FROM actors WHERE name='Kouhei Amasaki' LIMIT 1;
	INSERT IGNORE INTO directors (name) VALUES ('Hitoshi Haga');
	INSERT INTO movie_directors (movie_id, director_id)
	  SELECT 43, director_id FROM directors WHERE name='Hitoshi Haga' LIMIT 1;
	INSERT INTO episodes (movie_id, name, video_url)
	  VALUES (43, 'Tập 01', 'https://player.phimapi.com/player/?url=https://s6.kkphimplayer6.com/20250714/0lnEGGEO/index.m3u8');
	INSERT INTO episodes (movie_id, name, video_url)
	  VALUES (43, 'Tập 02', 'https://player.phimapi.com/player/?url=https://s6.kkphimplayer6.com/20250717/LXSjZmgE/index.m3u8');
	INSERT INTO episodes (movie_id, name, video_url)
	  VALUES (43, 'Tập 03', 'https://player.phimapi.com/player/?url=https://s6.kkphimplayer6.com/20250723/TUztMYlt/index.m3u8');
	INSERT INTO episodes (movie_id, name, video_url)
	  VALUES (43, 'Tập 04', 'https://player.phimapi.com/player/?url=https://s6.kkphimplayer6.com/20250731/qW3vofuK/index.m3u8');
	INSERT INTO episodes (movie_id, name, video_url)
	  VALUES (43, 'Tập 05', 'https://player.phimapi.com/player/?url=https://s6.kkphimplayer6.com/20250807/sowe1eeh/index.m3u8');
	INSERT INTO episodes (movie_id, name, video_url)
	  VALUES (43, 'Tập 06', 'https://player.phimapi.com/player/?url=https://s6.kkphimplayer6.com/20250814/a5iW70SN/index.m3u8');
	INSERT INTO episodes (movie_id, name, video_url)
	  VALUES (43, 'Tập 07', 'https://player.phimapi.com/player/?url=https://s6.kkphimplayer6.com/20250820/lyc4iImd/index.m3u8');
	INSERT INTO episodes (movie_id, name, video_url)
	  VALUES (43, 'Tập 08', 'https://player.phimapi.com/player/?url=https://s6.kkphimplayer6.com/20250829/NLoUWSxp/index.m3u8');
	INSERT INTO episodes (movie_id, name, video_url)
	  VALUES (43, 'Tập 09', 'https://player.phimapi.com/player/?url=https://s6.kkphimplayer6.com/20250904/W1cyurmQ/index.m3u8');
	INSERT INTO episodes (movie_id, name, video_url)
	  VALUES (43, 'Tập 10', 'https://player.phimapi.com/player/?url=https://s6.kkphimplayer6.com/20250911/ztC0av44/index.m3u8');
	INSERT INTO episodes (movie_id, name, video_url)
	  VALUES (43, 'Tập 11', 'https://player.phimapi.com/player/?url=https://s6.kkphimplayer6.com/20250918/UZa3ebij/index.m3u8');
	INSERT INTO episodes (movie_id, name, video_url)
	  VALUES (43, 'Tập 12', 'https://player.phimapi.com/player/?url=https://s6.kkphimplayer6.com/20250925/lEanArHi/index.m3u8');

	-- Movie: Quái Vật Không Gian: Trái Đất
	INSERT INTO movies (movie_id, title, description, release_date, poster_url, thumb_url, status)
	VALUES (44, 'Quái Vật Không Gian: Trái Đất', 'Alien: Earth (2025) là phần tiền truyện Alien, lấy bối cảnh Trái Đất năm 2120 – nơi các tập đoàn lớn kiểm soát mọi thứ. Sau khi tàu vũ trụ rơi, một hybrid trẻ tên Wendy cùng nhóm đồng minh phải đối đầu loài Xenomorph ngoài hành tinh. Phim pha trộn kinh dị sinh học, chính trị công nghệ và triết lý về ý thức.', '2025', 'https://phimimg.com/upload/vod/20250814-1/4b400fb1136638894c6849aa45a9d889.jpg', 'https://phimimg.com/upload/vod/20250814-1/25f55d99db29cc484890b696bf506d01.jpg', 'showing');
	UPDATE movies SET country='Âu Mỹ', language='Vietsub + Thuyết Minh', trailer_url='https://www.youtube.com/watch?v=FqIi3N9dusk' WHERE movie_id=44;
	INSERT IGNORE INTO genres (name) VALUES ('Khoa Học');
	INSERT INTO movie_genres (movie_id, genre_id)
	  SELECT 44, genre_id FROM genres WHERE name='Khoa Học' LIMIT 1;
	INSERT IGNORE INTO genres (name) VALUES ('Viễn Tưởng');
	INSERT INTO movie_genres (movie_id, genre_id)
	  SELECT 44, genre_id FROM genres WHERE name='Viễn Tưởng' LIMIT 1;
	INSERT IGNORE INTO genres (name) VALUES ('Chính Kịch');
	INSERT INTO movie_genres (movie_id, genre_id)
	  SELECT 44, genre_id FROM genres WHERE name='Chính Kịch' LIMIT 1;
	INSERT IGNORE INTO genres (name) VALUES ('Tâm Lý');
	INSERT INTO movie_genres (movie_id, genre_id)
	  SELECT 44, genre_id FROM genres WHERE name='Tâm Lý' LIMIT 1;
	INSERT IGNORE INTO actors (name) VALUES ('Sydney Chandler');
	INSERT INTO movie_actors (movie_id, actor_id)
	  SELECT 44, actor_id FROM actors WHERE name='Sydney Chandler' LIMIT 1;
	INSERT IGNORE INTO actors (name) VALUES ('Alex Lawther');
	INSERT INTO movie_actors (movie_id, actor_id)
	  SELECT 44, actor_id FROM actors WHERE name='Alex Lawther' LIMIT 1;
	INSERT IGNORE INTO actors (name) VALUES ('Essie Davis');
	INSERT INTO movie_actors (movie_id, actor_id)
	  SELECT 44, actor_id FROM actors WHERE name='Essie Davis' LIMIT 1;
	INSERT IGNORE INTO actors (name) VALUES ('Samuel Blenkin');
	INSERT INTO movie_actors (movie_id, actor_id)
	  SELECT 44, actor_id FROM actors WHERE name='Samuel Blenkin' LIMIT 1;
	INSERT IGNORE INTO actors (name) VALUES ('Babou Ceesay');
	INSERT INTO movie_actors (movie_id, actor_id)
	  SELECT 44, actor_id FROM actors WHERE name='Babou Ceesay' LIMIT 1;
	INSERT IGNORE INTO actors (name) VALUES ('Adarsh Gourav');
	INSERT INTO movie_actors (movie_id, actor_id)
	  SELECT 44, actor_id FROM actors WHERE name='Adarsh Gourav' LIMIT 1;
	INSERT IGNORE INTO actors (name) VALUES ('Erana James');
	INSERT INTO movie_actors (movie_id, actor_id)
	  SELECT 44, actor_id FROM actors WHERE name='Erana James' LIMIT 1;
	INSERT IGNORE INTO actors (name) VALUES ('Lily Newmark');
	INSERT INTO movie_actors (movie_id, actor_id)
	  SELECT 44, actor_id FROM actors WHERE name='Lily Newmark' LIMIT 1;
	INSERT IGNORE INTO actors (name) VALUES ('Jonathan Ajayi');
	INSERT INTO movie_actors (movie_id, actor_id)
	  SELECT 44, actor_id FROM actors WHERE name='Jonathan Ajayi' LIMIT 1;
	INSERT IGNORE INTO actors (name) VALUES ('David Rysdahl');
	INSERT INTO movie_actors (movie_id, actor_id)
	  SELECT 44, actor_id FROM actors WHERE name='David Rysdahl' LIMIT 1;
	INSERT IGNORE INTO actors (name) VALUES ('Diêm Camille');
	INSERT INTO movie_actors (movie_id, actor_id)
	  SELECT 44, actor_id FROM actors WHERE name='Diêm Camille' LIMIT 1;
	INSERT IGNORE INTO actors (name) VALUES ('Moe Bar-El');
	INSERT INTO movie_actors (movie_id, actor_id)
	  SELECT 44, actor_id FROM actors WHERE name='Moe Bar-El' LIMIT 1;
	INSERT IGNORE INTO actors (name) VALUES ('Adrian Edmondson');
	INSERT INTO movie_actors (movie_id, actor_id)
	  SELECT 44, actor_id FROM actors WHERE name='Adrian Edmondson' LIMIT 1;
	INSERT IGNORE INTO actors (name) VALUES ('Timothy Olyphant');
	INSERT INTO movie_actors (movie_id, actor_id)
	  SELECT 44, actor_id FROM actors WHERE name='Timothy Olyphant' LIMIT 1;
	INSERT IGNORE INTO directors (name) VALUES ('Noah Hawley');
	INSERT INTO movie_directors (movie_id, director_id)
	  SELECT 44, director_id FROM directors WHERE name='Noah Hawley' LIMIT 1;
	INSERT INTO episodes (movie_id, name, video_url)
	  VALUES (44, 'Tập 01', 'https://player.phimapi.com/player/?url=https://s6.kkphimplayer6.com/20250814/0RtUHbxp/index.m3u8');
	INSERT INTO episodes (movie_id, name, video_url)
	  VALUES (44, 'Tập 02', 'https://player.phimapi.com/player/?url=https://s6.kkphimplayer6.com/20250814/QPqiGqSe/index.m3u8');
	INSERT INTO episodes (movie_id, name, video_url)
	  VALUES (44, 'Tập 03', 'https://player.phimapi.com/player/?url=https://s6.kkphimplayer6.com/20250821/Dv3DlS6o/index.m3u8');
	INSERT INTO episodes (movie_id, name, video_url)
	  VALUES (44, 'Tập 04', 'https://player.phimapi.com/player/?url=https://s6.kkphimplayer6.com/20250828/Y54ZQjmn/index.m3u8');
	INSERT INTO episodes (movie_id, name, video_url)
	  VALUES (44, 'Tập 05', 'https://player.phimapi.com/player/?url=https://s6.kkphimplayer6.com/20250904/r9QzmyhO/index.m3u8');
	INSERT INTO episodes (movie_id, name, video_url)
	  VALUES (44, 'Tập 06', 'https://player.phimapi.com/player/?url=https://s6.kkphimplayer6.com/20250911/SzGwdPDL/index.m3u8');
	INSERT INTO episodes (movie_id, name, video_url)
	  VALUES (44, 'Tập 07', 'https://player.phimapi.com/player/?url=https://s6.kkphimplayer6.com/20250918/VSOK3VZP/index.m3u8');
	INSERT INTO episodes (movie_id, name, video_url)
	  VALUES (44, 'Tập 08', 'https://player.phimapi.com/player/?url=https://s6.kkphimplayer6.com/20250924/kNdRFqD8/index.m3u8');
	INSERT INTO episodes (movie_id, name, video_url)
	  VALUES (44, 'Tập 01', 'https://player.phimapi.com/player/?url=https://s6.kkphimplayer6.com/20250830/HK6LOHqe/index.m3u8');
	INSERT INTO episodes (movie_id, name, video_url)
	  VALUES (44, 'Tập 02', 'https://player.phimapi.com/player/?url=https://s6.kkphimplayer6.com/20250830/8krkerUR/index.m3u8');
	INSERT INTO episodes (movie_id, name, video_url)
	  VALUES (44, 'Tập 03', 'https://player.phimapi.com/player/?url=https://s6.kkphimplayer6.com/20250830/2m5MMcRj/index.m3u8');
	INSERT INTO episodes (movie_id, name, video_url)
	  VALUES (44, 'Tập 04', 'https://player.phimapi.com/player/?url=https://s6.kkphimplayer6.com/20250925/ZaZEgTCp/index.m3u8');

	-- Movie: Chuyển Sinh Thành Đệ Thất Hoàng Tử, Tôi Quyết Định Trau Dồi Ma Thuật (Phần 2)
	INSERT INTO movies (movie_id, title, description, release_date, poster_url, thumb_url, status)
	VALUES (45, 'Chuyển Sinh Thành Đệ Thất Hoàng Tử, Tôi Quyết Định Trau Dồi Ma Thuật (Phần 2)', 'Vẫn nhớ về lần gần nhất chuyển sinh thành pháp sư, vị hoàng tử trẻ bèn dốc hết tâm sức học phép thuật. Nhưng là nhân vật hoàng gia 10 tuổi thì cũng gặp những thách thức riêng!', '2025', 'https://phimimg.com/upload/vod/20250710-1/cab351b8ef669d0ec7376d049da6fd9a.jpg', 'https://phimimg.com/upload/vod/20250710-1/000e73a7161b4ee5c0eef0f24cf3a70e.jpg', 'showing');
	UPDATE movies SET country='Nhật Bản', language='Vietsub', trailer_url='https://www.youtube.com/watch?v=x_lyzvuPOSs' WHERE movie_id=45;
	INSERT IGNORE INTO genres (name) VALUES ('Khoa Học');
	INSERT INTO movie_genres (movie_id, genre_id)
	  SELECT 45, genre_id FROM genres WHERE name='Khoa Học' LIMIT 1;
	INSERT IGNORE INTO genres (name) VALUES ('Viễn Tưởng');
	INSERT INTO movie_genres (movie_id, genre_id)
	  SELECT 45, genre_id FROM genres WHERE name='Viễn Tưởng' LIMIT 1;
	INSERT IGNORE INTO genres (name) VALUES ('Tình Cảm');
	INSERT INTO movie_genres (movie_id, genre_id)
	  SELECT 45, genre_id FROM genres WHERE name='Tình Cảm' LIMIT 1;
	INSERT IGNORE INTO genres (name) VALUES ('Tâm Lý');
	INSERT INTO movie_genres (movie_id, genre_id)
	  SELECT 45, genre_id FROM genres WHERE name='Tâm Lý' LIMIT 1;
	INSERT IGNORE INTO genres (name) VALUES ('Chính Kịch');
	INSERT INTO movie_genres (movie_id, genre_id)
	  SELECT 45, genre_id FROM genres WHERE name='Chính Kịch' LIMIT 1;
	INSERT IGNORE INTO actors (name) VALUES ('Makoto Koichi');
	INSERT INTO movie_actors (movie_id, actor_id)
	  SELECT 45, actor_id FROM actors WHERE name='Makoto Koichi' LIMIT 1;
	INSERT IGNORE INTO actors (name) VALUES ('Fairouz Ai');
	INSERT INTO movie_actors (movie_id, actor_id)
	  SELECT 45, actor_id FROM actors WHERE name='Fairouz Ai' LIMIT 1;
	INSERT IGNORE INTO actors (name) VALUES ('Lynn');
	INSERT INTO movie_actors (movie_id, actor_id)
	  SELECT 45, actor_id FROM actors WHERE name='Lynn' LIMIT 1;
	INSERT IGNORE INTO actors (name) VALUES ('Akira Sekine');
	INSERT INTO movie_actors (movie_id, actor_id)
	  SELECT 45, actor_id FROM actors WHERE name='Akira Sekine' LIMIT 1;
	INSERT IGNORE INTO actors (name) VALUES ('Rie Takahashi');
	INSERT INTO movie_actors (movie_id, actor_id)
	  SELECT 45, actor_id FROM actors WHERE name='Rie Takahashi' LIMIT 1;
	INSERT IGNORE INTO actors (name) VALUES ('Shun Horie');
	INSERT INTO movie_actors (movie_id, actor_id)
	  SELECT 45, actor_id FROM actors WHERE name='Shun Horie' LIMIT 1;
	INSERT IGNORE INTO actors (name) VALUES ('Yuya Hirose');
	INSERT INTO movie_actors (movie_id, actor_id)
	  SELECT 45, actor_id FROM actors WHERE name='Yuya Hirose' LIMIT 1;
	INSERT IGNORE INTO actors (name) VALUES ('Akane Kumada');
	INSERT INTO movie_actors (movie_id, actor_id)
	  SELECT 45, actor_id FROM actors WHERE name='Akane Kumada' LIMIT 1;
	INSERT IGNORE INTO actors (name) VALUES ('Eriko Matsui');
	INSERT INTO movie_actors (movie_id, actor_id)
	  SELECT 45, actor_id FROM actors WHERE name='Eriko Matsui' LIMIT 1;
	INSERT IGNORE INTO actors (name) VALUES ('Tomokazu Sugita');
	INSERT INTO movie_actors (movie_id, actor_id)
	  SELECT 45, actor_id FROM actors WHERE name='Tomokazu Sugita' LIMIT 1;
	INSERT IGNORE INTO actors (name) VALUES ('Satomi Akesaka');
	INSERT INTO movie_actors (movie_id, actor_id)
	  SELECT 45, actor_id FROM actors WHERE name='Satomi Akesaka' LIMIT 1;
	INSERT IGNORE INTO actors (name) VALUES ('Shunichi Toki');
	INSERT INTO movie_actors (movie_id, actor_id)
	  SELECT 45, actor_id FROM actors WHERE name='Shunichi Toki' LIMIT 1;
	INSERT IGNORE INTO actors (name) VALUES ('Takuma Nagatsuka');
	INSERT INTO movie_actors (movie_id, actor_id)
	  SELECT 45, actor_id FROM actors WHERE name='Takuma Nagatsuka' LIMIT 1;
	INSERT IGNORE INTO actors (name) VALUES ('Nobunaga Shimazaki');
	INSERT INTO movie_actors (movie_id, actor_id)
	  SELECT 45, actor_id FROM actors WHERE name='Nobunaga Shimazaki' LIMIT 1;
	INSERT IGNORE INTO directors (name) VALUES ('Đang cập nhật');
	INSERT INTO movie_directors (movie_id, director_id)
	  SELECT 45, director_id FROM directors WHERE name='Đang cập nhật' LIMIT 1;
	INSERT INTO episodes (movie_id, name, video_url)
	  VALUES (45, 'Tập 01', 'https://player.phimapi.com/player/?url=https://s6.kkphimplayer6.com/20250710/TBospg43/index.m3u8');
	INSERT INTO episodes (movie_id, name, video_url)
	  VALUES (45, 'Tập 02', 'https://player.phimapi.com/player/?url=https://s6.kkphimplayer6.com/20250717/wqbmA3sY/index.m3u8');
	INSERT INTO episodes (movie_id, name, video_url)
	  VALUES (45, 'Tập 03', 'https://player.phimapi.com/player/?url=https://s6.kkphimplayer6.com/20250725/mEtpqUsB/index.m3u8');
	INSERT INTO episodes (movie_id, name, video_url)
	  VALUES (45, 'Tập 04', 'https://player.phimapi.com/player/?url=https://s6.kkphimplayer6.com/20250802/5JVDhDRT/index.m3u8');
	INSERT INTO episodes (movie_id, name, video_url)
	  VALUES (45, 'Tập 05', 'https://player.phimapi.com/player/?url=https://s6.kkphimplayer6.com/20250810/QvxBUXr5/index.m3u8');
	INSERT INTO episodes (movie_id, name, video_url)
	  VALUES (45, 'Tập 06', 'https://player.phimapi.com/player/?url=https://s6.kkphimplayer6.com/20250815/d53kYn4y/index.m3u8');
	INSERT INTO episodes (movie_id, name, video_url)
	  VALUES (45, 'Tập 07', 'https://player.phimapi.com/player/?url=https://s6.kkphimplayer6.com/20250821/Qtfq5lwI/index.m3u8');
	INSERT INTO episodes (movie_id, name, video_url)
	  VALUES (45, 'Tập 08', 'https://player.phimapi.com/player/?url=https://s6.kkphimplayer6.com/20250915/AvVtESSp/index.m3u8');
	INSERT INTO episodes (movie_id, name, video_url)
	  VALUES (45, 'Tập 09', 'https://player.phimapi.com/player/?url=https://s6.kkphimplayer6.com/20250915/OlHfHD0L/index.m3u8');
	INSERT INTO episodes (movie_id, name, video_url)
	  VALUES (45, 'Tập 10', 'https://player.phimapi.com/player/?url=https://s6.kkphimplayer6.com/20250911/1oQskqaI/index.m3u8');
	INSERT INTO episodes (movie_id, name, video_url)
	  VALUES (45, 'Tập 11', 'https://player.phimapi.com/player/?url=https://s6.kkphimplayer6.com/20250925/FyXrurNO/index.m3u8');
	INSERT INTO episodes (movie_id, name, video_url)
	  VALUES (45, 'Tập 12', 'https://player.phimapi.com/player/?url=https://s6.kkphimplayer6.com/20250925/w8tPygPW/index.m3u8');

	-- Movie: Gió Ngang Khoảng Trời Xanh
	INSERT INTO movies (movie_id, title, description, release_date, poster_url, thumb_url, status)
	VALUES (46, 'Gió Ngang Khoảng Trời Xanh', 'Bộ phim remake từ bộ phim &quot;30 chưa phải là hết&quot;. Kể về cuộc sống của ba người phụ nữ tuổi 30, mỗi người đối diện với những trắc trở riêng trong hôn nhân, sự nghiệp và tình yêu.', '2025', 'https://phimimg.com/upload/vod/20250914-1/8a6e99cc2195959bdaf0fd592a065086.jpg', 'https://phimimg.com/upload/vod/20250914-1/6540aadf1563a0d56d38536c7fce9b46.jpg', 'showing');
	UPDATE movies SET country='Việt Nam', language='Vietsub', trailer_url='https://www.youtube.com/watch?v=QEJ6cRZit54' WHERE movie_id=46;
	INSERT IGNORE INTO genres (name) VALUES ('Chính Kịch');
	INSERT INTO movie_genres (movie_id, genre_id)
	  SELECT 46, genre_id FROM genres WHERE name='Chính Kịch' LIMIT 1;
	INSERT IGNORE INTO genres (name) VALUES ('Tình Cảm');
	INSERT INTO movie_genres (movie_id, genre_id)
	  SELECT 46, genre_id FROM genres WHERE name='Tình Cảm' LIMIT 1;
	INSERT IGNORE INTO genres (name) VALUES ('Tâm Lý');
	INSERT INTO movie_genres (movie_id, genre_id)
	  SELECT 46, genre_id FROM genres WHERE name='Tâm Lý' LIMIT 1;
	INSERT IGNORE INTO actors (name) VALUES ('Phương Oanh');
	INSERT INTO movie_actors (movie_id, actor_id)
	  SELECT 46, actor_id FROM actors WHERE name='Phương Oanh' LIMIT 1;
	INSERT IGNORE INTO actors (name) VALUES ('Quỳnh Kool');
	INSERT INTO movie_actors (movie_id, actor_id)
	  SELECT 46, actor_id FROM actors WHERE name='Quỳnh Kool' LIMIT 1;
	INSERT IGNORE INTO actors (name) VALUES ('Việt Hoa');
	INSERT INTO movie_actors (movie_id, actor_id)
	  SELECT 46, actor_id FROM actors WHERE name='Việt Hoa' LIMIT 1;
	INSERT IGNORE INTO actors (name) VALUES ('Doãn Quốc Đam');
	INSERT INTO movie_actors (movie_id, actor_id)
	  SELECT 46, actor_id FROM actors WHERE name='Doãn Quốc Đam' LIMIT 1;
	INSERT IGNORE INTO actors (name) VALUES ('Tô Dũng');
	INSERT INTO movie_actors (movie_id, actor_id)
	  SELECT 46, actor_id FROM actors WHERE name='Tô Dũng' LIMIT 1;
	INSERT IGNORE INTO actors (name) VALUES ('Denis Đặng');
	INSERT INTO movie_actors (movie_id, actor_id)
	  SELECT 46, actor_id FROM actors WHERE name='Denis Đặng' LIMIT 1;
	INSERT IGNORE INTO actors (name) VALUES ('Hà Thành');
	INSERT INTO movie_actors (movie_id, actor_id)
	  SELECT 46, actor_id FROM actors WHERE name='Hà Thành' LIMIT 1;
	INSERT IGNORE INTO directors (name) VALUES ('Lê Đỗ Ngọc Linh');
	INSERT INTO movie_directors (movie_id, director_id)
	  SELECT 46, director_id FROM directors WHERE name='Lê Đỗ Ngọc Linh' LIMIT 1;
	INSERT INTO episodes (movie_id, name, video_url)
	  VALUES (46, 'Tập 01', 'https://player.phimapi.com/player/?url=https://s6.kkphimplayer6.com/20250914/8HfQegcz/index.m3u8');
	INSERT INTO episodes (movie_id, name, video_url)
	  VALUES (46, 'Tập 02', 'https://player.phimapi.com/player/?url=https://s6.kkphimplayer6.com/20250914/hBsKYAmE/index.m3u8');
	INSERT INTO episodes (movie_id, name, video_url)
	  VALUES (46, 'Tập 03', 'https://player.phimapi.com/player/?url=https://s6.kkphimplayer6.com/20250914/CR3k05zT/index.m3u8');
	INSERT INTO episodes (movie_id, name, video_url)
	  VALUES (46, 'Tập 04', 'https://player.phimapi.com/player/?url=https://s6.kkphimplayer6.com/20250914/1xsDFMEd/index.m3u8');
	INSERT INTO episodes (movie_id, name, video_url)
	  VALUES (46, 'Tập 05', 'https://player.phimapi.com/player/?url=https://s6.kkphimplayer6.com/20250914/Msw7pbtM/index.m3u8');
	INSERT INTO episodes (movie_id, name, video_url)
	  VALUES (46, 'Tập 06', 'https://player.phimapi.com/player/?url=https://s6.kkphimplayer6.com/20250914/sHvUWyay/index.m3u8');
	INSERT INTO episodes (movie_id, name, video_url)
	  VALUES (46, 'Tập 07', 'https://player.phimapi.com/player/?url=https://s6.kkphimplayer6.com/20250914/l69QONaR/index.m3u8');
	INSERT INTO episodes (movie_id, name, video_url)
	  VALUES (46, 'Tập 08', 'https://player.phimapi.com/player/?url=https://s6.kkphimplayer6.com/20250914/e4gHGpS5/index.m3u8');
	INSERT INTO episodes (movie_id, name, video_url)
	  VALUES (46, 'Tập 09', 'https://player.phimapi.com/player/?url=https://s6.kkphimplayer6.com/20250914/5pDn2Sw0/index.m3u8');
	INSERT INTO episodes (movie_id, name, video_url)
	  VALUES (46, 'Tập 10', 'https://player.phimapi.com/player/?url=https://s6.kkphimplayer6.com/20250914/Xqcky9KN/index.m3u8');
	INSERT INTO episodes (movie_id, name, video_url)
	  VALUES (46, 'Tập 11', 'https://player.phimapi.com/player/?url=https://s6.kkphimplayer6.com/20250914/KzQ8uPcV/index.m3u8');
	INSERT INTO episodes (movie_id, name, video_url)
	  VALUES (46, 'Tập 12', 'https://player.phimapi.com/player/?url=https://s6.kkphimplayer6.com/20250914/Kf0tKbTk/index.m3u8');
	INSERT INTO episodes (movie_id, name, video_url)
	  VALUES (46, 'Tập 13', 'https://player.phimapi.com/player/?url=https://s6.kkphimplayer6.com/20250914/Crs74Thb/index.m3u8');
	INSERT INTO episodes (movie_id, name, video_url)
	  VALUES (46, 'Tập 14', 'https://player.phimapi.com/player/?url=https://s6.kkphimplayer6.com/20250914/pqEbZmwM/index.m3u8');
	INSERT INTO episodes (movie_id, name, video_url)
	  VALUES (46, 'Tập 15', 'https://player.phimapi.com/player/?url=https://s6.kkphimplayer6.com/20250914/r8LeQywQ/index.m3u8');
	INSERT INTO episodes (movie_id, name, video_url)
	  VALUES (46, 'Tập 16', 'https://player.phimapi.com/player/?url=https://s6.kkphimplayer6.com/20250917/GUNhM1YN/index.m3u8');
	INSERT INTO episodes (movie_id, name, video_url)
	  VALUES (46, 'Tập 17', 'https://player.phimapi.com/player/?url=https://s6.kkphimplayer6.com/20250917/patMkdE3/index.m3u8');
	INSERT INTO episodes (movie_id, name, video_url)
	  VALUES (46, 'Tập 18', 'https://player.phimapi.com/player/?url=https://s6.kkphimplayer6.com/20250920/RlcY9wqa/index.m3u8');
	INSERT INTO episodes (movie_id, name, video_url)
	  VALUES (46, 'Tập 19', 'https://player.phimapi.com/player/?url=https://s6.kkphimplayer6.com/20250925/FJF0Esq2/index.m3u8');
	INSERT INTO episodes (movie_id, name, video_url)
	  VALUES (46, 'Tập 20', 'https://player.phimapi.com/player/?url=https://s6.kkphimplayer6.com/20250925/6FETCMjh/index.m3u8');
	INSERT INTO episodes (movie_id, name, video_url)
	  VALUES (46, 'Tập 21', 'https://player.phimapi.com/player/?url=https://s6.kkphimplayer6.com/20250925/Qwj5onNP/index.m3u8');

	-- Movie: Có Anh Nơi Ấy Bình Yên
	INSERT INTO movies (movie_id, title, description, release_date, poster_url, thumb_url, status)
	VALUES (47, 'Có Anh Nơi Ấy Bình Yên', 'Huy, một công an được điều về làm trưởng công an xã Tiên Phong, phải đối mặt với hàng loạt vấn đề phức tạp như tranh chấp đất đai, tệ nạn xã hội và những mâu thuẫn âm ỉ tại đây. Phim đề cao vai trò của lực lượng công an xã trong việc giữ gìn an ninh trật tự ở những vùng quê.', '2025', 'https://phimimg.com/upload/vod/20250903-1/ae822086f99ccc031e91b024e8b0230f.jpg', 'https://phimimg.com/upload/vod/20250903-1/283cfa8a25f279611242d5fd51a33cd3.jpg', 'showing');
	UPDATE movies SET country='Việt Nam', language='Vietsub', trailer_url='https://www.youtube.com/watch?v=5cXQTYv3bso' WHERE movie_id=47;
	INSERT IGNORE INTO genres (name) VALUES ('Chính Kịch');
	INSERT INTO movie_genres (movie_id, genre_id)
	  SELECT 47, genre_id FROM genres WHERE name='Chính Kịch' LIMIT 1;
	INSERT IGNORE INTO genres (name) VALUES ('Tình Cảm');
	INSERT INTO movie_genres (movie_id, genre_id)
	  SELECT 47, genre_id FROM genres WHERE name='Tình Cảm' LIMIT 1;
	INSERT IGNORE INTO genres (name) VALUES ('Tâm Lý');
	INSERT INTO movie_genres (movie_id, genre_id)
	  SELECT 47, genre_id FROM genres WHERE name='Tâm Lý' LIMIT 1;
	INSERT IGNORE INTO genres (name) VALUES ('Gia Đình');
	INSERT INTO movie_genres (movie_id, genre_id)
	  SELECT 47, genre_id FROM genres WHERE name='Gia Đình' LIMIT 1;
	INSERT IGNORE INTO actors (name) VALUES ('NSND Bùi Bài Bình');
	INSERT INTO movie_actors (movie_id, actor_id)
	  SELECT 47, actor_id FROM actors WHERE name='NSND Bùi Bài Bình' LIMIT 1;
	INSERT IGNORE INTO actors (name) VALUES ('NSƯT Thanh Quý');
	INSERT INTO movie_actors (movie_id, actor_id)
	  SELECT 47, actor_id FROM actors WHERE name='NSƯT Thanh Quý' LIMIT 1;
	INSERT IGNORE INTO actors (name) VALUES ('NSƯT Bá Anh');
	INSERT INTO movie_actors (movie_id, actor_id)
	  SELECT 47, actor_id FROM actors WHERE name='NSƯT Bá Anh' LIMIT 1;
	INSERT IGNORE INTO actors (name) VALUES ('NSƯT Thái Sơn');
	INSERT INTO movie_actors (movie_id, actor_id)
	  SELECT 47, actor_id FROM actors WHERE name='NSƯT Thái Sơn' LIMIT 1;
	INSERT IGNORE INTO actors (name) VALUES ('NSƯT Quý Dương');
	INSERT INTO movie_actors (movie_id, actor_id)
	  SELECT 47, actor_id FROM actors WHERE name='NSƯT Quý Dương' LIMIT 1;
	INSERT IGNORE INTO actors (name) VALUES ('Vân Dung');
	INSERT INTO movie_actors (movie_id, actor_id)
	  SELECT 47, actor_id FROM actors WHERE name='Vân Dung' LIMIT 1;
	INSERT IGNORE INTO actors (name) VALUES ('Vĩnh Xương');
	INSERT INTO movie_actors (movie_id, actor_id)
	  SELECT 47, actor_id FROM actors WHERE name='Vĩnh Xương' LIMIT 1;
	INSERT IGNORE INTO actors (name) VALUES ('Tuấn Tú');
	INSERT INTO movie_actors (movie_id, actor_id)
	  SELECT 47, actor_id FROM actors WHERE name='Tuấn Tú' LIMIT 1;
	INSERT IGNORE INTO actors (name) VALUES ('Thanh Bình');
	INSERT INTO movie_actors (movie_id, actor_id)
	  SELECT 47, actor_id FROM actors WHERE name='Thanh Bình' LIMIT 1;
	INSERT IGNORE INTO actors (name) VALUES ('Thụy Dương');
	INSERT INTO movie_actors (movie_id, actor_id)
	  SELECT 47, actor_id FROM actors WHERE name='Thụy Dương' LIMIT 1;
	INSERT IGNORE INTO actors (name) VALUES ('Lê Bống');
	INSERT INTO movie_actors (movie_id, actor_id)
	  SELECT 47, actor_id FROM actors WHERE name='Lê Bống' LIMIT 1;
	INSERT IGNORE INTO directors (name) VALUES ('Nguyễn Danh Dũng');
	INSERT INTO movie_directors (movie_id, director_id)
	  SELECT 47, director_id FROM directors WHERE name='Nguyễn Danh Dũng' LIMIT 1;
	INSERT INTO episodes (movie_id, name, video_url)
	  VALUES (47, 'Tập 01', 'https://player.phimapi.com/player/?url=https://s6.kkphimplayer6.com/20250903/5TuKro2I/index.m3u8');
	INSERT INTO episodes (movie_id, name, video_url)
	  VALUES (47, 'Tập 02', 'https://player.phimapi.com/player/?url=https://s6.kkphimplayer6.com/20250903/oqweZYoS/index.m3u8');
	INSERT INTO episodes (movie_id, name, video_url)
	  VALUES (47, 'Tập 03', 'https://player.phimapi.com/player/?url=https://s6.kkphimplayer6.com/20250903/nvOVx3P8/index.m3u8');
	INSERT INTO episodes (movie_id, name, video_url)
	  VALUES (47, 'Tập 04', 'https://player.phimapi.com/player/?url=https://s6.kkphimplayer6.com/20250903/6dAy39nh/index.m3u8');
	INSERT INTO episodes (movie_id, name, video_url)
	  VALUES (47, 'Tập 05', 'https://player.phimapi.com/player/?url=https://s6.kkphimplayer6.com/20250903/1epGrU1G/index.m3u8');
	INSERT INTO episodes (movie_id, name, video_url)
	  VALUES (47, 'Tập 06', 'https://player.phimapi.com/player/?url=https://s6.kkphimplayer6.com/20250903/WcSAzOJ9/index.m3u8');
	INSERT INTO episodes (movie_id, name, video_url)
	  VALUES (47, 'Tập 07', 'https://player.phimapi.com/player/?url=https://s6.kkphimplayer6.com/20250903/G4T983jZ/index.m3u8');
	INSERT INTO episodes (movie_id, name, video_url)
	  VALUES (47, 'Tập 08', 'https://player.phimapi.com/player/?url=https://s6.kkphimplayer6.com/20250903/Bo7aEIaC/index.m3u8');
	INSERT INTO episodes (movie_id, name, video_url)
	  VALUES (47, 'Tập 09', 'https://player.phimapi.com/player/?url=https://s6.kkphimplayer6.com/20250903/84EcUU0g/index.m3u8');
	INSERT INTO episodes (movie_id, name, video_url)
	  VALUES (47, 'Tập 10', 'https://player.phimapi.com/player/?url=https://s6.kkphimplayer6.com/20250903/HtaMQUdF/index.m3u8');
	INSERT INTO episodes (movie_id, name, video_url)
	  VALUES (47, 'Tập 11', 'https://player.phimapi.com/player/?url=https://s6.kkphimplayer6.com/20250903/8z4hmgWn/index.m3u8');
	INSERT INTO episodes (movie_id, name, video_url)
	  VALUES (47, 'Tập 12', 'https://player.phimapi.com/player/?url=https://s6.kkphimplayer6.com/20250903/0Zaq8J3e/index.m3u8');
	INSERT INTO episodes (movie_id, name, video_url)
	  VALUES (47, 'Tập 13', 'https://player.phimapi.com/player/?url=https://s6.kkphimplayer6.com/20250903/mGZLxse2/index.m3u8');
	INSERT INTO episodes (movie_id, name, video_url)
	  VALUES (47, 'Tập 14', 'https://player.phimapi.com/player/?url=https://s6.kkphimplayer6.com/20250903/ZCe6cyJE/index.m3u8');
	INSERT INTO episodes (movie_id, name, video_url)
	  VALUES (47, 'Tập 15', 'https://player.phimapi.com/player/?url=https://s6.kkphimplayer6.com/20250903/Q7QNwse5/index.m3u8');
	INSERT INTO episodes (movie_id, name, video_url)
	  VALUES (47, 'Tập 16', 'https://player.phimapi.com/player/?url=https://s6.kkphimplayer6.com/20250903/sQYeq22U/index.m3u8');
	INSERT INTO episodes (movie_id, name, video_url)
	  VALUES (47, 'Tập 17', 'https://player.phimapi.com/player/?url=https://s6.kkphimplayer6.com/20250903/Rc9cJJVu/index.m3u8');
	INSERT INTO episodes (movie_id, name, video_url)
	  VALUES (47, 'Tập 18', 'https://player.phimapi.com/player/?url=https://s6.kkphimplayer6.com/20250903/XBxxqj27/index.m3u8');
	INSERT INTO episodes (movie_id, name, video_url)
	  VALUES (47, 'Tập 19', 'https://player.phimapi.com/player/?url=https://s6.kkphimplayer6.com/20250903/R3JJqbEw/index.m3u8');
	INSERT INTO episodes (movie_id, name, video_url)
	  VALUES (47, 'Tập 20', 'https://player.phimapi.com/player/?url=https://s6.kkphimplayer6.com/20250903/V7QRO0Ij/index.m3u8');
	INSERT INTO episodes (movie_id, name, video_url)
	  VALUES (47, 'Tập 21', 'https://player.phimapi.com/player/?url=https://s6.kkphimplayer6.com/20250913/YPQzLMJj/index.m3u8');
	INSERT INTO episodes (movie_id, name, video_url)
	  VALUES (47, 'Tập 22', 'https://player.phimapi.com/player/?url=https://s6.kkphimplayer6.com/20250913/QlWplkrh/index.m3u8');
	INSERT INTO episodes (movie_id, name, video_url)
	  VALUES (47, 'Tập 23', 'https://player.phimapi.com/player/?url=https://s6.kkphimplayer6.com/20250913/hNOd2jWu/index.m3u8');
	INSERT INTO episodes (movie_id, name, video_url)
	  VALUES (47, 'Tập 24', 'https://player.phimapi.com/player/?url=https://s6.kkphimplayer6.com/20250913/vWlbEzfN/index.m3u8');
	INSERT INTO episodes (movie_id, name, video_url)
	  VALUES (47, 'Tập 25', 'https://player.phimapi.com/player/?url=https://s6.kkphimplayer6.com/20250913/IDnqms0D/index.m3u8');
	INSERT INTO episodes (movie_id, name, video_url)
	  VALUES (47, 'Tập 26', 'https://player.phimapi.com/player/?url=https://s6.kkphimplayer6.com/20250913/YKIRyZ3m/index.m3u8');
	INSERT INTO episodes (movie_id, name, video_url)
	  VALUES (47, 'Tập 27', 'https://player.phimapi.com/player/?url=https://s6.kkphimplayer6.com/20250917/NUX3G01l/index.m3u8');
	INSERT INTO episodes (movie_id, name, video_url)
	  VALUES (47, 'Tập 28', 'https://player.phimapi.com/player/?url=https://s6.kkphimplayer6.com/20250919/ZarVhNjH/index.m3u8');
	INSERT INTO episodes (movie_id, name, video_url)
	  VALUES (47, 'Tập 29', 'https://player.phimapi.com/player/?url=https://s6.kkphimplayer6.com/20250920/oTw2XmrR/index.m3u8');
	INSERT INTO episodes (movie_id, name, video_url)
	  VALUES (47, 'Tập 30', 'https://player.phimapi.com/player/?url=https://s6.kkphimplayer6.com/20250925/RngUkSsR/index.m3u8');
	INSERT INTO episodes (movie_id, name, video_url)
	  VALUES (47, 'Tập 31', 'https://player.phimapi.com/player/?url=https://s6.kkphimplayer6.com/20250925/dohjSs4f/index.m3u8');
	INSERT INTO episodes (movie_id, name, video_url)
	  VALUES (47, 'Tập 32', 'https://player.phimapi.com/player/?url=https://s6.kkphimplayer6.com/20250925/ZpqMOJ6R/index.m3u8');

	-- Movie: Cầu Vồng Ở Phía Chân Trời
	INSERT INTO movies (movie_id, title, description, release_date, poster_url, thumb_url, status)
	VALUES (48, 'Cầu Vồng Ở Phía Chân Trời', '“Cầu vồng ở phía chân trời” là câu chuyện xoay quanh hai gia đình đơn thân sống cạnh nhau trong cùng một khu chung cư. Cuộc sống vốn đã chật vật của họ thêm đảo lộn khi bà giúp việc lâu năm của gia đình xin nghỉ, người giúp việc mới làm bùng nổ những tình huống bất ngờ, hài hước và cảm động. Phim là câu chuyện tình yêu muộn màng nhưng sâu sắc, nơi những người tưởng đã không còn cần yêu lại một lần nữa dám tin, dám mở lòng.', '2025', 'https://phimimg.com/upload/vod/20250914-1/dc4b252b5cb3b0b3de6af4df9c2e4b36.jpg', 'https://phimimg.com/upload/vod/20250914-1/a959cdb80ed4f9093018b3bc61d37921.jpg', 'showing');
	UPDATE movies SET country='Việt Nam', language='Vietsub', trailer_url='https://www.youtube.com/watch?v=Ay0VwW7i8Kg' WHERE movie_id=48;
	INSERT IGNORE INTO genres (name) VALUES ('Chính Kịch');
	INSERT INTO movie_genres (movie_id, genre_id)
	  SELECT 48, genre_id FROM genres WHERE name='Chính Kịch' LIMIT 1;
	INSERT IGNORE INTO genres (name) VALUES ('Tình Cảm');
	INSERT INTO movie_genres (movie_id, genre_id)
	  SELECT 48, genre_id FROM genres WHERE name='Tình Cảm' LIMIT 1;
	INSERT IGNORE INTO genres (name) VALUES ('Tâm Lý');
	INSERT INTO movie_genres (movie_id, genre_id)
	  SELECT 48, genre_id FROM genres WHERE name='Tâm Lý' LIMIT 1;
	INSERT IGNORE INTO actors (name) VALUES ('NSƯT Thanh Bình');
	INSERT INTO movie_actors (movie_id, actor_id)
	  SELECT 48, actor_id FROM actors WHERE name='NSƯT Thanh Bình' LIMIT 1;
	INSERT IGNORE INTO actors (name) VALUES ('NSƯT Linh Huệ');
	INSERT INTO movie_actors (movie_id, actor_id)
	  SELECT 48, actor_id FROM actors WHERE name='NSƯT Linh Huệ' LIMIT 1;
	INSERT IGNORE INTO actors (name) VALUES ('Tú Oanh');
	INSERT INTO movie_actors (movie_id, actor_id)
	  SELECT 48, actor_id FROM actors WHERE name='Tú Oanh' LIMIT 1;
	INSERT IGNORE INTO actors (name) VALUES ('Khánh Linh');
	INSERT INTO movie_actors (movie_id, actor_id)
	  SELECT 48, actor_id FROM actors WHERE name='Khánh Linh' LIMIT 1;
	INSERT IGNORE INTO actors (name) VALUES ('Trọng Lân');
	INSERT INTO movie_actors (movie_id, actor_id)
	  SELECT 48, actor_id FROM actors WHERE name='Trọng Lân' LIMIT 1;
	INSERT IGNORE INTO actors (name) VALUES ('Anh Đào');
	INSERT INTO movie_actors (movie_id, actor_id)
	  SELECT 48, actor_id FROM actors WHERE name='Anh Đào' LIMIT 1;
	INSERT IGNORE INTO directors (name) VALUES ('Vũ Minh Trí');
	INSERT INTO movie_directors (movie_id, director_id)
	  SELECT 48, director_id FROM directors WHERE name='Vũ Minh Trí' LIMIT 1;
	INSERT INTO episodes (movie_id, name, video_url)
	  VALUES (48, 'Tập 01', 'https://player.phimapi.com/player/?url=https://s6.kkphimplayer6.com/20250914/3CEbZZ8G/index.m3u8');
	INSERT INTO episodes (movie_id, name, video_url)
	  VALUES (48, 'Tập 02', 'https://player.phimapi.com/player/?url=https://s6.kkphimplayer6.com/20250914/zdVyNTyd/index.m3u8');
	INSERT INTO episodes (movie_id, name, video_url)
	  VALUES (48, 'Tập 03', 'https://player.phimapi.com/player/?url=https://s6.kkphimplayer6.com/20250914/AwTyp2wY/index.m3u8');
	INSERT INTO episodes (movie_id, name, video_url)
	  VALUES (48, 'Tập 04', 'https://player.phimapi.com/player/?url=https://s6.kkphimplayer6.com/20250914/Qs6Vak8F/index.m3u8');
	INSERT INTO episodes (movie_id, name, video_url)
	  VALUES (48, 'Tập 05', 'https://player.phimapi.com/player/?url=https://s6.kkphimplayer6.com/20250914/kBIwTESM/index.m3u8');
	INSERT INTO episodes (movie_id, name, video_url)
	  VALUES (48, 'Tập 06', 'https://player.phimapi.com/player/?url=https://s6.kkphimplayer6.com/20250914/07x5Qn15/index.m3u8');
	INSERT INTO episodes (movie_id, name, video_url)
	  VALUES (48, 'Tập 07', 'https://player.phimapi.com/player/?url=https://s6.kkphimplayer6.com/20250914/xudjc6qM/index.m3u8');
	INSERT INTO episodes (movie_id, name, video_url)
	  VALUES (48, 'Tập 08', 'https://player.phimapi.com/player/?url=https://s6.kkphimplayer6.com/20250914/6x5Q7K3z/index.m3u8');
	INSERT INTO episodes (movie_id, name, video_url)
	  VALUES (48, 'Tập 09', 'https://player.phimapi.com/player/?url=https://s6.kkphimplayer6.com/20250914/ETQksQT8/index.m3u8');
	INSERT INTO episodes (movie_id, name, video_url)
	  VALUES (48, 'Tập 10', 'https://player.phimapi.com/player/?url=https://s6.kkphimplayer6.com/20250914/zuuaed1i/index.m3u8');
	INSERT INTO episodes (movie_id, name, video_url)
	  VALUES (48, 'Tập 11', 'https://player.phimapi.com/player/?url=https://s6.kkphimplayer6.com/20250914/kqVTvfo5/index.m3u8');
	INSERT INTO episodes (movie_id, name, video_url)
	  VALUES (48, 'Tập 12', 'https://player.phimapi.com/player/?url=https://s6.kkphimplayer6.com/20250914/LZzmcOjh/index.m3u8');
	INSERT INTO episodes (movie_id, name, video_url)
	  VALUES (48, 'Tập 13', 'https://player.phimapi.com/player/?url=https://s6.kkphimplayer6.com/20250914/D9mWj7V6/index.m3u8');
	INSERT INTO episodes (movie_id, name, video_url)
	  VALUES (48, 'Tập 14', 'https://player.phimapi.com/player/?url=https://s6.kkphimplayer6.com/20250914/kSx0seJj/index.m3u8');
	INSERT INTO episodes (movie_id, name, video_url)
	  VALUES (48, 'Tập 15', 'https://player.phimapi.com/player/?url=https://s6.kkphimplayer6.com/20250914/8PWO3ehu/index.m3u8');
	INSERT INTO episodes (movie_id, name, video_url)
	  VALUES (48, 'Tập 16', 'https://player.phimapi.com/player/?url=https://s6.kkphimplayer6.com/20250914/IXsFDCSi/index.m3u8');
	INSERT INTO episodes (movie_id, name, video_url)
	  VALUES (48, 'Tập 17', 'https://player.phimapi.com/player/?url=https://s6.kkphimplayer6.com/20250914/XRjKafX4/index.m3u8');
	INSERT INTO episodes (movie_id, name, video_url)
	  VALUES (48, 'Tập 18', 'https://player.phimapi.com/player/?url=https://s6.kkphimplayer6.com/20250914/fs8Emyws/index.m3u8');
	INSERT INTO episodes (movie_id, name, video_url)
	  VALUES (48, 'Tập 19', 'https://player.phimapi.com/player/?url=https://s6.kkphimplayer6.com/20250914/IxiwhQ4p/index.m3u8');
	INSERT INTO episodes (movie_id, name, video_url)
	  VALUES (48, 'Tập 20', 'https://player.phimapi.com/player/?url=https://s6.kkphimplayer6.com/20250914/CJbbMfqy/index.m3u8');
	INSERT INTO episodes (movie_id, name, video_url)
	  VALUES (48, 'Tập 21', 'https://player.phimapi.com/player/?url=https://s6.kkphimplayer6.com/20250914/YxcjD0DQ/index.m3u8');
	INSERT INTO episodes (movie_id, name, video_url)
	  VALUES (48, 'Tập 22', 'https://player.phimapi.com/player/?url=https://s6.kkphimplayer6.com/20250914/6ZFechjO/index.m3u8');
	INSERT INTO episodes (movie_id, name, video_url)
	  VALUES (48, 'Tập 23', 'https://player.phimapi.com/player/?url=https://s6.kkphimplayer6.com/20250914/FCijDhcG/index.m3u8');
	INSERT INTO episodes (movie_id, name, video_url)
	  VALUES (48, 'Tập 24', 'https://player.phimapi.com/player/?url=https://s6.kkphimplayer6.com/20250914/Qq0zqddh/index.m3u8');
	INSERT INTO episodes (movie_id, name, video_url)
	  VALUES (48, 'Tập 25', 'https://player.phimapi.com/player/?url=https://s6.kkphimplayer6.com/20250914/LAOxPRxX/index.m3u8');
	INSERT INTO episodes (movie_id, name, video_url)
	  VALUES (48, 'Tập 26', 'https://player.phimapi.com/player/?url=https://s6.kkphimplayer6.com/20250925/ciZaNEaH/index.m3u8');

	-- Movie: Bà Hoàng Cự Tháp
	INSERT INTO movies (movie_id, title, description, release_date, poster_url, thumb_url, status)
	VALUES (49, 'Bà Hoàng Cự Tháp', 'Ngay sau đám cưới xa hoa ở châu Âu, chủ tịch Vương Tấn Đào của tập đoàn Minh Lãng cùng hai con trai và cháu của ông bất ngờ qua đời trong một vụ tai nạn, khiến cả nhà họ Vương rơi vào cảnh hỗn loạn. Bên ngoài thì kẻ thù giở đủ trò để phá hoại, bên trong thì nội bộ gia đình đấu đá nhau để tranh giành quyền lực. Trước tình cảnh đó, người vợ mới cưới của chủ tịch Vương - bác sĩ phẫu thuật tim nổi tiếng Đổng Nhất Nghiên - phải tìm cách thu phục hai cô con dâu của Tấn Đào để bảo vệ vị thế của mình ở tập đoàn. Bà Hoàng Cự Tháp xoay quanh trận chiến khốc liệt chốn thương trường khốc liệt giữa Nhất Nghiên và những thế lực muốn rắp tâm độc chiếm Minh Lãng.', '2025', 'https://phimimg.com/upload/vod/20250827-1/99afb6b3daa902d80a54bd0d6746d39a.jpg', 'https://phimimg.com/upload/vod/20250827-1/20d3fcac9627d96eb48124dea878d44d.jpg', 'showing');
	UPDATE movies SET country='Hồng Kông', language='Lồng Tiếng', trailer_url='https://www.youtube.com/watch?v=Gq5PukliorY' WHERE movie_id=49;
	INSERT IGNORE INTO genres (name) VALUES ('Chính Kịch');
	INSERT INTO movie_genres (movie_id, genre_id)
	  SELECT 49, genre_id FROM genres WHERE name='Chính Kịch' LIMIT 1;
	INSERT IGNORE INTO genres (name) VALUES ('Tình Cảm');
	INSERT INTO movie_genres (movie_id, genre_id)
	  SELECT 49, genre_id FROM genres WHERE name='Tình Cảm' LIMIT 1;
	INSERT IGNORE INTO genres (name) VALUES ('Tâm Lý');
	INSERT INTO movie_genres (movie_id, genre_id)
	  SELECT 49, genre_id FROM genres WHERE name='Tâm Lý' LIMIT 1;
	INSERT IGNORE INTO actors (name) VALUES ('Tuyên Huyên');
	INSERT INTO movie_actors (movie_id, actor_id)
	  SELECT 49, actor_id FROM actors WHERE name='Tuyên Huyên' LIMIT 1;
	INSERT IGNORE INTO actors (name) VALUES ('Trần Triển Bằng');
	INSERT INTO movie_actors (movie_id, actor_id)
	  SELECT 49, actor_id FROM actors WHERE name='Trần Triển Bằng' LIMIT 1;
	INSERT IGNORE INTO actors (name) VALUES ('Trần Vĩ');
	INSERT INTO movie_actors (movie_id, actor_id)
	  SELECT 49, actor_id FROM actors WHERE name='Trần Vĩ' LIMIT 1;
	INSERT IGNORE INTO directors (name) VALUES ('Chung Thụ Giai');
	INSERT INTO movie_directors (movie_id, director_id)
	  SELECT 49, director_id FROM directors WHERE name='Chung Thụ Giai' LIMIT 1;
	INSERT IGNORE INTO directors (name) VALUES ('Trần Chí Giang');
	INSERT INTO movie_directors (movie_id, director_id)
	  SELECT 49, director_id FROM directors WHERE name='Trần Chí Giang' LIMIT 1;
	INSERT INTO episodes (movie_id, name, video_url)
	  VALUES (49, 'Tập 01', 'https://player.phimapi.com/player/?url=https://s6.kkphimplayer6.com/20250827/umOZxBdq/index.m3u8');
	INSERT INTO episodes (movie_id, name, video_url)
	  VALUES (49, 'Tập 02', 'https://player.phimapi.com/player/?url=https://s6.kkphimplayer6.com/20250829/Z9zejkMe/index.m3u8');
	INSERT INTO episodes (movie_id, name, video_url)
	  VALUES (49, 'Tập 03', 'https://player.phimapi.com/player/?url=https://s6.kkphimplayer6.com/20250830/RMXE68sS/index.m3u8');
	INSERT INTO episodes (movie_id, name, video_url)
	  VALUES (49, 'Tập 04', 'https://player.phimapi.com/player/?url=https://s6.kkphimplayer6.com/20250830/Rt6WvG8Z/index.m3u8');
	INSERT INTO episodes (movie_id, name, video_url)
	  VALUES (49, 'Tập 05', 'https://player.phimapi.com/player/?url=https://s6.kkphimplayer6.com/20250831/MN5rMmFc/index.m3u8');
	INSERT INTO episodes (movie_id, name, video_url)
	  VALUES (49, 'Tập 06', 'https://player.phimapi.com/player/?url=https://s6.kkphimplayer6.com/20250902/uQgLdLDh/index.m3u8');
	INSERT INTO episodes (movie_id, name, video_url)
	  VALUES (49, 'Tập 07', 'https://player.phimapi.com/player/?url=https://s6.kkphimplayer6.com/20250902/2letPK8N/index.m3u8');
	INSERT INTO episodes (movie_id, name, video_url)
	  VALUES (49, 'Tập 08', 'https://player.phimapi.com/player/?url=https://s6.kkphimplayer6.com/20250903/7BVFkCyS/index.m3u8');
	INSERT INTO episodes (movie_id, name, video_url)
	  VALUES (49, 'Tập 09', 'https://player.phimapi.com/player/?url=https://s6.kkphimplayer6.com/20250904/NY96sB2K/index.m3u8');
	INSERT INTO episodes (movie_id, name, video_url)
	  VALUES (49, 'Tập 10', 'https://player.phimapi.com/player/?url=https://s6.kkphimplayer6.com/20250905/bcMntRfP/index.m3u8');
	INSERT INTO episodes (movie_id, name, video_url)
	  VALUES (49, 'Tập 11', 'https://player.phimapi.com/player/?url=https://s6.kkphimplayer6.com/20250908/BnLUZ1GU/index.m3u8');
	INSERT INTO episodes (movie_id, name, video_url)
	  VALUES (49, 'Tập 12', 'https://player.phimapi.com/player/?url=https://s6.kkphimplayer6.com/20250909/MW3eqOcG/index.m3u8');
	INSERT INTO episodes (movie_id, name, video_url)
	  VALUES (49, 'Tập 13', 'https://player.phimapi.com/player/?url=https://s6.kkphimplayer6.com/20250910/QKG5o8su/index.m3u8');
	INSERT INTO episodes (movie_id, name, video_url)
	  VALUES (49, 'Tập 14', 'https://player.phimapi.com/player/?url=https://s6.kkphimplayer6.com/20250911/7BGrsxwQ/index.m3u8');
	INSERT INTO episodes (movie_id, name, video_url)
	  VALUES (49, 'Tập 15', 'https://player.phimapi.com/player/?url=https://s6.kkphimplayer6.com/20250912/srEETCWc/index.m3u8');
	INSERT INTO episodes (movie_id, name, video_url)
	  VALUES (49, 'Tập 16', 'https://player.phimapi.com/player/?url=https://s6.kkphimplayer6.com/20250915/YV4gVmIC/index.m3u8');
	INSERT INTO episodes (movie_id, name, video_url)
	  VALUES (49, 'Tập 17', 'https://player.phimapi.com/player/?url=https://s6.kkphimplayer6.com/20250916/sPOYg8EI/index.m3u8');
	INSERT INTO episodes (movie_id, name, video_url)
	  VALUES (49, 'Tập 18', 'https://player.phimapi.com/player/?url=https://s6.kkphimplayer6.com/20250917/4oEQXpuQ/index.m3u8');
	INSERT INTO episodes (movie_id, name, video_url)
	  VALUES (49, 'Tập 19', 'https://player.phimapi.com/player/?url=https://s6.kkphimplayer6.com/20250918/5UUj1I3T/index.m3u8');
	INSERT INTO episodes (movie_id, name, video_url)
	  VALUES (49, 'Tập 20', 'https://player.phimapi.com/player/?url=https://s6.kkphimplayer6.com/20250922/e885YMoF/index.m3u8');
	INSERT INTO episodes (movie_id, name, video_url)
	  VALUES (49, 'Tập 21', 'https://player.phimapi.com/player/?url=https://s6.kkphimplayer6.com/20250924/Qy1lH2sK/index.m3u8');
	INSERT INTO episodes (movie_id, name, video_url)
	  VALUES (49, 'Tập 22', 'https://player.phimapi.com/player/?url=https://s6.kkphimplayer6.com/20250925/DlZp7WTf/index.m3u8');
	INSERT INTO episodes (movie_id, name, video_url)
	  VALUES (49, 'Tập 23', 'https://player.phimapi.com/player/?url=https://s6.kkphimplayer6.com/20250925/wvGZfih7/index.m3u8');
	INSERT INTO episodes (movie_id, name, video_url)
	  VALUES (49, 'Tập 24', 'https://player.phimapi.com/player/?url=https://s6.kkphimplayer6.com/20250925/ufWFHQGo/index.m3u8');
	INSERT INTO episodes (movie_id, name, video_url)
	  VALUES (49, 'Tập 25', 'https://player.phimapi.com/player/?url=https://s6.kkphimplayer6.com/20250925/GuBEch8a/index.m3u8');

	-- Movie: Vị Khách
	INSERT INTO movies (movie_id, title, description, release_date, poster_url, thumb_url, status)
	VALUES (50, 'Vị Khách', 'Sau vụ ngoại tình, cặp đôi nọ cố gắng cứu vãn cuộc hôn nhân của họ. Nhưng mọi chuyện rơi vào hỗn loạn khi người phụ nữ bí ẩn, từng quen biết người vợ, xuất hiện tại nhà họ.', '2025', 'https://phimimg.com/upload/vod/20250925-1/8fbc49a83e8df128439c4ad31d1e6b94.jpg', 'https://phimimg.com/upload/vod/20250925-1/018bd00057fa81818bbfd3527a9d6509.jpg', 'showing');
	UPDATE movies SET country='Tây Ban Nha', language='Vietsub', trailer_url='https://www.youtube.com/watch?v=rU8qFtbtssg' WHERE movie_id=50;
	INSERT IGNORE INTO genres (name) VALUES ('Chính Kịch');
	INSERT INTO movie_genres (movie_id, genre_id)
	  SELECT 50, genre_id FROM genres WHERE name='Chính Kịch' LIMIT 1;
	INSERT IGNORE INTO genres (name) VALUES ('Tình Cảm');
	INSERT INTO movie_genres (movie_id, genre_id)
	  SELECT 50, genre_id FROM genres WHERE name='Tình Cảm' LIMIT 1;
	INSERT IGNORE INTO genres (name) VALUES ('Tâm Lý');
	INSERT INTO movie_genres (movie_id, genre_id)
	  SELECT 50, genre_id FROM genres WHERE name='Tâm Lý' LIMIT 1;
	INSERT IGNORE INTO actors (name) VALUES ('Laura Londoño');
	INSERT INTO movie_actors (movie_id, actor_id)
	  SELECT 50, actor_id FROM actors WHERE name='Laura Londoño' LIMIT 1;
	INSERT IGNORE INTO actors (name) VALUES ('Carmen Villalobos');
	INSERT INTO movie_actors (movie_id, actor_id)
	  SELECT 50, actor_id FROM actors WHERE name='Carmen Villalobos' LIMIT 1;
	INSERT IGNORE INTO actors (name) VALUES ('Jason Day');
	INSERT INTO movie_actors (movie_id, actor_id)
	  SELECT 50, actor_id FROM actors WHERE name='Jason Day' LIMIT 1;
	INSERT IGNORE INTO actors (name) VALUES ('Víctor Mallarino');
	INSERT INTO movie_actors (movie_id, actor_id)
	  SELECT 50, actor_id FROM actors WHERE name='Víctor Mallarino' LIMIT 1;
	INSERT IGNORE INTO actors (name) VALUES ('Juan Fernando Sánchez');
	INSERT INTO movie_actors (movie_id, actor_id)
	  SELECT 50, actor_id FROM actors WHERE name='Juan Fernando Sánchez' LIMIT 1;
	INSERT IGNORE INTO actors (name) VALUES ('Margarita Muñoz');
	INSERT INTO movie_actors (movie_id, actor_id)
	  SELECT 50, actor_id FROM actors WHERE name='Margarita Muñoz' LIMIT 1;
	INSERT IGNORE INTO actors (name) VALUES ('Jairo Camargo');
	INSERT INTO movie_actors (movie_id, actor_id)
	  SELECT 50, actor_id FROM actors WHERE name='Jairo Camargo' LIMIT 1;
	INSERT IGNORE INTO actors (name) VALUES ('Miguel González');
	INSERT INTO movie_actors (movie_id, actor_id)
	  SELECT 50, actor_id FROM actors WHERE name='Miguel González' LIMIT 1;
	INSERT IGNORE INTO actors (name) VALUES ('Ariel Sierra');
	INSERT INTO movie_actors (movie_id, actor_id)
	  SELECT 50, actor_id FROM actors WHERE name='Ariel Sierra' LIMIT 1;
	INSERT IGNORE INTO actors (name) VALUES ('Kami Zea');
	INSERT INTO movie_actors (movie_id, actor_id)
	  SELECT 50, actor_id FROM actors WHERE name='Kami Zea' LIMIT 1;
	INSERT IGNORE INTO actors (name) VALUES ('Andrés Suárez');
	INSERT INTO movie_actors (movie_id, actor_id)
	  SELECT 50, actor_id FROM actors WHERE name='Andrés Suárez' LIMIT 1;
	INSERT IGNORE INTO actors (name) VALUES ('Rami Herrera');
	INSERT INTO movie_actors (movie_id, actor_id)
	  SELECT 50, actor_id FROM actors WHERE name='Rami Herrera' LIMIT 1;
	INSERT IGNORE INTO actors (name) VALUES ('Bryan Zorrilla');
	INSERT INTO movie_actors (movie_id, actor_id)
	  SELECT 50, actor_id FROM actors WHERE name='Bryan Zorrilla' LIMIT 1;
	INSERT IGNORE INTO actors (name) VALUES ('Laura García');
	INSERT INTO movie_actors (movie_id, actor_id)
	  SELECT 50, actor_id FROM actors WHERE name='Laura García' LIMIT 1;
	INSERT IGNORE INTO actors (name) VALUES ('Katherine Vélez');
	INSERT INTO movie_actors (movie_id, actor_id)
	  SELECT 50, actor_id FROM actors WHERE name='Katherine Vélez' LIMIT 1;
	INSERT IGNORE INTO actors (name) VALUES ('Álvaro García');
	INSERT INTO movie_actors (movie_id, actor_id)
	  SELECT 50, actor_id FROM actors WHERE name='Álvaro García' LIMIT 1;
	INSERT IGNORE INTO actors (name) VALUES ('Natha');
	INSERT INTO movie_actors (movie_id, actor_id)
	  SELECT 50, actor_id FROM actors WHERE name='Natha' LIMIT 1;
	INSERT IGNORE INTO directors (name) VALUES ('Klych Lopez');
	INSERT INTO movie_directors (movie_id, director_id)
	  SELECT 50, director_id FROM directors WHERE name='Klych Lopez' LIMIT 1;
	INSERT IGNORE INTO directors (name) VALUES ('Israel Sanchez');
	INSERT INTO movie_directors (movie_id, director_id)
	  SELECT 50, director_id FROM directors WHERE name='Israel Sanchez' LIMIT 1;
	INSERT INTO episodes (movie_id, name, video_url)
	  VALUES (50, 'Tập 01', 'https://player.phimapi.com/player/?url=https://s6.kkphimplayer6.com/20250925/fVf1mTnh/index.m3u8');
	INSERT INTO episodes (movie_id, name, video_url)
	  VALUES (50, 'Tập 02', 'https://player.phimapi.com/player/?url=https://s6.kkphimplayer6.com/20250925/YIAXaTRg/index.m3u8');
	INSERT INTO episodes (movie_id, name, video_url)
	  VALUES (50, 'Tập 03', 'https://player.phimapi.com/player/?url=https://s6.kkphimplayer6.com/20250925/8ppsUa9n/index.m3u8');
	INSERT INTO episodes (movie_id, name, video_url)
	  VALUES (50, 'Tập 04', 'https://player.phimapi.com/player/?url=https://s6.kkphimplayer6.com/20250925/WLlTRRcS/index.m3u8');
	INSERT INTO episodes (movie_id, name, video_url)
	  VALUES (50, 'Tập 05', 'https://player.phimapi.com/player/?url=https://s6.kkphimplayer6.com/20250925/9kFGhe3i/index.m3u8');
	INSERT INTO episodes (movie_id, name, video_url)
	  VALUES (50, 'Tập 06', 'https://player.phimapi.com/player/?url=https://s6.kkphimplayer6.com/20250925/PSHrNLLb/index.m3u8');
	INSERT INTO episodes (movie_id, name, video_url)
	  VALUES (50, 'Tập 07', 'https://player.phimapi.com/player/?url=https://s6.kkphimplayer6.com/20250925/hHdW2sAK/index.m3u8');
	INSERT INTO episodes (movie_id, name, video_url)
	  VALUES (50, 'Tập 08', 'https://player.phimapi.com/player/?url=https://s6.kkphimplayer6.com/20250925/YftOzGxp/index.m3u8');
	INSERT INTO episodes (movie_id, name, video_url)
	  VALUES (50, 'Tập 09', 'https://player.phimapi.com/player/?url=https://s6.kkphimplayer6.com/20250925/RLkZrGW6/index.m3u8');
	INSERT INTO episodes (movie_id, name, video_url)
	  VALUES (50, 'Tập 10', 'https://player.phimapi.com/player/?url=https://s6.kkphimplayer6.com/20250925/NxVhB4t2/index.m3u8');
	INSERT INTO episodes (movie_id, name, video_url)
	  VALUES (50, 'Tập 11', 'https://player.phimapi.com/player/?url=https://s6.kkphimplayer6.com/20250925/Dp3EBA3j/index.m3u8');
	INSERT INTO episodes (movie_id, name, video_url)
	  VALUES (50, 'Tập 12', 'https://player.phimapi.com/player/?url=https://s6.kkphimplayer6.com/20250925/dWMkPUiN/index.m3u8');
	INSERT INTO episodes (movie_id, name, video_url)
	  VALUES (50, 'Tập 13', 'https://player.phimapi.com/player/?url=https://s6.kkphimplayer6.com/20250925/pt1yAJZP/index.m3u8');
	INSERT INTO episodes (movie_id, name, video_url)
	  VALUES (50, 'Tập 14', 'https://player.phimapi.com/player/?url=https://s6.kkphimplayer6.com/20250925/QlVkAGwN/index.m3u8');
	INSERT INTO episodes (movie_id, name, video_url)
	  VALUES (50, 'Tập 15', 'https://player.phimapi.com/player/?url=https://s6.kkphimplayer6.com/20250925/bz8X1sQU/index.m3u8');
	INSERT INTO episodes (movie_id, name, video_url)
	  VALUES (50, 'Tập 16', 'https://player.phimapi.com/player/?url=https://s6.kkphimplayer6.com/20250925/7BNQcfns/index.m3u8');
	INSERT INTO episodes (movie_id, name, video_url)
	  VALUES (50, 'Tập 17', 'https://player.phimapi.com/player/?url=https://s6.kkphimplayer6.com/20250925/xHkgz416/index.m3u8');
	INSERT INTO episodes (movie_id, name, video_url)
	  VALUES (50, 'Tập 18', 'https://player.phimapi.com/player/?url=https://s6.kkphimplayer6.com/20250925/NPBJsHDj/index.m3u8');
	INSERT INTO episodes (movie_id, name, video_url)
	  VALUES (50, 'Tập 19', 'https://player.phimapi.com/player/?url=https://s6.kkphimplayer6.com/20250925/OdDWT0xv/index.m3u8');
	INSERT INTO episodes (movie_id, name, video_url)
	  VALUES (50, 'Tập 20', 'https://player.phimapi.com/player/?url=https://s6.kkphimplayer6.com/20250925/DYT5mb7E/index.m3u8');

	-- Movie: Marvel Zombies
	INSERT INTO movies (movie_id, title, description, release_date, poster_url, thumb_url, status)
	VALUES (51, 'Marvel Zombies', 'Sau khi các Avengers bị dịch bệnh xác sống xâm chiếm, một nhóm người sống sót tuyệt vọng đã phát hiện ra chìa khóa để chấm dứt đội quân siêu anh hùng thây ma. Họ phải liều mạng băng qua vùng đất loạn lạc, đối mặt hiểm nguy khắp nơi để cứu lấy thế giới.', '2025', 'https://phimimg.com/upload/vod/20250924-1/df6f49387bd279265fc99385dc2747aa.jpg', 'https://phimimg.com/upload/vod/20250924-1/33922de46ec1e71e59c705ec316589e6.jpg', 'showing');
	UPDATE movies SET country='Âu Mỹ', language='Vietsub', trailer_url='https://www.youtube.com/watch?v=8VEmp_Ycjws' WHERE movie_id=51;
	INSERT IGNORE INTO genres (name) VALUES ('Khoa Học');
	INSERT INTO movie_genres (movie_id, genre_id)
	  SELECT 51, genre_id FROM genres WHERE name='Khoa Học' LIMIT 1;
	INSERT IGNORE INTO genres (name) VALUES ('Viễn Tưởng');
	INSERT INTO movie_genres (movie_id, genre_id)
	  SELECT 51, genre_id FROM genres WHERE name='Viễn Tưởng' LIMIT 1;
	INSERT IGNORE INTO genres (name) VALUES ('Tâm Lý');
	INSERT INTO movie_genres (movie_id, genre_id)
	  SELECT 51, genre_id FROM genres WHERE name='Tâm Lý' LIMIT 1;
	INSERT IGNORE INTO actors (name) VALUES ('Elizabeth Olsen');
	INSERT INTO movie_actors (movie_id, actor_id)
	  SELECT 51, actor_id FROM actors WHERE name='Elizabeth Olsen' LIMIT 1;
	INSERT IGNORE INTO actors (name) VALUES ('Iman Vellani');
	INSERT INTO movie_actors (movie_id, actor_id)
	  SELECT 51, actor_id FROM actors WHERE name='Iman Vellani' LIMIT 1;
	INSERT IGNORE INTO actors (name) VALUES ('David Harbour');
	INSERT INTO movie_actors (movie_id, actor_id)
	  SELECT 51, actor_id FROM actors WHERE name='David Harbour' LIMIT 1;
	INSERT IGNORE INTO actors (name) VALUES ('Simu Liu');
	INSERT INTO movie_actors (movie_id, actor_id)
	  SELECT 51, actor_id FROM actors WHERE name='Simu Liu' LIMIT 1;
	INSERT IGNORE INTO actors (name) VALUES ('Awkwafina');
	INSERT INTO movie_actors (movie_id, actor_id)
	  SELECT 51, actor_id FROM actors WHERE name='Awkwafina' LIMIT 1;
	INSERT IGNORE INTO actors (name) VALUES ('Todd Williams');
	INSERT INTO movie_actors (movie_id, actor_id)
	  SELECT 51, actor_id FROM actors WHERE name='Todd Williams' LIMIT 1;
	INSERT IGNORE INTO actors (name) VALUES ('Robin Atkin Downes');
	INSERT INTO movie_actors (movie_id, actor_id)
	  SELECT 51, actor_id FROM actors WHERE name='Robin Atkin Downes' LIMIT 1;
	INSERT IGNORE INTO actors (name) VALUES ('David Boat');
	INSERT INTO movie_actors (movie_id, actor_id)
	  SELECT 51, actor_id FROM actors WHERE name='David Boat' LIMIT 1;
	INSERT IGNORE INTO actors (name) VALUES ('Terri Douglas');
	INSERT INTO movie_actors (movie_id, actor_id)
	  SELECT 51, actor_id FROM actors WHERE name='Terri Douglas' LIMIT 1;
	INSERT IGNORE INTO actors (name) VALUES ('Kari Wahlgren');
	INSERT INTO movie_actors (movie_id, actor_id)
	  SELECT 51, actor_id FROM actors WHERE name='Kari Wahlgren' LIMIT 1;
	INSERT IGNORE INTO actors (name) VALUES ('Fred Tatasciore');
	INSERT INTO movie_actors (movie_id, actor_id)
	  SELECT 51, actor_id FROM actors WHERE name='Fred Tatasciore' LIMIT 1;
	INSERT IGNORE INTO actors (name) VALUES ('Debra Wilson');
	INSERT INTO movie_actors (movie_id, actor_id)
	  SELECT 51, actor_id FROM actors WHERE name='Debra Wilson' LIMIT 1;
	INSERT IGNORE INTO directors (name) VALUES ('Đang cập nhật');
	INSERT INTO movie_directors (movie_id, director_id)
	  SELECT 51, director_id FROM directors WHERE name='Đang cập nhật' LIMIT 1;
	INSERT INTO episodes (movie_id, name, video_url)
	  VALUES (51, 'Tập 01', 'https://player.phimapi.com/player/?url=https://s6.kkphimplayer6.com/20250925/tSuzsm4m/index.m3u8');
	INSERT INTO episodes (movie_id, name, video_url)
	  VALUES (51, 'Tập 02', 'https://player.phimapi.com/player/?url=https://s6.kkphimplayer6.com/20250925/TkFjMBPU/index.m3u8');
	INSERT INTO episodes (movie_id, name, video_url)
	  VALUES (51, 'Tập 03', 'https://player.phimapi.com/player/?url=https://s6.kkphimplayer6.com/20250925/UENSWcab/index.m3u8');
	INSERT INTO episodes (movie_id, name, video_url)
	  VALUES (51, 'Tập 04', 'https://player.phimapi.com/player/?url=https://s6.kkphimplayer6.com/20250925/053sagox/index.m3u8');

	-- Movie: Khoa Học Tình Yêu
	INSERT INTO movies (movie_id, title, description, release_date, poster_url, thumb_url, status)
	VALUES (52, 'Khoa Học Tình Yêu', 'Xinh đẹp, năng động, tài giỏi, Nhan Phi là sếp của một công ty môi giới hôn nhân có tiếng. Sự kết hợp khéo léo giữa các con số, dữ liệu và kinh nghiệm sống giúp cô se duyên thành công cho nhiều đối tượng độc thân. Ấy vậy mà chính bản thân cô lại gặp phải nhiều trắc trở trong chuyện tình duyên. Sau một cuộc hôn nhân thất bại, Nhan Phi gặp lại một người bạn cũ vốn đã thầm yêu trộm nhớ cô từ rất lâu nhưng lại không dám thổ lộ. Thế nhưng, khi tình cảm của hai người vừa chớm nở thì người chồng cũ lại bất ngờ quay về, quyết tâm hàn gắn tình xưa.', '2021', 'https://phimimg.com/upload/vod/20250925-1/b409802e0cd8212ec35c5fdcca89567b.jpg', 'https://phimimg.com/upload/vod/20250925-1/427f9098e97005fbdfafefd8e2263874.jpg', 'showing');
	UPDATE movies SET country='Đài Loan', language='Lồng Tiếng', trailer_url='https://www.youtube.com/watch?v=OpVq3fKmk_I' WHERE movie_id=52;
	INSERT IGNORE INTO genres (name) VALUES ('Chính Kịch');
	INSERT INTO movie_genres (movie_id, genre_id)
	  SELECT 52, genre_id FROM genres WHERE name='Chính Kịch' LIMIT 1;
	INSERT IGNORE INTO genres (name) VALUES ('Tình Cảm');
	INSERT INTO movie_genres (movie_id, genre_id)
	  SELECT 52, genre_id FROM genres WHERE name='Tình Cảm' LIMIT 1;
	INSERT IGNORE INTO genres (name) VALUES ('Tâm Lý');
	INSERT INTO movie_genres (movie_id, genre_id)
	  SELECT 52, genre_id FROM genres WHERE name='Tâm Lý' LIMIT 1;
	INSERT IGNORE INTO actors (name) VALUES ('Mạc Duận Văn');
	INSERT INTO movie_actors (movie_id, actor_id)
	  SELECT 52, actor_id FROM actors WHERE name='Mạc Duận Văn' LIMIT 1;
	INSERT IGNORE INTO actors (name) VALUES ('Ngô Niệm Hiển');
	INSERT INTO movie_actors (movie_id, actor_id)
	  SELECT 52, actor_id FROM actors WHERE name='Ngô Niệm Hiển' LIMIT 1;
	INSERT IGNORE INTO actors (name) VALUES ('Hoàng Vi Đình');
	INSERT INTO movie_actors (movie_id, actor_id)
	  SELECT 52, actor_id FROM actors WHERE name='Hoàng Vi Đình' LIMIT 1;
	INSERT IGNORE INTO actors (name) VALUES ('Trịnh Úy Đạt');
	INSERT INTO movie_actors (movie_id, actor_id)
	  SELECT 52, actor_id FROM actors WHERE name='Trịnh Úy Đạt' LIMIT 1;
	INSERT IGNORE INTO actors (name) VALUES ('Cao Tuệ Nha');
	INSERT INTO movie_actors (movie_id, actor_id)
	  SELECT 52, actor_id FROM actors WHERE name='Cao Tuệ Nha' LIMIT 1;
	INSERT IGNORE INTO actors (name) VALUES ('Lâm Vũ');
	INSERT INTO movie_actors (movie_id, actor_id)
	  SELECT 52, actor_id FROM actors WHERE name='Lâm Vũ' LIMIT 1;
	INSERT IGNORE INTO actors (name) VALUES ('Hứa Hoài Dân');
	INSERT INTO movie_actors (movie_id, actor_id)
	  SELECT 52, actor_id FROM actors WHERE name='Hứa Hoài Dân' LIMIT 1;
	INSERT IGNORE INTO actors (name) VALUES ('Diệp Toàn Chân');
	INSERT INTO movie_actors (movie_id, actor_id)
	  SELECT 52, actor_id FROM actors WHERE name='Diệp Toàn Chân' LIMIT 1;
	INSERT IGNORE INTO directors (name) VALUES ('Trương Tấn Vinh');
	INSERT INTO movie_directors (movie_id, director_id)
	  SELECT 52, director_id FROM directors WHERE name='Trương Tấn Vinh' LIMIT 1;
	INSERT IGNORE INTO directors (name) VALUES ('Thái Hy Trân');
	INSERT INTO movie_directors (movie_id, director_id)
	  SELECT 52, director_id FROM directors WHERE name='Thái Hy Trân' LIMIT 1;
	INSERT IGNORE INTO directors (name) VALUES ('Lý Khổng Vị');
	INSERT INTO movie_directors (movie_id, director_id)
	  SELECT 52, director_id FROM directors WHERE name='Lý Khổng Vị' LIMIT 1;
	INSERT INTO episodes (movie_id, name, video_url)
	  VALUES (52, 'Tập 01', 'https://player.phimapi.com/player/?url=https://s6.kkphimplayer6.com/20250925/HTXdf0SN/index.m3u8');
	INSERT INTO episodes (movie_id, name, video_url)
	  VALUES (52, 'Tập 02', 'https://player.phimapi.com/player/?url=https://s6.kkphimplayer6.com/20250925/ratyZKd3/index.m3u8');
	INSERT INTO episodes (movie_id, name, video_url)
	  VALUES (52, 'Tập 03', 'https://player.phimapi.com/player/?url=https://s6.kkphimplayer6.com/20250925/xicvOJXn/index.m3u8');
	INSERT INTO episodes (movie_id, name, video_url)
	  VALUES (52, 'Tập 04', 'https://player.phimapi.com/player/?url=https://s6.kkphimplayer6.com/20250925/2qmnm6uB/index.m3u8');
	INSERT INTO episodes (movie_id, name, video_url)
	  VALUES (52, 'Tập 05', 'https://player.phimapi.com/player/?url=https://s6.kkphimplayer6.com/20250925/HqjBxA99/index.m3u8');
	INSERT INTO episodes (movie_id, name, video_url)
	  VALUES (52, 'Tập 06', 'https://player.phimapi.com/player/?url=https://s6.kkphimplayer6.com/20250925/ILCDc7vu/index.m3u8');
	INSERT INTO episodes (movie_id, name, video_url)
	  VALUES (52, 'Tập 07', 'https://player.phimapi.com/player/?url=https://s6.kkphimplayer6.com/20250925/9rz5ykMC/index.m3u8');
	INSERT INTO episodes (movie_id, name, video_url)
	  VALUES (52, 'Tập 08', 'https://player.phimapi.com/player/?url=https://s6.kkphimplayer6.com/20250925/0EPGuqSj/index.m3u8');
	INSERT INTO episodes (movie_id, name, video_url)
	  VALUES (52, 'Tập 09', 'https://player.phimapi.com/player/?url=https://s6.kkphimplayer6.com/20250925/bJKebLpT/index.m3u8');
	INSERT INTO episodes (movie_id, name, video_url)
	  VALUES (52, 'Tập 10', 'https://player.phimapi.com/player/?url=https://s6.kkphimplayer6.com/20250925/E1uotUO8/index.m3u8');
	INSERT INTO episodes (movie_id, name, video_url)
	  VALUES (52, 'Tập 11', 'https://player.phimapi.com/player/?url=https://s6.kkphimplayer6.com/20250925/GnYAGuiD/index.m3u8');
	INSERT INTO episodes (movie_id, name, video_url)
	  VALUES (52, 'Tập 12', 'https://player.phimapi.com/player/?url=https://s6.kkphimplayer6.com/20250925/XMT1rMDV/index.m3u8');
	INSERT INTO episodes (movie_id, name, video_url)
	  VALUES (52, 'Tập 13', 'https://player.phimapi.com/player/?url=https://s6.kkphimplayer6.com/20250925/ydC5shTw/index.m3u8');
	INSERT INTO episodes (movie_id, name, video_url)
	  VALUES (52, 'Tập 14', 'https://player.phimapi.com/player/?url=https://s6.kkphimplayer6.com/20250925/u2xSAJdv/index.m3u8');
	INSERT INTO episodes (movie_id, name, video_url)
	  VALUES (52, 'Tập 15', 'https://player.phimapi.com/player/?url=https://s6.kkphimplayer6.com/20250925/plWdD8eT/index.m3u8');
	INSERT INTO episodes (movie_id, name, video_url)
	  VALUES (52, 'Tập 16', 'https://player.phimapi.com/player/?url=https://s6.kkphimplayer6.com/20250925/ifBMkp3R/index.m3u8');
	INSERT INTO episodes (movie_id, name, video_url)
	  VALUES (52, 'Tập 17', 'https://player.phimapi.com/player/?url=https://s6.kkphimplayer6.com/20250925/2xLQ5wVe/index.m3u8');
	INSERT INTO episodes (movie_id, name, video_url)
	  VALUES (52, 'Tập 18', 'https://player.phimapi.com/player/?url=https://s6.kkphimplayer6.com/20250925/tyXdapeG/index.m3u8');
	INSERT INTO episodes (movie_id, name, video_url)
	  VALUES (52, 'Tập 19', 'https://player.phimapi.com/player/?url=https://s6.kkphimplayer6.com/20250925/qIqGNyzf/index.m3u8');
	INSERT INTO episodes (movie_id, name, video_url)
	  VALUES (52, 'Tập 20', 'https://player.phimapi.com/player/?url=https://s6.kkphimplayer6.com/20250925/UiRyjHxV/index.m3u8');
	INSERT INTO episodes (movie_id, name, video_url)
	  VALUES (52, 'Tập 21', 'https://player.phimapi.com/player/?url=https://s6.kkphimplayer6.com/20250925/CEPv6uy5/index.m3u8');
	INSERT INTO episodes (movie_id, name, video_url)
	  VALUES (52, 'Tập 22', 'https://player.phimapi.com/player/?url=https://s6.kkphimplayer6.com/20250925/HdbjCvOk/index.m3u8');
	INSERT INTO episodes (movie_id, name, video_url)
	  VALUES (52, 'Tập 23', 'https://player.phimapi.com/player/?url=https://s6.kkphimplayer6.com/20250925/UbK7h4wL/index.m3u8');
	INSERT INTO episodes (movie_id, name, video_url)
	  VALUES (52, 'Tập 24', 'https://player.phimapi.com/player/?url=https://s6.kkphimplayer6.com/20250925/d0WUkYsr/index.m3u8');
	INSERT INTO episodes (movie_id, name, video_url)
	  VALUES (52, 'Tập 25', 'https://player.phimapi.com/player/?url=https://s6.kkphimplayer6.com/20250925/qak5Ah1k/index.m3u8');
	INSERT INTO episodes (movie_id, name, video_url)
	  VALUES (52, 'Tập 26', 'https://player.phimapi.com/player/?url=https://s6.kkphimplayer6.com/20250925/1bHQCJOx/index.m3u8');
	INSERT INTO episodes (movie_id, name, video_url)
	  VALUES (52, 'Tập 27', 'https://player.phimapi.com/player/?url=https://s6.kkphimplayer6.com/20250925/SEayflbu/index.m3u8');
	INSERT INTO episodes (movie_id, name, video_url)
	  VALUES (52, 'Tập 28', 'https://player.phimapi.com/player/?url=https://s6.kkphimplayer6.com/20250925/qf3hcOl6/index.m3u8');

	-- Movie: Hoa Cấm: Lửa Cháy Trong Đêm (Phim Ngắn)
	INSERT INTO movies (movie_id, title, description, release_date, poster_url, thumb_url, status)
	VALUES (53, 'Hoa Cấm: Lửa Cháy Trong Đêm (Phim Ngắn)', 'Để bảo vệ cuộc sống đang trên bờ vực sụp đổ của mình, Go Eun càng ngày càng trở nên cực đoan. Trong khi đó, chồng cô, Ju Hyeok lại bị giắng xé giữa sự thật mà Go Eun đang che giấu và sự quyến rũ của Hwa Yeon. Bao nhiêu dục vọng và sự cố chấp đan xen giữa ba người, cuối cùng đã đẩy cuộc sống hào nhoáng của Go Eun đến bờ vực của sự sụp đổ và kết thúc trong bi kịch.', '2025', 'https://phimimg.com/upload/vod/20250925-1/b303b8bad36810ad72667fea362f56b3.jpg', 'https://phimimg.com/upload/vod/20250925-1/e2d959ceb30057830bf446504a4edbfb.jpg', 'showing');
	UPDATE movies SET country='Hàn Quốc', language='Vietsub', trailer_url=NULL WHERE movie_id=53;
	INSERT IGNORE INTO genres (name) VALUES ('Chính Kịch');
	INSERT INTO movie_genres (movie_id, genre_id)
	  SELECT 53, genre_id FROM genres WHERE name='Chính Kịch' LIMIT 1;
	INSERT IGNORE INTO genres (name) VALUES ('Tình Cảm');
	INSERT INTO movie_genres (movie_id, genre_id)
	  SELECT 53, genre_id FROM genres WHERE name='Tình Cảm' LIMIT 1;
	INSERT IGNORE INTO genres (name) VALUES ('Tâm Lý');
	INSERT INTO movie_genres (movie_id, genre_id)
	  SELECT 53, genre_id FROM genres WHERE name='Tâm Lý' LIMIT 1;
	INSERT IGNORE INTO actors (name) VALUES ('Đang cập nhật');
	INSERT INTO movie_actors (movie_id, actor_id)
	  SELECT 53, actor_id FROM actors WHERE name='Đang cập nhật' LIMIT 1;
	INSERT IGNORE INTO directors (name) VALUES ('Đang cập nhật');
	INSERT INTO movie_directors (movie_id, director_id)
	  SELECT 53, director_id FROM directors WHERE name='Đang cập nhật' LIMIT 1;
	INSERT INTO episodes (movie_id, name, video_url)
	  VALUES (53, 'Tập 01', 'https://player.phimapi.com/player/?url=https://s6.kkphimplayer6.com/20250923/jdG3eXdc/index.m3u8');
	INSERT INTO episodes (movie_id, name, video_url)
	  VALUES (53, 'Tập 02', 'https://player.phimapi.com/player/?url=https://s6.kkphimplayer6.com/20250923/mJN2D8JF/index.m3u8');
	INSERT INTO episodes (movie_id, name, video_url)
	  VALUES (53, 'Tập 03', 'https://player.phimapi.com/player/?url=https://s6.kkphimplayer6.com/20250923/Wxg13phQ/index.m3u8');
	INSERT INTO episodes (movie_id, name, video_url)
	  VALUES (53, 'Tập 04', 'https://player.phimapi.com/player/?url=https://s6.kkphimplayer6.com/20250923/PeLPx6bl/index.m3u8');
	INSERT INTO episodes (movie_id, name, video_url)
	  VALUES (53, 'Tập 05', 'https://player.phimapi.com/player/?url=https://s6.kkphimplayer6.com/20250923/gXpxwztY/index.m3u8');
	INSERT INTO episodes (movie_id, name, video_url)
	  VALUES (53, 'Tập 06', 'https://player.phimapi.com/player/?url=https://s6.kkphimplayer6.com/20250923/aPvlXIe1/index.m3u8');
	INSERT INTO episodes (movie_id, name, video_url)
	  VALUES (53, 'Tập 07', 'https://player.phimapi.com/player/?url=https://s6.kkphimplayer6.com/20250923/3Wd3LE9L/index.m3u8');
	INSERT INTO episodes (movie_id, name, video_url)
	  VALUES (53, 'Tập 08', 'https://player.phimapi.com/player/?url=https://s6.kkphimplayer6.com/20250923/igo1AH1D/index.m3u8');
	INSERT INTO episodes (movie_id, name, video_url)
	  VALUES (53, 'Tập 09', 'https://player.phimapi.com/player/?url=https://s6.kkphimplayer6.com/20250923/6lm52gZt/index.m3u8');
	INSERT INTO episodes (movie_id, name, video_url)
	  VALUES (53, 'Tập 10', 'https://player.phimapi.com/player/?url=https://s6.kkphimplayer6.com/20250923/37IFV7BF/index.m3u8');
	INSERT INTO episodes (movie_id, name, video_url)
	  VALUES (53, 'Tập 11', 'https://player.phimapi.com/player/?url=https://s6.kkphimplayer6.com/20250923/N40GU4xC/index.m3u8');
	INSERT INTO episodes (movie_id, name, video_url)
	  VALUES (53, 'Tập 12', 'https://player.phimapi.com/player/?url=https://s6.kkphimplayer6.com/20250923/GQcUqIKd/index.m3u8');
	INSERT INTO episodes (movie_id, name, video_url)
	  VALUES (53, 'Tập 13', 'https://player.phimapi.com/player/?url=https://s6.kkphimplayer6.com/20250923/keCDyp1r/index.m3u8');
	INSERT INTO episodes (movie_id, name, video_url)
	  VALUES (53, 'Tập 14', 'https://player.phimapi.com/player/?url=https://s6.kkphimplayer6.com/20250923/J3HiryRt/index.m3u8');
	INSERT INTO episodes (movie_id, name, video_url)
	  VALUES (53, 'Tập 15', 'https://player.phimapi.com/player/?url=https://s6.kkphimplayer6.com/20250923/c0EvdAhq/index.m3u8');
	INSERT INTO episodes (movie_id, name, video_url)
	  VALUES (53, 'Tập 16', 'https://player.phimapi.com/player/?url=https://s6.kkphimplayer6.com/20250923/o2Bq3bQh/index.m3u8');
	INSERT INTO episodes (movie_id, name, video_url)
	  VALUES (53, 'Tập 17', 'https://player.phimapi.com/player/?url=https://s6.kkphimplayer6.com/20250923/DErfW9Mb/index.m3u8');
	INSERT INTO episodes (movie_id, name, video_url)
	  VALUES (53, 'Tập 18', 'https://player.phimapi.com/player/?url=https://s6.kkphimplayer6.com/20250923/JXru5SBg/index.m3u8');
	INSERT INTO episodes (movie_id, name, video_url)
	  VALUES (53, 'Tập 19', 'https://player.phimapi.com/player/?url=https://s6.kkphimplayer6.com/20250923/RNojhJob/index.m3u8');
	INSERT INTO episodes (movie_id, name, video_url)
	  VALUES (53, 'Tập 20', 'https://player.phimapi.com/player/?url=https://s6.kkphimplayer6.com/20250923/xq4wkrJ0/index.m3u8');
	INSERT INTO episodes (movie_id, name, video_url)
	  VALUES (53, 'Tập 21', 'https://player.phimapi.com/player/?url=https://s6.kkphimplayer6.com/20250923/HXtnjfLb/index.m3u8');
	INSERT INTO episodes (movie_id, name, video_url)
	  VALUES (53, 'Tập 22', 'https://player.phimapi.com/player/?url=https://s6.kkphimplayer6.com/20250923/RhMQ1954/index.m3u8');
	INSERT INTO episodes (movie_id, name, video_url)
	  VALUES (53, 'Tập 23', 'https://player.phimapi.com/player/?url=https://s6.kkphimplayer6.com/20250923/V0dKDFDs/index.m3u8');
	INSERT INTO episodes (movie_id, name, video_url)
	  VALUES (53, 'Tập 24', 'https://player.phimapi.com/player/?url=https://s6.kkphimplayer6.com/20250923/1dMV6GVH/index.m3u8');
	INSERT INTO episodes (movie_id, name, video_url)
	  VALUES (53, 'Tập 25', 'https://player.phimapi.com/player/?url=https://s6.kkphimplayer6.com/20250923/Ux2nigtv/index.m3u8');
	INSERT INTO episodes (movie_id, name, video_url)
	  VALUES (53, 'Tập 26', 'https://player.phimapi.com/player/?url=https://s6.kkphimplayer6.com/20250923/5dHqI5z9/index.m3u8');
	INSERT INTO episodes (movie_id, name, video_url)
	  VALUES (53, 'Tập 27', 'https://player.phimapi.com/player/?url=https://s6.kkphimplayer6.com/20250923/DnzOy1MO/index.m3u8');
	INSERT INTO episodes (movie_id, name, video_url)
	  VALUES (53, 'Tập 28', 'https://player.phimapi.com/player/?url=https://s6.kkphimplayer6.com/20250923/wXiji03f/index.m3u8');
	INSERT INTO episodes (movie_id, name, video_url)
	  VALUES (53, 'Tập 29', 'https://player.phimapi.com/player/?url=https://s6.kkphimplayer6.com/20250923/HAlV7Grg/index.m3u8');
	INSERT INTO episodes (movie_id, name, video_url)
	  VALUES (53, 'Tập 30', 'https://player.phimapi.com/player/?url=https://s6.kkphimplayer6.com/20250923/zVOlve0e/index.m3u8');
	INSERT INTO episodes (movie_id, name, video_url)
	  VALUES (53, 'Tập 31', 'https://player.phimapi.com/player/?url=https://s6.kkphimplayer6.com/20250923/cCNTA6I3/index.m3u8');
	INSERT INTO episodes (movie_id, name, video_url)
	  VALUES (53, 'Tập 32', 'https://player.phimapi.com/player/?url=https://s6.kkphimplayer6.com/20250923/hD4kmDIN/index.m3u8');
	INSERT INTO episodes (movie_id, name, video_url)
	  VALUES (53, 'Tập 33', 'https://player.phimapi.com/player/?url=https://s6.kkphimplayer6.com/20250923/FyFIytTV/index.m3u8');
	INSERT INTO episodes (movie_id, name, video_url)
	  VALUES (53, 'Tập 34', 'https://player.phimapi.com/player/?url=https://s6.kkphimplayer6.com/20250923/Z5Q6iK7d/index.m3u8');
	INSERT INTO episodes (movie_id, name, video_url)
	  VALUES (53, 'Tập 35', 'https://player.phimapi.com/player/?url=https://s6.kkphimplayer6.com/20250923/m3ZzvuWU/index.m3u8');
	INSERT INTO episodes (movie_id, name, video_url)
	  VALUES (53, 'Tập 36', 'https://player.phimapi.com/player/?url=https://s6.kkphimplayer6.com/20250923/pWC61nc9/index.m3u8');
	INSERT INTO episodes (movie_id, name, video_url)
	  VALUES (53, 'Tập 37', 'https://player.phimapi.com/player/?url=https://s6.kkphimplayer6.com/20250923/8DPWEXQo/index.m3u8');
	INSERT INTO episodes (movie_id, name, video_url)
	  VALUES (53, 'Tập 38', 'https://player.phimapi.com/player/?url=https://s6.kkphimplayer6.com/20250923/no5Dql2e/index.m3u8');
	INSERT INTO episodes (movie_id, name, video_url)
	  VALUES (53, 'Tập 39', 'https://player.phimapi.com/player/?url=https://s6.kkphimplayer6.com/20250923/ROL6mwHq/index.m3u8');
	INSERT INTO episodes (movie_id, name, video_url)
	  VALUES (53, 'Tập 40', 'https://player.phimapi.com/player/?url=https://s6.kkphimplayer6.com/20250923/0glwy32G/index.m3u8');
	INSERT INTO episodes (movie_id, name, video_url)
	  VALUES (53, 'Tập 41', 'https://player.phimapi.com/player/?url=https://s6.kkphimplayer6.com/20250923/FjFulaEa/index.m3u8');
	INSERT INTO episodes (movie_id, name, video_url)
	  VALUES (53, 'Tập 42', 'https://player.phimapi.com/player/?url=https://s6.kkphimplayer6.com/20250923/OugRPztd/index.m3u8');
	INSERT INTO episodes (movie_id, name, video_url)
	  VALUES (53, 'Tập 43', 'https://player.phimapi.com/player/?url=https://s6.kkphimplayer6.com/20250923/IYhAaTJ0/index.m3u8');
	INSERT INTO episodes (movie_id, name, video_url)
	  VALUES (53, 'Tập 44', 'https://player.phimapi.com/player/?url=https://s6.kkphimplayer6.com/20250923/GGOdsBR8/index.m3u8');
	INSERT INTO episodes (movie_id, name, video_url)
	  VALUES (53, 'Tập 45', 'https://player.phimapi.com/player/?url=https://s6.kkphimplayer6.com/20250923/AyF7i870/index.m3u8');
	INSERT INTO episodes (movie_id, name, video_url)
	  VALUES (53, 'Tập 46', 'https://player.phimapi.com/player/?url=https://s6.kkphimplayer6.com/20250923/jtbEQDpK/index.m3u8');
	INSERT INTO episodes (movie_id, name, video_url)
	  VALUES (53, 'Tập 47', 'https://player.phimapi.com/player/?url=https://s6.kkphimplayer6.com/20250923/DYoiDNfe/index.m3u8');

	-- Movie: Cuộc Đời Vẫn Hạnh Phúc
	INSERT INTO movies (movie_id, title, description, release_date, poster_url, thumb_url, status)
	VALUES (54, 'Cuộc Đời Vẫn Hạnh Phúc', 'Câu chuyện kể về một tai nạn xe hơi đã khiến Kim Đại Hỉ bị nhận nhầm thành người anh song sinh mất trí nhớ Đồng Sinh, từ đó hai anh em hoán đổi cuộc đời. Kim Đại Hỉ chìm đắm trong vinh hoa của nhà họ Đồng, trong khi Kim Đại Hoan cùng Đồng Sinh dần nảy sinh tình cảm trong quá trình chung sống. Khi sự thật được phơi bày, họ cùng nhau vạch trần âm mưu của Thường Minh, cuối cùng hóa giải hiểu lầm, thu hoạch được cả tình yêu lẫn tình thân, để hai gia đình đoàn tụ.', '2025', 'https://phimimg.com/upload/vod/20250925-1/08e8f9f9877282551c2b09af37849635.jpg', 'https://phimimg.com/upload/vod/20250925-1/e5e78a68a46749216504c441d8532bf8.jpg', 'showing');
	UPDATE movies SET country='Trung Quốc', language='Vietsub', trailer_url=NULL WHERE movie_id=54;
	INSERT IGNORE INTO genres (name) VALUES ('Chính Kịch');
	INSERT INTO movie_genres (movie_id, genre_id)
	  SELECT 54, genre_id FROM genres WHERE name='Chính Kịch' LIMIT 1;
	INSERT IGNORE INTO genres (name) VALUES ('Tình Cảm');
	INSERT INTO movie_genres (movie_id, genre_id)
	  SELECT 54, genre_id FROM genres WHERE name='Tình Cảm' LIMIT 1;
	INSERT IGNORE INTO genres (name) VALUES ('Tâm Lý');
	INSERT INTO movie_genres (movie_id, genre_id)
	  SELECT 54, genre_id FROM genres WHERE name='Tâm Lý' LIMIT 1;
	INSERT IGNORE INTO actors (name) VALUES ('Hồ Bác Văn');
	INSERT INTO movie_actors (movie_id, actor_id)
	  SELECT 54, actor_id FROM actors WHERE name='Hồ Bác Văn' LIMIT 1;
	INSERT IGNORE INTO actors (name) VALUES ('Tống Chiêu Nghệ');
	INSERT INTO movie_actors (movie_id, actor_id)
	  SELECT 54, actor_id FROM actors WHERE name='Tống Chiêu Nghệ' LIMIT 1;
	INSERT IGNORE INTO actors (name) VALUES ('Đồng Hoài Châu');
	INSERT INTO movie_actors (movie_id, actor_id)
	  SELECT 54, actor_id FROM actors WHERE name='Đồng Hoài Châu' LIMIT 1;
	INSERT IGNORE INTO actors (name) VALUES ('Đỗ Dung Nhất');
	INSERT INTO movie_actors (movie_id, actor_id)
	  SELECT 54, actor_id FROM actors WHERE name='Đỗ Dung Nhất' LIMIT 1;
	INSERT IGNORE INTO actors (name) VALUES ('Tô Thần');
	INSERT INTO movie_actors (movie_id, actor_id)
	  SELECT 54, actor_id FROM actors WHERE name='Tô Thần' LIMIT 1;
	INSERT IGNORE INTO actors (name) VALUES ('Tôn Lộ Lỗ');
	INSERT INTO movie_actors (movie_id, actor_id)
	  SELECT 54, actor_id FROM actors WHERE name='Tôn Lộ Lỗ' LIMIT 1;
	INSERT IGNORE INTO directors (name) VALUES ('Lý Vĩnh Cần');
	INSERT INTO movie_directors (movie_id, director_id)
	  SELECT 54, director_id FROM directors WHERE name='Lý Vĩnh Cần' LIMIT 1;
	INSERT INTO episodes (movie_id, name, video_url)
	  VALUES (54, 'Tập 01', 'https://player.phimapi.com/player/?url=https://s6.kkphimplayer6.com/20250923/UvSwUddz/index.m3u8');
	INSERT INTO episodes (movie_id, name, video_url)
	  VALUES (54, 'Tập 02', 'https://player.phimapi.com/player/?url=https://s6.kkphimplayer6.com/20250923/Fy7FHL27/index.m3u8');
	INSERT INTO episodes (movie_id, name, video_url)
	  VALUES (54, 'Tập 03', 'https://player.phimapi.com/player/?url=https://s6.kkphimplayer6.com/20250923/GgAoyrKm/index.m3u8');
	INSERT INTO episodes (movie_id, name, video_url)
	  VALUES (54, 'Tập 04', 'https://player.phimapi.com/player/?url=https://s6.kkphimplayer6.com/20250923/oEdonX8E/index.m3u8');
	INSERT INTO episodes (movie_id, name, video_url)
	  VALUES (54, 'Tập 05', 'https://player.phimapi.com/player/?url=https://s6.kkphimplayer6.com/20250923/Xh79KLPx/index.m3u8');
	INSERT INTO episodes (movie_id, name, video_url)
	  VALUES (54, 'Tập 06', 'https://player.phimapi.com/player/?url=https://s6.kkphimplayer6.com/20250923/nf6ByAxP/index.m3u8');
	INSERT INTO episodes (movie_id, name, video_url)
	  VALUES (54, 'Tập 07', 'https://player.phimapi.com/player/?url=https://s6.kkphimplayer6.com/20250923/pDYwi7dl/index.m3u8');
	INSERT INTO episodes (movie_id, name, video_url)
	  VALUES (54, 'Tập 08', 'https://player.phimapi.com/player/?url=https://s6.kkphimplayer6.com/20250923/cymnrv5d/index.m3u8');
	INSERT INTO episodes (movie_id, name, video_url)
	  VALUES (54, 'Tập 09', 'https://player.phimapi.com/player/?url=https://s6.kkphimplayer6.com/20250923/j5bqac8p/index.m3u8');
	INSERT INTO episodes (movie_id, name, video_url)
	  VALUES (54, 'Tập 10', 'https://player.phimapi.com/player/?url=https://s6.kkphimplayer6.com/20250923/GjMhO7Nl/index.m3u8');
	INSERT INTO episodes (movie_id, name, video_url)
	  VALUES (54, 'Tập 11', 'https://player.phimapi.com/player/?url=https://s6.kkphimplayer6.com/20250923/h7qaI4Xh/index.m3u8');
	INSERT INTO episodes (movie_id, name, video_url)
	  VALUES (54, 'Tập 12', 'https://player.phimapi.com/player/?url=https://s6.kkphimplayer6.com/20250923/ryrf4C35/index.m3u8');
	INSERT INTO episodes (movie_id, name, video_url)
	  VALUES (54, 'Tập 13', 'https://player.phimapi.com/player/?url=https://s6.kkphimplayer6.com/20250923/4y7zpXpE/index.m3u8');
	INSERT INTO episodes (movie_id, name, video_url)
	  VALUES (54, 'Tập 14', 'https://player.phimapi.com/player/?url=https://s6.kkphimplayer6.com/20250923/6PWu8yML/index.m3u8');
	INSERT INTO episodes (movie_id, name, video_url)
	  VALUES (54, 'Tập 15', 'https://player.phimapi.com/player/?url=https://s6.kkphimplayer6.com/20250923/qh74TAQZ/index.m3u8');
	INSERT INTO episodes (movie_id, name, video_url)
	  VALUES (54, 'Tập 16', 'https://player.phimapi.com/player/?url=https://s6.kkphimplayer6.com/20250923/FQ56Wj2d/index.m3u8');
	INSERT INTO episodes (movie_id, name, video_url)
	  VALUES (54, 'Tập 17', 'https://player.phimapi.com/player/?url=https://s6.kkphimplayer6.com/20250923/1MtgT4Ok/index.m3u8');
	INSERT INTO episodes (movie_id, name, video_url)
	  VALUES (54, 'Tập 18', 'https://player.phimapi.com/player/?url=https://s6.kkphimplayer6.com/20250923/wq4D6Eu1/index.m3u8');

	-- Movie: Anh Hùng Không Có Chức Nghiệp: Ai Cần Kỹ Năng Chứ?! (Mushoku no Eiyuu: Betsu ni Skill Nanka Iranakatta n da ga)
	INSERT INTO movies (movie_id, title, description, release_date, poster_url, thumb_url, status)
	VALUES (55, 'Anh Hùng Không Có Chức Nghiệp: Ai Cần Kỹ Năng Chứ?! (Mushoku no Eiyuu: Betsu ni Skill Nanka Iranakatta n da ga)', 'Trong thế giới nơi nữ thần ban cho mỗi người một chức nghiệp và kỹ năng định đoạt cả đời, Arel – con trai của Kiếm Công Chúa và Đại Pháp Sư – lại không nhận được gì. Không có chức nghiệp, không có kỹ năng, Arel buộc phải dựa vào ý chí, nghị lực và tài năng thiên bẩm của mình để vươn tới vinh quang. Anh trở thành một kiểu anh hùng mới – anh hùng vô chức nghiệp.', '2025', 'https://phimimg.com/upload/vod/20250925-1/444f7e3619acaa6afc51e0e0bee94081.jpg', 'https://phimimg.com/upload/vod/20250925-1/98dc95448a0c5b3b92851ff6922b6cd7.jpg', 'showing');
	UPDATE movies SET country='Nhật Bản', language='Vietsub', trailer_url='https://www.youtube.com/watch?v=iunkIjiZ3pA' WHERE movie_id=55;
	INSERT IGNORE INTO genres (name) VALUES ('Hành Động');
	INSERT INTO movie_genres (movie_id, genre_id)
	  SELECT 55, genre_id FROM genres WHERE name='Hành Động' LIMIT 1;
	INSERT IGNORE INTO genres (name) VALUES ('Phiêu Lưu');
	INSERT INTO movie_genres (movie_id, genre_id)
	  SELECT 55, genre_id FROM genres WHERE name='Phiêu Lưu' LIMIT 1;
	INSERT IGNORE INTO genres (name) VALUES ('Hài Hước');
	INSERT INTO movie_genres (movie_id, genre_id)
	  SELECT 55, genre_id FROM genres WHERE name='Hài Hước' LIMIT 1;
	INSERT IGNORE INTO genres (name) VALUES ('Khoa Học');
	INSERT INTO movie_genres (movie_id, genre_id)
	  SELECT 55, genre_id FROM genres WHERE name='Khoa Học' LIMIT 1;
	INSERT IGNORE INTO genres (name) VALUES ('Viễn Tưởng');
	INSERT INTO movie_genres (movie_id, genre_id)
	  SELECT 55, genre_id FROM genres WHERE name='Viễn Tưởng' LIMIT 1;
	INSERT IGNORE INTO genres (name) VALUES ('Tâm Lý');
	INSERT INTO movie_genres (movie_id, genre_id)
	  SELECT 55, genre_id FROM genres WHERE name='Tâm Lý' LIMIT 1;
	INSERT IGNORE INTO actors (name) VALUES ('Kensho Ono');
	INSERT INTO movie_actors (movie_id, actor_id)
	  SELECT 55, actor_id FROM actors WHERE name='Kensho Ono' LIMIT 1;
	INSERT IGNORE INTO actors (name) VALUES ('Saori Hayami');
	INSERT INTO movie_actors (movie_id, actor_id)
	  SELECT 55, actor_id FROM actors WHERE name='Saori Hayami' LIMIT 1;
	INSERT IGNORE INTO actors (name) VALUES ('Sumire Uesaka');
	INSERT INTO movie_actors (movie_id, actor_id)
	  SELECT 55, actor_id FROM actors WHERE name='Sumire Uesaka' LIMIT 1;
	INSERT IGNORE INTO actors (name) VALUES ('Rumi Okubo');
	INSERT INTO movie_actors (movie_id, actor_id)
	  SELECT 55, actor_id FROM actors WHERE name='Rumi Okubo' LIMIT 1;
	INSERT IGNORE INTO directors (name) VALUES ('Đang cập nhật');
	INSERT INTO movie_directors (movie_id, director_id)
	  SELECT 55, director_id FROM directors WHERE name='Đang cập nhật' LIMIT 1;
	INSERT INTO episodes (movie_id, name, video_url)
	  VALUES (55, 'Tập 01', 'https://player.phimapi.com/player/?url=https://s6.kkphimplayer6.com/20250925/BybvPB5z/index.m3u8');

	-- Movie: Danh Sách Tử Thù: Sói Hắc Ám
	INSERT INTO movies (movie_id, title, description, release_date, poster_url, thumb_url, status)
	VALUES (56, 'Danh Sách Tử Thù: Sói Hắc Ám', 'Trước sự kiện The Terminal List, đặc nhiệm SEAL Ben Edwards bị cuốn vào thế giới ngầm của các chiến dịch tuyệt mật CIA. Càng dấn sâu vào “vùng xám”, anh càng khó thoát khỏi bóng tối trong chính bản thân. Trong mỗi con người đều tồn tại hai con sói – ánh sáng và bóng tối – luôn tranh giành quyền kiểm soát. Ben Edwards sẽ nuôi dưỡng con sói nào?', '2025', 'https://phimimg.com/upload/vod/20250829-1/023b33a57976df734f8fa62163ccf9c5.jpg', 'https://phimimg.com/upload/vod/20250829-1/66364212e2c4d5d6bef202e4e9b86970.jpg', 'showing');
	UPDATE movies SET country='Âu Mỹ', language='Vietsub', trailer_url='https://www.youtube.com/watch?v=pelvo5TBD-M' WHERE movie_id=56;
	INSERT IGNORE INTO genres (name) VALUES ('Hành Động');
	INSERT INTO movie_genres (movie_id, genre_id)
	  SELECT 56, genre_id FROM genres WHERE name='Hành Động' LIMIT 1;
	INSERT IGNORE INTO genres (name) VALUES ('Phiêu Lưu');
	INSERT INTO movie_genres (movie_id, genre_id)
	  SELECT 56, genre_id FROM genres WHERE name='Phiêu Lưu' LIMIT 1;
	INSERT IGNORE INTO genres (name) VALUES ('Chính Kịch');
	INSERT INTO movie_genres (movie_id, genre_id)
	  SELECT 56, genre_id FROM genres WHERE name='Chính Kịch' LIMIT 1;
	INSERT IGNORE INTO genres (name) VALUES ('Tâm Lý');
	INSERT INTO movie_genres (movie_id, genre_id)
	  SELECT 56, genre_id FROM genres WHERE name='Tâm Lý' LIMIT 1;
	INSERT IGNORE INTO actors (name) VALUES ('Taylor Kitsch');
	INSERT INTO movie_actors (movie_id, actor_id)
	  SELECT 56, actor_id FROM actors WHERE name='Taylor Kitsch' LIMIT 1;
	INSERT IGNORE INTO actors (name) VALUES ('Chris Pratt');
	INSERT INTO movie_actors (movie_id, actor_id)
	  SELECT 56, actor_id FROM actors WHERE name='Chris Pratt' LIMIT 1;
	INSERT IGNORE INTO actors (name) VALUES ('Tom Hopper');
	INSERT INTO movie_actors (movie_id, actor_id)
	  SELECT 56, actor_id FROM actors WHERE name='Tom Hopper' LIMIT 1;
	INSERT IGNORE INTO actors (name) VALUES ('Dar Salim');
	INSERT INTO movie_actors (movie_id, actor_id)
	  SELECT 56, actor_id FROM actors WHERE name='Dar Salim' LIMIT 1;
	INSERT IGNORE INTO actors (name) VALUES ('Rona-Lee Shim&#039;on');
	INSERT INTO movie_actors (movie_id, actor_id)
	  SELECT 56, actor_id FROM actors WHERE name='Rona-Lee Shim&#039;on' LIMIT 1;
	INSERT IGNORE INTO actors (name) VALUES ('Raha Rahbari');
	INSERT INTO movie_actors (movie_id, actor_id)
	  SELECT 56, actor_id FROM actors WHERE name='Raha Rahbari' LIMIT 1;
	INSERT IGNORE INTO actors (name) VALUES ('LaMonica Garrett');
	INSERT INTO movie_actors (movie_id, actor_id)
	  SELECT 56, actor_id FROM actors WHERE name='LaMonica Garrett' LIMIT 1;
	INSERT IGNORE INTO directors (name) VALUES ('Jack Carr');
	INSERT INTO movie_directors (movie_id, director_id)
	  SELECT 56, director_id FROM directors WHERE name='Jack Carr' LIMIT 1;
	INSERT INTO episodes (movie_id, name, video_url)
	  VALUES (56, 'Tập 01', 'https://player.phimapi.com/player/?url=https://s6.kkphimplayer6.com/20250829/znTJIi6Z/index.m3u8');
	INSERT INTO episodes (movie_id, name, video_url)
	  VALUES (56, 'Tập 02', 'https://player.phimapi.com/player/?url=https://s6.kkphimplayer6.com/20250830/H5W0v3BC/index.m3u8');
	INSERT INTO episodes (movie_id, name, video_url)
	  VALUES (56, 'Tập 03', 'https://player.phimapi.com/player/?url=https://s6.kkphimplayer6.com/20250831/IGiPMcRw/index.m3u8');
	INSERT INTO episodes (movie_id, name, video_url)
	  VALUES (56, 'Tập 04', 'https://player.phimapi.com/player/?url=https://s6.kkphimplayer6.com/20250906/AxwJCxRl/index.m3u8');
	INSERT INTO episodes (movie_id, name, video_url)
	  VALUES (56, 'Tập 05', 'https://player.phimapi.com/player/?url=https://s6.kkphimplayer6.com/20250913/WVdJvv9a/index.m3u8');
	INSERT INTO episodes (movie_id, name, video_url)
	  VALUES (56, 'Tập 06', 'https://player.phimapi.com/player/?url=https://s6.kkphimplayer6.com/20250920/vZ4v6Hxj/index.m3u8');
	INSERT INTO episodes (movie_id, name, video_url)
	  VALUES (56, 'Tập 07', 'https://player.phimapi.com/player/?url=https://s6.kkphimplayer6.com/20250925/Q5JgP6jP/index.m3u8');

	-- Movie: Turkey!
	INSERT INTO movies (movie_id, title, description, release_date, poster_url, thumb_url, status)
	VALUES (57, 'Turkey!', 'Mai Otonashi là học sinh năm hai và là đội trưởng Câu lạc bộ Bowling trường trung học Ikkokukan, nhưng gần đây cô gặp khó khăn trong việc giành chiến thắng. Mỗi khi ghi được một “Turkey” – ba cú strike liên tiếp – thì ngay sau đó cô lại vấp phải một thế khó không thể đánh gỡ, gọi là “Snake Eyes”. Đây là câu chuyện về Mai, Rina, Sayuri, Nozomi và Nanase – những cô gái chiến đấu, vấp ngã rồi lại đứng lên, cùng nhau theo đuổi chiến thắng trong những ngày cuối cùng của mùa hè.', '2025', 'https://phimimg.com/upload/vod/20250919-1/996b6cae7d1d20fb0ca0b9893dc242f0.jpg', 'https://phimimg.com/upload/vod/20250919-1/06619ed5cb5ffc8f90461784e70aeaee.jpg', 'showing');
	UPDATE movies SET country='Nhật Bản', language='Vietsub', trailer_url='https://www.youtube.com/watch?v=zgK6EIbEwTo' WHERE movie_id=57;
	INSERT IGNORE INTO genres (name) VALUES ('Chính Kịch');
	INSERT INTO movie_genres (movie_id, genre_id)
	  SELECT 57, genre_id FROM genres WHERE name='Chính Kịch' LIMIT 1;
	INSERT IGNORE INTO genres (name) VALUES ('Khoa Học');
	INSERT INTO movie_genres (movie_id, genre_id)
	  SELECT 57, genre_id FROM genres WHERE name='Khoa Học' LIMIT 1;
	INSERT IGNORE INTO genres (name) VALUES ('Viễn Tưởng');
	INSERT INTO movie_genres (movie_id, genre_id)
	  SELECT 57, genre_id FROM genres WHERE name='Viễn Tưởng' LIMIT 1;
	INSERT IGNORE INTO genres (name) VALUES ('Tâm Lý');
	INSERT INTO movie_genres (movie_id, genre_id)
	  SELECT 57, genre_id FROM genres WHERE name='Tâm Lý' LIMIT 1;
	INSERT IGNORE INTO actors (name) VALUES ('Hana Hishikawa');
	INSERT INTO movie_actors (movie_id, actor_id)
	  SELECT 57, actor_id FROM actors WHERE name='Hana Hishikawa' LIMIT 1;
	INSERT IGNORE INTO actors (name) VALUES ('Kana Ichinose');
	INSERT INTO movie_actors (movie_id, actor_id)
	  SELECT 57, actor_id FROM actors WHERE name='Kana Ichinose' LIMIT 1;
	INSERT IGNORE INTO actors (name) VALUES ('Haruki Iwata');
	INSERT INTO movie_actors (movie_id, actor_id)
	  SELECT 57, actor_id FROM actors WHERE name='Haruki Iwata' LIMIT 1;
	INSERT IGNORE INTO actors (name) VALUES ('Yuuki Temma');
	INSERT INTO movie_actors (movie_id, actor_id)
	  SELECT 57, actor_id FROM actors WHERE name='Yuuki Temma' LIMIT 1;
	INSERT IGNORE INTO actors (name) VALUES ('Ayasa Ito');
	INSERT INTO movie_actors (movie_id, actor_id)
	  SELECT 57, actor_id FROM actors WHERE name='Ayasa Ito' LIMIT 1;
	INSERT IGNORE INTO actors (name) VALUES ('Noriko Hidaka');
	INSERT INTO movie_actors (movie_id, actor_id)
	  SELECT 57, actor_id FROM actors WHERE name='Noriko Hidaka' LIMIT 1;
	INSERT IGNORE INTO actors (name) VALUES ('Yuko Minaguchi');
	INSERT INTO movie_actors (movie_id, actor_id)
	  SELECT 57, actor_id FROM actors WHERE name='Yuko Minaguchi' LIMIT 1;
	INSERT IGNORE INTO actors (name) VALUES ('Kikuko Inoue');
	INSERT INTO movie_actors (movie_id, actor_id)
	  SELECT 57, actor_id FROM actors WHERE name='Kikuko Inoue' LIMIT 1;
	INSERT IGNORE INTO actors (name) VALUES ('Miki Ito');
	INSERT INTO movie_actors (movie_id, actor_id)
	  SELECT 57, actor_id FROM actors WHERE name='Miki Ito' LIMIT 1;
	INSERT IGNORE INTO actors (name) VALUES ('Rei Sakuma');
	INSERT INTO movie_actors (movie_id, actor_id)
	  SELECT 57, actor_id FROM actors WHERE name='Rei Sakuma' LIMIT 1;
	INSERT IGNORE INTO directors (name) VALUES ('Đang cập nhật');
	INSERT INTO movie_directors (movie_id, director_id)
	  SELECT 57, director_id FROM directors WHERE name='Đang cập nhật' LIMIT 1;
	INSERT INTO episodes (movie_id, name, video_url)
	  VALUES (57, 'Tập 01', 'https://player.phimapi.com/player/?url=https://s6.kkphimplayer6.com/20250919/KxdTJxA7/index.m3u8');
	INSERT INTO episodes (movie_id, name, video_url)
	  VALUES (57, 'Tập 02', 'https://player.phimapi.com/player/?url=https://s6.kkphimplayer6.com/20250919/7GqQjsDk/index.m3u8');
	INSERT INTO episodes (movie_id, name, video_url)
	  VALUES (57, 'Tập 03', 'https://player.phimapi.com/player/?url=https://s6.kkphimplayer6.com/20250919/EUZKJNxt/index.m3u8');
	INSERT INTO episodes (movie_id, name, video_url)
	  VALUES (57, 'Tập 04', 'https://player.phimapi.com/player/?url=https://s6.kkphimplayer6.com/20250919/Np5Wzdoa/index.m3u8');
	INSERT INTO episodes (movie_id, name, video_url)
	  VALUES (57, 'Tập 05', 'https://player.phimapi.com/player/?url=https://s6.kkphimplayer6.com/20250919/jw82TzhS/index.m3u8');
	INSERT INTO episodes (movie_id, name, video_url)
	  VALUES (57, 'Tập 06', 'https://player.phimapi.com/player/?url=https://s6.kkphimplayer6.com/20250919/O06iwcQz/index.m3u8');
	INSERT INTO episodes (movie_id, name, video_url)
	  VALUES (57, 'Tập 07', 'https://player.phimapi.com/player/?url=https://s6.kkphimplayer6.com/20250919/ezD5CoBW/index.m3u8');
	INSERT INTO episodes (movie_id, name, video_url)
	  VALUES (57, 'Tập 08', 'https://player.phimapi.com/player/?url=https://s6.kkphimplayer6.com/20250919/VjVURlZK/index.m3u8');
	INSERT INTO episodes (movie_id, name, video_url)
	  VALUES (57, 'Tập 09', 'https://player.phimapi.com/player/?url=https://s6.kkphimplayer6.com/20250919/JRtXieep/index.m3u8');
	INSERT INTO episodes (movie_id, name, video_url)
	  VALUES (57, 'Tập 10', 'https://player.phimapi.com/player/?url=https://s6.kkphimplayer6.com/20250919/YiMyBps3/index.m3u8');
	INSERT INTO episodes (movie_id, name, video_url)
	  VALUES (57, 'Tập 11', 'https://player.phimapi.com/player/?url=https://s6.kkphimplayer6.com/20250925/RlSQqLdX/index.m3u8');
	INSERT INTO episodes (movie_id, name, video_url)
	  VALUES (57, 'Tập 12', 'https://player.phimapi.com/player/?url=https://s6.kkphimplayer6.com/20250925/h5L0GVTh/index.m3u8');

	-- Movie: Vương Miện Của Người Thống Trị
	INSERT INTO movies (movie_id, title, description, release_date, poster_url, thumb_url, status)
	VALUES (58, 'Vương Miện Của Người Thống Trị', '“9-nine” kể về thị trấn Shiromitsugawa, nơi tồn tại những Cổ Vật bí ẩn ban cho Người Sở Hữu sức mạnh siêu nhiên. Câu chuyện xoay quanh sự gắn kết và tình yêu chớm nở giữa nam chính và nữ chính, đồng thời là hành trình truy tìm kẻ đứng sau hàng loạt vụ án mạng siêu nhiên.', '2025', 'https://phimimg.com/upload/vod/20250924-1/ebde05dd60ca4cea04af92b49d85962a.jpg', 'https://phimimg.com/upload/vod/20250924-1/9070d8830b4f120284821da47bea02cd.jpg', 'showing');
	UPDATE movies SET country='Nhật Bản', language='Vietsub', trailer_url='https://www.youtube.com/watch?v=ZsZ16JAgqr8' WHERE movie_id=58;
	INSERT IGNORE INTO genres (name) VALUES ('Khoa Học');
	INSERT INTO movie_genres (movie_id, genre_id)
	  SELECT 58, genre_id FROM genres WHERE name='Khoa Học' LIMIT 1;
	INSERT IGNORE INTO genres (name) VALUES ('Viễn Tưởng');
	INSERT INTO movie_genres (movie_id, genre_id)
	  SELECT 58, genre_id FROM genres WHERE name='Viễn Tưởng' LIMIT 1;
	INSERT IGNORE INTO genres (name) VALUES ('Bí Ẩn');
	INSERT INTO movie_genres (movie_id, genre_id)
	  SELECT 58, genre_id FROM genres WHERE name='Bí Ẩn' LIMIT 1;
	INSERT IGNORE INTO genres (name) VALUES ('Chính Kịch');
	INSERT INTO movie_genres (movie_id, genre_id)
	  SELECT 58, genre_id FROM genres WHERE name='Chính Kịch' LIMIT 1;
	INSERT IGNORE INTO genres (name) VALUES ('Tâm Lý');
	INSERT INTO movie_genres (movie_id, genre_id)
	  SELECT 58, genre_id FROM genres WHERE name='Tâm Lý' LIMIT 1;
	INSERT IGNORE INTO actors (name) VALUES ('Atsushi Abe');
	INSERT INTO movie_actors (movie_id, actor_id)
	  SELECT 58, actor_id FROM actors WHERE name='Atsushi Abe' LIMIT 1;
	INSERT IGNORE INTO actors (name) VALUES ('Misato Fukuen');
	INSERT INTO movie_actors (movie_id, actor_id)
	  SELECT 58, actor_id FROM actors WHERE name='Misato Fukuen' LIMIT 1;
	INSERT IGNORE INTO actors (name) VALUES ('Atsumi Tanezaki');
	INSERT INTO movie_actors (movie_id, actor_id)
	  SELECT 58, actor_id FROM actors WHERE name='Atsumi Tanezaki' LIMIT 1;
	INSERT IGNORE INTO actors (name) VALUES ('Yuri Yamaoka');
	INSERT INTO movie_actors (movie_id, actor_id)
	  SELECT 58, actor_id FROM actors WHERE name='Yuri Yamaoka' LIMIT 1;
	INSERT IGNORE INTO actors (name) VALUES ('Akane Fujita');
	INSERT INTO movie_actors (movie_id, actor_id)
	  SELECT 58, actor_id FROM actors WHERE name='Akane Fujita' LIMIT 1;
	INSERT IGNORE INTO actors (name) VALUES ('Kazutomi Yamamoto');
	INSERT INTO movie_actors (movie_id, actor_id)
	  SELECT 58, actor_id FROM actors WHERE name='Kazutomi Yamamoto' LIMIT 1;
	INSERT IGNORE INTO actors (name) VALUES ('Satomi Arai');
	INSERT INTO movie_actors (movie_id, actor_id)
	  SELECT 58, actor_id FROM actors WHERE name='Satomi Arai' LIMIT 1;
	INSERT IGNORE INTO actors (name) VALUES ('Hana Takeda');
	INSERT INTO movie_actors (movie_id, actor_id)
	  SELECT 58, actor_id FROM actors WHERE name='Hana Takeda' LIMIT 1;
	INSERT IGNORE INTO actors (name) VALUES ('Tomokazu Sugita');
	INSERT INTO movie_actors (movie_id, actor_id)
	  SELECT 58, actor_id FROM actors WHERE name='Tomokazu Sugita' LIMIT 1;
	INSERT IGNORE INTO directors (name) VALUES ('Đang cập nhật');
	INSERT INTO movie_directors (movie_id, director_id)
	  SELECT 58, director_id FROM directors WHERE name='Đang cập nhật' LIMIT 1;
	INSERT INTO episodes (movie_id, name, video_url)
	  VALUES (58, 'Tập 1', 'https://player.phimapi.com/player/?url=https://s6.kkphimplayer6.com/20250924/AaIPfxRY/index.m3u8');
	INSERT INTO episodes (movie_id, name, video_url)
	  VALUES (58, 'Tập 2', 'https://player.phimapi.com/player/?url=https://s6.kkphimplayer6.com/20250924/2YcJrSs5/index.m3u8');
	INSERT INTO episodes (movie_id, name, video_url)
	  VALUES (58, 'Tập 3', 'https://player.phimapi.com/player/?url=https://s6.kkphimplayer6.com/20250924/UEDjA5PZ/index.m3u8');
	INSERT INTO episodes (movie_id, name, video_url)
	  VALUES (58, 'Tập 4', 'https://player.phimapi.com/player/?url=https://s6.kkphimplayer6.com/20250924/hs7Q0vg3/index.m3u8');
	INSERT INTO episodes (movie_id, name, video_url)
	  VALUES (58, 'Tập 5', 'https://player.phimapi.com/player/?url=https://s6.kkphimplayer6.com/20250924/Iade3KM4/index.m3u8');
	INSERT INTO episodes (movie_id, name, video_url)
	  VALUES (58, 'Tập 6', 'https://player.phimapi.com/player/?url=https://s6.kkphimplayer6.com/20250924/dc4NU0oD/index.m3u8');
	INSERT INTO episodes (movie_id, name, video_url)
	  VALUES (58, 'Tập 7', 'https://player.phimapi.com/player/?url=https://s6.kkphimplayer6.com/20250924/pM1Bd090/index.m3u8');
	INSERT INTO episodes (movie_id, name, video_url)
	  VALUES (58, 'Tập 8', 'https://player.phimapi.com/player/?url=https://s6.kkphimplayer6.com/20250924/gEmqogCv/index.m3u8');
	INSERT INTO episodes (movie_id, name, video_url)
	  VALUES (58, 'Tập 8.5', 'https://player.phimapi.com/player/?url=https://s6.kkphimplayer6.com/20250924/tsm42ogP/index.m3u8');
	INSERT INTO episodes (movie_id, name, video_url)
	  VALUES (58, 'Tập 9', 'https://player.phimapi.com/player/?url=https://s6.kkphimplayer6.com/20250924/naYbqduS/index.m3u8');
	INSERT INTO episodes (movie_id, name, video_url)
	  VALUES (58, 'Tập 10', 'https://player.phimapi.com/player/?url=https://s6.kkphimplayer6.com/20250924/AyYUqHlh/index.m3u8');
	INSERT INTO episodes (movie_id, name, video_url)
	  VALUES (58, 'Tập 11', 'https://player.phimapi.com/player/?url=https://s6.kkphimplayer6.com/20250925/1TFEKMsn/index.m3u8');

	-- Movie: Tru Tiên
	INSERT INTO movies (movie_id, title, description, release_date, poster_url, thumb_url, status)
	VALUES (59, 'Tru Tiên', 'Chính ma đại chiến đã qua mười năm, Trương Tiểu Phàm hóa thân thành quỷ lệ, chinh phạt tứ phương trong nội đấu ma giáo. Lúc này dị bảo đầm lầy tử vong xuất thế, dẫn tới các thế lực tranh đoạt, Quỷ Lệ cùng Lục Tuyết Kỳ gặp lại, hai người lâm vào gút mắc yêu hận càng sâu.Sau đó Quỷ Lệ bởi vì chuyện cấp dưới mất tích mà điều tra tới Phần Hương cốc, ngoài ý muốn cứu ra Cửu Vĩ Thiên Hồ Tiểu Bạch, đạt được manh mối của Cổ Vu tộc,Quỷ Lệ trải qua cửu tử nhất sinh, cuối cùng cầu được đại vu sư nắm giữ chiêu hồn kỳ thuật đáp ứng đi tới cứu chữa Bích Dao, tâm nguyện mười năm, đến tột cùng kết quả như thế nào.', '2022', 'https://phimimg.com/upload/vod/20250710-1/3a1c89d60b8e66fc7d6a95992444b958.jpg', 'https://phimimg.com/upload/vod/20250710-1/e1308950e246287ef6892927c31a7f0c.jpg', 'showing');
	UPDATE movies SET country='Trung Quốc', language='Vietsub', trailer_url='https://www.youtube.com/watch?v=i2MgpUcDBN4' WHERE movie_id=59;
	INSERT IGNORE INTO genres (name) VALUES ('Hành Động');
	INSERT INTO movie_genres (movie_id, genre_id)
	  SELECT 59, genre_id FROM genres WHERE name='Hành Động' LIMIT 1;
	INSERT IGNORE INTO genres (name) VALUES ('Phiêu Lưu');
	INSERT INTO movie_genres (movie_id, genre_id)
	  SELECT 59, genre_id FROM genres WHERE name='Phiêu Lưu' LIMIT 1;
	INSERT IGNORE INTO actors (name) VALUES ('Jiang Bian');
	INSERT INTO movie_actors (movie_id, actor_id)
	  SELECT 59, actor_id FROM actors WHERE name='Jiang Bian' LIMIT 1;
	INSERT IGNORE INTO actors (name) VALUES ('Rong Zeng');
	INSERT INTO movie_actors (movie_id, actor_id)
	  SELECT 59, actor_id FROM actors WHERE name='Rong Zeng' LIMIT 1;
	INSERT IGNORE INTO actors (name) VALUES ('Duan Yixuan');
	INSERT INTO movie_actors (movie_id, actor_id)
	  SELECT 59, actor_id FROM actors WHERE name='Duan Yixuan' LIMIT 1;
	INSERT IGNORE INTO actors (name) VALUES ('Mengqiao Zhao');
	INSERT INTO movie_actors (movie_id, actor_id)
	  SELECT 59, actor_id FROM actors WHERE name='Mengqiao Zhao' LIMIT 1;
	INSERT IGNORE INTO actors (name) VALUES ('Xuecen Bai');
	INSERT INTO movie_actors (movie_id, actor_id)
	  SELECT 59, actor_id FROM actors WHERE name='Xuecen Bai' LIMIT 1;
	INSERT IGNORE INTO actors (name) VALUES ('Jinger Wang');
	INSERT INTO movie_actors (movie_id, actor_id)
	  SELECT 59, actor_id FROM actors WHERE name='Jinger Wang' LIMIT 1;
	INSERT IGNORE INTO actors (name) VALUES ('Ba He');
	INSERT INTO movie_actors (movie_id, actor_id)
	  SELECT 59, actor_id FROM actors WHERE name='Ba He' LIMIT 1;
	INSERT IGNORE INTO actors (name) VALUES ('Zhang Siwangzhi');
	INSERT INTO movie_actors (movie_id, actor_id)
	  SELECT 59, actor_id FROM actors WHERE name='Zhang Siwangzhi' LIMIT 1;
	INSERT IGNORE INTO actors (name) VALUES ('Jinwen Chen');
	INSERT INTO movie_actors (movie_id, actor_id)
	  SELECT 59, actor_id FROM actors WHERE name='Jinwen Chen' LIMIT 1;
	INSERT IGNORE INTO actors (name) VALUES ('Qing Liu');
	INSERT INTO movie_actors (movie_id, actor_id)
	  SELECT 59, actor_id FROM actors WHERE name='Qing Liu' LIMIT 1;
	INSERT IGNORE INTO actors (name) VALUES ('Ling Jun');
	INSERT INTO movie_actors (movie_id, actor_id)
	  SELECT 59, actor_id FROM actors WHERE name='Ling Jun' LIMIT 1;
	INSERT IGNORE INTO actors (name) VALUES ('Shao Tong');
	INSERT INTO movie_actors (movie_id, actor_id)
	  SELECT 59, actor_id FROM actors WHERE name='Shao Tong' LIMIT 1;
	INSERT IGNORE INTO actors (name) VALUES ('Yufeng Li');
	INSERT INTO movie_actors (movie_id, actor_id)
	  SELECT 59, actor_id FROM actors WHERE name='Yufeng Li' LIMIT 1;
	INSERT IGNORE INTO actors (name) VALUES ('Yan Hao');
	INSERT INTO movie_actors (movie_id, actor_id)
	  SELECT 59, actor_id FROM actors WHERE name='Yan Hao' LIMIT 1;
	INSERT IGNORE INTO actors (name) VALUES ('Yi Fan');
	INSERT INTO movie_actors (movie_id, actor_id)
	  SELECT 59, actor_id FROM actors WHERE name='Yi Fan' LIMIT 1;
	INSERT IGNORE INTO actors (name) VALUES ('Shuang Zhao');
	INSERT INTO movie_actors (movie_id, actor_id)
	  SELECT 59, actor_id FROM actors WHERE name='Shuang Zhao' LIMIT 1;
	INSERT IGNORE INTO actors (name) VALUES ('Zhao Mingzhou');
	INSERT INTO movie_actors (movie_id, actor_id)
	  SELECT 59, actor_id FROM actors WHERE name='Zhao Mingzhou' LIMIT 1;
	INSERT IGNORE INTO actors (name) VALUES ('Gao Xudong');
	INSERT INTO movie_actors (movie_id, actor_id)
	  SELECT 59, actor_id FROM actors WHERE name='Gao Xudong' LIMIT 1;
	INSERT IGNORE INTO actors (name) VALUES ('杨洁');
	INSERT INTO movie_actors (movie_id, actor_id)
	  SELECT 59, actor_id FROM actors WHERE name='杨洁' LIMIT 1;
	INSERT IGNORE INTO actors (name) VALUES ('Chen Zhangtaikang');
	INSERT INTO movie_actors (movie_id, actor_id)
	  SELECT 59, actor_id FROM actors WHERE name='Chen Zhangtaikang' LIMIT 1;
	INSERT IGNORE INTO directors (name) VALUES ('Đang cập nhật');
	INSERT INTO movie_directors (movie_id, director_id)
	  SELECT 59, director_id FROM directors WHERE name='Đang cập nhật' LIMIT 1;
	INSERT INTO episodes (movie_id, name, video_url)
	  VALUES (59, 'Tập 01', 'https://player.phimapi.com/player/?url=https://s1.phim1280.tv/20240131/3i7g4g19/index.m3u8');
	INSERT INTO episodes (movie_id, name, video_url)
	  VALUES (59, 'Tập 02', 'https://player.phimapi.com/player/?url=https://s1.phim1280.tv/20240131/9cm4Sl2r/index.m3u8');
	INSERT INTO episodes (movie_id, name, video_url)
	  VALUES (59, 'Tập 03', 'https://player.phimapi.com/player/?url=https://s1.phim1280.tv/20240131/oCpfiB4V/index.m3u8');
	INSERT INTO episodes (movie_id, name, video_url)
	  VALUES (59, 'Tập 04', 'https://player.phimapi.com/player/?url=https://s1.phim1280.tv/20240131/pgSyl4lV/index.m3u8');
	INSERT INTO episodes (movie_id, name, video_url)
	  VALUES (59, 'Tập 05', 'https://player.phimapi.com/player/?url=https://s1.phim1280.tv/20240131/I3CVIuDw/index.m3u8');
	INSERT INTO episodes (movie_id, name, video_url)
	  VALUES (59, 'Tập 06', 'https://player.phimapi.com/player/?url=https://s1.phim1280.tv/20240131/1LJggppQ/index.m3u8');
	INSERT INTO episodes (movie_id, name, video_url)
	  VALUES (59, 'Tập 07', 'https://player.phimapi.com/player/?url=https://s1.phim1280.tv/20240131/4sbGDpd0/index.m3u8');
	INSERT INTO episodes (movie_id, name, video_url)
	  VALUES (59, 'Tập 08', 'https://player.phimapi.com/player/?url=https://s1.phim1280.tv/20240131/pEGmS1G0/index.m3u8');
	INSERT INTO episodes (movie_id, name, video_url)
	  VALUES (59, 'Tập 09', 'https://player.phimapi.com/player/?url=https://s1.phim1280.tv/20240131/QSZNvlkL/index.m3u8');
	INSERT INTO episodes (movie_id, name, video_url)
	  VALUES (59, 'Tập 10', 'https://player.phimapi.com/player/?url=https://s1.phim1280.tv/20240131/iUHIDO2E/index.m3u8');
	INSERT INTO episodes (movie_id, name, video_url)
	  VALUES (59, 'Tập 11', 'https://player.phimapi.com/player/?url=https://s1.phim1280.tv/20240131/KWpGKlvc/index.m3u8');
	INSERT INTO episodes (movie_id, name, video_url)
	  VALUES (59, 'Tập 12', 'https://player.phimapi.com/player/?url=https://s1.phim1280.tv/20240131/YcmpBgWV/index.m3u8');
	INSERT INTO episodes (movie_id, name, video_url)
	  VALUES (59, 'Tập 13', 'https://player.phimapi.com/player/?url=https://s1.phim1280.tv/20240131/gnF9jMgs/index.m3u8');
	INSERT INTO episodes (movie_id, name, video_url)
	  VALUES (59, 'Tập 14', 'https://player.phimapi.com/player/?url=https://s1.phim1280.tv/20240131/nW99CqRi/index.m3u8');
	INSERT INTO episodes (movie_id, name, video_url)
	  VALUES (59, 'Tập 15', 'https://player.phimapi.com/player/?url=https://s1.phim1280.tv/20240131/TyBa0LX0/index.m3u8');
	INSERT INTO episodes (movie_id, name, video_url)
	  VALUES (59, 'Tập 16', 'https://player.phimapi.com/player/?url=https://s1.phim1280.tv/20240131/Modl4uYt/index.m3u8');
	INSERT INTO episodes (movie_id, name, video_url)
	  VALUES (59, 'Tập 17', 'https://player.phimapi.com/player/?url=https://s1.phim1280.tv/20240131/480ftLJf/index.m3u8');
	INSERT INTO episodes (movie_id, name, video_url)
	  VALUES (59, 'Tập 18', 'https://player.phimapi.com/player/?url=https://s1.phim1280.tv/20240131/ARcMKBUs/index.m3u8');
	INSERT INTO episodes (movie_id, name, video_url)
	  VALUES (59, 'Tập 19', 'https://player.phimapi.com/player/?url=https://s1.phim1280.tv/20240131/I7vXQOlD/index.m3u8');
	INSERT INTO episodes (movie_id, name, video_url)
	  VALUES (59, 'Tập 20', 'https://player.phimapi.com/player/?url=https://s1.phim1280.tv/20240131/vUT68NRw/index.m3u8');
	INSERT INTO episodes (movie_id, name, video_url)
	  VALUES (59, 'Tập 21', 'https://player.phimapi.com/player/?url=https://s1.phim1280.tv/20240131/RR94cqDb/index.m3u8');
	INSERT INTO episodes (movie_id, name, video_url)
	  VALUES (59, 'Tập 22', 'https://player.phimapi.com/player/?url=https://s1.phim1280.tv/20240131/e3Xj8cBU/index.m3u8');
	INSERT INTO episodes (movie_id, name, video_url)
	  VALUES (59, 'Tập 23', 'https://player.phimapi.com/player/?url=https://s1.phim1280.tv/20240131/0r4MiNpO/index.m3u8');
	INSERT INTO episodes (movie_id, name, video_url)
	  VALUES (59, 'Tập 24', 'https://player.phimapi.com/player/?url=https://s1.phim1280.tv/20240131/cE8FT1Vl/index.m3u8');
	INSERT INTO episodes (movie_id, name, video_url)
	  VALUES (59, 'Tập 25', 'https://player.phimapi.com/player/?url=https://s1.phim1280.tv/20240131/26sEbpPW/index.m3u8');
	INSERT INTO episodes (movie_id, name, video_url)
	  VALUES (59, 'Tập 26', 'https://player.phimapi.com/player/?url=https://s1.phim1280.tv/20240131/MGHZ0TWX/index.m3u8');
	INSERT INTO episodes (movie_id, name, video_url)
	  VALUES (59, 'Tập 27', 'https://player.phimapi.com/player/?url=https://s6.kkphimplayer6.com/20250710/xGjtD5sr/index.m3u8');
	INSERT INTO episodes (movie_id, name, video_url)
	  VALUES (59, 'Tập 28', 'https://player.phimapi.com/player/?url=https://s6.kkphimplayer6.com/20250710/KIwaCRcl/index.m3u8');
	INSERT INTO episodes (movie_id, name, video_url)
	  VALUES (59, 'Tập 29', 'https://player.phimapi.com/player/?url=https://s6.kkphimplayer6.com/20250710/4TGv35fI/index.m3u8');
	INSERT INTO episodes (movie_id, name, video_url)
	  VALUES (59, 'Tập 30', 'https://player.phimapi.com/player/?url=https://s6.kkphimplayer6.com/20250710/Dpz80fzy/index.m3u8');
	INSERT INTO episodes (movie_id, name, video_url)
	  VALUES (59, 'Tập 31', 'https://player.phimapi.com/player/?url=https://s6.kkphimplayer6.com/20250710/D2uIpNbf/index.m3u8');
	INSERT INTO episodes (movie_id, name, video_url)
	  VALUES (59, 'Tập 32', 'https://player.phimapi.com/player/?url=https://s6.kkphimplayer6.com/20250710/6ODp3YOP/index.m3u8');
	INSERT INTO episodes (movie_id, name, video_url)
	  VALUES (59, 'Tập 33', 'https://player.phimapi.com/player/?url=https://s6.kkphimplayer6.com/20250710/likD8n91/index.m3u8');
	INSERT INTO episodes (movie_id, name, video_url)
	  VALUES (59, 'Tập 34', 'https://player.phimapi.com/player/?url=https://s6.kkphimplayer6.com/20250710/f3MBExG0/index.m3u8');
	INSERT INTO episodes (movie_id, name, video_url)
	  VALUES (59, 'Tập 35', 'https://player.phimapi.com/player/?url=https://s6.kkphimplayer6.com/20250710/n8Lvgbtt/index.m3u8');
	INSERT INTO episodes (movie_id, name, video_url)
	  VALUES (59, 'Tập 36', 'https://player.phimapi.com/player/?url=https://s6.kkphimplayer6.com/20250710/7P1WKFal/index.m3u8');
	INSERT INTO episodes (movie_id, name, video_url)
	  VALUES (59, 'Tập 37', 'https://player.phimapi.com/player/?url=https://s6.kkphimplayer6.com/20250710/NztQa2M3/index.m3u8');
	INSERT INTO episodes (movie_id, name, video_url)
	  VALUES (59, 'Tập 38', 'https://player.phimapi.com/player/?url=https://s6.kkphimplayer6.com/20250710/gzJ4Zcxi/index.m3u8');
	INSERT INTO episodes (movie_id, name, video_url)
	  VALUES (59, 'Tập 39', 'https://player.phimapi.com/player/?url=https://s6.kkphimplayer6.com/20250710/VtmNWHkL/index.m3u8');
	INSERT INTO episodes (movie_id, name, video_url)
	  VALUES (59, 'Tập 40', 'https://player.phimapi.com/player/?url=https://s6.kkphimplayer6.com/20250710/rizsFZwC/index.m3u8');
	INSERT INTO episodes (movie_id, name, video_url)
	  VALUES (59, 'Tập 41', 'https://player.phimapi.com/player/?url=https://s6.kkphimplayer6.com/20250710/W3zxnwKF/index.m3u8');
	INSERT INTO episodes (movie_id, name, video_url)
	  VALUES (59, 'Tập 42', 'https://player.phimapi.com/player/?url=https://s6.kkphimplayer6.com/20250710/Ao9syHOq/index.m3u8');
	INSERT INTO episodes (movie_id, name, video_url)
	  VALUES (59, 'Tập 43', 'https://player.phimapi.com/player/?url=https://s6.kkphimplayer6.com/20250710/yXoYKViM/index.m3u8');
	INSERT INTO episodes (movie_id, name, video_url)
	  VALUES (59, 'Tập 44', 'https://player.phimapi.com/player/?url=https://s6.kkphimplayer6.com/20250710/07uSdtyY/index.m3u8');
	INSERT INTO episodes (movie_id, name, video_url)
	  VALUES (59, 'Tập 45', 'https://player.phimapi.com/player/?url=https://s6.kkphimplayer6.com/20250710/8l9G6WU9/index.m3u8');
	INSERT INTO episodes (movie_id, name, video_url)
	  VALUES (59, 'Tập 46', 'https://player.phimapi.com/player/?url=https://s6.kkphimplayer6.com/20250710/HhO7GD5r/index.m3u8');
	INSERT INTO episodes (movie_id, name, video_url)
	  VALUES (59, 'Tập 47', 'https://player.phimapi.com/player/?url=https://s6.kkphimplayer6.com/20250710/Qj51VvO2/index.m3u8');
	INSERT INTO episodes (movie_id, name, video_url)
	  VALUES (59, 'Tập 48', 'https://player.phimapi.com/player/?url=https://s6.kkphimplayer6.com/20250710/J24kQt1Z/index.m3u8');
	INSERT INTO episodes (movie_id, name, video_url)
	  VALUES (59, 'Tập 49', 'https://player.phimapi.com/player/?url=https://s6.kkphimplayer6.com/20250710/AfTXNUbC/index.m3u8');
	INSERT INTO episodes (movie_id, name, video_url)
	  VALUES (59, 'Tập 50', 'https://player.phimapi.com/player/?url=https://s6.kkphimplayer6.com/20250710/LTpMqaqV/index.m3u8');
	INSERT INTO episodes (movie_id, name, video_url)
	  VALUES (59, 'Tập 51', 'https://player.phimapi.com/player/?url=https://s6.kkphimplayer6.com/20250710/bSUTzuHO/index.m3u8');
	INSERT INTO episodes (movie_id, name, video_url)
	  VALUES (59, 'Tập 52', 'https://player.phimapi.com/player/?url=https://s6.kkphimplayer6.com/20250710/c3AXE8iT/index.m3u8');
	INSERT INTO episodes (movie_id, name, video_url)
	  VALUES (59, 'Tập 53', 'https://player.phimapi.com/player/?url=https://s6.kkphimplayer6.com/20250710/CP5TZ5aN/index.m3u8');
	INSERT INTO episodes (movie_id, name, video_url)
	  VALUES (59, 'Tập 54', 'https://player.phimapi.com/player/?url=https://s6.kkphimplayer6.com/20250710/hSbQ9u6l/index.m3u8');
	INSERT INTO episodes (movie_id, name, video_url)
	  VALUES (59, 'Tập 55', 'https://player.phimapi.com/player/?url=https://s6.kkphimplayer6.com/20250710/6ICqSw6U/index.m3u8');
	INSERT INTO episodes (movie_id, name, video_url)
	  VALUES (59, 'Tập 56', 'https://player.phimapi.com/player/?url=https://s6.kkphimplayer6.com/20250710/20gvt3Ru/index.m3u8');
	INSERT INTO episodes (movie_id, name, video_url)
	  VALUES (59, 'Tập 57', 'https://player.phimapi.com/player/?url=https://s6.kkphimplayer6.com/20250710/yJiuKlXD/index.m3u8');
	INSERT INTO episodes (movie_id, name, video_url)
	  VALUES (59, 'Tập 58', 'https://player.phimapi.com/player/?url=https://s6.kkphimplayer6.com/20250710/lHskSnmi/index.m3u8');
	INSERT INTO episodes (movie_id, name, video_url)
	  VALUES (59, 'Tập 59', 'https://player.phimapi.com/player/?url=https://s6.kkphimplayer6.com/20250710/Q1S3Ju82/index.m3u8');
	INSERT INTO episodes (movie_id, name, video_url)
	  VALUES (59, 'Tập 60', 'https://player.phimapi.com/player/?url=https://s6.kkphimplayer6.com/20250717/y3FJwl0N/index.m3u8');
	INSERT INTO episodes (movie_id, name, video_url)
	  VALUES (59, 'Tập 61', 'https://player.phimapi.com/player/?url=https://s6.kkphimplayer6.com/20250723/ybnceEGw/index.m3u8');
	INSERT INTO episodes (movie_id, name, video_url)
	  VALUES (59, 'Tập 62', 'https://player.phimapi.com/player/?url=https://s6.kkphimplayer6.com/20250803/cJGQpKFo/index.m3u8');
	INSERT INTO episodes (movie_id, name, video_url)
	  VALUES (59, 'Tập 63', 'https://player.phimapi.com/player/?url=https://s6.kkphimplayer6.com/20250807/wEKO2wS4/index.m3u8');
	INSERT INTO episodes (movie_id, name, video_url)
	  VALUES (59, 'Tập 64', 'https://player.phimapi.com/player/?url=https://s6.kkphimplayer6.com/20250813/Aqzty66J/index.m3u8');
	INSERT INTO episodes (movie_id, name, video_url)
	  VALUES (59, 'Tập 65', 'https://player.phimapi.com/player/?url=https://s6.kkphimplayer6.com/20250822/1exYg03o/index.m3u8');
	INSERT INTO episodes (movie_id, name, video_url)
	  VALUES (59, 'Tập 66', 'https://player.phimapi.com/player/?url=https://s6.kkphimplayer6.com/20250829/VXQHTdJG/index.m3u8');
	INSERT INTO episodes (movie_id, name, video_url)
	  VALUES (59, 'Tập 67', 'https://player.phimapi.com/player/?url=https://s6.kkphimplayer6.com/20250905/BZrH9tCm/index.m3u8');
	INSERT INTO episodes (movie_id, name, video_url)
	  VALUES (59, 'Tập 68', 'https://player.phimapi.com/player/?url=https://s6.kkphimplayer6.com/20250911/ZypqzE7k/index.m3u8');
	INSERT INTO episodes (movie_id, name, video_url)
	  VALUES (59, 'Tập 69', 'https://player.phimapi.com/player/?url=https://s6.kkphimplayer6.com/20250918/WgBVPWmX/index.m3u8');
	INSERT INTO episodes (movie_id, name, video_url)
	  VALUES (59, 'Tập 70', 'https://player.phimapi.com/player/?url=https://s6.kkphimplayer6.com/20250925/YGL4jmbe/index.m3u8');

	-- Movie: Tình Bạn Thuần Khiết (Phần 2)
	INSERT INTO movies (movie_id, title, description, release_date, poster_url, thumb_url, status)
	VALUES (60, 'Tình Bạn Thuần Khiết (Phần 2)', 'Seth Rogen và Rose Byrne vào vai đôi bạn thân cũ sắp bước sang tuổi trung niên kết nối lại sau thời gian dài rạn nứt. Khi tình bạn của họ trở nên gắn bó hơn, nó khiến cuộc sống của họ hỗn loạn theo một cách vui nhộn.', '2025', 'https://phimimg.com/upload/vod/20250814-1/8f727035fc69a44ebb00bcc8bfda8be9.jpg', 'https://phimimg.com/upload/vod/20250814-1/de8ef833b8167f62166fec9b6eb019eb.jpg', 'showing');
	UPDATE movies SET country='Âu Mỹ', language='Vietsub', trailer_url='https://www.youtube.com/watch?v=oNSs2vZQlGg' WHERE movie_id=60;
	INSERT IGNORE INTO genres (name) VALUES ('Hài Hước');
	INSERT INTO movie_genres (movie_id, genre_id)
	  SELECT 60, genre_id FROM genres WHERE name='Hài Hước' LIMIT 1;
	INSERT IGNORE INTO genres (name) VALUES ('Chính Kịch');
	INSERT INTO movie_genres (movie_id, genre_id)
	  SELECT 60, genre_id FROM genres WHERE name='Chính Kịch' LIMIT 1;
	INSERT IGNORE INTO genres (name) VALUES ('Tình Cảm');
	INSERT INTO movie_genres (movie_id, genre_id)
	  SELECT 60, genre_id FROM genres WHERE name='Tình Cảm' LIMIT 1;
	INSERT IGNORE INTO genres (name) VALUES ('Tâm Lý');
	INSERT INTO movie_genres (movie_id, genre_id)
	  SELECT 60, genre_id FROM genres WHERE name='Tâm Lý' LIMIT 1;
	INSERT IGNORE INTO actors (name) VALUES ('Rose Byrne');
	INSERT INTO movie_actors (movie_id, actor_id)
	  SELECT 60, actor_id FROM actors WHERE name='Rose Byrne' LIMIT 1;
	INSERT IGNORE INTO actors (name) VALUES ('Seth Rogen');
	INSERT INTO movie_actors (movie_id, actor_id)
	  SELECT 60, actor_id FROM actors WHERE name='Seth Rogen' LIMIT 1;
	INSERT IGNORE INTO actors (name) VALUES ('Luke Macfarlane');
	INSERT INTO movie_actors (movie_id, actor_id)
	  SELECT 60, actor_id FROM actors WHERE name='Luke Macfarlane' LIMIT 1;
	INSERT IGNORE INTO actors (name) VALUES ('Carla Gallo');
	INSERT INTO movie_actors (movie_id, actor_id)
	  SELECT 60, actor_id FROM actors WHERE name='Carla Gallo' LIMIT 1;
	INSERT IGNORE INTO directors (name) VALUES ('Nicholas Stoller');
	INSERT INTO movie_directors (movie_id, director_id)
	  SELECT 60, director_id FROM directors WHERE name='Nicholas Stoller' LIMIT 1;
	INSERT INTO episodes (movie_id, name, video_url)
	  VALUES (60, 'Tập 01', 'https://player.phimapi.com/player/?url=https://s6.kkphimplayer6.com/20250814/oFAcdbAx/index.m3u8');
	INSERT INTO episodes (movie_id, name, video_url)
	  VALUES (60, 'Tập 02', 'https://player.phimapi.com/player/?url=https://s6.kkphimplayer6.com/20250814/dqtAXJle/index.m3u8');
	INSERT INTO episodes (movie_id, name, video_url)
	  VALUES (60, 'Tập 03', 'https://player.phimapi.com/player/?url=https://s6.kkphimplayer6.com/20250814/mYXjqBcX/index.m3u8');
	INSERT INTO episodes (movie_id, name, video_url)
	  VALUES (60, 'Tập 04', 'https://player.phimapi.com/player/?url=https://s6.kkphimplayer6.com/20250821/AYNpGz1l/index.m3u8');
	INSERT INTO episodes (movie_id, name, video_url)
	  VALUES (60, 'Tập 05', 'https://player.phimapi.com/player/?url=https://s6.kkphimplayer6.com/20250827/dlhoxG1h/index.m3u8');
	INSERT INTO episodes (movie_id, name, video_url)
	  VALUES (60, 'Tập 06', 'https://player.phimapi.com/player/?url=https://s6.kkphimplayer6.com/20250904/b1N091fP/index.m3u8');
	INSERT INTO episodes (movie_id, name, video_url)
	  VALUES (60, 'Tập 07', 'https://player.phimapi.com/player/?url=https://s6.kkphimplayer6.com/20250911/MfSDbgEd/index.m3u8');
	INSERT INTO episodes (movie_id, name, video_url)
	  VALUES (60, 'Tập 08', 'https://player.phimapi.com/player/?url=https://s6.kkphimplayer6.com/20250918/VOxBDJoa/index.m3u8');
	INSERT INTO episodes (movie_id, name, video_url)
	  VALUES (60, 'Tập 09', 'https://player.phimapi.com/player/?url=https://s6.kkphimplayer6.com/20250924/9UVz8gnT/index.m3u8');

	-- Movie: Thế Hệ V (Phần 2)
	INSERT INTO movies (movie_id, title, description, release_date, poster_url, thumb_url, status)
	VALUES (61, 'Thế Hệ V (Phần 2)', 'Tại trường đại học duy nhất dành cho siêu anh hùng ở Mỹ, những sinh viên tài năng đặt ra những ranh giới đạo đức để kiểm tra, cạnh tranh để giành thứ hạng cao nhất của trường đại học và có cơ hội gia nhập đội siêu anh hùng ưu tú của The Seven, Vought International. Khi những bí mật đen tối của trường được đưa ra ánh sáng, họ phải quyết định xem mình muốn trở thành loại anh hùng nào.', '2025', 'https://phimimg.com/upload/vod/20250917-1/bd604a413ec35312cb22fe743fab9fa4.jpg', 'https://phimimg.com/upload/vod/20250917-1/481a2f2730240ba179bcfcf789e519c9.jpg', 'showing');
	UPDATE movies SET country='Âu Mỹ', language='Vietsub', trailer_url='https://www.youtube.com/watch?v=6WxofgjVpXg' WHERE movie_id=61;
	INSERT IGNORE INTO genres (name) VALUES ('Hành Động');
	INSERT INTO movie_genres (movie_id, genre_id)
	  SELECT 61, genre_id FROM genres WHERE name='Hành Động' LIMIT 1;
	INSERT IGNORE INTO genres (name) VALUES ('Phiêu Lưu');
	INSERT INTO movie_genres (movie_id, genre_id)
	  SELECT 61, genre_id FROM genres WHERE name='Phiêu Lưu' LIMIT 1;
	INSERT IGNORE INTO genres (name) VALUES ('Chính Kịch');
	INSERT INTO movie_genres (movie_id, genre_id)
	  SELECT 61, genre_id FROM genres WHERE name='Chính Kịch' LIMIT 1;
	INSERT IGNORE INTO genres (name) VALUES ('Khoa Học');
	INSERT INTO movie_genres (movie_id, genre_id)
	  SELECT 61, genre_id FROM genres WHERE name='Khoa Học' LIMIT 1;
	INSERT IGNORE INTO genres (name) VALUES ('Viễn Tưởng');
	INSERT INTO movie_genres (movie_id, genre_id)
	  SELECT 61, genre_id FROM genres WHERE name='Viễn Tưởng' LIMIT 1;
	INSERT IGNORE INTO genres (name) VALUES ('Tâm Lý');
	INSERT INTO movie_genres (movie_id, genre_id)
	  SELECT 61, genre_id FROM genres WHERE name='Tâm Lý' LIMIT 1;
	INSERT IGNORE INTO actors (name) VALUES ('Jaz Sinclair');
	INSERT INTO movie_actors (movie_id, actor_id)
	  SELECT 61, actor_id FROM actors WHERE name='Jaz Sinclair' LIMIT 1;
	INSERT IGNORE INTO actors (name) VALUES ('Lizze Broadway');
	INSERT INTO movie_actors (movie_id, actor_id)
	  SELECT 61, actor_id FROM actors WHERE name='Lizze Broadway' LIMIT 1;
	INSERT IGNORE INTO actors (name) VALUES ('Maddie Phillips');
	INSERT INTO movie_actors (movie_id, actor_id)
	  SELECT 61, actor_id FROM actors WHERE name='Maddie Phillips' LIMIT 1;
	INSERT IGNORE INTO actors (name) VALUES ('London Thor');
	INSERT INTO movie_actors (movie_id, actor_id)
	  SELECT 61, actor_id FROM actors WHERE name='London Thor' LIMIT 1;
	INSERT IGNORE INTO actors (name) VALUES ('Derek Luh');
	INSERT INTO movie_actors (movie_id, actor_id)
	  SELECT 61, actor_id FROM actors WHERE name='Derek Luh' LIMIT 1;
	INSERT IGNORE INTO actors (name) VALUES ('Asa Germann');
	INSERT INTO movie_actors (movie_id, actor_id)
	  SELECT 61, actor_id FROM actors WHERE name='Asa Germann' LIMIT 1;
	INSERT IGNORE INTO actors (name) VALUES ('Sean Patrick Thomas');
	INSERT INTO movie_actors (movie_id, actor_id)
	  SELECT 61, actor_id FROM actors WHERE name='Sean Patrick Thomas' LIMIT 1;
	INSERT IGNORE INTO actors (name) VALUES ('Ethan Slater');
	INSERT INTO movie_actors (movie_id, actor_id)
	  SELECT 61, actor_id FROM actors WHERE name='Ethan Slater' LIMIT 1;
	INSERT IGNORE INTO directors (name) VALUES ('Craig Rosenberg');
	INSERT INTO movie_directors (movie_id, director_id)
	  SELECT 61, director_id FROM directors WHERE name='Craig Rosenberg' LIMIT 1;
	INSERT INTO episodes (movie_id, name, video_url)
	  VALUES (61, 'Tập 01', 'https://player.phimapi.com/player/?url=https://s6.kkphimplayer6.com/20250918/29Gw3agp/index.m3u8');
	INSERT INTO episodes (movie_id, name, video_url)
	  VALUES (61, 'Tập 02', 'https://player.phimapi.com/player/?url=https://s6.kkphimplayer6.com/20250918/vnYcxrBf/index.m3u8');
	INSERT INTO episodes (movie_id, name, video_url)
	  VALUES (61, 'Tập 03', 'https://player.phimapi.com/player/?url=https://s6.kkphimplayer6.com/20250918/6SuBxwMm/index.m3u8');
	INSERT INTO episodes (movie_id, name, video_url)
	  VALUES (61, 'Tập 04', 'https://player.phimapi.com/player/?url=https://s6.kkphimplayer6.com/20250924/WDXIoOsS/index.m3u8');

	-- Movie: Hôn Thê Cúc Cu (Phần 2)
	INSERT INTO movies (movie_id, title, description, release_date, poster_url, thumb_url, status)
	VALUES (62, 'Hôn Thê Cúc Cu (Phần 2)', 'Mùa 2 của Cặp Đôi Cuckoo (2025) tiếp tục câu chuyện tình cảm rắc rối giữa Nagi và Erika khi họ vừa là hôn phu sắp đặt vừa sống chung một nhà. Sự trở lại của bạn thuở nhỏ Mochizuki Ai và sự xuất hiện của những tình địch mới khiến mối quan hệ biến thành “ngũ giác tình yêu”, đầy hiểu lầm, cạnh tranh và cả những khoảnh khắc ngọt ngào khó đoán.', '2025', 'https://phimimg.com/upload/vod/20250824-1/65ccd3c9a4b8388d6a102973f995c804.jpg', 'https://phimimg.com/upload/vod/20250824-1/de3e35108db96508b9e72d4331f93835.jpg', 'showing');
	UPDATE movies SET country='Nhật Bản', language='Vietsub', trailer_url='https://www.youtube.com/watch?v=uzaqtz2MTaw' WHERE movie_id=62;
	INSERT IGNORE INTO genres (name) VALUES ('Hài Hước');
	INSERT INTO movie_genres (movie_id, genre_id)
	  SELECT 62, genre_id FROM genres WHERE name='Hài Hước' LIMIT 1;
	INSERT IGNORE INTO genres (name) VALUES ('Chính Kịch');
	INSERT INTO movie_genres (movie_id, genre_id)
	  SELECT 62, genre_id FROM genres WHERE name='Chính Kịch' LIMIT 1;
	INSERT IGNORE INTO genres (name) VALUES ('Tình Cảm');
	INSERT INTO movie_genres (movie_id, genre_id)
	  SELECT 62, genre_id FROM genres WHERE name='Tình Cảm' LIMIT 1;
	INSERT IGNORE INTO genres (name) VALUES ('Tâm Lý');
	INSERT INTO movie_genres (movie_id, genre_id)
	  SELECT 62, genre_id FROM genres WHERE name='Tâm Lý' LIMIT 1;
	INSERT IGNORE INTO actors (name) VALUES ('Kaito Ishikawa');
	INSERT INTO movie_actors (movie_id, actor_id)
	  SELECT 62, actor_id FROM actors WHERE name='Kaito Ishikawa' LIMIT 1;
	INSERT IGNORE INTO actors (name) VALUES ('Akari Kito');
	INSERT INTO movie_actors (movie_id, actor_id)
	  SELECT 62, actor_id FROM actors WHERE name='Akari Kito' LIMIT 1;
	INSERT IGNORE INTO actors (name) VALUES ('Nao Toyama');
	INSERT INTO movie_actors (movie_id, actor_id)
	  SELECT 62, actor_id FROM actors WHERE name='Nao Toyama' LIMIT 1;
	INSERT IGNORE INTO actors (name) VALUES ('Konomi Kohara');
	INSERT INTO movie_actors (movie_id, actor_id)
	  SELECT 62, actor_id FROM actors WHERE name='Konomi Kohara' LIMIT 1;
	INSERT IGNORE INTO actors (name) VALUES ('Hina Youmiya');
	INSERT INTO movie_actors (movie_id, actor_id)
	  SELECT 62, actor_id FROM actors WHERE name='Hina Youmiya' LIMIT 1;
	INSERT IGNORE INTO actors (name) VALUES ('Ryohei Kimura');
	INSERT INTO movie_actors (movie_id, actor_id)
	  SELECT 62, actor_id FROM actors WHERE name='Ryohei Kimura' LIMIT 1;
	INSERT IGNORE INTO actors (name) VALUES ('Yoko Hikasa');
	INSERT INTO movie_actors (movie_id, actor_id)
	  SELECT 62, actor_id FROM actors WHERE name='Yoko Hikasa' LIMIT 1;
	INSERT IGNORE INTO actors (name) VALUES ('Toshiyuki Morikawa');
	INSERT INTO movie_actors (movie_id, actor_id)
	  SELECT 62, actor_id FROM actors WHERE name='Toshiyuki Morikawa' LIMIT 1;
	INSERT IGNORE INTO actors (name) VALUES ('Yukiko Aruga');
	INSERT INTO movie_actors (movie_id, actor_id)
	  SELECT 62, actor_id FROM actors WHERE name='Yukiko Aruga' LIMIT 1;
	INSERT IGNORE INTO directors (name) VALUES ('Đang cập nhật');
	INSERT INTO movie_directors (movie_id, director_id)
	  SELECT 62, director_id FROM directors WHERE name='Đang cập nhật' LIMIT 1;
	INSERT INTO episodes (movie_id, name, video_url)
	  VALUES (62, 'Tập 01', 'https://player.phimapi.com/player/?url=https://s6.kkphimplayer6.com/20250824/nWegCE9S/index.m3u8');
	INSERT INTO episodes (movie_id, name, video_url)
	  VALUES (62, 'Tập 02', 'https://player.phimapi.com/player/?url=https://s6.kkphimplayer6.com/20250824/i0v95Xxp/index.m3u8');
	INSERT INTO episodes (movie_id, name, video_url)
	  VALUES (62, 'Tập 03', 'https://player.phimapi.com/player/?url=https://s6.kkphimplayer6.com/20250824/poUDlWrf/index.m3u8');
	INSERT INTO episodes (movie_id, name, video_url)
	  VALUES (62, 'Tập 04', 'https://player.phimapi.com/player/?url=https://s6.kkphimplayer6.com/20250824/qlk2VTXj/index.m3u8');
	INSERT INTO episodes (movie_id, name, video_url)
	  VALUES (62, 'Tập 05', 'https://player.phimapi.com/player/?url=https://s6.kkphimplayer6.com/20250824/6tVsjRvJ/index.m3u8');
	INSERT INTO episodes (movie_id, name, video_url)
	  VALUES (62, 'Tập 06', 'https://player.phimapi.com/player/?url=https://s6.kkphimplayer6.com/20250824/ZPifVBok/index.m3u8');
	INSERT INTO episodes (movie_id, name, video_url)
	  VALUES (62, 'Tập 07', 'https://player.phimapi.com/player/?url=https://s6.kkphimplayer6.com/20250824/9UZvFBGD/index.m3u8');
	INSERT INTO episodes (movie_id, name, video_url)
	  VALUES (62, 'Tập 08', 'https://player.phimapi.com/player/?url=https://s6.kkphimplayer6.com/20250828/rL9j9CVL/index.m3u8');
	INSERT INTO episodes (movie_id, name, video_url)
	  VALUES (62, 'Tập 09', 'https://player.phimapi.com/player/?url=https://s6.kkphimplayer6.com/20250904/VxJaFWPT/index.m3u8');
	INSERT INTO episodes (movie_id, name, video_url)
	  VALUES (62, 'Tập 10', 'https://player.phimapi.com/player/?url=https://s6.kkphimplayer6.com/20250911/jelu6fUa/index.m3u8');
	INSERT INTO episodes (movie_id, name, video_url)
	  VALUES (62, 'Tập 11', 'https://player.phimapi.com/player/?url=https://s6.kkphimplayer6.com/20250917/nmaewyE3/index.m3u8');
	INSERT INTO episodes (movie_id, name, video_url)
	  VALUES (62, 'Tập 12', 'https://player.phimapi.com/player/?url=https://s6.kkphimplayer6.com/20250924/5kBuC39y/index.m3u8');

	-- Movie: Vuốt
	INSERT INTO movies (movie_id, title, description, release_date, poster_url, thumb_url, status)
	VALUES (63, 'Vuốt', 'Whitney Wolfe dùng ý chí phi thường và sự sáng tạo táo bạo để bước vào thế giới công nghệ vốn bị thống trị bởi đàn ông.', '2025', 'https://phimimg.com/upload/vod/20250924-1/dc937a6d6556fa0823f9a767bb7a0d4a.jpg', 'https://phimimg.com/upload/vod/20250924-1/868a15185d26b6f9f1482aef4efd2b6d.jpg', 'showing');
	UPDATE movies SET country='Âu Mỹ', language='Vietsub', trailer_url='https://www.youtube.com/watch?v=8seUGDLZRIo' WHERE movie_id=63;
	INSERT IGNORE INTO genres (name) VALUES ('Lịch Sử');
	INSERT INTO movie_genres (movie_id, genre_id)
	  SELECT 63, genre_id FROM genres WHERE name='Lịch Sử' LIMIT 1;
	INSERT IGNORE INTO genres (name) VALUES ('Chính Kịch');
	INSERT INTO movie_genres (movie_id, genre_id)
	  SELECT 63, genre_id FROM genres WHERE name='Chính Kịch' LIMIT 1;
	INSERT IGNORE INTO genres (name) VALUES ('Tâm Lý');
	INSERT INTO movie_genres (movie_id, genre_id)
	  SELECT 63, genre_id FROM genres WHERE name='Tâm Lý' LIMIT 1;
	INSERT IGNORE INTO actors (name) VALUES ('Lily James');
	INSERT INTO movie_actors (movie_id, actor_id)
	  SELECT 63, actor_id FROM actors WHERE name='Lily James' LIMIT 1;
	INSERT IGNORE INTO actors (name) VALUES ('Ben Schnetzer');
	INSERT INTO movie_actors (movie_id, actor_id)
	  SELECT 63, actor_id FROM actors WHERE name='Ben Schnetzer' LIMIT 1;
	INSERT IGNORE INTO actors (name) VALUES ('Myha&#039;la');
	INSERT INTO movie_actors (movie_id, actor_id)
	  SELECT 63, actor_id FROM actors WHERE name='Myha&#039;la' LIMIT 1;
	INSERT IGNORE INTO actors (name) VALUES ('Jackson White');
	INSERT INTO movie_actors (movie_id, actor_id)
	  SELECT 63, actor_id FROM actors WHERE name='Jackson White' LIMIT 1;
	INSERT IGNORE INTO actors (name) VALUES ('Dan Stevens');
	INSERT INTO movie_actors (movie_id, actor_id)
	  SELECT 63, actor_id FROM actors WHERE name='Dan Stevens' LIMIT 1;
	INSERT IGNORE INTO actors (name) VALUES ('Ian Colletti');
	INSERT INTO movie_actors (movie_id, actor_id)
	  SELECT 63, actor_id FROM actors WHERE name='Ian Colletti' LIMIT 1;
	INSERT IGNORE INTO actors (name) VALUES ('Mary Neely');
	INSERT INTO movie_actors (movie_id, actor_id)
	  SELECT 63, actor_id FROM actors WHERE name='Mary Neely' LIMIT 1;
	INSERT IGNORE INTO actors (name) VALUES ('Ana Yi Puig');
	INSERT INTO movie_actors (movie_id, actor_id)
	  SELECT 63, actor_id FROM actors WHERE name='Ana Yi Puig' LIMIT 1;
	INSERT IGNORE INTO actors (name) VALUES ('Aidan Laprete');
	INSERT INTO movie_actors (movie_id, actor_id)
	  SELECT 63, actor_id FROM actors WHERE name='Aidan Laprete' LIMIT 1;
	INSERT IGNORE INTO actors (name) VALUES ('Pedro Correa');
	INSERT INTO movie_actors (movie_id, actor_id)
	  SELECT 63, actor_id FROM actors WHERE name='Pedro Correa' LIMIT 1;
	INSERT IGNORE INTO actors (name) VALUES ('Pierson Fodé');
	INSERT INTO movie_actors (movie_id, actor_id)
	  SELECT 63, actor_id FROM actors WHERE name='Pierson Fodé' LIMIT 1;
	INSERT IGNORE INTO actors (name) VALUES ('Joely Fisher');
	INSERT INTO movie_actors (movie_id, actor_id)
	  SELECT 63, actor_id FROM actors WHERE name='Joely Fisher' LIMIT 1;
	INSERT IGNORE INTO actors (name) VALUES ('Kai Van Moorsel');
	INSERT INTO movie_actors (movie_id, actor_id)
	  SELECT 63, actor_id FROM actors WHERE name='Kai Van Moorsel' LIMIT 1;
	INSERT IGNORE INTO actors (name) VALUES ('Michael Nouri');
	INSERT INTO movie_actors (movie_id, actor_id)
	  SELECT 63, actor_id FROM actors WHERE name='Michael Nouri' LIMIT 1;
	INSERT IGNORE INTO actors (name) VALUES ('Julia Cavanaugh');
	INSERT INTO movie_actors (movie_id, actor_id)
	  SELECT 63, actor_id FROM actors WHERE name='Julia Cavanaugh' LIMIT 1;
	INSERT IGNORE INTO actors (name) VALUES ('Mark Kwak');
	INSERT INTO movie_actors (movie_id, actor_id)
	  SELECT 63, actor_id FROM actors WHERE name='Mark Kwak' LIMIT 1;
	INSERT IGNORE INTO actors (name) VALUES ('Gregg Daniel');
	INSERT INTO movie_actors (movie_id, actor_id)
	  SELECT 63, actor_id FROM actors WHERE name='Gregg Daniel' LIMIT 1;
	INSERT IGNORE INTO actors (name) VALUES ('Coral Peña');
	INSERT INTO movie_actors (movie_id, actor_id)
	  SELECT 63, actor_id FROM actors WHERE name='Coral Peña' LIMIT 1;
	INSERT IGNORE INTO actors (name) VALUES ('Roma');
	INSERT INTO movie_actors (movie_id, actor_id)
	  SELECT 63, actor_id FROM actors WHERE name='Roma' LIMIT 1;
	INSERT IGNORE INTO directors (name) VALUES ('Rachel Lee Goldenberg');
	INSERT INTO movie_directors (movie_id, director_id)
	  SELECT 63, director_id FROM directors WHERE name='Rachel Lee Goldenberg' LIMIT 1;
	INSERT INTO episodes (movie_id, name, video_url)
	  VALUES (63, 'Full', 'https://player.phimapi.com/player/?url=https://s6.kkphimplayer6.com/20250924/netxuomm/index.m3u8');

	-- Movie: Bẫy Niềm Tin
	INSERT INTO movies (movie_id, title, description, release_date, poster_url, thumb_url, status)
	VALUES (64, 'Bẫy Niềm Tin', 'Sau một bê bối chấn động ở Hollywood, một ngôi sao điện ảnh trẻ tìm đến một căn Airbnb hẻo lánh để ẩn náu. Nhưng nơi tưởng như an toàn ấy nhanh chóng trở thành cơn ác mộng, khi cô rơi vào tay những tên tội phạm máu lạnh đang săn lùng một phi vụ lớn.', '2025', 'https://phimimg.com/upload/vod/20250924-1/f15145a000074cc95df5f3cd9aad9f7a.jpg', 'https://phimimg.com/upload/vod/20250924-1/96c0efbbf629fdb523d0d07df49be7dd.jpg', 'showing');
	UPDATE movies SET country='Âu Mỹ', language='Vietsub', trailer_url='https://www.youtube.com/watch?v=UgalwGXCAFs' WHERE movie_id=64;
	INSERT IGNORE INTO genres (name) VALUES ('Tâm Lý');
	INSERT INTO movie_genres (movie_id, genre_id)
	  SELECT 64, genre_id FROM genres WHERE name='Tâm Lý' LIMIT 1;
	INSERT IGNORE INTO genres (name) VALUES ('Chính Kịch');
	INSERT INTO movie_genres (movie_id, genre_id)
	  SELECT 64, genre_id FROM genres WHERE name='Chính Kịch' LIMIT 1;
	INSERT IGNORE INTO actors (name) VALUES ('Sophie Turner');
	INSERT INTO movie_actors (movie_id, actor_id)
	  SELECT 64, actor_id FROM actors WHERE name='Sophie Turner' LIMIT 1;
	INSERT IGNORE INTO actors (name) VALUES ('Rhys Coiro');
	INSERT INTO movie_actors (movie_id, actor_id)
	  SELECT 64, actor_id FROM actors WHERE name='Rhys Coiro' LIMIT 1;
	INSERT IGNORE INTO actors (name) VALUES ('Billy Campbell');
	INSERT INTO movie_actors (movie_id, actor_id)
	  SELECT 64, actor_id FROM actors WHERE name='Billy Campbell' LIMIT 1;
	INSERT IGNORE INTO actors (name) VALUES ('Peter Mensah');
	INSERT INTO movie_actors (movie_id, actor_id)
	  SELECT 64, actor_id FROM actors WHERE name='Peter Mensah' LIMIT 1;
	INSERT IGNORE INTO actors (name) VALUES ('Forrest Goodluck');
	INSERT INTO movie_actors (movie_id, actor_id)
	  SELECT 64, actor_id FROM actors WHERE name='Forrest Goodluck' LIMIT 1;
	INSERT IGNORE INTO actors (name) VALUES ('Gianni Paolo');
	INSERT INTO movie_actors (movie_id, actor_id)
	  SELECT 64, actor_id FROM actors WHERE name='Gianni Paolo' LIMIT 1;
	INSERT IGNORE INTO actors (name) VALUES ('Renata Vaca');
	INSERT INTO movie_actors (movie_id, actor_id)
	  SELECT 64, actor_id FROM actors WHERE name='Renata Vaca' LIMIT 1;
	INSERT IGNORE INTO actors (name) VALUES ('Katey Sagal');
	INSERT INTO movie_actors (movie_id, actor_id)
	  SELECT 64, actor_id FROM actors WHERE name='Katey Sagal' LIMIT 1;
	INSERT IGNORE INTO actors (name) VALUES ('Milton Darnell Smith');
	INSERT INTO movie_actors (movie_id, actor_id)
	  SELECT 64, actor_id FROM actors WHERE name='Milton Darnell Smith' LIMIT 1;
	INSERT IGNORE INTO actors (name) VALUES ('Victor Oliveira');
	INSERT INTO movie_actors (movie_id, actor_id)
	  SELECT 64, actor_id FROM actors WHERE name='Victor Oliveira' LIMIT 1;
	INSERT IGNORE INTO actors (name) VALUES ('Kariana Karhu');
	INSERT INTO movie_actors (movie_id, actor_id)
	  SELECT 64, actor_id FROM actors WHERE name='Kariana Karhu' LIMIT 1;
	INSERT IGNORE INTO actors (name) VALUES ('Cal Butler');
	INSERT INTO movie_actors (movie_id, actor_id)
	  SELECT 64, actor_id FROM actors WHERE name='Cal Butler' LIMIT 1;
	INSERT IGNORE INTO actors (name) VALUES ('Katie Barberi');
	INSERT INTO movie_actors (movie_id, actor_id)
	  SELECT 64, actor_id FROM actors WHERE name='Katie Barberi' LIMIT 1;
	INSERT IGNORE INTO actors (name) VALUES ('Diego Guzmán');
	INSERT INTO movie_actors (movie_id, actor_id)
	  SELECT 64, actor_id FROM actors WHERE name='Diego Guzmán' LIMIT 1;
	INSERT IGNORE INTO actors (name) VALUES ('Donagh Gordon');
	INSERT INTO movie_actors (movie_id, actor_id)
	  SELECT 64, actor_id FROM actors WHERE name='Donagh Gordon' LIMIT 1;
	INSERT IGNORE INTO actors (name) VALUES ('Lucía Gómez-Robledo');
	INSERT INTO movie_actors (movie_id, actor_id)
	  SELECT 64, actor_id FROM actors WHERE name='Lucía Gómez-Robledo' LIMIT 1;
	INSERT IGNORE INTO actors (name) VALUES ('Dylan Hal');
	INSERT INTO movie_actors (movie_id, actor_id)
	  SELECT 64, actor_id FROM actors WHERE name='Dylan Hal' LIMIT 1;
	INSERT IGNORE INTO directors (name) VALUES ('Carlson Young');
	INSERT INTO movie_directors (movie_id, director_id)
	  SELECT 64, director_id FROM directors WHERE name='Carlson Young' LIMIT 1;
	INSERT INTO episodes (movie_id, name, video_url)
	  VALUES (64, 'Full', 'https://player.phimapi.com/player/?url=https://s6.kkphimplayer6.com/20250924/Ik2fSEqx/index.m3u8');

	-- Movie: Batman Aztec: Đế Chế Huyết Chiến
	INSERT INTO movies (movie_id, title, description, release_date, poster_url, thumb_url, status)
	VALUES (65, 'Batman Aztec: Đế Chế Huyết Chiến', 'Thời đế chế Aztec. Thảm kịch giáng xuống khi Yohualli Coatl tận mắt chứng kiến cha mình bị sát hại bởi những kẻ chinh phạt Tây Ban Nha. Mang trong tim nỗi đau và lời thề báo thù, anh vượt qua hiểm nguy để đến Tenochtitlán, cảnh báo vua Moctezuma và đại tư tế Yoka về mối đe dọa cận kề. Tại ngôi đền thờ thần dơi Tzinacan, Yohualli được tôi luyện và trang bị vũ khí để trở thành chiến binh, quyết đối đầu quân xâm lược và trả món nợ máu. Trên hành trình định mệnh ấy, anh chạm trán những nhân vật huyền thoại: Nữ Chiến binh Báo dữ dội và chính Hernán Cortés – kẻ dẫn đầu cuộc chinh phục.', '2025', 'https://phimimg.com/upload/vod/20250924-1/ede19fa45c2cddb3180bf74e12b6fe3d.jpg', 'https://phimimg.com/upload/vod/20250924-1/d4248a45bb568961ac921c364cd7d445.jpg', 'showing');
	UPDATE movies SET country='Âu Mỹ', language='Vietsub', trailer_url='https://www.youtube.com/watch?v=-bd_AUSkrRA' WHERE movie_id=65;
	INSERT IGNORE INTO genres (name) VALUES ('Hành Động');
	INSERT INTO movie_genres (movie_id, genre_id)
	  SELECT 65, genre_id FROM genres WHERE name='Hành Động' LIMIT 1;
	INSERT IGNORE INTO genres (name) VALUES ('Phiêu Lưu');
	INSERT INTO movie_genres (movie_id, genre_id)
	  SELECT 65, genre_id FROM genres WHERE name='Phiêu Lưu' LIMIT 1;
	INSERT IGNORE INTO genres (name) VALUES ('Viễn Tưởng');
	INSERT INTO movie_genres (movie_id, genre_id)
	  SELECT 65, genre_id FROM genres WHERE name='Viễn Tưởng' LIMIT 1;
	INSERT IGNORE INTO genres (name) VALUES ('Tâm Lý');
	INSERT INTO movie_genres (movie_id, genre_id)
	  SELECT 65, genre_id FROM genres WHERE name='Tâm Lý' LIMIT 1;
	INSERT IGNORE INTO actors (name) VALUES ('Horacio García Rojas');
	INSERT INTO movie_actors (movie_id, actor_id)
	  SELECT 65, actor_id FROM actors WHERE name='Horacio García Rojas' LIMIT 1;
	INSERT IGNORE INTO actors (name) VALUES ('Álvaro Morte');
	INSERT INTO movie_actors (movie_id, actor_id)
	  SELECT 65, actor_id FROM actors WHERE name='Álvaro Morte' LIMIT 1;
	INSERT IGNORE INTO actors (name) VALUES ('Omar Chaparro');
	INSERT INTO movie_actors (movie_id, actor_id)
	  SELECT 65, actor_id FROM actors WHERE name='Omar Chaparro' LIMIT 1;
	INSERT IGNORE INTO actors (name) VALUES ('Humberto Busto');
	INSERT INTO movie_actors (movie_id, actor_id)
	  SELECT 65, actor_id FROM actors WHERE name='Humberto Busto' LIMIT 1;
	INSERT IGNORE INTO actors (name) VALUES ('Jorge R. Gutierrez');
	INSERT INTO movie_actors (movie_id, actor_id)
	  SELECT 65, actor_id FROM actors WHERE name='Jorge R. Gutierrez' LIMIT 1;
	INSERT IGNORE INTO actors (name) VALUES ('Jesús Guzmán');
	INSERT INTO movie_actors (movie_id, actor_id)
	  SELECT 65, actor_id FROM actors WHERE name='Jesús Guzmán' LIMIT 1;
	INSERT IGNORE INTO actors (name) VALUES ('José Carlos Illanes');
	INSERT INTO movie_actors (movie_id, actor_id)
	  SELECT 65, actor_id FROM actors WHERE name='José Carlos Illanes' LIMIT 1;
	INSERT IGNORE INTO directors (name) VALUES ('Juan Jose Meza-Leon');
	INSERT INTO movie_directors (movie_id, director_id)
	  SELECT 65, director_id FROM directors WHERE name='Juan Jose Meza-Leon' LIMIT 1;
	INSERT INTO episodes (movie_id, name, video_url)
	  VALUES (65, 'Full', 'https://player.phimapi.com/player/?url=https://s6.kkphimplayer6.com/20250924/K5zWQVWU/index.m3u8');

	-- Movie: Giông Tố
	INSERT INTO movies (movie_id, title, description, release_date, poster_url, thumb_url, status)
	VALUES (66, 'Giông Tố', 'Moon Ju, một nhà ngoại giao từng là đại sứ tại Hoa Kỳ, và San Ho, một đặc vụ bí ẩn với quá khứ không rõ ràng. Baek San Ho từng là lính đánh thuê và mọi điều liên quan đến quá khứ của anh ta đều bị che giấu. Cả hai cùng nhau truy tìm sự thật về một vụ án cực lớn.', '2025', 'https://phimimg.com/upload/vod/20250911-1/8d16cd2e8916a8c8985d48e275860550.jpg', 'https://phimimg.com/upload/vod/20250911-1/f9f35296b642427f98ca00ec5cc0b4d5.jpg', 'showing');
	UPDATE movies SET country='Hàn Quốc', language='Vietsub + Thuyết Minh', trailer_url='https://www.youtube.com/watch?v=YEz4SuMI1-Q' WHERE movie_id=66;
	INSERT IGNORE INTO genres (name) VALUES ('Chính Kịch');
	INSERT INTO movie_genres (movie_id, genre_id)
	  SELECT 66, genre_id FROM genres WHERE name='Chính Kịch' LIMIT 1;
	INSERT IGNORE INTO genres (name) VALUES ('Bí Ẩn');
	INSERT INTO movie_genres (movie_id, genre_id)
	  SELECT 66, genre_id FROM genres WHERE name='Bí Ẩn' LIMIT 1;
	INSERT IGNORE INTO genres (name) VALUES ('Tâm Lý');
	INSERT INTO movie_genres (movie_id, genre_id)
	  SELECT 66, genre_id FROM genres WHERE name='Tâm Lý' LIMIT 1;
	INSERT IGNORE INTO actors (name) VALUES ('Jun Ji-hyun');
	INSERT INTO movie_actors (movie_id, actor_id)
	  SELECT 66, actor_id FROM actors WHERE name='Jun Ji-hyun' LIMIT 1;
	INSERT IGNORE INTO actors (name) VALUES ('Gang Dong-won');
	INSERT INTO movie_actors (movie_id, actor_id)
	  SELECT 66, actor_id FROM actors WHERE name='Gang Dong-won' LIMIT 1;
	INSERT IGNORE INTO actors (name) VALUES ('John Cho');
	INSERT INTO movie_actors (movie_id, actor_id)
	  SELECT 66, actor_id FROM actors WHERE name='John Cho' LIMIT 1;
	INSERT IGNORE INTO actors (name) VALUES ('Lee Mi-sook');
	INSERT INTO movie_actors (movie_id, actor_id)
	  SELECT 66, actor_id FROM actors WHERE name='Lee Mi-sook' LIMIT 1;
	INSERT IGNORE INTO actors (name) VALUES ('Park Hae-joon');
	INSERT INTO movie_actors (movie_id, actor_id)
	  SELECT 66, actor_id FROM actors WHERE name='Park Hae-joon' LIMIT 1;
	INSERT IGNORE INTO actors (name) VALUES ('Christopher Gorham');
	INSERT INTO movie_actors (movie_id, actor_id)
	  SELECT 66, actor_id FROM actors WHERE name='Christopher Gorham' LIMIT 1;
	INSERT IGNORE INTO actors (name) VALUES ('Michael Gaston');
	INSERT INTO movie_actors (movie_id, actor_id)
	  SELECT 66, actor_id FROM actors WHERE name='Michael Gaston' LIMIT 1;
	INSERT IGNORE INTO actors (name) VALUES ('Spencer Garrett');
	INSERT INTO movie_actors (movie_id, actor_id)
	  SELECT 66, actor_id FROM actors WHERE name='Spencer Garrett' LIMIT 1;
	INSERT IGNORE INTO directors (name) VALUES ('Chung Seo-kyung');
	INSERT INTO movie_directors (movie_id, director_id)
	  SELECT 66, director_id FROM directors WHERE name='Chung Seo-kyung' LIMIT 1;
	INSERT INTO episodes (movie_id, name, video_url)
	  VALUES (66, 'Tập 01', 'https://player.phimapi.com/player/?url=https://s6.kkphimplayer6.com/20250913/TJRZ8Ad3/index.m3u8');
	INSERT INTO episodes (movie_id, name, video_url)
	  VALUES (66, 'Tập 02', 'https://player.phimapi.com/player/?url=https://s6.kkphimplayer6.com/20250913/wy3QHdUy/index.m3u8');
	INSERT INTO episodes (movie_id, name, video_url)
	  VALUES (66, 'Tập 03', 'https://player.phimapi.com/player/?url=https://s6.kkphimplayer6.com/20250913/thE4fCX8/index.m3u8');
	INSERT INTO episodes (movie_id, name, video_url)
	  VALUES (66, 'Tập 04', 'https://player.phimapi.com/player/?url=https://s6.kkphimplayer6.com/20250918/3d96mKCu/index.m3u8');
	INSERT INTO episodes (movie_id, name, video_url)
	  VALUES (66, 'Tập 05', 'https://player.phimapi.com/player/?url=https://s6.kkphimplayer6.com/20250918/qRpuLpjj/index.m3u8');
	INSERT INTO episodes (movie_id, name, video_url)
	  VALUES (66, 'Tập 6', 'https://player.phimapi.com/player/?url=https://s6.kkphimplayer6.com/20250924/grxHvaKi/index.m3u8');
	INSERT INTO episodes (movie_id, name, video_url)
	  VALUES (66, 'Tập 7', 'https://player.phimapi.com/player/?url=https://s6.kkphimplayer6.com/20250924/SSaf3jvD/index.m3u8');
	INSERT INTO episodes (movie_id, name, video_url)
	  VALUES (66, 'Tập 01', 'https://player.phimapi.com/player/?url=https://s6.kkphimplayer6.com/20250914/oe9u1Gks/index.m3u8');
	INSERT INTO episodes (movie_id, name, video_url)
	  VALUES (66, 'Tập 02', 'https://player.phimapi.com/player/?url=https://s6.kkphimplayer6.com/20250914/veTtocFe/index.m3u8');
	INSERT INTO episodes (movie_id, name, video_url)
	  VALUES (66, 'Tập 03', 'https://player.phimapi.com/player/?url=https://s6.kkphimplayer6.com/20250914/BiiioP2J/index.m3u8');

	-- Movie: Võ Hồn Đại Lục
	INSERT INTO movies (movie_id, title, description, release_date, poster_url, thumb_url, status)
	VALUES (67, 'Võ Hồn Đại Lục', 'Bộ phim là một câu chuyện về hành trình xuyên không từ hiện đại đến với một đại lục bí ẩn có tên gọi là Võ Hồn của nhà bác học Sở Phong. Anh ta vốn dĩ thuộc về thế giới hiện đại của thế kỷ 21, nhưng vì quá tò mò với một viên thiên thạch mà được đặt tên là Kim Ô Lệnh, nên đã vô tình đánh thức được sức mạnh to lớn bên trong viên thiên thạch ấy và bị kéo đến với đại lục thần bí kia. Vậy đại lục thần bí ấy tại sao lại gọi là Võ Hồn ? Phải chăng con người nơi đây rèn luyện và chiến đấu bằng chính võ hồn hay là sử dụng cái gì ? Một con người thời hiện đại yếu ớt như Sở Phong sẽ phải làm sao để tồn tại được ở nơi xa lạ thần bí này ?&nbsp;', '2025', 'https://phimimg.com/upload/vod/20250924-1/595bca41232c867b6a112857b97bb961.jpg', 'https://phimimg.com/upload/vod/20250924-1/b2df0a0af83d380c6f645ff02f52652e.jpg', 'showing');
	UPDATE movies SET country='Trung Quốc', language='Vietsub + Thuyết Minh', trailer_url=NULL WHERE movie_id=67;
	INSERT IGNORE INTO genres (name) VALUES ('Chính Kịch');
	INSERT INTO movie_genres (movie_id, genre_id)
	  SELECT 67, genre_id FROM genres WHERE name='Chính Kịch' LIMIT 1;
	INSERT IGNORE INTO genres (name) VALUES ('Viễn Tưởng');
	INSERT INTO movie_genres (movie_id, genre_id)
	  SELECT 67, genre_id FROM genres WHERE name='Viễn Tưởng' LIMIT 1;
	INSERT IGNORE INTO genres (name) VALUES ('Phiêu Lưu');
	INSERT INTO movie_genres (movie_id, genre_id)
	  SELECT 67, genre_id FROM genres WHERE name='Phiêu Lưu' LIMIT 1;
	INSERT IGNORE INTO actors (name) VALUES ('Đang cập nhật');
	INSERT INTO movie_actors (movie_id, actor_id)
	  SELECT 67, actor_id FROM actors WHERE name='Đang cập nhật' LIMIT 1;
	INSERT IGNORE INTO directors (name) VALUES ('Đang cập nhật');
	INSERT INTO movie_directors (movie_id, director_id)
	  SELECT 67, director_id FROM directors WHERE name='Đang cập nhật' LIMIT 1;
	INSERT INTO episodes (movie_id, name, video_url)
	  VALUES (67, 'Tập 1', 'https://player.phimapi.com/player/?url=https://s6.kkphimplayer6.com/20250924/5ZYY9UHW/index.m3u8');
	INSERT INTO episodes (movie_id, name, video_url)
	  VALUES (67, 'Tập 2', 'https://player.phimapi.com/player/?url=https://s6.kkphimplayer6.com/20250924/uTZD9BfT/index.m3u8');
	INSERT INTO episodes (movie_id, name, video_url)
	  VALUES (67, 'Tập 3', 'https://player.phimapi.com/player/?url=https://s6.kkphimplayer6.com/20250924/LEwEiMj7/index.m3u8');
	INSERT INTO episodes (movie_id, name, video_url)
	  VALUES (67, 'Tập 4', 'https://player.phimapi.com/player/?url=https://s6.kkphimplayer6.com/20250924/quS2BLxV/index.m3u8');
	INSERT INTO episodes (movie_id, name, video_url)
	  VALUES (67, 'Tập 5', 'https://player.phimapi.com/player/?url=https://s6.kkphimplayer6.com/20250924/Oke5hQzf/index.m3u8');
	INSERT INTO episodes (movie_id, name, video_url)
	  VALUES (67, 'Tập 6', 'https://player.phimapi.com/player/?url=https://s6.kkphimplayer6.com/20250924/Q6JqLuzr/index.m3u8');
	INSERT INTO episodes (movie_id, name, video_url)
	  VALUES (67, 'Tập 1', 'https://player.phimapi.com/player/?url=https://s6.kkphimplayer6.com/20250924/Bwhg7Im6/index.m3u8');
	INSERT INTO episodes (movie_id, name, video_url)
	  VALUES (67, 'Tập 2', 'https://player.phimapi.com/player/?url=https://s6.kkphimplayer6.com/20250924/HoCHdO4p/index.m3u8');
	INSERT INTO episodes (movie_id, name, video_url)
	  VALUES (67, 'Tập 3', 'https://player.phimapi.com/player/?url=https://s6.kkphimplayer6.com/20250924/8ExE7pst/index.m3u8');
	INSERT INTO episodes (movie_id, name, video_url)
	  VALUES (67, 'Tập 4', 'https://player.phimapi.com/player/?url=https://s6.kkphimplayer6.com/20250924/W0QhaPNX/index.m3u8');
	INSERT INTO episodes (movie_id, name, video_url)
	  VALUES (67, 'Tập 5', 'https://player.phimapi.com/player/?url=https://s6.kkphimplayer6.com/20250924/WrKRPlwx/index.m3u8');
	INSERT INTO episodes (movie_id, name, video_url)
	  VALUES (67, 'Tập 6', 'https://player.phimapi.com/player/?url=https://s6.kkphimplayer6.com/20250924/gSh5rafL/index.m3u8');

	-- Movie: BULLET/BULLET
	INSERT INTO movies (movie_id, title, description, release_date, poster_url, thumb_url, status)
	VALUES (68, 'BULLET/BULLET', 'Trong tương lai gần, khi nền văn minh đã sụp đổ, Gear làm việc tại một cửa hàng ve chai cùng Qu-0213 và White Bear, chuyên thu hồi đồ bị đánh cắp. Sau khi nhận một nhiệm vụ bí ẩn để đánh cắp món đồ quan trọng, cả ba nhanh chóng trở thành mục tiêu truy sát của những sát thủ chết người.', '2025', 'https://phimimg.com/upload/vod/20250924-1/f7f4d2836a81c50886533f831beead93.jpg', 'https://phimimg.com/upload/vod/20250924-1/4fde639e88cc51b7f1f230488219a80e.jpg', 'showing');
	UPDATE movies SET country='Nhật Bản', language='Vietsub', trailer_url='https://www.youtube.com/watch?v=yvom9RjdOlc' WHERE movie_id=68;
	INSERT IGNORE INTO genres (name) VALUES ('Hành Động');
	INSERT INTO movie_genres (movie_id, genre_id)
	  SELECT 68, genre_id FROM genres WHERE name='Hành Động' LIMIT 1;
	INSERT IGNORE INTO genres (name) VALUES ('Phiêu Lưu');
	INSERT INTO movie_genres (movie_id, genre_id)
	  SELECT 68, genre_id FROM genres WHERE name='Phiêu Lưu' LIMIT 1;
	INSERT IGNORE INTO genres (name) VALUES ('Khoa Học');
	INSERT INTO movie_genres (movie_id, genre_id)
	  SELECT 68, genre_id FROM genres WHERE name='Khoa Học' LIMIT 1;
	INSERT IGNORE INTO genres (name) VALUES ('Viễn Tưởng');
	INSERT INTO movie_genres (movie_id, genre_id)
	  SELECT 68, genre_id FROM genres WHERE name='Viễn Tưởng' LIMIT 1;
	INSERT IGNORE INTO actors (name) VALUES ('Marina Inoue');
	INSERT INTO movie_actors (movie_id, actor_id)
	  SELECT 68, actor_id FROM actors WHERE name='Marina Inoue' LIMIT 1;
	INSERT IGNORE INTO actors (name) VALUES ('Kazuhiro Yamaji');
	INSERT INTO movie_actors (movie_id, actor_id)
	  SELECT 68, actor_id FROM actors WHERE name='Kazuhiro Yamaji' LIMIT 1;
	INSERT IGNORE INTO actors (name) VALUES ('Rie Kugimiya');
	INSERT INTO movie_actors (movie_id, actor_id)
	  SELECT 68, actor_id FROM actors WHERE name='Rie Kugimiya' LIMIT 1;
	INSERT IGNORE INTO actors (name) VALUES ('Kana Hanazawa');
	INSERT INTO movie_actors (movie_id, actor_id)
	  SELECT 68, actor_id FROM actors WHERE name='Kana Hanazawa' LIMIT 1;
	INSERT IGNORE INTO actors (name) VALUES ('Tomokazu Seki');
	INSERT INTO movie_actors (movie_id, actor_id)
	  SELECT 68, actor_id FROM actors WHERE name='Tomokazu Seki' LIMIT 1;
	INSERT IGNORE INTO actors (name) VALUES ('Ai Orikasa');
	INSERT INTO movie_actors (movie_id, actor_id)
	  SELECT 68, actor_id FROM actors WHERE name='Ai Orikasa' LIMIT 1;
	INSERT IGNORE INTO actors (name) VALUES ('Asami Seto');
	INSERT INTO movie_actors (movie_id, actor_id)
	  SELECT 68, actor_id FROM actors WHERE name='Asami Seto' LIMIT 1;
	INSERT IGNORE INTO actors (name) VALUES ('Makoto Furukawa');
	INSERT INTO movie_actors (movie_id, actor_id)
	  SELECT 68, actor_id FROM actors WHERE name='Makoto Furukawa' LIMIT 1;
	INSERT IGNORE INTO actors (name) VALUES ('Takamasa Mogi');
	INSERT INTO movie_actors (movie_id, actor_id)
	  SELECT 68, actor_id FROM actors WHERE name='Takamasa Mogi' LIMIT 1;
	INSERT IGNORE INTO actors (name) VALUES ('Yuuki Wakai');
	INSERT INTO movie_actors (movie_id, actor_id)
	  SELECT 68, actor_id FROM actors WHERE name='Yuuki Wakai' LIMIT 1;
	INSERT IGNORE INTO directors (name) VALUES ('Đang cập nhật');
	INSERT INTO movie_directors (movie_id, director_id)
	  SELECT 68, director_id FROM directors WHERE name='Đang cập nhật' LIMIT 1;
	INSERT INTO episodes (movie_id, name, video_url)
	  VALUES (68, 'Tập 01', 'https://player.phimapi.com/player/?url=https://s6.kkphimplayer6.com/20250924/NpopRFcc/index.m3u8');
	INSERT INTO episodes (movie_id, name, video_url)
	  VALUES (68, 'Tập 02', 'https://player.phimapi.com/player/?url=https://s6.kkphimplayer6.com/20250924/BGKz4xTy/index.m3u8');
	INSERT INTO episodes (movie_id, name, video_url)
	  VALUES (68, 'Tập 03', 'https://player.phimapi.com/player/?url=https://s6.kkphimplayer6.com/20250924/qQIfbaqr/index.m3u8');
	INSERT INTO episodes (movie_id, name, video_url)
	  VALUES (68, 'Tập 04', 'https://player.phimapi.com/player/?url=https://s6.kkphimplayer6.com/20250924/gnMNIw9O/index.m3u8');
	INSERT INTO episodes (movie_id, name, video_url)
	  VALUES (68, 'Tập 05', 'https://player.phimapi.com/player/?url=https://s6.kkphimplayer6.com/20250924/oUJq1yIK/index.m3u8');
	INSERT INTO episodes (movie_id, name, video_url)
	  VALUES (68, 'Tập 06', 'https://player.phimapi.com/player/?url=https://s6.kkphimplayer6.com/20250924/ux2c4nOv/index.m3u8');
	INSERT INTO episodes (movie_id, name, video_url)
	  VALUES (68, 'Tập 07', 'https://player.phimapi.com/player/?url=https://s6.kkphimplayer6.com/20250924/inZaIUH3/index.m3u8');
	INSERT INTO episodes (movie_id, name, video_url)
	  VALUES (68, 'Tập 08', 'https://player.phimapi.com/player/?url=https://s6.kkphimplayer6.com/20250924/as5DZU6A/index.m3u8');
	INSERT INTO episodes (movie_id, name, video_url)
	  VALUES (68, 'Tập 09', 'https://player.phimapi.com/player/?url=https://s6.kkphimplayer6.com/20250924/ePMxuCpj/index.m3u8');
	INSERT INTO episodes (movie_id, name, video_url)
	  VALUES (68, 'Tập 10', 'https://player.phimapi.com/player/?url=https://s6.kkphimplayer6.com/20250924/4jgweiBv/index.m3u8');
	INSERT INTO episodes (movie_id, name, video_url)
	  VALUES (68, 'Tập 11', 'https://player.phimapi.com/player/?url=https://s6.kkphimplayer6.com/20250924/NdZso8Xc/index.m3u8');
	INSERT INTO episodes (movie_id, name, video_url)
	  VALUES (68, 'Tập 12', 'https://player.phimapi.com/player/?url=https://s6.kkphimplayer6.com/20250924/D8B1RxlY/index.m3u8');

	-- Movie: Xanh Thẳm (Phần 2)
	INSERT INTO movies (movie_id, title, description, release_date, poster_url, thumb_url, status)
	VALUES (69, 'Xanh Thẳm (Phần 2)', 'Iori Kitahara mong muốn có một tuổi thanh xuân tươi mới của mình trên bán đảo Izu khi anh chuẩn bị bắt đầu cuộc sống đại học ở đó, ở trong một căn phòng phía trên cửa hàng lặn &quot;Grand Blue&quot; của chú mình. Tuy nhiên, anh nhanh chóng bị sốc khi gặp Câu lạc bộ Lặn địa phương, một nhóm toàn thanh niên trai tráng dành nhiều thời gian để uống rượu, tiệc tùng và khỏa thân hơn là tập trung chuyên môn. Bất chấp những nỗ lực của mình để tránh xa nhóm, Iori nhanh chóng bị cuốn vào những trò hề của họ, trong khi chị em họ của anh cố gắng cho anh thấy những điều kỳ diệu khi lặn xuống biển và đại dương.', '2025', 'https://phimimg.com/upload/vod/20250730-1/6c1f4b08c487b300ab58bc3f21158333.jpg', 'https://phimimg.com/upload/vod/20250730-1/9b32a2c6b0e29fa3f620738248b422ce.jpg', 'showing');
	UPDATE movies SET country='Nhật Bản', language='Vietsub', trailer_url='https://www.youtube.com/watch?v=SJ6cG4GSrSM' WHERE movie_id=69;
	INSERT IGNORE INTO genres (name) VALUES ('Hài Hước');
	INSERT INTO movie_genres (movie_id, genre_id)
	  SELECT 69, genre_id FROM genres WHERE name='Hài Hước' LIMIT 1;
	INSERT IGNORE INTO genres (name) VALUES ('Tình Cảm');
	INSERT INTO movie_genres (movie_id, genre_id)
	  SELECT 69, genre_id FROM genres WHERE name='Tình Cảm' LIMIT 1;
	INSERT IGNORE INTO genres (name) VALUES ('Tâm Lý');
	INSERT INTO movie_genres (movie_id, genre_id)
	  SELECT 69, genre_id FROM genres WHERE name='Tâm Lý' LIMIT 1;
	INSERT IGNORE INTO genres (name) VALUES ('Chính Kịch');
	INSERT INTO movie_genres (movie_id, genre_id)
	  SELECT 69, genre_id FROM genres WHERE name='Chính Kịch' LIMIT 1;
	INSERT IGNORE INTO actors (name) VALUES ('Yuma Uchida');
	INSERT INTO movie_actors (movie_id, actor_id)
	  SELECT 69, actor_id FROM actors WHERE name='Yuma Uchida' LIMIT 1;
	INSERT IGNORE INTO actors (name) VALUES ('Ryohei Kimura');
	INSERT INTO movie_actors (movie_id, actor_id)
	  SELECT 69, actor_id FROM actors WHERE name='Ryohei Kimura' LIMIT 1;
	INSERT IGNORE INTO actors (name) VALUES ('Chika Anzai');
	INSERT INTO movie_actors (movie_id, actor_id)
	  SELECT 69, actor_id FROM actors WHERE name='Chika Anzai' LIMIT 1;
	INSERT IGNORE INTO actors (name) VALUES ('Kana Asumi');
	INSERT INTO movie_actors (movie_id, actor_id)
	  SELECT 69, actor_id FROM actors WHERE name='Kana Asumi' LIMIT 1;
	INSERT IGNORE INTO actors (name) VALUES ('Toa Yukinari');
	INSERT INTO movie_actors (movie_id, actor_id)
	  SELECT 69, actor_id FROM actors WHERE name='Toa Yukinari' LIMIT 1;
	INSERT IGNORE INTO actors (name) VALUES ('Maaya Uchida');
	INSERT INTO movie_actors (movie_id, actor_id)
	  SELECT 69, actor_id FROM actors WHERE name='Maaya Uchida' LIMIT 1;
	INSERT IGNORE INTO actors (name) VALUES ('Katsuyuki Konishi');
	INSERT INTO movie_actors (movie_id, actor_id)
	  SELECT 69, actor_id FROM actors WHERE name='Katsuyuki Konishi' LIMIT 1;
	INSERT IGNORE INTO actors (name) VALUES ('Hiroki Yasumoto');
	INSERT INTO movie_actors (movie_id, actor_id)
	  SELECT 69, actor_id FROM actors WHERE name='Hiroki Yasumoto' LIMIT 1;
	INSERT IGNORE INTO directors (name) VALUES ('Đang cập nhật');
	INSERT INTO movie_directors (movie_id, director_id)
	  SELECT 69, director_id FROM directors WHERE name='Đang cập nhật' LIMIT 1;
	INSERT INTO episodes (movie_id, name, video_url)
	  VALUES (69, 'Tập 01', 'https://player.phimapi.com/player/?url=https://s6.kkphimplayer6.com/20250730/cEkSXnJr/index.m3u8');
	INSERT INTO episodes (movie_id, name, video_url)
	  VALUES (69, 'Tập 02', 'https://player.phimapi.com/player/?url=https://s6.kkphimplayer6.com/20250730/uiPiJ5Zz/index.m3u8');
	INSERT INTO episodes (movie_id, name, video_url)
	  VALUES (69, 'Tập 03', 'https://player.phimapi.com/player/?url=https://s6.kkphimplayer6.com/20250730/Zi0L1NBe/index.m3u8');
	INSERT INTO episodes (movie_id, name, video_url)
	  VALUES (69, 'Tập 04', 'https://player.phimapi.com/player/?url=https://s6.kkphimplayer6.com/20250730/kuRCmzxo/index.m3u8');
	INSERT INTO episodes (movie_id, name, video_url)
	  VALUES (69, 'Tập 05', 'https://player.phimapi.com/player/?url=https://s6.kkphimplayer6.com/20250809/0ConuZ7m/index.m3u8');
	INSERT INTO episodes (movie_id, name, video_url)
	  VALUES (69, 'Tập 06', 'https://player.phimapi.com/player/?url=https://s6.kkphimplayer6.com/20250813/T2MAYtwD/index.m3u8');
	INSERT INTO episodes (movie_id, name, video_url)
	  VALUES (69, 'Tập 07', 'https://player.phimapi.com/player/?url=https://s6.kkphimplayer6.com/20250820/nBN0Hwvm/index.m3u8');
	INSERT INTO episodes (movie_id, name, video_url)
	  VALUES (69, 'Tập 08', 'https://player.phimapi.com/player/?url=https://s6.kkphimplayer6.com/20250903/VjJPq9dU/index.m3u8');
	INSERT INTO episodes (movie_id, name, video_url)
	  VALUES (69, 'Tập 09', 'https://player.phimapi.com/player/?url=https://s6.kkphimplayer6.com/20250903/TKE0Y6bt/index.m3u8');
	INSERT INTO episodes (movie_id, name, video_url)
	  VALUES (69, 'Tập 10', 'https://player.phimapi.com/player/?url=https://s6.kkphimplayer6.com/20250911/iQweRHhr/index.m3u8');
	INSERT INTO episodes (movie_id, name, video_url)
	  VALUES (69, 'Tập 11', 'https://player.phimapi.com/player/?url=https://s6.kkphimplayer6.com/20250916/AurTrPq5/index.m3u8');
	INSERT INTO episodes (movie_id, name, video_url)
	  VALUES (69, 'Tập 12', 'https://player.phimapi.com/player/?url=https://s6.kkphimplayer6.com/20250924/rMWK75kj/index.m3u8');

	-- Movie: Thám Tử Lừng Danh Conan
	INSERT INTO movies (movie_id, title, description, release_date, poster_url, thumb_url, status)
	VALUES (70, 'Thám Tử Lừng Danh Conan', 'Phim hoạt hình Conan bắt đầu sau vụ việc xảy ra tại công viên giải trí nổi tiếng Tropical Land tại khu tàu lượn siêu tốc. Kudo đang điều tra một trong hai người đàn ông có vẻ ngoài khả nghi được cho là nghi phạm trong vụ việc. Anh ta bị tấn công bởi một trong số họ có mật danh là Gin và đồng đội của anh ta tên là Vodka. Sau khi đánh Shinichi, Gin đã đưa cho anh ta một loại thuốc mà sau này được gọi là APTX 4869 để giết anh ta. Trên thực tế, chất độc có một tác dụng phụ hiếm gặp, biến Shinichi từ một cơ thể trưởng thành thành một đứa trẻ thay vì giết chết. Sau sự cố quan trọng, Shinichi về nhà và lấy tên là Conan Edogawa sau khi bị người bạn thời thơ ấu Ran gây áp lực. Shinichi đã cố gắng che giấu danh tính bí mật của mình với những người anh quan tâm để điều tra về tổ chức Áo Đen.', '1996', 'https://phimimg.com/upload/vod/20240310-1/025424cf62248b9a7b54279ef5416e26.jpg', 'https://phimimg.com/upload/vod/20240310-1/2a39971cc29c2802259b918eb437a45b.jpg', 'showing');
	UPDATE movies SET country='Nhật Bản', language='Vietsub + Lồng Tiếng', trailer_url=NULL WHERE movie_id=70;
	INSERT IGNORE INTO genres (name) VALUES ('Bí Ẩn');
	INSERT INTO movie_genres (movie_id, genre_id)
	  SELECT 70, genre_id FROM genres WHERE name='Bí Ẩn' LIMIT 1;
	INSERT IGNORE INTO genres (name) VALUES ('Hài Hước');
	INSERT INTO movie_genres (movie_id, genre_id)
	  SELECT 70, genre_id FROM genres WHERE name='Hài Hước' LIMIT 1;
	INSERT IGNORE INTO actors (name) VALUES ('Minami Takayama');
	INSERT INTO movie_actors (movie_id, actor_id)
	  SELECT 70, actor_id FROM actors WHERE name='Minami Takayama' LIMIT 1;
	INSERT IGNORE INTO actors (name) VALUES ('Kappei Yamaguchi');
	INSERT INTO movie_actors (movie_id, actor_id)
	  SELECT 70, actor_id FROM actors WHERE name='Kappei Yamaguchi' LIMIT 1;
	INSERT IGNORE INTO actors (name) VALUES ('Wakana Yamazaki');
	INSERT INTO movie_actors (movie_id, actor_id)
	  SELECT 70, actor_id FROM actors WHERE name='Wakana Yamazaki' LIMIT 1;
	INSERT IGNORE INTO actors (name) VALUES ('Akira Kamiya');
	INSERT INTO movie_actors (movie_id, actor_id)
	  SELECT 70, actor_id FROM actors WHERE name='Akira Kamiya' LIMIT 1;
	INSERT IGNORE INTO actors (name) VALUES ('Rikiya Koyama');
	INSERT INTO movie_actors (movie_id, actor_id)
	  SELECT 70, actor_id FROM actors WHERE name='Rikiya Koyama' LIMIT 1;
	INSERT IGNORE INTO actors (name) VALUES ('Megumi Hayashibara');
	INSERT INTO movie_actors (movie_id, actor_id)
	  SELECT 70, actor_id FROM actors WHERE name='Megumi Hayashibara' LIMIT 1;
	INSERT IGNORE INTO actors (name) VALUES ('Kenichi Ogata');
	INSERT INTO movie_actors (movie_id, actor_id)
	  SELECT 70, actor_id FROM actors WHERE name='Kenichi Ogata' LIMIT 1;
	INSERT IGNORE INTO actors (name) VALUES ('Yukiko Iwai');
	INSERT INTO movie_actors (movie_id, actor_id)
	  SELECT 70, actor_id FROM actors WHERE name='Yukiko Iwai' LIMIT 1;
	INSERT IGNORE INTO actors (name) VALUES ('Wataru Takagi');
	INSERT INTO movie_actors (movie_id, actor_id)
	  SELECT 70, actor_id FROM actors WHERE name='Wataru Takagi' LIMIT 1;
	INSERT IGNORE INTO actors (name) VALUES ('Ikue Otani');
	INSERT INTO movie_actors (movie_id, actor_id)
	  SELECT 70, actor_id FROM actors WHERE name='Ikue Otani' LIMIT 1;
	INSERT IGNORE INTO actors (name) VALUES ('Chafurin');
	INSERT INTO movie_actors (movie_id, actor_id)
	  SELECT 70, actor_id FROM actors WHERE name='Chafurin' LIMIT 1;
	INSERT IGNORE INTO directors (name) VALUES ('Đang cập nhật');
	INSERT INTO movie_directors (movie_id, director_id)
	  SELECT 70, director_id FROM directors WHERE name='Đang cập nhật' LIMIT 1;
	INSERT INTO episodes (movie_id, name, video_url)
	  VALUES (70, 'Tập 01', 'https://player.phimapi.com/player/?url=https://s3.phim1280.tv/20240318/p2oB0Tj7/index.m3u8');
	INSERT INTO episodes (movie_id, name, video_url)
	  VALUES (70, 'Tập 02', 'https://player.phimapi.com/player/?url=https://s3.phim1280.tv/20240318/BqPt4VYU/index.m3u8');
	INSERT INTO episodes (movie_id, name, video_url)
	  VALUES (70, 'Tập 03', 'https://player.phimapi.com/player/?url=https://s3.phim1280.tv/20240318/UtGLL0NU/index.m3u8');
	INSERT INTO episodes (movie_id, name, video_url)
	  VALUES (70, 'Tập 04', 'https://player.phimapi.com/player/?url=https://s3.phim1280.tv/20240318/KJlKP0kA/index.m3u8');
	INSERT INTO episodes (movie_id, name, video_url)
	  VALUES (70, 'Tập 05', 'https://player.phimapi.com/player/?url=https://s3.phim1280.tv/20240318/ibHD51ha/index.m3u8');
	INSERT INTO episodes (movie_id, name, video_url)
	  VALUES (70, 'Tập 06', 'https://player.phimapi.com/player/?url=https://s3.phim1280.tv/20240318/AHvyYgsQ/index.m3u8');
	INSERT INTO episodes (movie_id, name, video_url)
	  VALUES (70, 'Tập 07', 'https://player.phimapi.com/player/?url=https://s3.phim1280.tv/20240318/7gsEp361/index.m3u8');
	INSERT INTO episodes (movie_id, name, video_url)
	  VALUES (70, 'Tập 08', 'https://player.phimapi.com/player/?url=https://s3.phim1280.tv/20240318/UNunasWD/index.m3u8');
	INSERT INTO episodes (movie_id, name, video_url)
	  VALUES (70, 'Tập 09', 'https://player.phimapi.com/player/?url=https://s3.phim1280.tv/20240318/0MtrHo6N/index.m3u8');
	INSERT INTO episodes (movie_id, name, video_url)
	  VALUES (70, 'Tập 10', 'https://player.phimapi.com/player/?url=https://s3.phim1280.tv/20240318/QpYidshk/index.m3u8');
	INSERT INTO episodes (movie_id, name, video_url)
	  VALUES (70, 'Tập 11', 'https://player.phimapi.com/player/?url=https://s3.phim1280.tv/20240318/yq5ACbIi/index.m3u8');
	INSERT INTO episodes (movie_id, name, video_url)
	  VALUES (70, 'Tập 12', 'https://player.phimapi.com/player/?url=https://s3.phim1280.tv/20240318/ZiLCSrLC/index.m3u8');
	INSERT INTO episodes (movie_id, name, video_url)
	  VALUES (70, 'Tập 13', 'https://player.phimapi.com/player/?url=https://s3.phim1280.tv/20240318/YZEfr3UB/index.m3u8');
	INSERT INTO episodes (movie_id, name, video_url)
	  VALUES (70, 'Tập 14', 'https://player.phimapi.com/player/?url=https://s3.phim1280.tv/20240318/wp5pLdzk/index.m3u8');
	INSERT INTO episodes (movie_id, name, video_url)
	  VALUES (70, 'Tập 15', 'https://player.phimapi.com/player/?url=https://s3.phim1280.tv/20240318/hBqe8Cm7/index.m3u8');
	INSERT INTO episodes (movie_id, name, video_url)
	  VALUES (70, 'Tập 16', 'https://player.phimapi.com/player/?url=https://s3.phim1280.tv/20240318/K6S1C9Wg/index.m3u8');
	INSERT INTO episodes (movie_id, name, video_url)
	  VALUES (70, 'Tập 17', 'https://player.phimapi.com/player/?url=https://s3.phim1280.tv/20240318/lU7lHEQX/index.m3u8');
	INSERT INTO episodes (movie_id, name, video_url)
	  VALUES (70, 'Tập 18', 'https://player.phimapi.com/player/?url=https://s3.phim1280.tv/20240318/dh8AZAaf/index.m3u8');
	INSERT INTO episodes (movie_id, name, video_url)
	  VALUES (70, 'Tập 19', 'https://player.phimapi.com/player/?url=https://s3.phim1280.tv/20240318/Ck4hDM7F/index.m3u8');
	INSERT INTO episodes (movie_id, name, video_url)
	  VALUES (70, 'Tập 20', 'https://player.phimapi.com/player/?url=https://s3.phim1280.tv/20240318/EFnWoBKn/index.m3u8');
	INSERT INTO episodes (movie_id, name, video_url)
	  VALUES (70, 'Tập 21', 'https://player.phimapi.com/player/?url=https://s3.phim1280.tv/20240318/9Xzf7duv/index.m3u8');
	INSERT INTO episodes (movie_id, name, video_url)
	  VALUES (70, 'Tập 22', 'https://player.phimapi.com/player/?url=https://s3.phim1280.tv/20240318/CgdwYI9n/index.m3u8');
	INSERT INTO episodes (movie_id, name, video_url)
	  VALUES (70, 'Tập 23', 'https://player.phimapi.com/player/?url=https://s3.phim1280.tv/20240318/cpbbKotM/index.m3u8');
	INSERT INTO episodes (movie_id, name, video_url)
	  VALUES (70, 'Tập 24', 'https://player.phimapi.com/player/?url=https://s3.phim1280.tv/20240318/LZ5fBx8h/index.m3u8');
	INSERT INTO episodes (movie_id, name, video_url)
	  VALUES (70, 'Tập 25', 'https://player.phimapi.com/player/?url=https://s3.phim1280.tv/20240318/hTgD1Drx/index.m3u8');
	INSERT INTO episodes (movie_id, name, video_url)
	  VALUES (70, 'Tập 26', 'https://player.phimapi.com/player/?url=https://s3.phim1280.tv/20240318/ofrWAA1q/index.m3u8');
	INSERT INTO episodes (movie_id, name, video_url)
	  VALUES (70, 'Tập 27', 'https://player.phimapi.com/player/?url=https://s3.phim1280.tv/20240318/TtlWkejT/index.m3u8');
	INSERT INTO episodes (movie_id, name, video_url)
	  VALUES (70, 'Tập 28', 'https://player.phimapi.com/player/?url=https://s3.phim1280.tv/20240318/amGrSXFx/index.m3u8');
	INSERT INTO episodes (movie_id, name, video_url)
	  VALUES (70, 'Tập 29', 'https://player.phimapi.com/player/?url=https://s3.phim1280.tv/20240318/wYfaq8K5/index.m3u8');
	INSERT INTO episodes (movie_id, name, video_url)
	  VALUES (70, 'Tập 30', 'https://player.phimapi.com/player/?url=https://s3.phim1280.tv/20240318/JDfveZ6G/index.m3u8');
	INSERT INTO episodes (movie_id, name, video_url)
	  VALUES (70, 'Tập 31', 'https://player.phimapi.com/player/?url=https://s3.phim1280.tv/20240318/Jf63OQJz/index.m3u8');
	INSERT INTO episodes (movie_id, name, video_url)
	  VALUES (70, 'Tập 32', 'https://player.phimapi.com/player/?url=https://s3.phim1280.tv/20240318/nDycK7XD/index.m3u8');
	INSERT INTO episodes (movie_id, name, video_url)
	  VALUES (70, 'Tập 33', 'https://player.phimapi.com/player/?url=https://s3.phim1280.tv/20240318/KgF3ldqh/index.m3u8');
	INSERT INTO episodes (movie_id, name, video_url)
	  VALUES (70, 'Tập 34', 'https://player.phimapi.com/player/?url=https://s3.phim1280.tv/20240318/zVF6uRdP/index.m3u8');
	INSERT INTO episodes (movie_id, name, video_url)
	  VALUES (70, 'Tập 35', 'https://player.phimapi.com/player/?url=https://s3.phim1280.tv/20240318/v24bXCvK/index.m3u8');
	INSERT INTO episodes (movie_id, name, video_url)
	  VALUES (70, 'Tập 36', 'https://player.phimapi.com/player/?url=https://s3.phim1280.tv/20240318/gC99rvCR/index.m3u8');
	INSERT INTO episodes (movie_id, name, video_url)
	  VALUES (70, 'Tập 37', 'https://player.phimapi.com/player/?url=https://s3.phim1280.tv/20240318/oKgHFjzZ/index.m3u8');
	INSERT INTO episodes (movie_id, name, video_url)
	  VALUES (70, 'Tập 38', 'https://player.phimapi.com/player/?url=https://s3.phim1280.tv/20240318/GUkAoEHL/index.m3u8');
	INSERT INTO episodes (movie_id, name, video_url)
	  VALUES (70, 'Tập 39-40', 'https://player.phimapi.com/player/?url=https://s3.phim1280.tv/20240318/GL1kDEBV/index.m3u8');
	INSERT INTO episodes (movie_id, name, video_url)
	  VALUES (70, 'Tập 41', 'https://player.phimapi.com/player/?url=https://s3.phim1280.tv/20240318/6P9TPF2P/index.m3u8');
	INSERT INTO episodes (movie_id, name, video_url)
	  VALUES (70, 'Tập 42', 'https://player.phimapi.com/player/?url=https://s3.phim1280.tv/20240318/ilYygMYO/index.m3u8');
	INSERT INTO episodes (movie_id, name, video_url)
	  VALUES (70, 'Tập 43', 'https://player.phimapi.com/player/?url=https://s3.phim1280.tv/20240318/fxnCdCCk/index.m3u8');
	INSERT INTO episodes (movie_id, name, video_url)
	  VALUES (70, 'Tập 44', 'https://player.phimapi.com/player/?url=https://s3.phim1280.tv/20240318/8D4wIodD/index.m3u8');
	INSERT INTO episodes (movie_id, name, video_url)
	  VALUES (70, 'Tập 45', 'https://player.phimapi.com/player/?url=https://s3.phim1280.tv/20240318/x8aUA4pu/index.m3u8');
	INSERT INTO episodes (movie_id, name, video_url)
	  VALUES (70, 'Tập 46', 'https://player.phimapi.com/player/?url=https://s3.phim1280.tv/20240318/HFxFZ4XG/index.m3u8');
	INSERT INTO episodes (movie_id, name, video_url)
	  VALUES (70, 'Tập 47', 'https://player.phimapi.com/player/?url=https://s3.phim1280.tv/20240318/XsuDeG59/index.m3u8');
	INSERT INTO episodes (movie_id, name, video_url)
	  VALUES (70, 'Tập 48-49', 'https://player.phimapi.com/player/?url=https://s3.phim1280.tv/20240318/bWnG6tgN/index.m3u8');
	INSERT INTO episodes (movie_id, name, video_url)
	  VALUES (70, 'Tập 50', 'https://player.phimapi.com/player/?url=https://s3.phim1280.tv/20240318/Wx5JRuK8/index.m3u8');
	INSERT INTO episodes (movie_id, name, video_url)
	  VALUES (70, 'Tập 51', 'https://player.phimapi.com/player/?url=https://s3.phim1280.tv/20240318/xguNDNmK/index.m3u8');
	INSERT INTO episodes (movie_id, name, video_url)
	  VALUES (70, 'Tập 52', 'https://player.phimapi.com/player/?url=https://s3.phim1280.tv/20240318/bzemSjm2/index.m3u8');
	INSERT INTO episodes (movie_id, name, video_url)
	  VALUES (70, 'Tập 53', 'https://player.phimapi.com/player/?url=https://s3.phim1280.tv/20240318/ucY71m4S/index.m3u8');
	INSERT INTO episodes (movie_id, name, video_url)
	  VALUES (70, 'Tập 54', 'https://player.phimapi.com/player/?url=https://s3.phim1280.tv/20240318/IDRF0GMy/index.m3u8');
	INSERT INTO episodes (movie_id, name, video_url)
	  VALUES (70, 'Tập 55', 'https://player.phimapi.com/player/?url=https://s3.phim1280.tv/20240318/BnSNDk0W/index.m3u8');
	INSERT INTO episodes (movie_id, name, video_url)
	  VALUES (70, 'Tập 56', 'https://player.phimapi.com/player/?url=https://s3.phim1280.tv/20240318/n6lG5dFO/index.m3u8');
	INSERT INTO episodes (movie_id, name, video_url)
	  VALUES (70, 'Tập 57', 'https://player.phimapi.com/player/?url=https://s3.phim1280.tv/20240318/a8aX8acO/index.m3u8');
	INSERT INTO episodes (movie_id, name, video_url)
	  VALUES (70, 'Tập 58', 'https://player.phimapi.com/player/?url=https://s3.phim1280.tv/20240318/Rhln2ijl/index.m3u8');
	INSERT INTO episodes (movie_id, name, video_url)
	  VALUES (70, 'Tập 59', 'https://player.phimapi.com/player/?url=https://s3.phim1280.tv/20240318/VtOnnqki/index.m3u8');
	INSERT INTO episodes (movie_id, name, video_url)
	  VALUES (70, 'Tập 60', 'https://player.phimapi.com/player/?url=https://s3.phim1280.tv/20240318/F0TrpjqV/index.m3u8');
	INSERT INTO episodes (movie_id, name, video_url)
	  VALUES (70, 'Tập 61', 'https://player.phimapi.com/player/?url=https://s3.phim1280.tv/20240318/JvXNydL0/index.m3u8');
	INSERT INTO episodes (movie_id, name, video_url)
	  VALUES (70, 'Tập 62', 'https://player.phimapi.com/player/?url=https://s3.phim1280.tv/20240318/GTVoUQxI/index.m3u8');
	INSERT INTO episodes (movie_id, name, video_url)
	  VALUES (70, 'Tập 63', 'https://player.phimapi.com/player/?url=https://s3.phim1280.tv/20240318/nK8qnzrm/index.m3u8');
	INSERT INTO episodes (movie_id, name, video_url)
	  VALUES (70, 'Tập 64', 'https://player.phimapi.com/player/?url=https://s3.phim1280.tv/20240318/hSm5EJ7C/index.m3u8');
	INSERT INTO episodes (movie_id, name, video_url)
	  VALUES (70, 'Tập 65', 'https://player.phimapi.com/player/?url=https://s3.phim1280.tv/20240318/Z4CFH64j/index.m3u8');
	INSERT INTO episodes (movie_id, name, video_url)
	  VALUES (70, 'Tập 66', 'https://player.phimapi.com/player/?url=https://s3.phim1280.tv/20240318/O3Sy6WGz/index.m3u8');
	INSERT INTO episodes (movie_id, name, video_url)
	  VALUES (70, 'Tập 67', 'https://player.phimapi.com/player/?url=https://s3.phim1280.tv/20240318/OneWa1zh/index.m3u8');
	INSERT INTO episodes (movie_id, name, video_url)
	  VALUES (70, 'Tập 68', 'https://player.phimapi.com/player/?url=https://s3.phim1280.tv/20240318/uQvZv97D/index.m3u8');
	INSERT INTO episodes (movie_id, name, video_url)
	  VALUES (70, 'Tập 69', 'https://player.phimapi.com/player/?url=https://s3.phim1280.tv/20240318/20FM7GOQ/index.m3u8');
	INSERT INTO episodes (movie_id, name, video_url)
	  VALUES (70, 'Tập 70', 'https://player.phimapi.com/player/?url=https://s3.phim1280.tv/20240318/Goa8wksj/index.m3u8');
	INSERT INTO episodes (movie_id, name, video_url)
	  VALUES (70, 'Tập 71', 'https://player.phimapi.com/player/?url=https://s3.phim1280.tv/20240318/Qw2hi8FT/index.m3u8');
	INSERT INTO episodes (movie_id, name, video_url)
	  VALUES (70, 'Tập 72', 'https://player.phimapi.com/player/?url=https://s3.phim1280.tv/20240318/JqnzMhtA/index.m3u8');
	INSERT INTO episodes (movie_id, name, video_url)
	  VALUES (70, 'Tập 73', 'https://player.phimapi.com/player/?url=https://s3.phim1280.tv/20240318/zBHZXYSv/index.m3u8');
	INSERT INTO episodes (movie_id, name, video_url)
	  VALUES (70, 'Tập 74', 'https://player.phimapi.com/player/?url=https://s3.phim1280.tv/20240318/GLWKOXyo/index.m3u8');
	INSERT INTO episodes (movie_id, name, video_url)
	  VALUES (70, 'Tập 75', 'https://player.phimapi.com/player/?url=https://s3.phim1280.tv/20240318/JlhE23wX/index.m3u8');
	INSERT INTO episodes (movie_id, name, video_url)
	  VALUES (70, 'Tập 76', 'https://player.phimapi.com/player/?url=https://s3.phim1280.tv/20240318/rUI2owKS/index.m3u8');
	INSERT INTO episodes (movie_id, name, video_url)
	  VALUES (70, 'Tập 77', 'https://player.phimapi.com/player/?url=https://s3.phim1280.tv/20240318/WjSVJqIN/index.m3u8');
	INSERT INTO episodes (movie_id, name, video_url)
	  VALUES (70, 'Tập 78', 'https://player.phimapi.com/player/?url=https://s3.phim1280.tv/20240318/APxCkMzq/index.m3u8');
	INSERT INTO episodes (movie_id, name, video_url)
	  VALUES (70, 'Tập 79', 'https://player.phimapi.com/player/?url=https://s3.phim1280.tv/20240318/X1xYZbat/index.m3u8');
	INSERT INTO episodes (movie_id, name, video_url)
	  VALUES (70, 'Tập 80', 'https://player.phimapi.com/player/?url=https://s3.phim1280.tv/20240318/Bsxt9Luh/index.m3u8');
	INSERT INTO episodes (movie_id, name, video_url)
	  VALUES (70, 'Tập 81', 'https://player.phimapi.com/player/?url=https://s3.phim1280.tv/20240318/urhQti2M/index.m3u8');
	INSERT INTO episodes (movie_id, name, video_url)
	  VALUES (70, 'Tập 82', 'https://player.phimapi.com/player/?url=https://s3.phim1280.tv/20240318/r3qU60VR/index.m3u8');
	INSERT INTO episodes (movie_id, name, video_url)
	  VALUES (70, 'Tập 83', 'https://player.phimapi.com/player/?url=https://s3.phim1280.tv/20240318/7nGOCQ69/index.m3u8');
	INSERT INTO episodes (movie_id, name, video_url)
	  VALUES (70, 'Tập 84', 'https://player.phimapi.com/player/?url=https://s3.phim1280.tv/20240318/Xm8I1nD1/index.m3u8');
	INSERT INTO episodes (movie_id, name, video_url)
	  VALUES (70, 'Tập 85', 'https://player.phimapi.com/player/?url=https://s3.phim1280.tv/20240318/8HfzzlZl/index.m3u8');
	INSERT INTO episodes (movie_id, name, video_url)
	  VALUES (70, 'Tập 86', 'https://player.phimapi.com/player/?url=https://s3.phim1280.tv/20240318/R5cUyFe5/index.m3u8');
	INSERT INTO episodes (movie_id, name, video_url)
	  VALUES (70, 'Tập 87', 'https://player.phimapi.com/player/?url=https://s3.phim1280.tv/20240318/JoY8mMKV/index.m3u8');
	INSERT INTO episodes (movie_id, name, video_url)
	  VALUES (70, 'Tập 88', 'https://player.phimapi.com/player/?url=https://s3.phim1280.tv/20240318/QuxVUiu9/index.m3u8');
	INSERT INTO episodes (movie_id, name, video_url)
	  VALUES (70, 'Tập 89', 'https://player.phimapi.com/player/?url=https://s3.phim1280.tv/20240318/bdNpNlLc/index.m3u8');
	INSERT INTO episodes (movie_id, name, video_url)
	  VALUES (70, 'Tập 90', 'https://player.phimapi.com/player/?url=https://s3.phim1280.tv/20240318/hU892SlX/index.m3u8');
	INSERT INTO episodes (movie_id, name, video_url)
	  VALUES (70, 'Tập 91', 'https://player.phimapi.com/player/?url=https://s3.phim1280.tv/20240318/SldhZdw3/index.m3u8');
	INSERT INTO episodes (movie_id, name, video_url)
	  VALUES (70, 'Tập 92', 'https://player.phimapi.com/player/?url=https://s3.phim1280.tv/20240318/WGNQFhkE/index.m3u8');
	INSERT INTO episodes (movie_id, name, video_url)
	  VALUES (70, 'Tập 93', 'https://player.phimapi.com/player/?url=https://s3.phim1280.tv/20240318/dQ7g9Hyj/index.m3u8');
	INSERT INTO episodes (movie_id, name, video_url)
	  VALUES (70, 'Tập 94', 'https://player.phimapi.com/player/?url=https://s3.phim1280.tv/20240318/8x8jhOAU/index.m3u8');
	INSERT INTO episodes (movie_id, name, video_url)
	  VALUES (70, 'Tập 95', 'https://player.phimapi.com/player/?url=https://s3.phim1280.tv/20240318/bFnEZ7qL/index.m3u8');
	INSERT INTO episodes (movie_id, name, video_url)
	  VALUES (70, 'Tập 96', 'https://player.phimapi.com/player/?url=https://s3.phim1280.tv/20240318/c7Op5LKL/index.m3u8');
	INSERT INTO episodes (movie_id, name, video_url)
	  VALUES (70, 'Tập 97', 'https://player.phimapi.com/player/?url=https://s3.phim1280.tv/20240318/I7JwBqGL/index.m3u8');
	INSERT INTO episodes (movie_id, name, video_url)
	  VALUES (70, 'Tập 98', 'https://player.phimapi.com/player/?url=https://s3.phim1280.tv/20240318/b8NCrJCV/index.m3u8');
	INSERT INTO episodes (movie_id, name, video_url)
	  VALUES (70, 'Tập 99', 'https://player.phimapi.com/player/?url=https://s3.phim1280.tv/20240318/cxPZnFhb/index.m3u8');
	INSERT INTO episodes (movie_id, name, video_url)
	  VALUES (70, 'Tập 100', 'https://player.phimapi.com/player/?url=https://s3.phim1280.tv/20240318/DIrMmppf/index.m3u8');
	INSERT INTO episodes (movie_id, name, video_url)
	  VALUES (70, 'Tập 101', 'https://player.phimapi.com/player/?url=https://s3.phim1280.tv/20240318/PbP36UhN/index.m3u8');
	INSERT INTO episodes (movie_id, name, video_url)
	  VALUES (70, 'Tập 102', 'https://player.phimapi.com/player/?url=https://s3.phim1280.tv/20240318/4rUMfz4q/index.m3u8');
	INSERT INTO episodes (movie_id, name, video_url)
	  VALUES (70, 'Tập 103', 'https://player.phimapi.com/player/?url=https://s3.phim1280.tv/20240318/LBoDdrl5/index.m3u8');
	INSERT INTO episodes (movie_id, name, video_url)
	  VALUES (70, 'Tập 104', 'https://player.phimapi.com/player/?url=https://s3.phim1280.tv/20240318/QcwVGEda/index.m3u8');
	INSERT INTO episodes (movie_id, name, video_url)
	  VALUES (70, 'Tập 105', 'https://player.phimapi.com/player/?url=https://s3.phim1280.tv/20240318/rKtLeFgU/index.m3u8');
	INSERT INTO episodes (movie_id, name, video_url)
	  VALUES (70, 'Tập 106', 'https://player.phimapi.com/player/?url=https://s3.phim1280.tv/20240318/IXU5n0My/index.m3u8');
	INSERT INTO episodes (movie_id, name, video_url)
	  VALUES (70, 'Tập 107', 'https://player.phimapi.com/player/?url=https://s3.phim1280.tv/20240318/6w9ot0Fo/index.m3u8');
	INSERT INTO episodes (movie_id, name, video_url)
	  VALUES (70, 'Tập 108', 'https://player.phimapi.com/player/?url=https://s3.phim1280.tv/20240318/d7352uvZ/index.m3u8');
	INSERT INTO episodes (movie_id, name, video_url)
	  VALUES (70, 'Tập 109', 'https://player.phimapi.com/player/?url=https://s3.phim1280.tv/20240318/yC7HSuhA/index.m3u8');
	INSERT INTO episodes (movie_id, name, video_url)
	  VALUES (70, 'Tập 110', 'https://player.phimapi.com/player/?url=https://s3.phim1280.tv/20240318/Z5Fbxsdb/index.m3u8');
	INSERT INTO episodes (movie_id, name, video_url)
	  VALUES (70, 'Tập 111', 'https://player.phimapi.com/player/?url=https://s3.phim1280.tv/20240318/hBeIpPYt/index.m3u8');
	INSERT INTO episodes (movie_id, name, video_url)
	  VALUES (70, 'Tập 112', 'https://player.phimapi.com/player/?url=https://s3.phim1280.tv/20240318/9roMYWJT/index.m3u8');
	INSERT INTO episodes (movie_id, name, video_url)
	  VALUES (70, 'Tập 113', 'https://player.phimapi.com/player/?url=https://s3.phim1280.tv/20240318/7MHXLhBM/index.m3u8');
	INSERT INTO episodes (movie_id, name, video_url)
	  VALUES (70, 'Tập 114-115', 'https://player.phimapi.com/player/?url=https://s3.phim1280.tv/20240318/aaoEAdBl/index.m3u8');
	INSERT INTO episodes (movie_id, name, video_url)
	  VALUES (70, 'Tập 116-117', 'https://player.phimapi.com/player/?url=https://s3.phim1280.tv/20240318/wvqApot6/index.m3u8');
	INSERT INTO episodes (movie_id, name, video_url)
	  VALUES (70, 'Tập 118', 'https://player.phimapi.com/player/?url=https://s3.phim1280.tv/20240318/DtbkLTYD/index.m3u8');
	INSERT INTO episodes (movie_id, name, video_url)
	  VALUES (70, 'Tập 119', 'https://player.phimapi.com/player/?url=https://s3.phim1280.tv/20240318/Orygpawq/index.m3u8');
	INSERT INTO episodes (movie_id, name, video_url)
	  VALUES (70, 'Tập 120', 'https://player.phimapi.com/player/?url=https://s3.phim1280.tv/20240318/KsRB0VBj/index.m3u8');
	INSERT INTO episodes (movie_id, name, video_url)
	  VALUES (70, 'Tập 121-122', 'https://player.phimapi.com/player/?url=https://s3.phim1280.tv/20240318/riQ3PNzg/index.m3u8');
	INSERT INTO episodes (movie_id, name, video_url)
	  VALUES (70, 'Tập 123', 'https://player.phimapi.com/player/?url=https://s3.phim1280.tv/20240318/EIFRULUA/index.m3u8');
	INSERT INTO episodes (movie_id, name, video_url)
	  VALUES (70, 'Tập 124-125', 'https://player.phimapi.com/player/?url=https://s3.phim1280.tv/20240318/dDTjw9v9/index.m3u8');
	INSERT INTO episodes (movie_id, name, video_url)
	  VALUES (70, 'Tập 126', 'https://player.phimapi.com/player/?url=https://s3.phim1280.tv/20240318/0P6Pb6ks/index.m3u8');
	INSERT INTO episodes (movie_id, name, video_url)
	  VALUES (70, 'Tập 127', 'https://player.phimapi.com/player/?url=https://s3.phim1280.tv/20240318/jJC92Ryx/index.m3u8');
	INSERT INTO episodes (movie_id, name, video_url)
	  VALUES (70, 'Tập 128', 'https://player.phimapi.com/player/?url=https://s3.phim1280.tv/20240318/0QzqXQit/index.m3u8');
	INSERT INTO episodes (movie_id, name, video_url)
	  VALUES (70, 'Tập 129', 'https://player.phimapi.com/player/?url=https://s3.phim1280.tv/20240318/UH5kbjoF/index.m3u8');
	INSERT INTO episodes (movie_id, name, video_url)
	  VALUES (70, 'Tập 130', 'https://player.phimapi.com/player/?url=https://s3.phim1280.tv/20240318/8uK6JQdA/index.m3u8');
	INSERT INTO episodes (movie_id, name, video_url)
	  VALUES (70, 'Tập 131', 'https://player.phimapi.com/player/?url=https://s3.phim1280.tv/20240318/QGolga55/index.m3u8');
	INSERT INTO episodes (movie_id, name, video_url)
	  VALUES (70, 'Tập 132-133-134', 'https://player.phimapi.com/player/?url=https://s3.phim1280.tv/20240318/jUeE72kV/index.m3u8');
	INSERT INTO episodes (movie_id, name, video_url)
	  VALUES (70, 'Tập 135', 'https://player.phimapi.com/player/?url=https://s3.phim1280.tv/20240318/vsFjkoFB/index.m3u8');
	INSERT INTO episodes (movie_id, name, video_url)
	  VALUES (70, 'Tập 136', 'https://player.phimapi.com/player/?url=https://s3.phim1280.tv/20240318/XjPHSs06/index.m3u8');
	INSERT INTO episodes (movie_id, name, video_url)
	  VALUES (70, 'Tập 137', 'https://player.phimapi.com/player/?url=https://s3.phim1280.tv/20240318/aMJQ91yL/index.m3u8');
	INSERT INTO episodes (movie_id, name, video_url)
	  VALUES (70, 'Tập 138', 'https://player.phimapi.com/player/?url=https://s3.phim1280.tv/20240318/eqpfz9BC/index.m3u8');
	INSERT INTO episodes (movie_id, name, video_url)
	  VALUES (70, 'Tập 139', 'https://player.phimapi.com/player/?url=https://s3.phim1280.tv/20240321/keR89pNb/index.m3u8');
	INSERT INTO episodes (movie_id, name, video_url)
	  VALUES (70, 'Tập 140', 'https://player.phimapi.com/player/?url=https://s3.phim1280.tv/20240321/vYy9iKwG/index.m3u8');
	INSERT INTO episodes (movie_id, name, video_url)
	  VALUES (70, 'Tập 141', 'https://player.phimapi.com/player/?url=https://s3.phim1280.tv/20240321/CVXWhalQ/index.m3u8');
	INSERT INTO episodes (movie_id, name, video_url)
	  VALUES (70, 'Tập 142', 'https://player.phimapi.com/player/?url=https://s3.phim1280.tv/20240321/DVOcMQ9m/index.m3u8');
	INSERT INTO episodes (movie_id, name, video_url)
	  VALUES (70, 'Tập 143', 'https://player.phimapi.com/player/?url=https://s3.phim1280.tv/20240321/7cnxet5a/index.m3u8');
	INSERT INTO episodes (movie_id, name, video_url)
	  VALUES (70, 'Tập 144', 'https://player.phimapi.com/player/?url=https://s3.phim1280.tv/20240321/c2kLxsWb/index.m3u8');
	INSERT INTO episodes (movie_id, name, video_url)
	  VALUES (70, 'Tập 145', 'https://player.phimapi.com/player/?url=https://s3.phim1280.tv/20240321/yH4iz6tG/index.m3u8');
	INSERT INTO episodes (movie_id, name, video_url)
	  VALUES (70, 'Tập 146', 'https://player.phimapi.com/player/?url=https://s3.phim1280.tv/20240321/xdMfdOTm/index.m3u8');
	INSERT INTO episodes (movie_id, name, video_url)
	  VALUES (70, 'Tập 147', 'https://player.phimapi.com/player/?url=https://s3.phim1280.tv/20240321/M7rboSfZ/index.m3u8');
	INSERT INTO episodes (movie_id, name, video_url)
	  VALUES (70, 'Tập 148', 'https://player.phimapi.com/player/?url=https://s3.phim1280.tv/20240321/rfV6JRat/index.m3u8');
	INSERT INTO episodes (movie_id, name, video_url)
	  VALUES (70, 'Tập 149', 'https://player.phimapi.com/player/?url=https://s3.phim1280.tv/20240321/X7IWK74f/index.m3u8');
	INSERT INTO episodes (movie_id, name, video_url)
	  VALUES (70, 'Tập 150', 'https://player.phimapi.com/player/?url=https://s3.phim1280.tv/20240321/3XUBHrCI/index.m3u8');
	INSERT INTO episodes (movie_id, name, video_url)
	  VALUES (70, 'Tập 151', 'https://player.phimapi.com/player/?url=https://s3.phim1280.tv/20240321/NOjQ2Ibc/index.m3u8');
	INSERT INTO episodes (movie_id, name, video_url)
	  VALUES (70, 'Tập 152', 'https://player.phimapi.com/player/?url=https://s3.phim1280.tv/20240321/v1mvKMfs/index.m3u8');
	INSERT INTO episodes (movie_id, name, video_url)
	  VALUES (70, 'Tập 153', 'https://player.phimapi.com/player/?url=https://s3.phim1280.tv/20240321/8YB264Zd/index.m3u8');
	INSERT INTO episodes (movie_id, name, video_url)
	  VALUES (70, 'Tập 154', 'https://player.phimapi.com/player/?url=https://s3.phim1280.tv/20240321/mLNJYwzf/index.m3u8');
	INSERT INTO episodes (movie_id, name, video_url)
	  VALUES (70, 'Tập 155', 'https://player.phimapi.com/player/?url=https://s3.phim1280.tv/20240321/xK3paB4R/index.m3u8');
	INSERT INTO episodes (movie_id, name, video_url)
	  VALUES (70, 'Tập 156', 'https://player.phimapi.com/player/?url=https://s3.phim1280.tv/20240321/qGZp6ov2/index.m3u8');
	INSERT INTO episodes (movie_id, name, video_url)
	  VALUES (70, 'Tập 157', 'https://player.phimapi.com/player/?url=https://s3.phim1280.tv/20240321/ikruwU46/index.m3u8');
	INSERT INTO episodes (movie_id, name, video_url)
	  VALUES (70, 'Tập 158', 'https://player.phimapi.com/player/?url=https://s3.phim1280.tv/20240321/imQd7phB/index.m3u8');
	INSERT INTO episodes (movie_id, name, video_url)
	  VALUES (70, 'Tập 159', 'https://player.phimapi.com/player/?url=https://s3.phim1280.tv/20240321/zwjprqEh/index.m3u8');
	INSERT INTO episodes (movie_id, name, video_url)
	  VALUES (70, 'Tập 160', 'https://player.phimapi.com/player/?url=https://s3.phim1280.tv/20240321/DkEIzLYV/index.m3u8');
	INSERT INTO episodes (movie_id, name, video_url)
	  VALUES (70, 'Tập 161', 'https://player.phimapi.com/player/?url=https://s3.phim1280.tv/20240321/lyId7OW9/index.m3u8');
	INSERT INTO episodes (movie_id, name, video_url)
	  VALUES (70, 'Tập 162', 'https://player.phimapi.com/player/?url=https://s3.phim1280.tv/20240321/BWNk4G0g/index.m3u8');
	INSERT INTO episodes (movie_id, name, video_url)
	  VALUES (70, 'Tập 163', 'https://player.phimapi.com/player/?url=https://s3.phim1280.tv/20240321/cBkKcZ2X/index.m3u8');
	INSERT INTO episodes (movie_id, name, video_url)
	  VALUES (70, 'Tập 164', 'https://player.phimapi.com/player/?url=https://s3.phim1280.tv/20240321/sHH6VsrI/index.m3u8');
	INSERT INTO episodes (movie_id, name, video_url)
	  VALUES (70, 'Tập 165', 'https://player.phimapi.com/player/?url=https://s3.phim1280.tv/20240321/pHFMYlQF/index.m3u8');
	INSERT INTO episodes (movie_id, name, video_url)
	  VALUES (70, 'Tập 166', 'https://player.phimapi.com/player/?url=https://s3.phim1280.tv/20240321/mP8z4PQx/index.m3u8');
	INSERT INTO episodes (movie_id, name, video_url)
	  VALUES (70, 'Tập 167', 'https://player.phimapi.com/player/?url=https://s3.phim1280.tv/20240321/lkuW0qLE/index.m3u8');
	INSERT INTO episodes (movie_id, name, video_url)
	  VALUES (70, 'Tập 168', 'https://player.phimapi.com/player/?url=https://s3.phim1280.tv/20240321/WYl6DCcB/index.m3u8');
	INSERT INTO episodes (movie_id, name, video_url)
	  VALUES (70, 'Tập 169', 'https://player.phimapi.com/player/?url=https://s3.phim1280.tv/20240321/rg74ypgi/index.m3u8');
	INSERT INTO episodes (movie_id, name, video_url)
	  VALUES (70, 'Tập 170', 'https://player.phimapi.com/player/?url=https://s3.phim1280.tv/20240321/noh5J6VZ/index.m3u8');
	INSERT INTO episodes (movie_id, name, video_url)
	  VALUES (70, 'Tập 171', 'https://player.phimapi.com/player/?url=https://s3.phim1280.tv/20240321/eXI7ChnV/index.m3u8');
	INSERT INTO episodes (movie_id, name, video_url)
	  VALUES (70, 'Tập 172', 'https://player.phimapi.com/player/?url=https://s3.phim1280.tv/20240321/yajoT3EC/index.m3u8');
	INSERT INTO episodes (movie_id, name, video_url)
	  VALUES (70, 'Tập 173', 'https://player.phimapi.com/player/?url=https://s3.phim1280.tv/20240321/5aQmEKub/index.m3u8');
	INSERT INTO episodes (movie_id, name, video_url)
	  VALUES (70, 'Tập 174', 'https://player.phimapi.com/player/?url=https://s3.phim1280.tv/20240321/pvyFLB8w/index.m3u8');
	INSERT INTO episodes (movie_id, name, video_url)
	  VALUES (70, 'Tập 175', 'https://player.phimapi.com/player/?url=https://s3.phim1280.tv/20240321/8crBfMhK/index.m3u8');
	INSERT INTO episodes (movie_id, name, video_url)
	  VALUES (70, 'Tập 176-177-178', 'https://player.phimapi.com/player/?url=https://s3.phim1280.tv/20240321/D1RzIZ7m/index.m3u8');
	INSERT INTO episodes (movie_id, name, video_url)
	  VALUES (70, 'Tập 179', 'https://player.phimapi.com/player/?url=https://s3.phim1280.tv/20240321/tmS7ik7B/index.m3u8');
	INSERT INTO episodes (movie_id, name, video_url)
	  VALUES (70, 'Tập 180', 'https://player.phimapi.com/player/?url=https://s3.phim1280.tv/20240321/O6AFwQPs/index.m3u8');
	INSERT INTO episodes (movie_id, name, video_url)
	  VALUES (70, 'Tập 181', 'https://player.phimapi.com/player/?url=https://s3.phim1280.tv/20240321/EZIkcsNM/index.m3u8');
	INSERT INTO episodes (movie_id, name, video_url)
	  VALUES (70, 'Tập 182', 'https://player.phimapi.com/player/?url=https://s3.phim1280.tv/20240321/Cp5bN12s/index.m3u8');
	INSERT INTO episodes (movie_id, name, video_url)
	  VALUES (70, 'Tập 183', 'https://player.phimapi.com/player/?url=https://s3.phim1280.tv/20240321/fM0HEYs7/index.m3u8');
	INSERT INTO episodes (movie_id, name, video_url)
	  VALUES (70, 'Tập 184', 'https://player.phimapi.com/player/?url=https://s3.phim1280.tv/20240321/eC1k4ifX/index.m3u8');
	INSERT INTO episodes (movie_id, name, video_url)
	  VALUES (70, 'Tập 185', 'https://player.phimapi.com/player/?url=https://s3.phim1280.tv/20240321/XGIBowXX/index.m3u8');
	INSERT INTO episodes (movie_id, name, video_url)
	  VALUES (70, 'Tập 186', 'https://player.phimapi.com/player/?url=https://s3.phim1280.tv/20240321/S5B9ZcDt/index.m3u8');
	INSERT INTO episodes (movie_id, name, video_url)
	  VALUES (70, 'Tập 187', 'https://player.phimapi.com/player/?url=https://s3.phim1280.tv/20240321/UMP4DLhu/index.m3u8');
	INSERT INTO episodes (movie_id, name, video_url)
	  VALUES (70, 'Tập 188', 'https://player.phimapi.com/player/?url=https://s3.phim1280.tv/20240321/4fzRuGFy/index.m3u8');
	INSERT INTO episodes (movie_id, name, video_url)
	  VALUES (70, 'Tập 189', 'https://player.phimapi.com/player/?url=https://s3.phim1280.tv/20240321/cp7FQjH6/index.m3u8');
	INSERT INTO episodes (movie_id, name, video_url)
	  VALUES (70, 'Tập 190', 'https://player.phimapi.com/player/?url=https://s3.phim1280.tv/20240321/EWBvHdx8/index.m3u8');
	INSERT INTO episodes (movie_id, name, video_url)
	  VALUES (70, 'Tập 191', 'https://player.phimapi.com/player/?url=https://s3.phim1280.tv/20240321/lg0oNvei/index.m3u8');
	INSERT INTO episodes (movie_id, name, video_url)
	  VALUES (70, 'Tập 192', 'https://player.phimapi.com/player/?url=https://s3.phim1280.tv/20240321/JjWvA9vU/index.m3u8');
	INSERT INTO episodes (movie_id, name, video_url)
	  VALUES (70, 'Tập 193', 'https://player.phimapi.com/player/?url=https://s3.phim1280.tv/20240321/hRMlOW9m/index.m3u8');
	INSERT INTO episodes (movie_id, name, video_url)
	  VALUES (70, 'Tập 194', 'https://player.phimapi.com/player/?url=https://s3.phim1280.tv/20240321/f0gyU29I/index.m3u8');
	INSERT INTO episodes (movie_id, name, video_url)
	  VALUES (70, 'Tập 195', 'https://player.phimapi.com/player/?url=https://s3.phim1280.tv/20240321/RFlKS6ba/index.m3u8');
	INSERT INTO episodes (movie_id, name, video_url)
	  VALUES (70, 'Tập 196', 'https://player.phimapi.com/player/?url=https://s3.phim1280.tv/20240321/v69q9UL7/index.m3u8');
	INSERT INTO episodes (movie_id, name, video_url)
	  VALUES (70, 'Tập 197', 'https://player.phimapi.com/player/?url=https://s3.phim1280.tv/20240321/F4XnxgpV/index.m3u8');
	INSERT INTO episodes (movie_id, name, video_url)
	  VALUES (70, 'Tập 198', 'https://player.phimapi.com/player/?url=https://s3.phim1280.tv/20240321/JKrnKZZ8/index.m3u8');
	INSERT INTO episodes (movie_id, name, video_url)
	  VALUES (70, 'Tập 199', 'https://player.phimapi.com/player/?url=https://s3.phim1280.tv/20240321/5kL2OaYn/index.m3u8');
	INSERT INTO episodes (movie_id, name, video_url)
	  VALUES (70, 'Tập 200', 'https://player.phimapi.com/player/?url=https://s3.phim1280.tv/20240321/6RvYE6Ag/index.m3u8');
	INSERT INTO episodes (movie_id, name, video_url)
	  VALUES (70, 'Tập 201', 'https://player.phimapi.com/player/?url=https://s3.phim1280.tv/20240324/Ow5oUAku/index.m3u8');
	INSERT INTO episodes (movie_id, name, video_url)
	  VALUES (70, 'Tập 202', 'https://player.phimapi.com/player/?url=https://s3.phim1280.tv/20240324/FB7VkGcK/index.m3u8');
	INSERT INTO episodes (movie_id, name, video_url)
	  VALUES (70, 'Tập 203', 'https://player.phimapi.com/player/?url=https://s3.phim1280.tv/20240324/EXqvOoAx/index.m3u8');
	INSERT INTO episodes (movie_id, name, video_url)
	  VALUES (70, 'Tập 204', 'https://player.phimapi.com/player/?url=https://s3.phim1280.tv/20240324/kGHticOi/index.m3u8');
	INSERT INTO episodes (movie_id, name, video_url)
	  VALUES (70, 'Tập 205', 'https://player.phimapi.com/player/?url=https://s3.phim1280.tv/20240324/nHG5fU8q/index.m3u8');
	INSERT INTO episodes (movie_id, name, video_url)
	  VALUES (70, 'Tập 206', 'https://player.phimapi.com/player/?url=https://s3.phim1280.tv/20240324/YmZuMa4z/index.m3u8');
	INSERT INTO episodes (movie_id, name, video_url)
	  VALUES (70, 'Tập 207', 'https://player.phimapi.com/player/?url=https://s3.phim1280.tv/20240324/svmlbNc5/index.m3u8');
	INSERT INTO episodes (movie_id, name, video_url)
	  VALUES (70, 'Tập 208', 'https://player.phimapi.com/player/?url=https://s3.phim1280.tv/20240324/SknCVggM/index.m3u8');
	INSERT INTO episodes (movie_id, name, video_url)
	  VALUES (70, 'Tập 209', 'https://player.phimapi.com/player/?url=https://s3.phim1280.tv/20240324/mMjD3wzN/index.m3u8');
	INSERT INTO episodes (movie_id, name, video_url)
	  VALUES (70, 'Tập 210', 'https://player.phimapi.com/player/?url=https://s3.phim1280.tv/20240324/bLJeXsjm/index.m3u8');
	INSERT INTO episodes (movie_id, name, video_url)
	  VALUES (70, 'Tập 211', 'https://player.phimapi.com/player/?url=https://s3.phim1280.tv/20240324/9y9Yxl2Z/index.m3u8');
	INSERT INTO episodes (movie_id, name, video_url)
	  VALUES (70, 'Tập 212', 'https://player.phimapi.com/player/?url=https://s3.phim1280.tv/20240324/LcW7eMSo/index.m3u8');
	INSERT INTO episodes (movie_id, name, video_url)
	  VALUES (70, 'Tập 213', 'https://player.phimapi.com/player/?url=https://s3.phim1280.tv/20240324/aEvu5mX3/index.m3u8');
	INSERT INTO episodes (movie_id, name, video_url)
	  VALUES (70, 'Tập 214', 'https://player.phimapi.com/player/?url=https://s3.phim1280.tv/20240324/RoaaSHFa/index.m3u8');
	INSERT INTO episodes (movie_id, name, video_url)
	  VALUES (70, 'Tập 215', 'https://player.phimapi.com/player/?url=https://s3.phim1280.tv/20240324/e5M0yuDB/index.m3u8');
	INSERT INTO episodes (movie_id, name, video_url)
	  VALUES (70, 'Tập 216', 'https://player.phimapi.com/player/?url=https://s3.phim1280.tv/20240324/R45Yx54v/index.m3u8');
	INSERT INTO episodes (movie_id, name, video_url)
	  VALUES (70, 'Tập 217', 'https://player.phimapi.com/player/?url=https://s3.phim1280.tv/20240324/KkL5aWpk/index.m3u8');
	INSERT INTO episodes (movie_id, name, video_url)
	  VALUES (70, 'Tập 218', 'https://player.phimapi.com/player/?url=https://s3.phim1280.tv/20240324/U7vLmJML/index.m3u8');
	INSERT INTO episodes (movie_id, name, video_url)
	  VALUES (70, 'Tập 219', 'https://player.phimapi.com/player/?url=https://s3.phim1280.tv/20240324/6RVVu16J/index.m3u8');
	INSERT INTO episodes (movie_id, name, video_url)
	  VALUES (70, 'Tập 220', 'https://player.phimapi.com/player/?url=https://s3.phim1280.tv/20240324/ZtEXclRW/index.m3u8');
	INSERT INTO episodes (movie_id, name, video_url)
	  VALUES (70, 'Tập 221', 'https://player.phimapi.com/player/?url=https://s3.phim1280.tv/20240324/7jo74NcW/index.m3u8');
	INSERT INTO episodes (movie_id, name, video_url)
	  VALUES (70, 'Tập 222', 'https://player.phimapi.com/player/?url=https://s3.phim1280.tv/20240324/y6L98Ecs/index.m3u8');
	INSERT INTO episodes (movie_id, name, video_url)
	  VALUES (70, 'Tập 223', 'https://player.phimapi.com/player/?url=https://s3.phim1280.tv/20240324/XA7cXvAm/index.m3u8');
	INSERT INTO episodes (movie_id, name, video_url)
	  VALUES (70, 'Tập 224', 'https://player.phimapi.com/player/?url=https://s3.phim1280.tv/20240324/IpAEnlPV/index.m3u8');
	INSERT INTO episodes (movie_id, name, video_url)
	  VALUES (70, 'Tập 225', 'https://player.phimapi.com/player/?url=https://s3.phim1280.tv/20240324/NJuEMZ4A/index.m3u8');
	INSERT INTO episodes (movie_id, name, video_url)
	  VALUES (70, 'Tập 226', 'https://player.phimapi.com/player/?url=https://s3.phim1280.tv/20240324/t0fvNRaJ/index.m3u8');
	INSERT INTO episodes (movie_id, name, video_url)
	  VALUES (70, 'Tập 227', 'https://player.phimapi.com/player/?url=https://s3.phim1280.tv/20240324/eHInCdvo/index.m3u8');
	INSERT INTO episodes (movie_id, name, video_url)
	  VALUES (70, 'Tập 228', 'https://player.phimapi.com/player/?url=https://s3.phim1280.tv/20240324/mEvWyQ70/index.m3u8');
	INSERT INTO episodes (movie_id, name, video_url)
	  VALUES (70, 'Tập 229', 'https://player.phimapi.com/player/?url=https://s3.phim1280.tv/20240324/mCGfMFXH/index.m3u8');
	INSERT INTO episodes (movie_id, name, video_url)
	  VALUES (70, 'Tập 230', 'https://player.phimapi.com/player/?url=https://s3.phim1280.tv/20240324/8eXlJrJJ/index.m3u8');
	INSERT INTO episodes (movie_id, name, video_url)
	  VALUES (70, 'Tập 231', 'https://player.phimapi.com/player/?url=https://s3.phim1280.tv/20240324/Q9ngN6ea/index.m3u8');
	INSERT INTO episodes (movie_id, name, video_url)
	  VALUES (70, 'Tập 232', 'https://player.phimapi.com/player/?url=https://s3.phim1280.tv/20240324/M517IKjM/index.m3u8');
	INSERT INTO episodes (movie_id, name, video_url)
	  VALUES (70, 'Tập 233', 'https://player.phimapi.com/player/?url=https://s3.phim1280.tv/20240324/XJaV9zbE/index.m3u8');
	INSERT INTO episodes (movie_id, name, video_url)
	  VALUES (70, 'Tập 234', 'https://player.phimapi.com/player/?url=https://s3.phim1280.tv/20240324/Ytr2Mt5g/index.m3u8');
	INSERT INTO episodes (movie_id, name, video_url)
	  VALUES (70, 'Tập 235', 'https://player.phimapi.com/player/?url=https://s3.phim1280.tv/20240324/80WZHiqn/index.m3u8');
	INSERT INTO episodes (movie_id, name, video_url)
	  VALUES (70, 'Tập 236', 'https://player.phimapi.com/player/?url=https://s3.phim1280.tv/20240324/g5KIeEOj/index.m3u8');
	INSERT INTO episodes (movie_id, name, video_url)
	  VALUES (70, 'Tập 237', 'https://player.phimapi.com/player/?url=https://s3.phim1280.tv/20240324/ms7z1kCg/index.m3u8');
	INSERT INTO episodes (movie_id, name, video_url)
	  VALUES (70, 'Tập 238', 'https://player.phimapi.com/player/?url=https://s3.phim1280.tv/20240324/hToAXKzm/index.m3u8');
	INSERT INTO episodes (movie_id, name, video_url)
	  VALUES (70, 'Tập 239', 'https://player.phimapi.com/player/?url=https://s3.phim1280.tv/20240324/En3oVcbf/index.m3u8');
	INSERT INTO episodes (movie_id, name, video_url)
	  VALUES (70, 'Tập 240', 'https://player.phimapi.com/player/?url=https://s3.phim1280.tv/20240324/cJ7Qb9O7/index.m3u8');
	INSERT INTO episodes (movie_id, name, video_url)
	  VALUES (70, 'Tập 241', 'https://player.phimapi.com/player/?url=https://s3.phim1280.tv/20240324/EjhNSIUb/index.m3u8');
	INSERT INTO episodes (movie_id, name, video_url)
	  VALUES (70, 'Tập 242', 'https://player.phimapi.com/player/?url=https://s3.phim1280.tv/20240324/EpeHl7yq/index.m3u8');
	INSERT INTO episodes (movie_id, name, video_url)
	  VALUES (70, 'Tập 243', 'https://player.phimapi.com/player/?url=https://s3.phim1280.tv/20240324/LqBv2UoA/index.m3u8');
	INSERT INTO episodes (movie_id, name, video_url)
	  VALUES (70, 'Tập 244', 'https://player.phimapi.com/player/?url=https://s3.phim1280.tv/20240324/G7SlbjO4/index.m3u8');
	INSERT INTO episodes (movie_id, name, video_url)
	  VALUES (70, 'Tập 245', 'https://player.phimapi.com/player/?url=https://s3.phim1280.tv/20240324/4bJa3UvN/index.m3u8');
	INSERT INTO episodes (movie_id, name, video_url)
	  VALUES (70, 'Tập 246', 'https://player.phimapi.com/player/?url=https://s3.phim1280.tv/20240324/uapThs2H/index.m3u8');
	INSERT INTO episodes (movie_id, name, video_url)
	  VALUES (70, 'Tập 247', 'https://player.phimapi.com/player/?url=https://s3.phim1280.tv/20240324/mMKN2mOc/index.m3u8');
	INSERT INTO episodes (movie_id, name, video_url)
	  VALUES (70, 'Tập 248', 'https://player.phimapi.com/player/?url=https://s3.phim1280.tv/20240324/bYlShwx4/index.m3u8');
	INSERT INTO episodes (movie_id, name, video_url)
	  VALUES (70, 'Tập 249', 'https://player.phimapi.com/player/?url=https://s3.phim1280.tv/20240324/0jxgtGXx/index.m3u8');
	INSERT INTO episodes (movie_id, name, video_url)
	  VALUES (70, 'Tập 250', 'https://player.phimapi.com/player/?url=https://s3.phim1280.tv/20240324/6Al96SlS/index.m3u8');
	INSERT INTO episodes (movie_id, name, video_url)
	  VALUES (70, 'Tập 251', 'https://player.phimapi.com/player/?url=https://s3.phim1280.tv/20240324/P62T66G4/index.m3u8');
	INSERT INTO episodes (movie_id, name, video_url)
	  VALUES (70, 'Tập 252', 'https://player.phimapi.com/player/?url=https://s3.phim1280.tv/20240324/niNZh865/index.m3u8');
	INSERT INTO episodes (movie_id, name, video_url)
	  VALUES (70, 'Tập 253', 'https://player.phimapi.com/player/?url=https://s3.phim1280.tv/20240324/4DobsqSc/index.m3u8');
	INSERT INTO episodes (movie_id, name, video_url)
	  VALUES (70, 'Tập 254', 'https://player.phimapi.com/player/?url=https://s3.phim1280.tv/20240324/kAxoRELP/index.m3u8');
	INSERT INTO episodes (movie_id, name, video_url)
	  VALUES (70, 'Tập 255', 'https://player.phimapi.com/player/?url=https://s3.phim1280.tv/20240324/jggqOpxa/index.m3u8');
	INSERT INTO episodes (movie_id, name, video_url)
	  VALUES (70, 'Tập 256', 'https://player.phimapi.com/player/?url=https://s3.phim1280.tv/20240324/ZkTlYEwB/index.m3u8');
	INSERT INTO episodes (movie_id, name, video_url)
	  VALUES (70, 'Tập 257', 'https://player.phimapi.com/player/?url=https://s3.phim1280.tv/20240324/YGmuO9iP/index.m3u8');
	INSERT INTO episodes (movie_id, name, video_url)
	  VALUES (70, 'Tập 258', 'https://player.phimapi.com/player/?url=https://s3.phim1280.tv/20240324/54589c4i/index.m3u8');
	INSERT INTO episodes (movie_id, name, video_url)
	  VALUES (70, 'Tập 259', 'https://player.phimapi.com/player/?url=https://s3.phim1280.tv/20240324/7B8g6BGd/index.m3u8');
	INSERT INTO episodes (movie_id, name, video_url)
	  VALUES (70, 'Tập 260', 'https://player.phimapi.com/player/?url=https://s3.phim1280.tv/20240324/Kaytd46F/index.m3u8');
	INSERT INTO episodes (movie_id, name, video_url)
	  VALUES (70, 'Tập 261', 'https://player.phimapi.com/player/?url=https://s3.phim1280.tv/20240325/o7lk1fPo/index.m3u8');
	INSERT INTO episodes (movie_id, name, video_url)
	  VALUES (70, 'Tập 262', 'https://player.phimapi.com/player/?url=https://s3.phim1280.tv/20240325/zBJnpMt0/index.m3u8');
	INSERT INTO episodes (movie_id, name, video_url)
	  VALUES (70, 'Tập 263', 'https://player.phimapi.com/player/?url=https://s3.phim1280.tv/20240325/EO1m8d7G/index.m3u8');
	INSERT INTO episodes (movie_id, name, video_url)
	  VALUES (70, 'Tập 264', 'https://player.phimapi.com/player/?url=https://s3.phim1280.tv/20240325/MMig4MOw/index.m3u8');
	INSERT INTO episodes (movie_id, name, video_url)
	  VALUES (70, 'Tập 265', 'https://player.phimapi.com/player/?url=https://s3.phim1280.tv/20240325/DNhMl6XV/index.m3u8');
	INSERT INTO episodes (movie_id, name, video_url)
	  VALUES (70, 'Tập 266-267-268', 'https://player.phimapi.com/player/?url=https://s3.phim1280.tv/20240325/G5ptuqKG/index.m3u8');
	INSERT INTO episodes (movie_id, name, video_url)
	  VALUES (70, 'Tập 269', 'https://player.phimapi.com/player/?url=https://s3.phim1280.tv/20240325/osyYCNT6/index.m3u8');
	INSERT INTO episodes (movie_id, name, video_url)
	  VALUES (70, 'Tập 270', 'https://player.phimapi.com/player/?url=https://s3.phim1280.tv/20240325/jF5y6Pkv/index.m3u8');
	INSERT INTO episodes (movie_id, name, video_url)
	  VALUES (70, 'Tập 271', 'https://player.phimapi.com/player/?url=https://s3.phim1280.tv/20240325/dO9r2GJx/index.m3u8');
	INSERT INTO episodes (movie_id, name, video_url)
	  VALUES (70, 'Tập 272', 'https://player.phimapi.com/player/?url=https://s3.phim1280.tv/20240325/R03ORKTi/index.m3u8');
	INSERT INTO episodes (movie_id, name, video_url)
	  VALUES (70, 'Tập 273', 'https://player.phimapi.com/player/?url=https://s3.phim1280.tv/20240325/EXTN21oG/index.m3u8');
	INSERT INTO episodes (movie_id, name, video_url)
	  VALUES (70, 'Tập 274', 'https://player.phimapi.com/player/?url=https://s3.phim1280.tv/20240325/GZ2rD21X/index.m3u8');
	INSERT INTO episodes (movie_id, name, video_url)
	  VALUES (70, 'Tập 275', 'https://player.phimapi.com/player/?url=https://s3.phim1280.tv/20240325/1cYoUd3R/index.m3u8');
	INSERT INTO episodes (movie_id, name, video_url)
	  VALUES (70, 'Tập 276', 'https://player.phimapi.com/player/?url=https://s3.phim1280.tv/20240325/cgSoQWYj/index.m3u8');
	INSERT INTO episodes (movie_id, name, video_url)
	  VALUES (70, 'Tập 277', 'https://player.phimapi.com/player/?url=https://s3.phim1280.tv/20240325/BasN6HS9/index.m3u8');
	INSERT INTO episodes (movie_id, name, video_url)
	  VALUES (70, 'Tập 278', 'https://player.phimapi.com/player/?url=https://s3.phim1280.tv/20240325/Fu6kl3hD/index.m3u8');
	INSERT INTO episodes (movie_id, name, video_url)
	  VALUES (70, 'Tập 279', 'https://player.phimapi.com/player/?url=https://s3.phim1280.tv/20240325/eklQmosy/index.m3u8');
	INSERT INTO episodes (movie_id, name, video_url)
	  VALUES (70, 'Tập 280', 'https://player.phimapi.com/player/?url=https://s3.phim1280.tv/20240325/xt2fPBWW/index.m3u8');
	INSERT INTO episodes (movie_id, name, video_url)
	  VALUES (70, 'Tập 281', 'https://player.phimapi.com/player/?url=https://s3.phim1280.tv/20240325/rc0VD85v/index.m3u8');
	INSERT INTO episodes (movie_id, name, video_url)
	  VALUES (70, 'Tập 282', 'https://player.phimapi.com/player/?url=https://s3.phim1280.tv/20240325/eGY4dtv7/index.m3u8');
	INSERT INTO episodes (movie_id, name, video_url)
	  VALUES (70, 'Tập 283', 'https://player.phimapi.com/player/?url=https://s3.phim1280.tv/20240325/WTv48mIo/index.m3u8');
	INSERT INTO episodes (movie_id, name, video_url)
	  VALUES (70, 'Tập 284', 'https://player.phimapi.com/player/?url=https://s3.phim1280.tv/20240325/zKumDmn8/index.m3u8');
	INSERT INTO episodes (movie_id, name, video_url)
	  VALUES (70, 'Tập 285', 'https://player.phimapi.com/player/?url=https://s3.phim1280.tv/20240325/bXxLaQnT/index.m3u8');
	INSERT INTO episodes (movie_id, name, video_url)
	  VALUES (70, 'Tập 286', 'https://player.phimapi.com/player/?url=https://s3.phim1280.tv/20240325/8trdfRN1/index.m3u8');
	INSERT INTO episodes (movie_id, name, video_url)
	  VALUES (70, 'Tập 287', 'https://player.phimapi.com/player/?url=https://s3.phim1280.tv/20240325/C1gImTjb/index.m3u8');
	INSERT INTO episodes (movie_id, name, video_url)
	  VALUES (70, 'Tập 288', 'https://player.phimapi.com/player/?url=https://s3.phim1280.tv/20240325/nscWQbiw/index.m3u8');
	INSERT INTO episodes (movie_id, name, video_url)
	  VALUES (70, 'Tập 289', 'https://player.phimapi.com/player/?url=https://s3.phim1280.tv/20240325/a3Na3PVY/index.m3u8');
	INSERT INTO episodes (movie_id, name, video_url)
	  VALUES (70, 'Tập 290', 'https://player.phimapi.com/player/?url=https://s3.phim1280.tv/20240325/1GG3k2tG/index.m3u8');
	INSERT INTO episodes (movie_id, name, video_url)
	  VALUES (70, 'Tập 291', 'https://player.phimapi.com/player/?url=https://s3.phim1280.tv/20240325/9NG2kxcQ/index.m3u8');
	INSERT INTO episodes (movie_id, name, video_url)
	  VALUES (70, 'Tập 292', 'https://player.phimapi.com/player/?url=https://s3.phim1280.tv/20240325/YDs9hUgr/index.m3u8');
	INSERT INTO episodes (movie_id, name, video_url)
	  VALUES (70, 'Tập 293', 'https://player.phimapi.com/player/?url=https://s3.phim1280.tv/20240325/X1hDHvhE/index.m3u8');
	INSERT INTO episodes (movie_id, name, video_url)
	  VALUES (70, 'Tập 294', 'https://player.phimapi.com/player/?url=https://s3.phim1280.tv/20240325/rkKsITVs/index.m3u8');
	INSERT INTO episodes (movie_id, name, video_url)
	  VALUES (70, 'Tập 295', 'https://player.phimapi.com/player/?url=https://s3.phim1280.tv/20240325/OemAa24r/index.m3u8');
	INSERT INTO episodes (movie_id, name, video_url)
	  VALUES (70, 'Tập 296', 'https://player.phimapi.com/player/?url=https://s3.phim1280.tv/20240325/VbSvYsW2/index.m3u8');
	INSERT INTO episodes (movie_id, name, video_url)
	  VALUES (70, 'Tập 297', 'https://player.phimapi.com/player/?url=https://s3.phim1280.tv/20240325/sDO5ov2k/index.m3u8');
	INSERT INTO episodes (movie_id, name, video_url)
	  VALUES (70, 'Tập 298', 'https://player.phimapi.com/player/?url=https://s3.phim1280.tv/20240325/lv2XXqwV/index.m3u8');
	INSERT INTO episodes (movie_id, name, video_url)
	  VALUES (70, 'Tập 299', 'https://player.phimapi.com/player/?url=https://s3.phim1280.tv/20240325/NcOvKEsu/index.m3u8');
	INSERT INTO episodes (movie_id, name, video_url)
	  VALUES (70, 'Tập 300', 'https://player.phimapi.com/player/?url=https://s3.phim1280.tv/20240325/dwPO77TH/index.m3u8');
	INSERT INTO episodes (movie_id, name, video_url)
	  VALUES (70, 'Tập 301', 'https://player.phimapi.com/player/?url=https://s3.phim1280.tv/20240325/E0N6Iz5N/index.m3u8');
	INSERT INTO episodes (movie_id, name, video_url)
	  VALUES (70, 'Tập 302', 'https://player.phimapi.com/player/?url=https://s3.phim1280.tv/20240325/sc6DdEKW/index.m3u8');
	INSERT INTO episodes (movie_id, name, video_url)
	  VALUES (70, 'Tập 303', 'https://player.phimapi.com/player/?url=https://s3.phim1280.tv/20240325/fbTy7POV/index.m3u8');
	INSERT INTO episodes (movie_id, name, video_url)
	  VALUES (70, 'Tập 304', 'https://player.phimapi.com/player/?url=https://s3.phim1280.tv/20240325/Jr14z1Wi/index.m3u8');
	INSERT INTO episodes (movie_id, name, video_url)
	  VALUES (70, 'Tập 305', 'https://player.phimapi.com/player/?url=https://s3.phim1280.tv/20240325/IrtzoDu0/index.m3u8');
	INSERT INTO episodes (movie_id, name, video_url)
	  VALUES (70, 'Tập 306', 'https://player.phimapi.com/player/?url=https://s3.phim1280.tv/20240325/Fos3zt32/index.m3u8');
	INSERT INTO episodes (movie_id, name, video_url)
	  VALUES (70, 'Tập 307', 'https://player.phimapi.com/player/?url=https://s3.phim1280.tv/20240325/5TlCgvdP/index.m3u8');
	INSERT INTO episodes (movie_id, name, video_url)
	  VALUES (70, 'Tập 308', 'https://player.phimapi.com/player/?url=https://s3.phim1280.tv/20240325/xGp53vY1/index.m3u8');
	INSERT INTO episodes (movie_id, name, video_url)
	  VALUES (70, 'Tập 309', 'https://player.phimapi.com/player/?url=https://s3.phim1280.tv/20240325/Dbh8imwS/index.m3u8');
	INSERT INTO episodes (movie_id, name, video_url)
	  VALUES (70, 'Tập 310', 'https://player.phimapi.com/player/?url=https://s3.phim1280.tv/20240325/7X39Jygj/index.m3u8');
	INSERT INTO episodes (movie_id, name, video_url)
	  VALUES (70, 'Tập 311', 'https://player.phimapi.com/player/?url=https://s3.phim1280.tv/20240325/QVxZBwf0/index.m3u8');
	INSERT INTO episodes (movie_id, name, video_url)
	  VALUES (70, 'Tập 312', 'https://player.phimapi.com/player/?url=https://s3.phim1280.tv/20240325/8VOeYoDK/index.m3u8');
	INSERT INTO episodes (movie_id, name, video_url)
	  VALUES (70, 'Tập 313', 'https://player.phimapi.com/player/?url=https://s3.phim1280.tv/20240325/JPRq74w4/index.m3u8');
	INSERT INTO episodes (movie_id, name, video_url)
	  VALUES (70, 'Tập 314', 'https://player.phimapi.com/player/?url=https://s3.phim1280.tv/20240325/oAeezGw2/index.m3u8');
	INSERT INTO episodes (movie_id, name, video_url)
	  VALUES (70, 'Tập 315', 'https://player.phimapi.com/player/?url=https://s3.phim1280.tv/20240325/CKFfIUAH/index.m3u8');
	INSERT INTO episodes (movie_id, name, video_url)
	  VALUES (70, 'Tập 316', 'https://player.phimapi.com/player/?url=https://s3.phim1280.tv/20240325/7pMH1eBb/index.m3u8');
	INSERT INTO episodes (movie_id, name, video_url)
	  VALUES (70, 'Tập 317', 'https://player.phimapi.com/player/?url=https://s3.phim1280.tv/20240325/6BpM55aj/index.m3u8');
	INSERT INTO episodes (movie_id, name, video_url)
	  VALUES (70, 'Tập 318', 'https://player.phimapi.com/player/?url=https://s3.phim1280.tv/20240325/OA1Uepyo/index.m3u8');
	INSERT INTO episodes (movie_id, name, video_url)
	  VALUES (70, 'Tập 319', 'https://player.phimapi.com/player/?url=https://s3.phim1280.tv/20240325/toIEde75/index.m3u8');
	INSERT INTO episodes (movie_id, name, video_url)
	  VALUES (70, 'Tập 320', 'https://player.phimapi.com/player/?url=https://s3.phim1280.tv/20240325/G5GtUClO/index.m3u8');
	INSERT INTO episodes (movie_id, name, video_url)
	  VALUES (70, 'Tập 321', 'https://player.phimapi.com/player/?url=https://s3.phim1280.tv/20240325/NNLonwCk/index.m3u8');
	INSERT INTO episodes (movie_id, name, video_url)
	  VALUES (70, 'Tập 322', 'https://player.phimapi.com/player/?url=https://s3.phim1280.tv/20240325/jBn005h0/index.m3u8');
	INSERT INTO episodes (movie_id, name, video_url)
	  VALUES (70, 'Tập 323', 'https://player.phimapi.com/player/?url=https://s3.phim1280.tv/20240325/zztKiEur/index.m3u8');
	INSERT INTO episodes (movie_id, name, video_url)
	  VALUES (70, 'Tập 324', 'https://player.phimapi.com/player/?url=https://s3.phim1280.tv/20240325/euzT7YNk/index.m3u8');
	INSERT INTO episodes (movie_id, name, video_url)
	  VALUES (70, 'Tập 325', 'https://player.phimapi.com/player/?url=https://s3.phim1280.tv/20240325/njtKji93/index.m3u8');
	INSERT INTO episodes (movie_id, name, video_url)
	  VALUES (70, 'Tập 326', 'https://player.phimapi.com/player/?url=https://s3.phim1280.tv/20240325/IgRs1mwF/index.m3u8');
	INSERT INTO episodes (movie_id, name, video_url)
	  VALUES (70, 'Tập 327', 'https://player.phimapi.com/player/?url=https://s3.phim1280.tv/20240325/BMVdYs4O/index.m3u8');
	INSERT INTO episodes (movie_id, name, video_url)
	  VALUES (70, 'Tập 328', 'https://player.phimapi.com/player/?url=https://s3.phim1280.tv/20240325/SU2S1kmt/index.m3u8');
	INSERT INTO episodes (movie_id, name, video_url)
	  VALUES (70, 'Tập 329', 'https://player.phimapi.com/player/?url=https://s3.phim1280.tv/20240325/oTkQPuBz/index.m3u8');
	INSERT INTO episodes (movie_id, name, video_url)
	  VALUES (70, 'Tập 330', 'https://player.phimapi.com/player/?url=https://s3.phim1280.tv/20240325/vJvMmBZm/index.m3u8');
	INSERT INTO episodes (movie_id, name, video_url)
	  VALUES (70, 'Tập 331', 'https://player.phimapi.com/player/?url=https://s3.phim1280.tv/20240325/SIavzPYH/index.m3u8');
	INSERT INTO episodes (movie_id, name, video_url)
	  VALUES (70, 'Tập 332', 'https://player.phimapi.com/player/?url=https://s3.phim1280.tv/20240325/jET0OKJh/index.m3u8');
	INSERT INTO episodes (movie_id, name, video_url)
	  VALUES (70, 'Tập 333', 'https://player.phimapi.com/player/?url=https://s3.phim1280.tv/20240325/0tmgUTht/index.m3u8');
	INSERT INTO episodes (movie_id, name, video_url)
	  VALUES (70, 'Tập 334', 'https://player.phimapi.com/player/?url=https://s3.phim1280.tv/20240325/biac2nVO/index.m3u8');
	INSERT INTO episodes (movie_id, name, video_url)
	  VALUES (70, 'Tập 335', 'https://player.phimapi.com/player/?url=https://s3.phim1280.tv/20240325/MF7TsicB/index.m3u8');
	INSERT INTO episodes (movie_id, name, video_url)
	  VALUES (70, 'Tập 336', 'https://player.phimapi.com/player/?url=https://s3.phim1280.tv/20240325/zorm1f11/index.m3u8');
	INSERT INTO episodes (movie_id, name, video_url)
	  VALUES (70, 'Tập 337', 'https://player.phimapi.com/player/?url=https://s3.phim1280.tv/20240325/8aBIN90d/index.m3u8');
	INSERT INTO episodes (movie_id, name, video_url)
	  VALUES (70, 'Tập 338', 'https://player.phimapi.com/player/?url=https://s3.phim1280.tv/20240325/YA3UetQp/index.m3u8');
	INSERT INTO episodes (movie_id, name, video_url)
	  VALUES (70, 'Tập 339', 'https://player.phimapi.com/player/?url=https://s3.phim1280.tv/20240325/OAcwdBIz/index.m3u8');
	INSERT INTO episodes (movie_id, name, video_url)
	  VALUES (70, 'Tập 340', 'https://player.phimapi.com/player/?url=https://s3.phim1280.tv/20240325/WnKxqSnV/index.m3u8');
	INSERT INTO episodes (movie_id, name, video_url)
	  VALUES (70, 'Tập 341', 'https://player.phimapi.com/player/?url=https://s3.phim1280.tv/20240325/6ClWwZyC/index.m3u8');
	INSERT INTO episodes (movie_id, name, video_url)
	  VALUES (70, 'Tập 342', 'https://player.phimapi.com/player/?url=https://s3.phim1280.tv/20240330/kCgIlGoi/index.m3u8');
	INSERT INTO episodes (movie_id, name, video_url)
	  VALUES (70, 'Tập 343', 'https://player.phimapi.com/player/?url=https://s3.phim1280.tv/20240325/gUHVrs0C/index.m3u8');
	INSERT INTO episodes (movie_id, name, video_url)
	  VALUES (70, 'Tập 344', 'https://player.phimapi.com/player/?url=https://s3.phim1280.tv/20240325/M4EYVGDo/index.m3u8');
	INSERT INTO episodes (movie_id, name, video_url)
	  VALUES (70, 'Tập 345', 'https://player.phimapi.com/player/?url=https://s3.phim1280.tv/20240330/wRb4w5jf/index.m3u8');
	INSERT INTO episodes (movie_id, name, video_url)
	  VALUES (70, 'Tập 346-347', 'https://player.phimapi.com/player/?url=https://s3.phim1280.tv/20240330/UEA1DVN4/index.m3u8');
	INSERT INTO episodes (movie_id, name, video_url)
	  VALUES (70, 'Tập 348', 'https://player.phimapi.com/player/?url=https://s3.phim1280.tv/20240325/1JJQFLur/index.m3u8');
	INSERT INTO episodes (movie_id, name, video_url)
	  VALUES (70, 'Tập 349', 'https://player.phimapi.com/player/?url=https://s3.phim1280.tv/20240326/D3rYvCDI/index.m3u8');
	INSERT INTO episodes (movie_id, name, video_url)
	  VALUES (70, 'Tập 350', 'https://player.phimapi.com/player/?url=https://s3.phim1280.tv/20240325/9fMjt3xM/index.m3u8');
	INSERT INTO episodes (movie_id, name, video_url)
	  VALUES (70, 'Tập 351', 'https://player.phimapi.com/player/?url=https://s3.phim1280.tv/20240325/6LZngK1D/index.m3u8');
	INSERT INTO episodes (movie_id, name, video_url)
	  VALUES (70, 'Tập 352', 'https://player.phimapi.com/player/?url=https://s3.phim1280.tv/20240325/k125dvYK/index.m3u8');
	INSERT INTO episodes (movie_id, name, video_url)
	  VALUES (70, 'Tập 353', 'https://player.phimapi.com/player/?url=https://s3.phim1280.tv/20240325/RZKTeVHq/index.m3u8');
	INSERT INTO episodes (movie_id, name, video_url)
	  VALUES (70, 'Tập 354', 'https://player.phimapi.com/player/?url=https://s3.phim1280.tv/20240325/AZo4TMw6/index.m3u8');
	INSERT INTO episodes (movie_id, name, video_url)
	  VALUES (70, 'Tập 355', 'https://player.phimapi.com/player/?url=https://s3.phim1280.tv/20240325/JjeP0T29/index.m3u8');
	INSERT INTO episodes (movie_id, name, video_url)
	  VALUES (70, 'Tập 356', 'https://player.phimapi.com/player/?url=https://s3.phim1280.tv/20240325/Shf9UPXG/index.m3u8');
	INSERT INTO episodes (movie_id, name, video_url)
	  VALUES (70, 'Tập 357', 'https://player.phimapi.com/player/?url=https://s3.phim1280.tv/20240325/LyxTsnhE/index.m3u8');
	INSERT INTO episodes (movie_id, name, video_url)
	  VALUES (70, 'Tập 358', 'https://player.phimapi.com/player/?url=https://s3.phim1280.tv/20240325/pN53K3my/index.m3u8');
	INSERT INTO episodes (movie_id, name, video_url)
	  VALUES (70, 'Tập 359', 'https://player.phimapi.com/player/?url=https://s3.phim1280.tv/20240325/16L4wrE2/index.m3u8');
	INSERT INTO episodes (movie_id, name, video_url)
	  VALUES (70, 'Tập 360', 'https://player.phimapi.com/player/?url=https://s3.phim1280.tv/20240325/7lvQpiZh/index.m3u8');
	INSERT INTO episodes (movie_id, name, video_url)
	  VALUES (70, 'Tập 361', 'https://player.phimapi.com/player/?url=https://s3.phim1280.tv/20240325/lHBwwwGH/index.m3u8');
	INSERT INTO episodes (movie_id, name, video_url)
	  VALUES (70, 'Tập 362', 'https://player.phimapi.com/player/?url=https://s3.phim1280.tv/20240325/Tx87qPHM/index.m3u8');
	INSERT INTO episodes (movie_id, name, video_url)
	  VALUES (70, 'Tập 363', 'https://player.phimapi.com/player/?url=https://s3.phim1280.tv/20240325/fRnTRQFR/index.m3u8');
	INSERT INTO episodes (movie_id, name, video_url)
	  VALUES (70, 'Tập 364', 'https://player.phimapi.com/player/?url=https://s3.phim1280.tv/20240325/tz9E3i25/index.m3u8');
	INSERT INTO episodes (movie_id, name, video_url)
	  VALUES (70, 'Tập 365', 'https://player.phimapi.com/player/?url=https://s3.phim1280.tv/20240325/Lva0Hvqa/index.m3u8');
	INSERT INTO episodes (movie_id, name, video_url)
	  VALUES (70, 'Tập 366', 'https://player.phimapi.com/player/?url=https://s3.phim1280.tv/20240325/nS38G5Ks/index.m3u8');
	INSERT INTO episodes (movie_id, name, video_url)
	  VALUES (70, 'Tập 367', 'https://player.phimapi.com/player/?url=https://s3.phim1280.tv/20240325/EUaXDMQ3/index.m3u8');
	INSERT INTO episodes (movie_id, name, video_url)
	  VALUES (70, 'Tập 368', 'https://player.phimapi.com/player/?url=https://s3.phim1280.tv/20240325/3HtZZyR5/index.m3u8');
	INSERT INTO episodes (movie_id, name, video_url)
	  VALUES (70, 'Tập 369', 'https://player.phimapi.com/player/?url=https://s3.phim1280.tv/20240325/JBlIIXQy/index.m3u8');
	INSERT INTO episodes (movie_id, name, video_url)
	  VALUES (70, 'Tập 370', 'https://player.phimapi.com/player/?url=https://s3.phim1280.tv/20240325/X1zsc2W2/index.m3u8');
	INSERT INTO episodes (movie_id, name, video_url)
	  VALUES (70, 'Tập 371', 'https://player.phimapi.com/player/?url=https://s3.phim1280.tv/20240325/5cHDpbTU/index.m3u8');
	INSERT INTO episodes (movie_id, name, video_url)
	  VALUES (70, 'Tập 372', 'https://player.phimapi.com/player/?url=https://s3.phim1280.tv/20240325/9z316K1W/index.m3u8');
	INSERT INTO episodes (movie_id, name, video_url)
	  VALUES (70, 'Tập 373', 'https://player.phimapi.com/player/?url=https://s3.phim1280.tv/20240325/lqh8qGVJ/index.m3u8');
	INSERT INTO episodes (movie_id, name, video_url)
	  VALUES (70, 'Tập 374', 'https://player.phimapi.com/player/?url=https://s3.phim1280.tv/20240325/bwFmWTQ4/index.m3u8');
	INSERT INTO episodes (movie_id, name, video_url)
	  VALUES (70, 'Tập 375', 'https://player.phimapi.com/player/?url=https://s3.phim1280.tv/20240325/Y4BJqGl4/index.m3u8');
	INSERT INTO episodes (movie_id, name, video_url)
	  VALUES (70, 'Tập 376', 'https://player.phimapi.com/player/?url=https://s3.phim1280.tv/20240325/9IaVLPb6/index.m3u8');
	INSERT INTO episodes (movie_id, name, video_url)
	  VALUES (70, 'Tập 377', 'https://player.phimapi.com/player/?url=https://s3.phim1280.tv/20240325/IDuzJHgA/index.m3u8');
	INSERT INTO episodes (movie_id, name, video_url)
	  VALUES (70, 'Tập 378', 'https://player.phimapi.com/player/?url=https://s3.phim1280.tv/20240325/g373qpuC/index.m3u8');
	INSERT INTO episodes (movie_id, name, video_url)
	  VALUES (70, 'Tập 379', 'https://player.phimapi.com/player/?url=https://s3.phim1280.tv/20240325/6QcIoDnW/index.m3u8');
	INSERT INTO episodes (movie_id, name, video_url)
	  VALUES (70, 'Tập 380', 'https://player.phimapi.com/player/?url=https://s3.phim1280.tv/20240325/fYaTyMCR/index.m3u8');
	INSERT INTO episodes (movie_id, name, video_url)
	  VALUES (70, 'Tập 381', 'https://player.phimapi.com/player/?url=https://s3.phim1280.tv/20240325/yqWfmgCd/index.m3u8');
	INSERT INTO episodes (movie_id, name, video_url)
	  VALUES (70, 'Tập 382', 'https://player.phimapi.com/player/?url=https://s3.phim1280.tv/20240325/hGZWW6uv/index.m3u8');
	INSERT INTO episodes (movie_id, name, video_url)
	  VALUES (70, 'Tập 383', 'https://player.phimapi.com/player/?url=https://s3.phim1280.tv/20240325/3tK7sMo2/index.m3u8');
	INSERT INTO episodes (movie_id, name, video_url)
	  VALUES (70, 'Tập 384', 'https://player.phimapi.com/player/?url=https://s3.phim1280.tv/20240326/3tMs93GV/index.m3u8');
	INSERT INTO episodes (movie_id, name, video_url)
	  VALUES (70, 'Tập 385', 'https://player.phimapi.com/player/?url=https://s3.phim1280.tv/20240325/jqWE7ZGe/index.m3u8');
	INSERT INTO episodes (movie_id, name, video_url)
	  VALUES (70, 'Tập 386', 'https://player.phimapi.com/player/?url=https://s3.phim1280.tv/20240326/KkBB3063/index.m3u8');
	INSERT INTO episodes (movie_id, name, video_url)
	  VALUES (70, 'Tập 387', 'https://player.phimapi.com/player/?url=https://s3.phim1280.tv/20240325/kGCh2ykL/index.m3u8');
	INSERT INTO episodes (movie_id, name, video_url)
	  VALUES (70, 'Tập 388', 'https://player.phimapi.com/player/?url=https://s3.phim1280.tv/20240326/Yuv2N9Le/index.m3u8');
	INSERT INTO episodes (movie_id, name, video_url)
	  VALUES (70, 'Tập 389', 'https://player.phimapi.com/player/?url=https://s3.phim1280.tv/20240326/ojBhTsY5/index.m3u8');
	INSERT INTO episodes (movie_id, name, video_url)
	  VALUES (70, 'Tập 390', 'https://player.phimapi.com/player/?url=https://s3.phim1280.tv/20240326/fpwtRtFj/index.m3u8');
	INSERT INTO episodes (movie_id, name, video_url)
	  VALUES (70, 'Tập 391', 'https://player.phimapi.com/player/?url=https://s3.phim1280.tv/20240326/r8pRfz1b/index.m3u8');
	INSERT INTO episodes (movie_id, name, video_url)
	  VALUES (70, 'Tập 392', 'https://player.phimapi.com/player/?url=https://s3.phim1280.tv/20240326/efG1entE/index.m3u8');
	INSERT INTO episodes (movie_id, name, video_url)
	  VALUES (70, 'Tập 393', 'https://player.phimapi.com/player/?url=https://s3.phim1280.tv/20240326/PcrMPtJM/index.m3u8');
	INSERT INTO episodes (movie_id, name, video_url)
	  VALUES (70, 'Tập 394', 'https://player.phimapi.com/player/?url=https://s3.phim1280.tv/20240326/vf0uwLwt/index.m3u8');
	INSERT INTO episodes (movie_id, name, video_url)
	  VALUES (70, 'Tập 395', 'https://player.phimapi.com/player/?url=https://s3.phim1280.tv/20240326/w6tBR3n9/index.m3u8');
	INSERT INTO episodes (movie_id, name, video_url)
	  VALUES (70, 'Tập 396', 'https://player.phimapi.com/player/?url=https://s3.phim1280.tv/20240326/oeU4qInU/index.m3u8');
	INSERT INTO episodes (movie_id, name, video_url)
	  VALUES (70, 'Tập 397', 'https://player.phimapi.com/player/?url=https://s3.phim1280.tv/20240326/s4zjmisM/index.m3u8');
	INSERT INTO episodes (movie_id, name, video_url)
	  VALUES (70, 'Tập 398-399', 'https://player.phimapi.com/player/?url=https://s3.phim1280.tv/20240326/TiofqVKV/index.m3u8');
	INSERT INTO episodes (movie_id, name, video_url)
	  VALUES (70, 'Tập 400', 'https://player.phimapi.com/player/?url=https://s3.phim1280.tv/20240325/1CpMuUCv/index.m3u8');
	INSERT INTO episodes (movie_id, name, video_url)
	  VALUES (70, 'Tập 401', 'https://player.phimapi.com/player/?url=https://s3.phim1280.tv/20240326/NomHDIhd/index.m3u8');
	INSERT INTO episodes (movie_id, name, video_url)
	  VALUES (70, 'Tập 402', 'https://player.phimapi.com/player/?url=https://s3.phim1280.tv/20240326/PNYtjCdp/index.m3u8');
	INSERT INTO episodes (movie_id, name, video_url)
	  VALUES (70, 'Tập 403', 'https://player.phimapi.com/player/?url=https://s3.phim1280.tv/20240326/tPngZyuD/index.m3u8');
	INSERT INTO episodes (movie_id, name, video_url)
	  VALUES (70, 'Tập 404', 'https://player.phimapi.com/player/?url=https://s3.phim1280.tv/20240326/N8Gmg47Q/index.m3u8');
	INSERT INTO episodes (movie_id, name, video_url)
	  VALUES (70, 'Tập 405', 'https://player.phimapi.com/player/?url=https://s3.phim1280.tv/20240326/FBkWJ2qO/index.m3u8');
	INSERT INTO episodes (movie_id, name, video_url)
	  VALUES (70, 'Tập 406', 'https://player.phimapi.com/player/?url=https://s3.phim1280.tv/20240326/brkk9Btl/index.m3u8');
	INSERT INTO episodes (movie_id, name, video_url)
	  VALUES (70, 'Tập 407', 'https://player.phimapi.com/player/?url=https://s3.phim1280.tv/20240326/sxhcLpv2/index.m3u8');
	INSERT INTO episodes (movie_id, name, video_url)
	  VALUES (70, 'Tập 408', 'https://player.phimapi.com/player/?url=https://s3.phim1280.tv/20240326/dQM8FiUX/index.m3u8');
	INSERT INTO episodes (movie_id, name, video_url)
	  VALUES (70, 'Tập 409', 'https://player.phimapi.com/player/?url=https://s3.phim1280.tv/20240326/sTbCRqj7/index.m3u8');
	INSERT INTO episodes (movie_id, name, video_url)
	  VALUES (70, 'Tập 410', 'https://player.phimapi.com/player/?url=https://s3.phim1280.tv/20240326/DpA1Kxn9/index.m3u8');
	INSERT INTO episodes (movie_id, name, video_url)
	  VALUES (70, 'Tập 411', 'https://player.phimapi.com/player/?url=https://s3.phim1280.tv/20240326/xGXqUcje/index.m3u8');
	INSERT INTO episodes (movie_id, name, video_url)
	  VALUES (70, 'Tập 412', 'https://player.phimapi.com/player/?url=https://s3.phim1280.tv/20240326/nceh7pga/index.m3u8');
	INSERT INTO episodes (movie_id, name, video_url)
	  VALUES (70, 'Tập 413', 'https://player.phimapi.com/player/?url=https://s3.phim1280.tv/20240326/Xhp64wht/index.m3u8');
	INSERT INTO episodes (movie_id, name, video_url)
	  VALUES (70, 'Tập 414', 'https://player.phimapi.com/player/?url=https://s3.phim1280.tv/20240326/tRGxXKov/index.m3u8');
	INSERT INTO episodes (movie_id, name, video_url)
	  VALUES (70, 'Tập 415', 'https://player.phimapi.com/player/?url=https://s3.phim1280.tv/20240326/VutyoH9K/index.m3u8');
	INSERT INTO episodes (movie_id, name, video_url)
	  VALUES (70, 'Tập 416', 'https://player.phimapi.com/player/?url=https://s3.phim1280.tv/20240326/k3ClCepO/index.m3u8');
	INSERT INTO episodes (movie_id, name, video_url)
	  VALUES (70, 'Tập 417', 'https://player.phimapi.com/player/?url=https://s3.phim1280.tv/20240327/ge6gksRd/index.m3u8');
	INSERT INTO episodes (movie_id, name, video_url)
	  VALUES (70, 'Tập 418', 'https://player.phimapi.com/player/?url=https://s3.phim1280.tv/20240327/8hOygISJ/index.m3u8');
	INSERT INTO episodes (movie_id, name, video_url)
	  VALUES (70, 'Tập 419', 'https://player.phimapi.com/player/?url=https://s3.phim1280.tv/20240327/TDMPe3vw/index.m3u8');
	INSERT INTO episodes (movie_id, name, video_url)
	  VALUES (70, 'Tập 420', 'https://player.phimapi.com/player/?url=https://s3.phim1280.tv/20240327/zJ6nvFi2/index.m3u8');
	INSERT INTO episodes (movie_id, name, video_url)
	  VALUES (70, 'Tập 421', 'https://player.phimapi.com/player/?url=https://s3.phim1280.tv/20240327/0uqURGHD/index.m3u8');
	INSERT INTO episodes (movie_id, name, video_url)
	  VALUES (70, 'Tập 422', 'https://player.phimapi.com/player/?url=https://s3.phim1280.tv/20240327/fY97ycfz/index.m3u8');
	INSERT INTO episodes (movie_id, name, video_url)
	  VALUES (70, 'Tập 423', 'https://player.phimapi.com/player/?url=https://s3.phim1280.tv/20240327/Yc6pbhVe/index.m3u8');
	INSERT INTO episodes (movie_id, name, video_url)
	  VALUES (70, 'Tập 424', 'https://player.phimapi.com/player/?url=https://s3.phim1280.tv/20240327/A7TiaKwC/index.m3u8');
	INSERT INTO episodes (movie_id, name, video_url)
	  VALUES (70, 'Tập 425', 'https://player.phimapi.com/player/?url=https://s3.phim1280.tv/20240327/nwBce04l/index.m3u8');
	INSERT INTO episodes (movie_id, name, video_url)
	  VALUES (70, 'Tập 426', 'https://player.phimapi.com/player/?url=https://s3.phim1280.tv/20240327/2bLVNRjO/index.m3u8');
	INSERT INTO episodes (movie_id, name, video_url)
	  VALUES (70, 'Tập 427', 'https://player.phimapi.com/player/?url=https://s3.phim1280.tv/20240327/daYgRYIr/index.m3u8');
	INSERT INTO episodes (movie_id, name, video_url)
	  VALUES (70, 'Tập 428', 'https://player.phimapi.com/player/?url=https://s3.phim1280.tv/20240327/rtFu1urq/index.m3u8');
	INSERT INTO episodes (movie_id, name, video_url)
	  VALUES (70, 'Tập 429', 'https://player.phimapi.com/player/?url=https://s3.phim1280.tv/20240327/Bu5f41XK/index.m3u8');
	INSERT INTO episodes (movie_id, name, video_url)
	  VALUES (70, 'Tập 430', 'https://player.phimapi.com/player/?url=https://s3.phim1280.tv/20240327/gXIlwc0B/index.m3u8');
	INSERT INTO episodes (movie_id, name, video_url)
	  VALUES (70, 'Tập 431', 'https://player.phimapi.com/player/?url=https://s3.phim1280.tv/20240327/A9R66lIl/index.m3u8');
	INSERT INTO episodes (movie_id, name, video_url)
	  VALUES (70, 'Tập 432', 'https://player.phimapi.com/player/?url=https://s3.phim1280.tv/20240327/Od9H50Pv/index.m3u8');
	INSERT INTO episodes (movie_id, name, video_url)
	  VALUES (70, 'Tập 433', 'https://player.phimapi.com/player/?url=https://s3.phim1280.tv/20240327/7D97gCnY/index.m3u8');
	INSERT INTO episodes (movie_id, name, video_url)
	  VALUES (70, 'Tập 434', 'https://player.phimapi.com/player/?url=https://s3.phim1280.tv/20240327/pdR65RIo/index.m3u8');
	INSERT INTO episodes (movie_id, name, video_url)
	  VALUES (70, 'Tập 435', 'https://player.phimapi.com/player/?url=https://s3.phim1280.tv/20240327/LH2ASqBR/index.m3u8');
	INSERT INTO episodes (movie_id, name, video_url)
	  VALUES (70, 'Tập 436', 'https://player.phimapi.com/player/?url=https://s3.phim1280.tv/20240327/Poy6RPrM/index.m3u8');
	INSERT INTO episodes (movie_id, name, video_url)
	  VALUES (70, 'Tập 437', 'https://player.phimapi.com/player/?url=https://s3.phim1280.tv/20240327/DbDEpuqx/index.m3u8');
	INSERT INTO episodes (movie_id, name, video_url)
	  VALUES (70, 'Tập 438', 'https://player.phimapi.com/player/?url=https://s3.phim1280.tv/20240327/joxygL3W/index.m3u8');
	INSERT INTO episodes (movie_id, name, video_url)
	  VALUES (70, 'Tập 439', 'https://player.phimapi.com/player/?url=https://s3.phim1280.tv/20240327/0PR2RtR2/index.m3u8');
	INSERT INTO episodes (movie_id, name, video_url)
	  VALUES (70, 'Tập 440', 'https://player.phimapi.com/player/?url=https://s3.phim1280.tv/20240327/5PTBvqBx/index.m3u8');
	INSERT INTO episodes (movie_id, name, video_url)
	  VALUES (70, 'Tập 441', 'https://player.phimapi.com/player/?url=https://s3.phim1280.tv/20240327/wfb3ukdQ/index.m3u8');
	INSERT INTO episodes (movie_id, name, video_url)
	  VALUES (70, 'Tập 442', 'https://player.phimapi.com/player/?url=https://s3.phim1280.tv/20240327/ZAhOKvCv/index.m3u8');
	INSERT INTO episodes (movie_id, name, video_url)
	  VALUES (70, 'Tập 443', 'https://player.phimapi.com/player/?url=https://s3.phim1280.tv/20240327/37OWrxCa/index.m3u8');
	INSERT INTO episodes (movie_id, name, video_url)
	  VALUES (70, 'Tập 444', 'https://player.phimapi.com/player/?url=https://s3.phim1280.tv/20240327/LEqq6dMF/index.m3u8');
	INSERT INTO episodes (movie_id, name, video_url)
	  VALUES (70, 'Tập 445', 'https://player.phimapi.com/player/?url=https://s3.phim1280.tv/20240327/FViGcWma/index.m3u8');
	INSERT INTO episodes (movie_id, name, video_url)
	  VALUES (70, 'Tập 446', 'https://player.phimapi.com/player/?url=https://s3.phim1280.tv/20240327/kLkwsyc0/index.m3u8');
	INSERT INTO episodes (movie_id, name, video_url)
	  VALUES (70, 'Tập 447', 'https://player.phimapi.com/player/?url=https://s3.phim1280.tv/20240327/ZQ9JkMtR/index.m3u8');
	INSERT INTO episodes (movie_id, name, video_url)
	  VALUES (70, 'Tập 448', 'https://player.phimapi.com/player/?url=https://s3.phim1280.tv/20240327/RidqR27O/index.m3u8');
	INSERT INTO episodes (movie_id, name, video_url)
	  VALUES (70, 'Tập 449', 'https://player.phimapi.com/player/?url=https://s3.phim1280.tv/20240327/aOPRzn3s/index.m3u8');
	INSERT INTO episodes (movie_id, name, video_url)
	  VALUES (70, 'Tập 450', 'https://player.phimapi.com/player/?url=https://s3.phim1280.tv/20240327/wteCZG0T/index.m3u8');
	INSERT INTO episodes (movie_id, name, video_url)
	  VALUES (70, 'Tập 451', 'https://player.phimapi.com/player/?url=https://s3.phim1280.tv/20240327/WECThcQ9/index.m3u8');
	INSERT INTO episodes (movie_id, name, video_url)
	  VALUES (70, 'Tập 452', 'https://player.phimapi.com/player/?url=https://s3.phim1280.tv/20240327/8fkKEhMA/index.m3u8');
	INSERT INTO episodes (movie_id, name, video_url)
	  VALUES (70, 'Tập 453', 'https://player.phimapi.com/player/?url=https://s3.phim1280.tv/20240327/k5bkLJB1/index.m3u8');
	INSERT INTO episodes (movie_id, name, video_url)
	  VALUES (70, 'Tập 454', 'https://player.phimapi.com/player/?url=https://s3.phim1280.tv/20240327/U3PMiL2n/index.m3u8');
	INSERT INTO episodes (movie_id, name, video_url)
	  VALUES (70, 'Tập 455', 'https://player.phimapi.com/player/?url=https://s3.phim1280.tv/20240327/w4ggvh0Q/index.m3u8');
	INSERT INTO episodes (movie_id, name, video_url)
	  VALUES (70, 'Tập 456', 'https://player.phimapi.com/player/?url=https://s3.phim1280.tv/20240327/rLPUzk5z/index.m3u8');
	INSERT INTO episodes (movie_id, name, video_url)
	  VALUES (70, 'Tập 457', 'https://player.phimapi.com/player/?url=https://s3.phim1280.tv/20240327/ww1mkjvj/index.m3u8');
	INSERT INTO episodes (movie_id, name, video_url)
	  VALUES (70, 'Tập 458', 'https://player.phimapi.com/player/?url=https://s3.phim1280.tv/20240327/jnIAJXuL/index.m3u8');
	INSERT INTO episodes (movie_id, name, video_url)
	  VALUES (70, 'Tập 459', 'https://player.phimapi.com/player/?url=https://s3.phim1280.tv/20240327/HNpbSM6L/index.m3u8');
	INSERT INTO episodes (movie_id, name, video_url)
	  VALUES (70, 'Tập 460', 'https://player.phimapi.com/player/?url=https://s3.phim1280.tv/20240327/TwAsPFoX/index.m3u8');
	INSERT INTO episodes (movie_id, name, video_url)
	  VALUES (70, 'Tập 461', 'https://player.phimapi.com/player/?url=https://s3.phim1280.tv/20240327/5jMxgmk4/index.m3u8');
	INSERT INTO episodes (movie_id, name, video_url)
	  VALUES (70, 'Tập 462', 'https://player.phimapi.com/player/?url=https://s3.phim1280.tv/20240327/KSvgZsKQ/index.m3u8');
	INSERT INTO episodes (movie_id, name, video_url)
	  VALUES (70, 'Tập 463', 'https://player.phimapi.com/player/?url=https://s3.phim1280.tv/20240327/NqVlIB2y/index.m3u8');
	INSERT INTO episodes (movie_id, name, video_url)
	  VALUES (70, 'Tập 464', 'https://player.phimapi.com/player/?url=https://s3.phim1280.tv/20240327/YaR1YjSD/index.m3u8');
	INSERT INTO episodes (movie_id, name, video_url)
	  VALUES (70, 'Tập 465', 'https://player.phimapi.com/player/?url=https://s3.phim1280.tv/20240327/qb4VIlyL/index.m3u8');
	INSERT INTO episodes (movie_id, name, video_url)
	  VALUES (70, 'Tập 466', 'https://player.phimapi.com/player/?url=https://s3.phim1280.tv/20240327/8V3OPTpT/index.m3u8');
	INSERT INTO episodes (movie_id, name, video_url)
	  VALUES (70, 'Tập 467', 'https://player.phimapi.com/player/?url=https://s3.phim1280.tv/20240327/xq0RskYs/index.m3u8');
	INSERT INTO episodes (movie_id, name, video_url)
	  VALUES (70, 'Tập 468', 'https://player.phimapi.com/player/?url=https://s3.phim1280.tv/20240327/8a2NSweG/index.m3u8');
	INSERT INTO episodes (movie_id, name, video_url)
	  VALUES (70, 'Tập 469', 'https://player.phimapi.com/player/?url=https://s3.phim1280.tv/20240327/zMQj6clc/index.m3u8');
	INSERT INTO episodes (movie_id, name, video_url)
	  VALUES (70, 'Tập 470', 'https://player.phimapi.com/player/?url=https://s3.phim1280.tv/20240327/IIwuaWqW/index.m3u8');
	INSERT INTO episodes (movie_id, name, video_url)
	  VALUES (70, 'Tập 471', 'https://player.phimapi.com/player/?url=https://s3.phim1280.tv/20240327/OFUOQpW9/index.m3u8');
	INSERT INTO episodes (movie_id, name, video_url)
	  VALUES (70, 'Tập 472', 'https://player.phimapi.com/player/?url=https://s3.phim1280.tv/20240327/O0t7bFGF/index.m3u8');
	INSERT INTO episodes (movie_id, name, video_url)
	  VALUES (70, 'Tập 473', 'https://player.phimapi.com/player/?url=https://s3.phim1280.tv/20240327/BG7adiRY/index.m3u8');
	INSERT INTO episodes (movie_id, name, video_url)
	  VALUES (70, 'Tập 474', 'https://player.phimapi.com/player/?url=https://s3.phim1280.tv/20240327/Nz3GZ93K/index.m3u8');
	INSERT INTO episodes (movie_id, name, video_url)
	  VALUES (70, 'Tập 475', 'https://player.phimapi.com/player/?url=https://s3.phim1280.tv/20240327/uQNPQ6RG/index.m3u8');
	INSERT INTO episodes (movie_id, name, video_url)
	  VALUES (70, 'Tập 476', 'https://player.phimapi.com/player/?url=https://s3.phim1280.tv/20240327/IwgpsiTE/index.m3u8');
	INSERT INTO episodes (movie_id, name, video_url)
	  VALUES (70, 'Tập 477', 'https://player.phimapi.com/player/?url=https://s3.phim1280.tv/20240327/9km5rNjc/index.m3u8');
	INSERT INTO episodes (movie_id, name, video_url)
	  VALUES (70, 'Tập 478', 'https://player.phimapi.com/player/?url=https://s3.phim1280.tv/20240327/86GQWKzD/index.m3u8');
	INSERT INTO episodes (movie_id, name, video_url)
	  VALUES (70, 'Tập 479', 'https://player.phimapi.com/player/?url=https://s3.phim1280.tv/20240327/RJpDe5qu/index.m3u8');
	INSERT INTO episodes (movie_id, name, video_url)
	  VALUES (70, 'Tập 480', 'https://player.phimapi.com/player/?url=https://s3.phim1280.tv/20240327/z0Gp3yAX/index.m3u8');
	INSERT INTO episodes (movie_id, name, video_url)
	  VALUES (70, 'Tập 481', 'https://player.phimapi.com/player/?url=https://s3.phim1280.tv/20240327/NweBd9ap/index.m3u8');
	INSERT INTO episodes (movie_id, name, video_url)
	  VALUES (70, 'Tập 482', 'https://player.phimapi.com/player/?url=https://s3.phim1280.tv/20240327/7S43xPsd/index.m3u8');
	INSERT INTO episodes (movie_id, name, video_url)
	  VALUES (70, 'Tập 483', 'https://player.phimapi.com/player/?url=https://s3.phim1280.tv/20240327/wLyNPIRb/index.m3u8');
	INSERT INTO episodes (movie_id, name, video_url)
	  VALUES (70, 'Tập 484', 'https://player.phimapi.com/player/?url=https://s3.phim1280.tv/20240327/iRri1zzX/index.m3u8');
	INSERT INTO episodes (movie_id, name, video_url)
	  VALUES (70, 'Tập 485', 'https://player.phimapi.com/player/?url=https://s3.phim1280.tv/20240327/2fpIZZOT/index.m3u8');
	INSERT INTO episodes (movie_id, name, video_url)
	  VALUES (70, 'Tập 486', 'https://player.phimapi.com/player/?url=https://s3.phim1280.tv/20240327/1BGZXbZ3/index.m3u8');
	INSERT INTO episodes (movie_id, name, video_url)
	  VALUES (70, 'Tập 487', 'https://player.phimapi.com/player/?url=https://s3.phim1280.tv/20240327/zyRZVF3i/index.m3u8');
	INSERT INTO episodes (movie_id, name, video_url)
	  VALUES (70, 'Tập 488', 'https://player.phimapi.com/player/?url=https://s3.phim1280.tv/20240327/8EI5c6ek/index.m3u8');
	INSERT INTO episodes (movie_id, name, video_url)
	  VALUES (70, 'Tập 489', 'https://player.phimapi.com/player/?url=https://s3.phim1280.tv/20240327/Do33JN0i/index.m3u8');
	INSERT INTO episodes (movie_id, name, video_url)
	  VALUES (70, 'Tập 490', 'https://player.phimapi.com/player/?url=https://s3.phim1280.tv/20240327/x2TRq0BF/index.m3u8');
	INSERT INTO episodes (movie_id, name, video_url)
	  VALUES (70, 'Tập 491', 'https://player.phimapi.com/player/?url=https://s3.phim1280.tv/20240327/NsClmsym/index.m3u8');
	INSERT INTO episodes (movie_id, name, video_url)
	  VALUES (70, 'Tập 492', 'https://player.phimapi.com/player/?url=https://s3.phim1280.tv/20240327/SO1O9LMH/index.m3u8');
	INSERT INTO episodes (movie_id, name, video_url)
	  VALUES (70, 'Tập 493', 'https://player.phimapi.com/player/?url=https://s3.phim1280.tv/20240327/zcG78DbZ/index.m3u8');
	INSERT INTO episodes (movie_id, name, video_url)
	  VALUES (70, 'Tập 494', 'https://player.phimapi.com/player/?url=https://s3.phim1280.tv/20240327/2KM4bxe8/index.m3u8');
	INSERT INTO episodes (movie_id, name, video_url)
	  VALUES (70, 'Tập 495', 'https://player.phimapi.com/player/?url=https://s3.phim1280.tv/20240327/Isf1y4CJ/index.m3u8');
	INSERT INTO episodes (movie_id, name, video_url)
	  VALUES (70, 'Tập 496', 'https://player.phimapi.com/player/?url=https://s3.phim1280.tv/20240327/MJXQIZiY/index.m3u8');
	INSERT INTO episodes (movie_id, name, video_url)
	  VALUES (70, 'Tập 497', 'https://player.phimapi.com/player/?url=https://s3.phim1280.tv/20240327/fPfO3LOv/index.m3u8');
	INSERT INTO episodes (movie_id, name, video_url)
	  VALUES (70, 'Tập 498', 'https://player.phimapi.com/player/?url=https://s3.phim1280.tv/20240327/RZeUUSuZ/index.m3u8');
	INSERT INTO episodes (movie_id, name, video_url)
	  VALUES (70, 'Tập 499', 'https://player.phimapi.com/player/?url=https://s3.phim1280.tv/20240327/0n1QG262/index.m3u8');
	INSERT INTO episodes (movie_id, name, video_url)
	  VALUES (70, 'Tập 500', 'https://player.phimapi.com/player/?url=https://s3.phim1280.tv/20240327/bUC29L3n/index.m3u8');
	INSERT INTO episodes (movie_id, name, video_url)
	  VALUES (70, 'Tập 501', 'https://player.phimapi.com/player/?url=https://s3.phim1280.tv/20240327/kxJtlm4p/index.m3u8');
	INSERT INTO episodes (movie_id, name, video_url)
	  VALUES (70, 'Tập 502', 'https://player.phimapi.com/player/?url=https://s3.phim1280.tv/20240327/usX09Amk/index.m3u8');
	INSERT INTO episodes (movie_id, name, video_url)
	  VALUES (70, 'Tập 503', 'https://player.phimapi.com/player/?url=https://s3.phim1280.tv/20240327/KwmGRay4/index.m3u8');
	INSERT INTO episodes (movie_id, name, video_url)
	  VALUES (70, 'Tập 504', 'https://player.phimapi.com/player/?url=https://s3.phim1280.tv/20240327/LRKjvKmv/index.m3u8');
	INSERT INTO episodes (movie_id, name, video_url)
	  VALUES (70, 'Tập 505', 'https://player.phimapi.com/player/?url=https://s3.phim1280.tv/20240327/l37rzcfT/index.m3u8');
	INSERT INTO episodes (movie_id, name, video_url)
	  VALUES (70, 'Tập 506', 'https://player.phimapi.com/player/?url=https://s3.phim1280.tv/20240327/0zHz3zWk/index.m3u8');
	INSERT INTO episodes (movie_id, name, video_url)
	  VALUES (70, 'Tập 507', 'https://player.phimapi.com/player/?url=https://s3.phim1280.tv/20240328/exmAhkQL/index.m3u8');
	INSERT INTO episodes (movie_id, name, video_url)
	  VALUES (70, 'Tập 508', 'https://player.phimapi.com/player/?url=https://s3.phim1280.tv/20240328/pEG5r0Xv/index.m3u8');
	INSERT INTO episodes (movie_id, name, video_url)
	  VALUES (70, 'Tập 509', 'https://player.phimapi.com/player/?url=https://s3.phim1280.tv/20240328/IvTwrhXV/index.m3u8');
	INSERT INTO episodes (movie_id, name, video_url)
	  VALUES (70, 'Tập 510', 'https://player.phimapi.com/player/?url=https://s3.phim1280.tv/20240328/t8uy8Jkr/index.m3u8');
	INSERT INTO episodes (movie_id, name, video_url)
	  VALUES (70, 'Tập 511', 'https://player.phimapi.com/player/?url=https://s3.phim1280.tv/20240328/ApM0dV7n/index.m3u8');
	INSERT INTO episodes (movie_id, name, video_url)
	  VALUES (70, 'Tập 512', 'https://player.phimapi.com/player/?url=https://s3.phim1280.tv/20240328/VfgE9wvy/index.m3u8');
	INSERT INTO episodes (movie_id, name, video_url)
	  VALUES (70, 'Tập 513', 'https://player.phimapi.com/player/?url=https://s3.phim1280.tv/20240328/of1iJIEf/index.m3u8');
	INSERT INTO episodes (movie_id, name, video_url)
	  VALUES (70, 'Tập 514', 'https://player.phimapi.com/player/?url=https://s3.phim1280.tv/20240328/1nL92YrI/index.m3u8');
	INSERT INTO episodes (movie_id, name, video_url)
	  VALUES (70, 'Tập 515', 'https://player.phimapi.com/player/?url=https://s3.phim1280.tv/20240328/lUaE8vTS/index.m3u8');
	INSERT INTO episodes (movie_id, name, video_url)
	  VALUES (70, 'Tập 516', 'https://player.phimapi.com/player/?url=https://s3.phim1280.tv/20240328/XQ8MBfCG/index.m3u8');
	INSERT INTO episodes (movie_id, name, video_url)
	  VALUES (70, 'Tập 517', 'https://player.phimapi.com/player/?url=https://s3.phim1280.tv/20240328/zie9fA3j/index.m3u8');
	INSERT INTO episodes (movie_id, name, video_url)
	  VALUES (70, 'Tập 518', 'https://player.phimapi.com/player/?url=https://s3.phim1280.tv/20240328/Use6eWKE/index.m3u8');
	INSERT INTO episodes (movie_id, name, video_url)
	  VALUES (70, 'Tập 519', 'https://player.phimapi.com/player/?url=https://s3.phim1280.tv/20240328/ZMEAvI0B/index.m3u8');
	INSERT INTO episodes (movie_id, name, video_url)
	  VALUES (70, 'Tập 520', 'https://player.phimapi.com/player/?url=https://s3.phim1280.tv/20240328/szk4QVji/index.m3u8');
	INSERT INTO episodes (movie_id, name, video_url)
	  VALUES (70, 'Tập 521', 'https://player.phimapi.com/player/?url=https://s3.phim1280.tv/20240328/FBQvuGLs/index.m3u8');
	INSERT INTO episodes (movie_id, name, video_url)
	  VALUES (70, 'Tập 522', 'https://player.phimapi.com/player/?url=https://s3.phim1280.tv/20240328/rmPTAiht/index.m3u8');
	INSERT INTO episodes (movie_id, name, video_url)
	  VALUES (70, 'Tập 523', 'https://player.phimapi.com/player/?url=https://s3.phim1280.tv/20240328/DLKcLaig/index.m3u8');
	INSERT INTO episodes (movie_id, name, video_url)
	  VALUES (70, 'Tập 524', 'https://player.phimapi.com/player/?url=https://s3.phim1280.tv/20240328/PaFzKWkj/index.m3u8');
	INSERT INTO episodes (movie_id, name, video_url)
	  VALUES (70, 'Tập 525', 'https://player.phimapi.com/player/?url=https://s3.phim1280.tv/20240328/EVPnB57h/index.m3u8');
	INSERT INTO episodes (movie_id, name, video_url)
	  VALUES (70, 'Tập 526', 'https://player.phimapi.com/player/?url=https://s3.phim1280.tv/20240328/y1v576Cs/index.m3u8');
	INSERT INTO episodes (movie_id, name, video_url)
	  VALUES (70, 'Tập 527', 'https://player.phimapi.com/player/?url=https://s3.phim1280.tv/20240328/0FUIVsPN/index.m3u8');
	INSERT INTO episodes (movie_id, name, video_url)
	  VALUES (70, 'Tập 528', 'https://player.phimapi.com/player/?url=https://s3.phim1280.tv/20240328/VW5pJpPj/index.m3u8');
	INSERT INTO episodes (movie_id, name, video_url)
	  VALUES (70, 'Tập 529', 'https://player.phimapi.com/player/?url=https://s3.phim1280.tv/20240328/1WO5IXtU/index.m3u8');
	INSERT INTO episodes (movie_id, name, video_url)
	  VALUES (70, 'Tập 530', 'https://player.phimapi.com/player/?url=https://s3.phim1280.tv/20240328/DeATMuRz/index.m3u8');
	INSERT INTO episodes (movie_id, name, video_url)
	  VALUES (70, 'Tập 531', 'https://player.phimapi.com/player/?url=https://s3.phim1280.tv/20240328/QrxLqOZS/index.m3u8');
	INSERT INTO episodes (movie_id, name, video_url)
	  VALUES (70, 'Tập 532', 'https://player.phimapi.com/player/?url=https://s3.phim1280.tv/20240328/gR1S3hbK/index.m3u8');
	INSERT INTO episodes (movie_id, name, video_url)
	  VALUES (70, 'Tập 533', 'https://player.phimapi.com/player/?url=https://s3.phim1280.tv/20240328/cT4z2T5Y/index.m3u8');
	INSERT INTO episodes (movie_id, name, video_url)
	  VALUES (70, 'Tập 534', 'https://player.phimapi.com/player/?url=https://s3.phim1280.tv/20240328/eWwR7EME/index.m3u8');
	INSERT INTO episodes (movie_id, name, video_url)
	  VALUES (70, 'Tập 535', 'https://player.phimapi.com/player/?url=https://s3.phim1280.tv/20240328/OfBEwTZM/index.m3u8');
	INSERT INTO episodes (movie_id, name, video_url)
	  VALUES (70, 'Tập 536', 'https://player.phimapi.com/player/?url=https://s3.phim1280.tv/20240328/n8Ah5Vwm/index.m3u8');
	INSERT INTO episodes (movie_id, name, video_url)
	  VALUES (70, 'Tập 537', 'https://player.phimapi.com/player/?url=https://s3.phim1280.tv/20240328/fpdEu9ic/index.m3u8');
	INSERT INTO episodes (movie_id, name, video_url)
	  VALUES (70, 'Tập 538', 'https://player.phimapi.com/player/?url=https://s3.phim1280.tv/20240328/V6Qbc5hM/index.m3u8');
	INSERT INTO episodes (movie_id, name, video_url)
	  VALUES (70, 'Tập 539', 'https://player.phimapi.com/player/?url=https://s3.phim1280.tv/20240328/la13kycX/index.m3u8');
	INSERT INTO episodes (movie_id, name, video_url)
	  VALUES (70, 'Tập 540', 'https://player.phimapi.com/player/?url=https://s3.phim1280.tv/20240328/akDYPlxp/index.m3u8');
	INSERT INTO episodes (movie_id, name, video_url)
	  VALUES (70, 'Tập 541', 'https://player.phimapi.com/player/?url=https://s3.phim1280.tv/20240328/IQPM3HNa/index.m3u8');
	INSERT INTO episodes (movie_id, name, video_url)
	  VALUES (70, 'Tập 542', 'https://player.phimapi.com/player/?url=https://s3.phim1280.tv/20240328/mrjGtw2E/index.m3u8');
	INSERT INTO episodes (movie_id, name, video_url)
	  VALUES (70, 'Tập 543', 'https://player.phimapi.com/player/?url=https://s3.phim1280.tv/20240328/OzYUbgUs/index.m3u8');
	INSERT INTO episodes (movie_id, name, video_url)
	  VALUES (70, 'Tập 544', 'https://player.phimapi.com/player/?url=https://s3.phim1280.tv/20240328/tGppqDk0/index.m3u8');
	INSERT INTO episodes (movie_id, name, video_url)
	  VALUES (70, 'Tập 545', 'https://player.phimapi.com/player/?url=https://s3.phim1280.tv/20240328/0dZTQ91h/index.m3u8');
	INSERT INTO episodes (movie_id, name, video_url)
	  VALUES (70, 'Tập 546', 'https://player.phimapi.com/player/?url=https://s3.phim1280.tv/20240328/OvCuFsKs/index.m3u8');
	INSERT INTO episodes (movie_id, name, video_url)
	  VALUES (70, 'Tập 547', 'https://player.phimapi.com/player/?url=https://s3.phim1280.tv/20240328/mM4wAiUx/index.m3u8');
	INSERT INTO episodes (movie_id, name, video_url)
	  VALUES (70, 'Tập 548', 'https://player.phimapi.com/player/?url=https://s3.phim1280.tv/20240328/R8jp1mo2/index.m3u8');
	INSERT INTO episodes (movie_id, name, video_url)
	  VALUES (70, 'Tập 549', 'https://player.phimapi.com/player/?url=https://s3.phim1280.tv/20240328/JR4NC4Lb/index.m3u8');
	INSERT INTO episodes (movie_id, name, video_url)
	  VALUES (70, 'Tập 550', 'https://player.phimapi.com/player/?url=https://s3.phim1280.tv/20240328/8vai20qg/index.m3u8');
	INSERT INTO episodes (movie_id, name, video_url)
	  VALUES (70, 'Tập 551', 'https://player.phimapi.com/player/?url=https://s3.phim1280.tv/20240328/wb3FlHXu/index.m3u8');
	INSERT INTO episodes (movie_id, name, video_url)
	  VALUES (70, 'Tập 552', 'https://player.phimapi.com/player/?url=https://s3.phim1280.tv/20240328/quqSjJJ4/index.m3u8');
	INSERT INTO episodes (movie_id, name, video_url)
	  VALUES (70, 'Tập 553', 'https://player.phimapi.com/player/?url=https://s3.phim1280.tv/20240328/FoODqSQb/index.m3u8');
	INSERT INTO episodes (movie_id, name, video_url)
	  VALUES (70, 'Tập 554', 'https://player.phimapi.com/player/?url=https://s3.phim1280.tv/20240328/bf53Ljhv/index.m3u8');
	INSERT INTO episodes (movie_id, name, video_url)
	  VALUES (70, 'Tập 555', 'https://player.phimapi.com/player/?url=https://s3.phim1280.tv/20240328/X63eh4gd/index.m3u8');
	INSERT INTO episodes (movie_id, name, video_url)
	  VALUES (70, 'Tập 556', 'https://player.phimapi.com/player/?url=https://s3.phim1280.tv/20240328/EzZClImD/index.m3u8');
	INSERT INTO episodes (movie_id, name, video_url)
	  VALUES (70, 'Tập 557', 'https://player.phimapi.com/player/?url=https://s3.phim1280.tv/20240328/hFgunW9D/index.m3u8');
	INSERT INTO episodes (movie_id, name, video_url)
	  VALUES (70, 'Tập 558', 'https://player.phimapi.com/player/?url=https://s3.phim1280.tv/20240328/h2GBIuGo/index.m3u8');
	INSERT INTO episodes (movie_id, name, video_url)
	  VALUES (70, 'Tập 559', 'https://player.phimapi.com/player/?url=https://s3.phim1280.tv/20240328/PABhQGTC/index.m3u8');
	INSERT INTO episodes (movie_id, name, video_url)
	  VALUES (70, 'Tập 560', 'https://player.phimapi.com/player/?url=https://s3.phim1280.tv/20240328/ZWLryQPD/index.m3u8');
	INSERT INTO episodes (movie_id, name, video_url)
	  VALUES (70, 'Tập 561', 'https://player.phimapi.com/player/?url=https://s3.phim1280.tv/20240328/mSftkp0P/index.m3u8');
	INSERT INTO episodes (movie_id, name, video_url)
	  VALUES (70, 'Tập 562', 'https://player.phimapi.com/player/?url=https://s3.phim1280.tv/20240328/SZ4v3nQh/index.m3u8');
	INSERT INTO episodes (movie_id, name, video_url)
	  VALUES (70, 'Tập 563', 'https://player.phimapi.com/player/?url=https://s3.phim1280.tv/20240328/IaLRpNGk/index.m3u8');
	INSERT INTO episodes (movie_id, name, video_url)
	  VALUES (70, 'Tập 564', 'https://player.phimapi.com/player/?url=https://s3.phim1280.tv/20240328/kNMFLHPH/index.m3u8');
	INSERT INTO episodes (movie_id, name, video_url)
	  VALUES (70, 'Tập 565', 'https://player.phimapi.com/player/?url=https://s3.phim1280.tv/20240328/JskY4stT/index.m3u8');
	INSERT INTO episodes (movie_id, name, video_url)
	  VALUES (70, 'Tập 566', 'https://player.phimapi.com/player/?url=https://s3.phim1280.tv/20240328/8N7S75Rf/index.m3u8');
	INSERT INTO episodes (movie_id, name, video_url)
	  VALUES (70, 'Tập 567', 'https://player.phimapi.com/player/?url=https://s3.phim1280.tv/20240328/jSixA5S5/index.m3u8');
	INSERT INTO episodes (movie_id, name, video_url)
	  VALUES (70, 'Tập 568', 'https://player.phimapi.com/player/?url=https://s3.phim1280.tv/20240328/igXJ5qNc/index.m3u8');
	INSERT INTO episodes (movie_id, name, video_url)
	  VALUES (70, 'Tập 569', 'https://player.phimapi.com/player/?url=https://s3.phim1280.tv/20240328/Dy9ppbUH/index.m3u8');
	INSERT INTO episodes (movie_id, name, video_url)
	  VALUES (70, 'Tập 570', 'https://player.phimapi.com/player/?url=https://s3.phim1280.tv/20240328/LeoyDogy/index.m3u8');
	INSERT INTO episodes (movie_id, name, video_url)
	  VALUES (70, 'Tập 571', 'https://player.phimapi.com/player/?url=https://s3.phim1280.tv/20240328/hCfKaU5p/index.m3u8');
	INSERT INTO episodes (movie_id, name, video_url)
	  VALUES (70, 'Tập 572', 'https://player.phimapi.com/player/?url=https://s3.phim1280.tv/20240328/3Rjeosi5/index.m3u8');
	INSERT INTO episodes (movie_id, name, video_url)
	  VALUES (70, 'Tập 573', 'https://player.phimapi.com/player/?url=https://s3.phim1280.tv/20240328/Fy5JJZfe/index.m3u8');
	INSERT INTO episodes (movie_id, name, video_url)
	  VALUES (70, 'Tập 574', 'https://player.phimapi.com/player/?url=https://s3.phim1280.tv/20240328/VJdfpLSx/index.m3u8');
	INSERT INTO episodes (movie_id, name, video_url)
	  VALUES (70, 'Tập 575', 'https://player.phimapi.com/player/?url=https://s3.phim1280.tv/20240328/rmi6ZR47/index.m3u8');
	INSERT INTO episodes (movie_id, name, video_url)
	  VALUES (70, 'Tập 576', 'https://player.phimapi.com/player/?url=https://s3.phim1280.tv/20240328/ttJymupu/index.m3u8');
	INSERT INTO episodes (movie_id, name, video_url)
	  VALUES (70, 'Tập 577', 'https://player.phimapi.com/player/?url=https://s3.phim1280.tv/20240328/xdyyk7wU/index.m3u8');
	INSERT INTO episodes (movie_id, name, video_url)
	  VALUES (70, 'Tập 578', 'https://player.phimapi.com/player/?url=https://s3.phim1280.tv/20240328/HHIProeP/index.m3u8');
	INSERT INTO episodes (movie_id, name, video_url)
	  VALUES (70, 'Tập 579', 'https://player.phimapi.com/player/?url=https://s3.phim1280.tv/20240328/9bpAhBtg/index.m3u8');
	INSERT INTO episodes (movie_id, name, video_url)
	  VALUES (70, 'Tập 580', 'https://player.phimapi.com/player/?url=https://s3.phim1280.tv/20240328/W4GDi1iL/index.m3u8');
	INSERT INTO episodes (movie_id, name, video_url)
	  VALUES (70, 'Tập 581', 'https://player.phimapi.com/player/?url=https://s3.phim1280.tv/20240328/hF5XAI99/index.m3u8');
	INSERT INTO episodes (movie_id, name, video_url)
	  VALUES (70, 'Tập 582', 'https://player.phimapi.com/player/?url=https://s3.phim1280.tv/20240328/NMPIaRXC/index.m3u8');
	INSERT INTO episodes (movie_id, name, video_url)
	  VALUES (70, 'Tập 583', 'https://player.phimapi.com/player/?url=https://s3.phim1280.tv/20240328/kAoFDYx1/index.m3u8');
	INSERT INTO episodes (movie_id, name, video_url)
	  VALUES (70, 'Tập 584', 'https://player.phimapi.com/player/?url=https://s3.phim1280.tv/20240328/HNQMbl54/index.m3u8');
	INSERT INTO episodes (movie_id, name, video_url)
	  VALUES (70, 'Tập 585', 'https://player.phimapi.com/player/?url=https://s3.phim1280.tv/20240328/kCFztRBw/index.m3u8');
	INSERT INTO episodes (movie_id, name, video_url)
	  VALUES (70, 'Tập 586', 'https://player.phimapi.com/player/?url=https://s3.phim1280.tv/20240328/jgct5dPY/index.m3u8');
	INSERT INTO episodes (movie_id, name, video_url)
	  VALUES (70, 'Tập 587', 'https://player.phimapi.com/player/?url=https://s3.phim1280.tv/20240328/kOdGK2Vm/index.m3u8');
	INSERT INTO episodes (movie_id, name, video_url)
	  VALUES (70, 'Tập 588', 'https://player.phimapi.com/player/?url=https://s3.phim1280.tv/20240328/L8EQaOlE/index.m3u8');
	INSERT INTO episodes (movie_id, name, video_url)
	  VALUES (70, 'Tập 589', 'https://player.phimapi.com/player/?url=https://s3.phim1280.tv/20240328/iKSgkHT0/index.m3u8');
	INSERT INTO episodes (movie_id, name, video_url)
	  VALUES (70, 'Tập 590', 'https://player.phimapi.com/player/?url=https://s3.phim1280.tv/20240328/FHufHXdT/index.m3u8');
	INSERT INTO episodes (movie_id, name, video_url)
	  VALUES (70, 'Tập 591', 'https://player.phimapi.com/player/?url=https://s3.phim1280.tv/20240328/ThcDtr6c/index.m3u8');
	INSERT INTO episodes (movie_id, name, video_url)
	  VALUES (70, 'Tập 592', 'https://player.phimapi.com/player/?url=https://s3.phim1280.tv/20240328/hyl71dEr/index.m3u8');
	INSERT INTO episodes (movie_id, name, video_url)
	  VALUES (70, 'Tập 593', 'https://player.phimapi.com/player/?url=https://s3.phim1280.tv/20240328/sn2hGnyp/index.m3u8');
	INSERT INTO episodes (movie_id, name, video_url)
	  VALUES (70, 'Tập 594', 'https://player.phimapi.com/player/?url=https://s3.phim1280.tv/20240328/UV917Mad/index.m3u8');
	INSERT INTO episodes (movie_id, name, video_url)
	  VALUES (70, 'Tập 595', 'https://player.phimapi.com/player/?url=https://s3.phim1280.tv/20240328/np6b1XdP/index.m3u8');
	INSERT INTO episodes (movie_id, name, video_url)
	  VALUES (70, 'Tập 596', 'https://player.phimapi.com/player/?url=https://s3.phim1280.tv/20240328/63VEScaT/index.m3u8');
	INSERT INTO episodes (movie_id, name, video_url)
	  VALUES (70, 'Tập 597', 'https://player.phimapi.com/player/?url=https://s3.phim1280.tv/20240328/MEpyglOl/index.m3u8');
	INSERT INTO episodes (movie_id, name, video_url)
	  VALUES (70, 'Tập 598', 'https://player.phimapi.com/player/?url=https://s3.phim1280.tv/20240328/boqkseFT/index.m3u8');
	INSERT INTO episodes (movie_id, name, video_url)
	  VALUES (70, 'Tập 599', 'https://player.phimapi.com/player/?url=https://s3.phim1280.tv/20240328/Xkh9CKpO/index.m3u8');
	INSERT INTO episodes (movie_id, name, video_url)
	  VALUES (70, 'Tập 600', 'https://player.phimapi.com/player/?url=https://s3.phim1280.tv/20240328/N6iiKAnt/index.m3u8');
	INSERT INTO episodes (movie_id, name, video_url)
	  VALUES (70, 'Tập 601', 'https://player.phimapi.com/player/?url=https://s3.phim1280.tv/20240328/Aho8buXM/index.m3u8');
	INSERT INTO episodes (movie_id, name, video_url)
	  VALUES (70, 'Tập 602', 'https://player.phimapi.com/player/?url=https://s3.phim1280.tv/20240328/PpTLHTs0/index.m3u8');
	INSERT INTO episodes (movie_id, name, video_url)
	  VALUES (70, 'Tập 603-604-605', 'https://player.phimapi.com/player/?url=https://s3.phim1280.tv/20240328/OYPBNCeI/index.m3u8');
	INSERT INTO episodes (movie_id, name, video_url)
	  VALUES (70, 'Tập 606', 'https://player.phimapi.com/player/?url=https://s3.phim1280.tv/20240328/8obBb5xo/index.m3u8');
	INSERT INTO episodes (movie_id, name, video_url)
	  VALUES (70, 'Tập 607', 'https://player.phimapi.com/player/?url=https://s3.phim1280.tv/20240328/yJqWwsg4/index.m3u8');
	INSERT INTO episodes (movie_id, name, video_url)
	  VALUES (70, 'Tập 608', 'https://player.phimapi.com/player/?url=https://s3.phim1280.tv/20240328/YUp107Pa/index.m3u8');
	INSERT INTO episodes (movie_id, name, video_url)
	  VALUES (70, 'Tập 609', 'https://player.phimapi.com/player/?url=https://s3.phim1280.tv/20240328/AeY6Zx6S/index.m3u8');
	INSERT INTO episodes (movie_id, name, video_url)
	  VALUES (70, 'Tập 610', 'https://player.phimapi.com/player/?url=https://s3.phim1280.tv/20240328/M8j9aWgm/index.m3u8');
	INSERT INTO episodes (movie_id, name, video_url)
	  VALUES (70, 'Tập 611', 'https://player.phimapi.com/player/?url=https://s3.phim1280.tv/20240328/QCsy9con/index.m3u8');
	INSERT INTO episodes (movie_id, name, video_url)
	  VALUES (70, 'Tập 612', 'https://player.phimapi.com/player/?url=https://s3.phim1280.tv/20240328/gZ6RBgn6/index.m3u8');
	INSERT INTO episodes (movie_id, name, video_url)
	  VALUES (70, 'Tập 613', 'https://player.phimapi.com/player/?url=https://s3.phim1280.tv/20240328/QFFJx180/index.m3u8');
	INSERT INTO episodes (movie_id, name, video_url)
	  VALUES (70, 'Tập 614', 'https://player.phimapi.com/player/?url=https://s3.phim1280.tv/20240328/HuyEj8ty/index.m3u8');
	INSERT INTO episodes (movie_id, name, video_url)
	  VALUES (70, 'Tập 615', 'https://player.phimapi.com/player/?url=https://s3.phim1280.tv/20240328/t6jbWl1b/index.m3u8');
	INSERT INTO episodes (movie_id, name, video_url)
	  VALUES (70, 'Tập 616', 'https://player.phimapi.com/player/?url=https://s3.phim1280.tv/20240328/lo8YIveK/index.m3u8');
	INSERT INTO episodes (movie_id, name, video_url)
	  VALUES (70, 'Tập 617', 'https://player.phimapi.com/player/?url=https://s3.phim1280.tv/20240328/0KfjZHE4/index.m3u8');
	INSERT INTO episodes (movie_id, name, video_url)
	  VALUES (70, 'Tập 618', 'https://player.phimapi.com/player/?url=https://s3.phim1280.tv/20240328/Xz6OoMib/index.m3u8');
	INSERT INTO episodes (movie_id, name, video_url)
	  VALUES (70, 'Tập 619', 'https://player.phimapi.com/player/?url=https://s3.phim1280.tv/20240328/i2xwpbLw/index.m3u8');
	INSERT INTO episodes (movie_id, name, video_url)
	  VALUES (70, 'Tập 620', 'https://player.phimapi.com/player/?url=https://s3.phim1280.tv/20240328/hjIHFn84/index.m3u8');
	INSERT INTO episodes (movie_id, name, video_url)
	  VALUES (70, 'Tập 621', 'https://player.phimapi.com/player/?url=https://s3.phim1280.tv/20240328/RCmMGGIW/index.m3u8');
	INSERT INTO episodes (movie_id, name, video_url)
	  VALUES (70, 'Tập 622', 'https://player.phimapi.com/player/?url=https://s3.phim1280.tv/20240328/DJW53q4j/index.m3u8');
	INSERT INTO episodes (movie_id, name, video_url)
	  VALUES (70, 'Tập 623', 'https://player.phimapi.com/player/?url=https://s3.phim1280.tv/20240328/IJoU0glD/index.m3u8');
	INSERT INTO episodes (movie_id, name, video_url)
	  VALUES (70, 'Tập 624', 'https://player.phimapi.com/player/?url=https://s3.phim1280.tv/20240328/xTsd2Moy/index.m3u8');
	INSERT INTO episodes (movie_id, name, video_url)
	  VALUES (70, 'Tập 625', 'https://player.phimapi.com/player/?url=https://s3.phim1280.tv/20240328/pGbeAzmk/index.m3u8');
	INSERT INTO episodes (movie_id, name, video_url)
	  VALUES (70, 'Tập 626', 'https://player.phimapi.com/player/?url=https://s3.phim1280.tv/20240328/xLeYjlU8/index.m3u8');
	INSERT INTO episodes (movie_id, name, video_url)
	  VALUES (70, 'Tập 627', 'https://player.phimapi.com/player/?url=https://s3.phim1280.tv/20240328/grqXH6iP/index.m3u8');
	INSERT INTO episodes (movie_id, name, video_url)
	  VALUES (70, 'Tập 628', 'https://player.phimapi.com/player/?url=https://s3.phim1280.tv/20240328/NNuCKk1U/index.m3u8');
	INSERT INTO episodes (movie_id, name, video_url)
	  VALUES (70, 'Tập 629', 'https://player.phimapi.com/player/?url=https://s3.phim1280.tv/20240328/3zBlxtHl/index.m3u8');
	INSERT INTO episodes (movie_id, name, video_url)
	  VALUES (70, 'Tập 630', 'https://player.phimapi.com/player/?url=https://s3.phim1280.tv/20240328/676HeeT2/index.m3u8');
	INSERT INTO episodes (movie_id, name, video_url)
	  VALUES (70, 'Tập 631', 'https://player.phimapi.com/player/?url=https://s3.phim1280.tv/20240328/yAgTVysf/index.m3u8');
	INSERT INTO episodes (movie_id, name, video_url)
	  VALUES (70, 'Tập 632', 'https://player.phimapi.com/player/?url=https://s3.phim1280.tv/20240328/XyscVppw/index.m3u8');
	INSERT INTO episodes (movie_id, name, video_url)
	  VALUES (70, 'Tập 633', 'https://player.phimapi.com/player/?url=https://s3.phim1280.tv/20240328/bBxd58a8/index.m3u8');
	INSERT INTO episodes (movie_id, name, video_url)
	  VALUES (70, 'Tập 634', 'https://player.phimapi.com/player/?url=https://s3.phim1280.tv/20240328/TBfIeEnO/index.m3u8');
	INSERT INTO episodes (movie_id, name, video_url)
	  VALUES (70, 'Tập 635', 'https://player.phimapi.com/player/?url=https://s3.phim1280.tv/20240328/apKiJIAP/index.m3u8');
	INSERT INTO episodes (movie_id, name, video_url)
	  VALUES (70, 'Tập 636', 'https://player.phimapi.com/player/?url=https://s3.phim1280.tv/20240328/8g7KkJG7/index.m3u8');
	INSERT INTO episodes (movie_id, name, video_url)
	  VALUES (70, 'Tập 637', 'https://player.phimapi.com/player/?url=https://s3.phim1280.tv/20240328/eEPQczKa/index.m3u8');
	INSERT INTO episodes (movie_id, name, video_url)
	  VALUES (70, 'Tập 638', 'https://player.phimapi.com/player/?url=https://s3.phim1280.tv/20240328/iH31K939/index.m3u8');
	INSERT INTO episodes (movie_id, name, video_url)
	  VALUES (70, 'Tập 639', 'https://player.phimapi.com/player/?url=https://s3.phim1280.tv/20240328/axQunHxB/index.m3u8');
	INSERT INTO episodes (movie_id, name, video_url)
	  VALUES (70, 'Tập 640', 'https://player.phimapi.com/player/?url=https://s3.phim1280.tv/20240328/jex5yd38/index.m3u8');
	INSERT INTO episodes (movie_id, name, video_url)
	  VALUES (70, 'Tập 641', 'https://player.phimapi.com/player/?url=https://s3.phim1280.tv/20240328/DDnkqfMA/index.m3u8');
	INSERT INTO episodes (movie_id, name, video_url)
	  VALUES (70, 'Tập 642', 'https://player.phimapi.com/player/?url=https://s3.phim1280.tv/20240328/JUOsVY2N/index.m3u8');
	INSERT INTO episodes (movie_id, name, video_url)
	  VALUES (70, 'Tập 643', 'https://player.phimapi.com/player/?url=https://s3.phim1280.tv/20240328/8NSrmr75/index.m3u8');
	INSERT INTO episodes (movie_id, name, video_url)
	  VALUES (70, 'Tập 644', 'https://player.phimapi.com/player/?url=https://s3.phim1280.tv/20240328/lH7VfHth/index.m3u8');
	INSERT INTO episodes (movie_id, name, video_url)
	  VALUES (70, 'Tập 645', 'https://player.phimapi.com/player/?url=https://s3.phim1280.tv/20240328/qHWXN7Gi/index.m3u8');
	INSERT INTO episodes (movie_id, name, video_url)
	  VALUES (70, 'Tập 646', 'https://player.phimapi.com/player/?url=https://s3.phim1280.tv/20240328/We5aUGIx/index.m3u8');
	INSERT INTO episodes (movie_id, name, video_url)
	  VALUES (70, 'Tập 647', 'https://player.phimapi.com/player/?url=https://s3.phim1280.tv/20240328/i29iu5kB/index.m3u8');
	INSERT INTO episodes (movie_id, name, video_url)
	  VALUES (70, 'Tập 648', 'https://player.phimapi.com/player/?url=https://s3.phim1280.tv/20240328/fiv4UtbY/index.m3u8');
	INSERT INTO episodes (movie_id, name, video_url)
	  VALUES (70, 'Tập 649', 'https://player.phimapi.com/player/?url=https://s3.phim1280.tv/20240328/GfSlkSc2/index.m3u8');
	INSERT INTO episodes (movie_id, name, video_url)
	  VALUES (70, 'Tập 650', 'https://player.phimapi.com/player/?url=https://s3.phim1280.tv/20240328/LCcnolmr/index.m3u8');
	INSERT INTO episodes (movie_id, name, video_url)
	  VALUES (70, 'Tập 651', 'https://player.phimapi.com/player/?url=https://s3.phim1280.tv/20240328/45JHMFGq/index.m3u8');
	INSERT INTO episodes (movie_id, name, video_url)
	  VALUES (70, 'Tập 652', 'https://player.phimapi.com/player/?url=https://s3.phim1280.tv/20240328/HtSAw9oR/index.m3u8');
	INSERT INTO episodes (movie_id, name, video_url)
	  VALUES (70, 'Tập 653', 'https://player.phimapi.com/player/?url=https://s3.phim1280.tv/20240328/lWcjJHXJ/index.m3u8');
	INSERT INTO episodes (movie_id, name, video_url)
	  VALUES (70, 'Tập 654', 'https://player.phimapi.com/player/?url=https://s3.phim1280.tv/20240328/qRquOJqs/index.m3u8');
	INSERT INTO episodes (movie_id, name, video_url)
	  VALUES (70, 'Tập 655', 'https://player.phimapi.com/player/?url=https://s3.phim1280.tv/20240328/6Q7DHSUG/index.m3u8');
	INSERT INTO episodes (movie_id, name, video_url)
	  VALUES (70, 'Tập 656', 'https://player.phimapi.com/player/?url=https://s3.phim1280.tv/20240328/1ZrV1hDn/index.m3u8');
	INSERT INTO episodes (movie_id, name, video_url)
	  VALUES (70, 'Tập 657', 'https://player.phimapi.com/player/?url=https://s3.phim1280.tv/20240328/8TdLgUcU/index.m3u8');
	INSERT INTO episodes (movie_id, name, video_url)
	  VALUES (70, 'Tập 658', 'https://player.phimapi.com/player/?url=https://s3.phim1280.tv/20240328/tzRK1A5T/index.m3u8');
	INSERT INTO episodes (movie_id, name, video_url)
	  VALUES (70, 'Tập 659', 'https://player.phimapi.com/player/?url=https://s3.phim1280.tv/20240328/JdyXtDPO/index.m3u8');
	INSERT INTO episodes (movie_id, name, video_url)
	  VALUES (70, 'Tập 660', 'https://player.phimapi.com/player/?url=https://s3.phim1280.tv/20240328/9eBAufXF/index.m3u8');
	INSERT INTO episodes (movie_id, name, video_url)
	  VALUES (70, 'Tập 661', 'https://player.phimapi.com/player/?url=https://s3.phim1280.tv/20240328/o2KD2qQm/index.m3u8');
	INSERT INTO episodes (movie_id, name, video_url)
	  VALUES (70, 'Tập 662', 'https://player.phimapi.com/player/?url=https://s3.phim1280.tv/20240328/iVB6UQrx/index.m3u8');
	INSERT INTO episodes (movie_id, name, video_url)
	  VALUES (70, 'Tập 663', 'https://player.phimapi.com/player/?url=https://s3.phim1280.tv/20240328/EsyZMsS4/index.m3u8');
	INSERT INTO episodes (movie_id, name, video_url)
	  VALUES (70, 'Tập 664', 'https://player.phimapi.com/player/?url=https://s3.phim1280.tv/20240328/y5tXQ8Dw/index.m3u8');
	INSERT INTO episodes (movie_id, name, video_url)
	  VALUES (70, 'Tập 665', 'https://player.phimapi.com/player/?url=https://s3.phim1280.tv/20240328/UtTE4YBk/index.m3u8');
	INSERT INTO episodes (movie_id, name, video_url)
	  VALUES (70, 'Tập 666', 'https://player.phimapi.com/player/?url=https://s3.phim1280.tv/20240328/NXsaRVWc/index.m3u8');
	INSERT INTO episodes (movie_id, name, video_url)
	  VALUES (70, 'Tập 667', 'https://player.phimapi.com/player/?url=https://s3.phim1280.tv/20240328/DpqMClQ8/index.m3u8');
	INSERT INTO episodes (movie_id, name, video_url)
	  VALUES (70, 'Tập 668', 'https://player.phimapi.com/player/?url=https://s3.phim1280.tv/20240328/yIRF4y2c/index.m3u8');
	INSERT INTO episodes (movie_id, name, video_url)
	  VALUES (70, 'Tập 669', 'https://player.phimapi.com/player/?url=https://s3.phim1280.tv/20240328/PBq3WR0v/index.m3u8');
	INSERT INTO episodes (movie_id, name, video_url)
	  VALUES (70, 'Tập 670', 'https://player.phimapi.com/player/?url=https://s3.phim1280.tv/20240328/D1kg2cNi/index.m3u8');
	INSERT INTO episodes (movie_id, name, video_url)
	  VALUES (70, 'Tập 671', 'https://player.phimapi.com/player/?url=https://s3.phim1280.tv/20240328/kVP6HoR3/index.m3u8');
	INSERT INTO episodes (movie_id, name, video_url)
	  VALUES (70, 'Tập 672', 'https://player.phimapi.com/player/?url=https://s3.phim1280.tv/20240328/0aR1T2w2/index.m3u8');
	INSERT INTO episodes (movie_id, name, video_url)
	  VALUES (70, 'Tập 673', 'https://player.phimapi.com/player/?url=https://s3.phim1280.tv/20240328/cl1zh0q0/index.m3u8');
	INSERT INTO episodes (movie_id, name, video_url)
	  VALUES (70, 'Tập 674', 'https://player.phimapi.com/player/?url=https://s3.phim1280.tv/20240328/En96UWT9/index.m3u8');
	INSERT INTO episodes (movie_id, name, video_url)
	  VALUES (70, 'Tập 675', 'https://player.phimapi.com/player/?url=https://s3.phim1280.tv/20240328/mw6plJ80/index.m3u8');
	INSERT INTO episodes (movie_id, name, video_url)
	  VALUES (70, 'Tập 676', 'https://player.phimapi.com/player/?url=https://s3.phim1280.tv/20240328/mxYMZCuF/index.m3u8');
	INSERT INTO episodes (movie_id, name, video_url)
	  VALUES (70, 'Tập 677', 'https://player.phimapi.com/player/?url=https://s3.phim1280.tv/20240328/gFd3fdeq/index.m3u8');
	INSERT INTO episodes (movie_id, name, video_url)
	  VALUES (70, 'Tập 678', 'https://player.phimapi.com/player/?url=https://s3.phim1280.tv/20240328/3GCw6NzD/index.m3u8');
	INSERT INTO episodes (movie_id, name, video_url)
	  VALUES (70, 'Tập 679', 'https://player.phimapi.com/player/?url=https://s3.phim1280.tv/20240328/Dr5Cvfru/index.m3u8');
	INSERT INTO episodes (movie_id, name, video_url)
	  VALUES (70, 'Tập 680', 'https://player.phimapi.com/player/?url=https://s3.phim1280.tv/20240328/e6smZwbU/index.m3u8');
	INSERT INTO episodes (movie_id, name, video_url)
	  VALUES (70, 'Tập 681', 'https://player.phimapi.com/player/?url=https://s3.phim1280.tv/20240328/8CQhLiw6/index.m3u8');
	INSERT INTO episodes (movie_id, name, video_url)
	  VALUES (70, 'Tập 682', 'https://player.phimapi.com/player/?url=https://s3.phim1280.tv/20240328/3yCgfBRe/index.m3u8');
	INSERT INTO episodes (movie_id, name, video_url)
	  VALUES (70, 'Tập 683', 'https://player.phimapi.com/player/?url=https://s3.phim1280.tv/20240328/mojgAyDT/index.m3u8');
	INSERT INTO episodes (movie_id, name, video_url)
	  VALUES (70, 'Tập 684', 'https://player.phimapi.com/player/?url=https://s3.phim1280.tv/20240328/2xqsrU2U/index.m3u8');
	INSERT INTO episodes (movie_id, name, video_url)
	  VALUES (70, 'Tập 685', 'https://player.phimapi.com/player/?url=https://s3.phim1280.tv/20240328/MZwsVaHo/index.m3u8');
	INSERT INTO episodes (movie_id, name, video_url)
	  VALUES (70, 'Tập 686', 'https://player.phimapi.com/player/?url=https://s3.phim1280.tv/20240328/fxTReaAe/index.m3u8');
	INSERT INTO episodes (movie_id, name, video_url)
	  VALUES (70, 'Tập 687', 'https://player.phimapi.com/player/?url=https://s3.phim1280.tv/20240328/bAL3hTCr/index.m3u8');
	INSERT INTO episodes (movie_id, name, video_url)
	  VALUES (70, 'Tập 688', 'https://player.phimapi.com/player/?url=https://s3.phim1280.tv/20240328/G13L9gu5/index.m3u8');
	INSERT INTO episodes (movie_id, name, video_url)
	  VALUES (70, 'Tập 689', 'https://player.phimapi.com/player/?url=https://s3.phim1280.tv/20240328/RwLb0VjL/index.m3u8');
	INSERT INTO episodes (movie_id, name, video_url)
	  VALUES (70, 'Tập 690', 'https://player.phimapi.com/player/?url=https://s3.phim1280.tv/20240328/1FZtWOAe/index.m3u8');
	INSERT INTO episodes (movie_id, name, video_url)
	  VALUES (70, 'Tập 691', 'https://player.phimapi.com/player/?url=https://s3.phim1280.tv/20240328/4MP0Rvr4/index.m3u8');
	INSERT INTO episodes (movie_id, name, video_url)
	  VALUES (70, 'Tập 692', 'https://player.phimapi.com/player/?url=https://s3.phim1280.tv/20240328/kXnWHy3a/index.m3u8');
	INSERT INTO episodes (movie_id, name, video_url)
	  VALUES (70, 'Tập 693', 'https://player.phimapi.com/player/?url=https://s3.phim1280.tv/20240328/KTTmqh4l/index.m3u8');
	INSERT INTO episodes (movie_id, name, video_url)
	  VALUES (70, 'Tập 694', 'https://player.phimapi.com/player/?url=https://s3.phim1280.tv/20240328/V4mZgA2M/index.m3u8');
	INSERT INTO episodes (movie_id, name, video_url)
	  VALUES (70, 'Tập 695', 'https://player.phimapi.com/player/?url=https://s3.phim1280.tv/20240328/WQ8WH5Ro/index.m3u8');
	INSERT INTO episodes (movie_id, name, video_url)
	  VALUES (70, 'Tập 696', 'https://player.phimapi.com/player/?url=https://s3.phim1280.tv/20240328/Rcn9vqoP/index.m3u8');
	INSERT INTO episodes (movie_id, name, video_url)
	  VALUES (70, 'Tập 697', 'https://player.phimapi.com/player/?url=https://s3.phim1280.tv/20240328/iXSFS2cG/index.m3u8');
	INSERT INTO episodes (movie_id, name, video_url)
	  VALUES (70, 'Tập 698', 'https://player.phimapi.com/player/?url=https://s3.phim1280.tv/20240328/2gwzPZEI/index.m3u8');
	INSERT INTO episodes (movie_id, name, video_url)
	  VALUES (70, 'Tập 699', 'https://player.phimapi.com/player/?url=https://s3.phim1280.tv/20240328/hzFFmi3e/index.m3u8');
	INSERT INTO episodes (movie_id, name, video_url)
	  VALUES (70, 'Tập 700', 'https://player.phimapi.com/player/?url=https://s3.phim1280.tv/20240328/X1aCNEzJ/index.m3u8');
	INSERT INTO episodes (movie_id, name, video_url)
	  VALUES (70, 'Tập 701', 'https://player.phimapi.com/player/?url=https://s3.phim1280.tv/20240328/WRD262ze/index.m3u8');
	INSERT INTO episodes (movie_id, name, video_url)
	  VALUES (70, 'Tập 702', 'https://player.phimapi.com/player/?url=https://s3.phim1280.tv/20240328/XmcgTY1i/index.m3u8');
	INSERT INTO episodes (movie_id, name, video_url)
	  VALUES (70, 'Tập 703', 'https://player.phimapi.com/player/?url=https://s3.phim1280.tv/20240328/EwaeGnCT/index.m3u8');
	INSERT INTO episodes (movie_id, name, video_url)
	  VALUES (70, 'Tập 704', 'https://player.phimapi.com/player/?url=https://s3.phim1280.tv/20240328/G5NDO8CU/index.m3u8');
	INSERT INTO episodes (movie_id, name, video_url)
	  VALUES (70, 'Tập 705', 'https://player.phimapi.com/player/?url=https://s3.phim1280.tv/20240328/jMfIb6jJ/index.m3u8');
	INSERT INTO episodes (movie_id, name, video_url)
	  VALUES (70, 'Tập 706', 'https://player.phimapi.com/player/?url=https://s3.phim1280.tv/20240328/DQxkOA4O/index.m3u8');
	INSERT INTO episodes (movie_id, name, video_url)
	  VALUES (70, 'Tập 707', 'https://player.phimapi.com/player/?url=https://s3.phim1280.tv/20240328/f0TpzmUY/index.m3u8');
	INSERT INTO episodes (movie_id, name, video_url)
	  VALUES (70, 'Tập 708', 'https://player.phimapi.com/player/?url=https://s3.phim1280.tv/20240328/An1ScCnL/index.m3u8');
	INSERT INTO episodes (movie_id, name, video_url)
	  VALUES (70, 'Tập 709', 'https://player.phimapi.com/player/?url=https://s3.phim1280.tv/20240328/xGMGcYrA/index.m3u8');
	INSERT INTO episodes (movie_id, name, video_url)
	  VALUES (70, 'Tập 710', 'https://player.phimapi.com/player/?url=https://s3.phim1280.tv/20240328/lcu14lhh/index.m3u8');
	INSERT INTO episodes (movie_id, name, video_url)
	  VALUES (70, 'Tập 711', 'https://player.phimapi.com/player/?url=https://s3.phim1280.tv/20240328/4QgYt4Ey/index.m3u8');
	INSERT INTO episodes (movie_id, name, video_url)
	  VALUES (70, 'Tập 712', 'https://player.phimapi.com/player/?url=https://s3.phim1280.tv/20240328/0gglTQ7C/index.m3u8');
	INSERT INTO episodes (movie_id, name, video_url)
	  VALUES (70, 'Tập 713', 'https://player.phimapi.com/player/?url=https://s3.phim1280.tv/20240328/VnICzTZO/index.m3u8');
	INSERT INTO episodes (movie_id, name, video_url)
	  VALUES (70, 'Tập 714', 'https://player.phimapi.com/player/?url=https://s3.phim1280.tv/20240328/Mn4nOheZ/index.m3u8');
	INSERT INTO episodes (movie_id, name, video_url)
	  VALUES (70, 'Tập 715', 'https://player.phimapi.com/player/?url=https://s3.phim1280.tv/20240328/oQfntbf2/index.m3u8');
	INSERT INTO episodes (movie_id, name, video_url)
	  VALUES (70, 'Tập 716', 'https://player.phimapi.com/player/?url=https://s3.phim1280.tv/20240328/VaDKHUZc/index.m3u8');
	INSERT INTO episodes (movie_id, name, video_url)
	  VALUES (70, 'Tập 717', 'https://player.phimapi.com/player/?url=https://s6.kkphimplayer6.com/20250627/MLwP69xa/index.m3u8');
	INSERT INTO episodes (movie_id, name, video_url)
	  VALUES (70, 'Tập 718', 'https://player.phimapi.com/player/?url=https://s3.phim1280.tv/20240328/SgQ3Lvrj/index.m3u8');
	INSERT INTO episodes (movie_id, name, video_url)
	  VALUES (70, 'Tập 719', 'https://player.phimapi.com/player/?url=https://s3.phim1280.tv/20240328/vS5DwQBa/index.m3u8');
	INSERT INTO episodes (movie_id, name, video_url)
	  VALUES (70, 'Tập 720', 'https://player.phimapi.com/player/?url=https://s3.phim1280.tv/20240328/k0fiNeUA/index.m3u8');
	INSERT INTO episodes (movie_id, name, video_url)
	  VALUES (70, 'Tập 721', 'https://player.phimapi.com/player/?url=https://s3.phim1280.tv/20240328/k35WbCbz/index.m3u8');
	INSERT INTO episodes (movie_id, name, video_url)
	  VALUES (70, 'Tập 722', 'https://player.phimapi.com/player/?url=https://s3.phim1280.tv/20240328/twA4k86R/index.m3u8');
	INSERT INTO episodes (movie_id, name, video_url)
	  VALUES (70, 'Tập 723', 'https://player.phimapi.com/player/?url=https://s3.phim1280.tv/20240328/YPvaa6JM/index.m3u8');
	INSERT INTO episodes (movie_id, name, video_url)
	  VALUES (70, 'Tập 724', 'https://player.phimapi.com/player/?url=https://s3.phim1280.tv/20240328/eO7b9WUe/index.m3u8');
	INSERT INTO episodes (movie_id, name, video_url)
	  VALUES (70, 'Tập 725', 'https://player.phimapi.com/player/?url=https://s3.phim1280.tv/20240328/uETFAo49/index.m3u8');
	INSERT INTO episodes (movie_id, name, video_url)
	  VALUES (70, 'Tập 726', 'https://player.phimapi.com/player/?url=https://s3.phim1280.tv/20240328/q0DcSPbB/index.m3u8');
	INSERT INTO episodes (movie_id, name, video_url)
	  VALUES (70, 'Tập 727', 'https://player.phimapi.com/player/?url=https://s3.phim1280.tv/20240328/9oxTd5Go/index.m3u8');
	INSERT INTO episodes (movie_id, name, video_url)
	  VALUES (70, 'Tập 728', 'https://player.phimapi.com/player/?url=https://s3.phim1280.tv/20240328/LSa4WauV/index.m3u8');
	INSERT INTO episodes (movie_id, name, video_url)
	  VALUES (70, 'Tập 729', 'https://player.phimapi.com/player/?url=https://s3.phim1280.tv/20240328/8Fs3uuKx/index.m3u8');
	INSERT INTO episodes (movie_id, name, video_url)
	  VALUES (70, 'Tập 730', 'https://player.phimapi.com/player/?url=https://s3.phim1280.tv/20240328/1EV5zKXG/index.m3u8');
	INSERT INTO episodes (movie_id, name, video_url)
	  VALUES (70, 'Tập 731', 'https://player.phimapi.com/player/?url=https://s3.phim1280.tv/20240328/3imygd3c/index.m3u8');
	INSERT INTO episodes (movie_id, name, video_url)
	  VALUES (70, 'Tập 732', 'https://player.phimapi.com/player/?url=https://s3.phim1280.tv/20240328/hOBuk6p7/index.m3u8');
	INSERT INTO episodes (movie_id, name, video_url)
	  VALUES (70, 'Tập 733', 'https://player.phimapi.com/player/?url=https://s3.phim1280.tv/20240328/enTpvkRO/index.m3u8');
	INSERT INTO episodes (movie_id, name, video_url)
	  VALUES (70, 'Tập 734', 'https://player.phimapi.com/player/?url=https://s3.phim1280.tv/20240328/7iMdDvcz/index.m3u8');
	INSERT INTO episodes (movie_id, name, video_url)
	  VALUES (70, 'Tập 735', 'https://player.phimapi.com/player/?url=https://s3.phim1280.tv/20240328/NHPENdfJ/index.m3u8');
	INSERT INTO episodes (movie_id, name, video_url)
	  VALUES (70, 'Tập 736', 'https://player.phimapi.com/player/?url=https://s3.phim1280.tv/20240328/wzg60mFL/index.m3u8');
	INSERT INTO episodes (movie_id, name, video_url)
	  VALUES (70, 'Tập 737', 'https://player.phimapi.com/player/?url=https://s3.phim1280.tv/20240328/i94FnxHf/index.m3u8');
	INSERT INTO episodes (movie_id, name, video_url)
	  VALUES (70, 'Tập 738', 'https://player.phimapi.com/player/?url=https://s3.phim1280.tv/20240328/BODnrqmX/index.m3u8');
	INSERT INTO episodes (movie_id, name, video_url)
	  VALUES (70, 'Tập 739', 'https://player.phimapi.com/player/?url=https://s3.phim1280.tv/20240328/uAA6xnxH/index.m3u8');
	INSERT INTO episodes (movie_id, name, video_url)
	  VALUES (70, 'Tập 740', 'https://player.phimapi.com/player/?url=https://s3.phim1280.tv/20240328/6J54np4h/index.m3u8');
	INSERT INTO episodes (movie_id, name, video_url)
	  VALUES (70, 'Tập 741', 'https://player.phimapi.com/player/?url=https://s3.phim1280.tv/20240328/98nIAeYB/index.m3u8');
	INSERT INTO episodes (movie_id, name, video_url)
	  VALUES (70, 'Tập 742', 'https://player.phimapi.com/player/?url=https://s3.phim1280.tv/20240328/MNUmdn4a/index.m3u8');
	INSERT INTO episodes (movie_id, name, video_url)
	  VALUES (70, 'Tập 743', 'https://player.phimapi.com/player/?url=https://s3.phim1280.tv/20240328/qDxAC5bp/index.m3u8');
	INSERT INTO episodes (movie_id, name, video_url)
	  VALUES (70, 'Tập 744', 'https://player.phimapi.com/player/?url=https://s3.phim1280.tv/20240328/XTTB4GON/index.m3u8');
	INSERT INTO episodes (movie_id, name, video_url)
	  VALUES (70, 'Tập 745', 'https://player.phimapi.com/player/?url=https://s3.phim1280.tv/20240328/gtBY2OOv/index.m3u8');
	INSERT INTO episodes (movie_id, name, video_url)
	  VALUES (70, 'Tập 746', 'https://player.phimapi.com/player/?url=https://s3.phim1280.tv/20240328/hpubKvqV/index.m3u8');
	INSERT INTO episodes (movie_id, name, video_url)
	  VALUES (70, 'Tập 747', 'https://player.phimapi.com/player/?url=https://s3.phim1280.tv/20240328/RUIxL3u4/index.m3u8');
	INSERT INTO episodes (movie_id, name, video_url)
	  VALUES (70, 'Tập 748', 'https://player.phimapi.com/player/?url=https://s3.phim1280.tv/20240328/dVA32ZxE/index.m3u8');
	INSERT INTO episodes (movie_id, name, video_url)
	  VALUES (70, 'Tập 749', 'https://player.phimapi.com/player/?url=https://s3.phim1280.tv/20240328/0IpKRQIA/index.m3u8');
	INSERT INTO episodes (movie_id, name, video_url)
	  VALUES (70, 'Tập 750', 'https://player.phimapi.com/player/?url=https://s3.phim1280.tv/20240328/UGc90Xhe/index.m3u8');
	INSERT INTO episodes (movie_id, name, video_url)
	  VALUES (70, 'Tập 751', 'https://player.phimapi.com/player/?url=https://s3.phim1280.tv/20240328/dDNHKrVJ/index.m3u8');
	INSERT INTO episodes (movie_id, name, video_url)
	  VALUES (70, 'Tập 752', 'https://player.phimapi.com/player/?url=https://s3.phim1280.tv/20240328/rEzvJm2W/index.m3u8');
	INSERT INTO episodes (movie_id, name, video_url)
	  VALUES (70, 'Tập 753', 'https://player.phimapi.com/player/?url=https://s3.phim1280.tv/20240328/BlTU1Vdi/index.m3u8');
	INSERT INTO episodes (movie_id, name, video_url)
	  VALUES (70, 'Tập 754', 'https://player.phimapi.com/player/?url=https://s3.phim1280.tv/20240328/XUrqWfgm/index.m3u8');
	INSERT INTO episodes (movie_id, name, video_url)
	  VALUES (70, 'Tập 755', 'https://player.phimapi.com/player/?url=https://s3.phim1280.tv/20240328/tVHWsoLQ/index.m3u8');
	INSERT INTO episodes (movie_id, name, video_url)
	  VALUES (70, 'Tập 756', 'https://player.phimapi.com/player/?url=https://s3.phim1280.tv/20240328/Fs9ofQPp/index.m3u8');
	INSERT INTO episodes (movie_id, name, video_url)
	  VALUES (70, 'Tập 757', 'https://player.phimapi.com/player/?url=https://s3.phim1280.tv/20240328/WigTupZ9/index.m3u8');
	INSERT INTO episodes (movie_id, name, video_url)
	  VALUES (70, 'Tập 758', 'https://player.phimapi.com/player/?url=https://s3.phim1280.tv/20240328/aUCDLDmu/index.m3u8');
	INSERT INTO episodes (movie_id, name, video_url)
	  VALUES (70, 'Tập 759', 'https://player.phimapi.com/player/?url=https://s3.phim1280.tv/20240328/qWaAkSQX/index.m3u8');
	INSERT INTO episodes (movie_id, name, video_url)
	  VALUES (70, 'Tập 760', 'https://player.phimapi.com/player/?url=https://s3.phim1280.tv/20240328/Ct4jVtNB/index.m3u8');
	INSERT INTO episodes (movie_id, name, video_url)
	  VALUES (70, 'Tập 761', 'https://player.phimapi.com/player/?url=https://s3.phim1280.tv/20240328/W1QYlg3u/index.m3u8');
	INSERT INTO episodes (movie_id, name, video_url)
	  VALUES (70, 'Tập 762', 'https://player.phimapi.com/player/?url=https://s3.phim1280.tv/20240328/bFQIncvg/index.m3u8');
	INSERT INTO episodes (movie_id, name, video_url)
	  VALUES (70, 'Tập 763', 'https://player.phimapi.com/player/?url=https://s3.phim1280.tv/20240328/oAhS6GK5/index.m3u8');
	INSERT INTO episodes (movie_id, name, video_url)
	  VALUES (70, 'Tập 764', 'https://player.phimapi.com/player/?url=https://s3.phim1280.tv/20240328/Johvkbuw/index.m3u8');
	INSERT INTO episodes (movie_id, name, video_url)
	  VALUES (70, 'Tập 765', 'https://player.phimapi.com/player/?url=https://s3.phim1280.tv/20240328/L0rxijHo/index.m3u8');
	INSERT INTO episodes (movie_id, name, video_url)
	  VALUES (70, 'Tập 766', 'https://player.phimapi.com/player/?url=https://s3.phim1280.tv/20240328/Nvx0UzN1/index.m3u8');
	INSERT INTO episodes (movie_id, name, video_url)
	  VALUES (70, 'Tập 767', 'https://player.phimapi.com/player/?url=https://s3.phim1280.tv/20240328/ZOJNIHYv/index.m3u8');
	INSERT INTO episodes (movie_id, name, video_url)
	  VALUES (70, 'Tập 768', 'https://player.phimapi.com/player/?url=https://s3.phim1280.tv/20240328/EAHtyi86/index.m3u8');
	INSERT INTO episodes (movie_id, name, video_url)
	  VALUES (70, 'Tập 769', 'https://player.phimapi.com/player/?url=https://s3.phim1280.tv/20240328/ymsjE8xE/index.m3u8');
	INSERT INTO episodes (movie_id, name, video_url)
	  VALUES (70, 'Tập 770', 'https://player.phimapi.com/player/?url=https://s3.phim1280.tv/20240328/XaJguXZA/index.m3u8');
	INSERT INTO episodes (movie_id, name, video_url)
	  VALUES (70, 'Tập 771', 'https://player.phimapi.com/player/?url=https://s3.phim1280.tv/20240328/bS2DqUO1/index.m3u8');
	INSERT INTO episodes (movie_id, name, video_url)
	  VALUES (70, 'Tập 772', 'https://player.phimapi.com/player/?url=https://s3.phim1280.tv/20240328/g4hoZO1V/index.m3u8');
	INSERT INTO episodes (movie_id, name, video_url)
	  VALUES (70, 'Tập 773', 'https://player.phimapi.com/player/?url=https://s3.phim1280.tv/20240328/7gIrUx2u/index.m3u8');
	INSERT INTO episodes (movie_id, name, video_url)
	  VALUES (70, 'Tập 774', 'https://player.phimapi.com/player/?url=https://s3.phim1280.tv/20240328/RYBZ3Oj1/index.m3u8');
	INSERT INTO episodes (movie_id, name, video_url)
	  VALUES (70, 'Tập 775', 'https://player.phimapi.com/player/?url=https://s3.phim1280.tv/20240328/0VieRcnL/index.m3u8');
	INSERT INTO episodes (movie_id, name, video_url)
	  VALUES (70, 'Tập 776', 'https://player.phimapi.com/player/?url=https://s3.phim1280.tv/20240328/XdBwNzGj/index.m3u8');
	INSERT INTO episodes (movie_id, name, video_url)
	  VALUES (70, 'Tập 777', 'https://player.phimapi.com/player/?url=https://s3.phim1280.tv/20240328/A9r5dIeg/index.m3u8');
	INSERT INTO episodes (movie_id, name, video_url)
	  VALUES (70, 'Tập 778', 'https://player.phimapi.com/player/?url=https://s3.phim1280.tv/20240328/VS0t3A3t/index.m3u8');
	INSERT INTO episodes (movie_id, name, video_url)
	  VALUES (70, 'Tập 779', 'https://player.phimapi.com/player/?url=https://s3.phim1280.tv/20240328/hRTnTmOQ/index.m3u8');
	INSERT INTO episodes (movie_id, name, video_url)
	  VALUES (70, 'Tập 780', 'https://player.phimapi.com/player/?url=https://s3.phim1280.tv/20240328/d2vGZJ4c/index.m3u8');
	INSERT INTO episodes (movie_id, name, video_url)
	  VALUES (70, 'Tập 781', 'https://player.phimapi.com/player/?url=https://s3.phim1280.tv/20240328/V0RnWMgi/index.m3u8');
	INSERT INTO episodes (movie_id, name, video_url)
	  VALUES (70, 'Tập 782', 'https://player.phimapi.com/player/?url=https://s3.phim1280.tv/20240328/K11tJ95n/index.m3u8');
	INSERT INTO episodes (movie_id, name, video_url)
	  VALUES (70, 'Tập 783', 'https://player.phimapi.com/player/?url=https://s3.phim1280.tv/20240328/idtlQU9M/index.m3u8');
	INSERT INTO episodes (movie_id, name, video_url)
	  VALUES (70, 'Tập 784', 'https://player.phimapi.com/player/?url=https://s3.phim1280.tv/20240328/et9U04Il/index.m3u8');
	INSERT INTO episodes (movie_id, name, video_url)
	  VALUES (70, 'Tập 785', 'https://player.phimapi.com/player/?url=https://s3.phim1280.tv/20240328/EF1baAdg/index.m3u8');
	INSERT INTO episodes (movie_id, name, video_url)
	  VALUES (70, 'Tập 786', 'https://player.phimapi.com/player/?url=https://s3.phim1280.tv/20240328/38GrDkq4/index.m3u8');
	INSERT INTO episodes (movie_id, name, video_url)
	  VALUES (70, 'Tập 787', 'https://player.phimapi.com/player/?url=https://s3.phim1280.tv/20240328/EqrWp483/index.m3u8');
	INSERT INTO episodes (movie_id, name, video_url)
	  VALUES (70, 'Tập 788', 'https://player.phimapi.com/player/?url=https://s3.phim1280.tv/20240328/GD5ofilH/index.m3u8');
	INSERT INTO episodes (movie_id, name, video_url)
	  VALUES (70, 'Tập 789', 'https://player.phimapi.com/player/?url=https://s3.phim1280.tv/20240328/7k7owqp0/index.m3u8');
	INSERT INTO episodes (movie_id, name, video_url)
	  VALUES (70, 'Tập 790', 'https://player.phimapi.com/player/?url=https://s3.phim1280.tv/20240328/djRoa88s/index.m3u8');
	INSERT INTO episodes (movie_id, name, video_url)
	  VALUES (70, 'Tập 791', 'https://player.phimapi.com/player/?url=https://s3.phim1280.tv/20240328/hGQO49lQ/index.m3u8');
	INSERT INTO episodes (movie_id, name, video_url)
	  VALUES (70, 'Tập 792', 'https://player.phimapi.com/player/?url=https://s3.phim1280.tv/20240328/4HdJIX0H/index.m3u8');
	INSERT INTO episodes (movie_id, name, video_url)
	  VALUES (70, 'Tập 793', 'https://player.phimapi.com/player/?url=https://s3.phim1280.tv/20240328/db51VBgc/index.m3u8');
	INSERT INTO episodes (movie_id, name, video_url)
	  VALUES (70, 'Tập 794', 'https://player.phimapi.com/player/?url=https://s3.phim1280.tv/20240328/AOfRNxHm/index.m3u8');
	INSERT INTO episodes (movie_id, name, video_url)
	  VALUES (70, 'Tập 795', 'https://player.phimapi.com/player/?url=https://s3.phim1280.tv/20240328/kuZRdhxY/index.m3u8');
	INSERT INTO episodes (movie_id, name, video_url)
	  VALUES (70, 'Tập 796', 'https://player.phimapi.com/player/?url=https://s3.phim1280.tv/20240328/tGkPmPfM/index.m3u8');
	INSERT INTO episodes (movie_id, name, video_url)
	  VALUES (70, 'Tập 797', 'https://player.phimapi.com/player/?url=https://s3.phim1280.tv/20240328/jYePgWBd/index.m3u8');
	INSERT INTO episodes (movie_id, name, video_url)
	  VALUES (70, 'Tập 798', 'https://player.phimapi.com/player/?url=https://s3.phim1280.tv/20240328/1FzjID45/index.m3u8');
	INSERT INTO episodes (movie_id, name, video_url)
	  VALUES (70, 'Tập 799', 'https://player.phimapi.com/player/?url=https://s3.phim1280.tv/20240328/3qUMNYYe/index.m3u8');
	INSERT INTO episodes (movie_id, name, video_url)
	  VALUES (70, 'Tập 800', 'https://player.phimapi.com/player/?url=https://s3.phim1280.tv/20240328/LbYoMCHb/index.m3u8');
	INSERT INTO episodes (movie_id, name, video_url)
	  VALUES (70, 'Tập 801', 'https://player.phimapi.com/player/?url=https://s3.phim1280.tv/20240328/rw8WUzim/index.m3u8');
	INSERT INTO episodes (movie_id, name, video_url)
	  VALUES (70, 'Tập 802', 'https://player.phimapi.com/player/?url=https://s3.phim1280.tv/20240328/YtS8Pf7r/index.m3u8');
	INSERT INTO episodes (movie_id, name, video_url)
	  VALUES (70, 'Tập 803', 'https://player.phimapi.com/player/?url=https://s3.phim1280.tv/20240328/FyW9fTPM/index.m3u8');
	INSERT INTO episodes (movie_id, name, video_url)
	  VALUES (70, 'Tập 804', 'https://player.phimapi.com/player/?url=https://s3.phim1280.tv/20240328/IWXThj4a/index.m3u8');
	INSERT INTO episodes (movie_id, name, video_url)
	  VALUES (70, 'Tập 805', 'https://player.phimapi.com/player/?url=https://s3.phim1280.tv/20240328/k3HcbvZA/index.m3u8');
	INSERT INTO episodes (movie_id, name, video_url)
	  VALUES (70, 'Tập 806', 'https://player.phimapi.com/player/?url=https://s3.phim1280.tv/20240328/2FVr7v73/index.m3u8');
	INSERT INTO episodes (movie_id, name, video_url)
	  VALUES (70, 'Tập 807', 'https://player.phimapi.com/player/?url=https://s3.phim1280.tv/20240328/HzDs8wds/index.m3u8');
	INSERT INTO episodes (movie_id, name, video_url)
	  VALUES (70, 'Tập 808', 'https://player.phimapi.com/player/?url=https://s3.phim1280.tv/20240328/FMxNosDY/index.m3u8');
	INSERT INTO episodes (movie_id, name, video_url)
	  VALUES (70, 'Tập 809', 'https://player.phimapi.com/player/?url=https://s3.phim1280.tv/20240328/YhaKume1/index.m3u8');
	INSERT INTO episodes (movie_id, name, video_url)
	  VALUES (70, 'Tập 810', 'https://player.phimapi.com/player/?url=https://s3.phim1280.tv/20240328/TF0CstMd/index.m3u8');
	INSERT INTO episodes (movie_id, name, video_url)
	  VALUES (70, 'Tập 811', 'https://player.phimapi.com/player/?url=https://s3.phim1280.tv/20240328/pEvZjmdN/index.m3u8');
	INSERT INTO episodes (movie_id, name, video_url)
	  VALUES (70, 'Tập 812', 'https://player.phimapi.com/player/?url=https://s3.phim1280.tv/20240328/qaOnnM38/index.m3u8');
	INSERT INTO episodes (movie_id, name, video_url)
	  VALUES (70, 'Tập 813', 'https://player.phimapi.com/player/?url=https://s3.phim1280.tv/20240328/xr7VL1Y7/index.m3u8');
	INSERT INTO episodes (movie_id, name, video_url)
	  VALUES (70, 'Tập 814', 'https://player.phimapi.com/player/?url=https://s3.phim1280.tv/20240328/2jwcQOxg/index.m3u8');
	INSERT INTO episodes (movie_id, name, video_url)
	  VALUES (70, 'Tập 815', 'https://player.phimapi.com/player/?url=https://s3.phim1280.tv/20240328/HPsUlQSD/index.m3u8');
	INSERT INTO episodes (movie_id, name, video_url)
	  VALUES (70, 'Tập 816', 'https://player.phimapi.com/player/?url=https://s3.phim1280.tv/20240328/Qb0O8ZOO/index.m3u8');
	INSERT INTO episodes (movie_id, name, video_url)
	  VALUES (70, 'Tập 817', 'https://player.phimapi.com/player/?url=https://s3.phim1280.tv/20240328/54XsNdNr/index.m3u8');
	INSERT INTO episodes (movie_id, name, video_url)
	  VALUES (70, 'Tập 818', 'https://player.phimapi.com/player/?url=https://s3.phim1280.tv/20240328/muRAy2bl/index.m3u8');
	INSERT INTO episodes (movie_id, name, video_url)
	  VALUES (70, 'Tập 819', 'https://player.phimapi.com/player/?url=https://s3.phim1280.tv/20240328/156hWFuj/index.m3u8');
	INSERT INTO episodes (movie_id, name, video_url)
	  VALUES (70, 'Tập 820', 'https://player.phimapi.com/player/?url=https://s3.phim1280.tv/20240328/83E8wv9k/index.m3u8');
	INSERT INTO episodes (movie_id, name, video_url)
	  VALUES (70, 'Tập 821', 'https://player.phimapi.com/player/?url=https://s3.phim1280.tv/20240328/zk9eMWar/index.m3u8');
	INSERT INTO episodes (movie_id, name, video_url)
	  VALUES (70, 'Tập 822', 'https://player.phimapi.com/player/?url=https://s3.phim1280.tv/20240328/FRhSWnnc/index.m3u8');
	INSERT INTO episodes (movie_id, name, video_url)
	  VALUES (70, 'Tập 823', 'https://player.phimapi.com/player/?url=https://s3.phim1280.tv/20240328/eh5QEqoZ/index.m3u8');
	INSERT INTO episodes (movie_id, name, video_url)
	  VALUES (70, 'Tập 824', 'https://player.phimapi.com/player/?url=https://s3.phim1280.tv/20240328/4oEM4PwA/index.m3u8');
	INSERT INTO episodes (movie_id, name, video_url)
	  VALUES (70, 'Tập 825', 'https://player.phimapi.com/player/?url=https://s3.phim1280.tv/20240328/5cxNpb5i/index.m3u8');
	INSERT INTO episodes (movie_id, name, video_url)
	  VALUES (70, 'Tập 826', 'https://player.phimapi.com/player/?url=https://s3.phim1280.tv/20240328/ZnMymOLU/index.m3u8');
	INSERT INTO episodes (movie_id, name, video_url)
	  VALUES (70, 'Tập 827', 'https://player.phimapi.com/player/?url=https://s3.phim1280.tv/20240328/qDvKOCgK/index.m3u8');
	INSERT INTO episodes (movie_id, name, video_url)
	  VALUES (70, 'Tập 828', 'https://player.phimapi.com/player/?url=https://s3.phim1280.tv/20240328/RSOpZ7mv/index.m3u8');
	INSERT INTO episodes (movie_id, name, video_url)
	  VALUES (70, 'Tập 829', 'https://player.phimapi.com/player/?url=https://s3.phim1280.tv/20240328/s4mjoHgr/index.m3u8');
	INSERT INTO episodes (movie_id, name, video_url)
	  VALUES (70, 'Tập 830', 'https://player.phimapi.com/player/?url=https://s3.phim1280.tv/20240328/ASe0Z558/index.m3u8');
	INSERT INTO episodes (movie_id, name, video_url)
	  VALUES (70, 'Tập 831', 'https://player.phimapi.com/player/?url=https://s3.phim1280.tv/20240328/rdtgHic3/index.m3u8');
	INSERT INTO episodes (movie_id, name, video_url)
	  VALUES (70, 'Tập 832', 'https://player.phimapi.com/player/?url=https://s3.phim1280.tv/20240328/tfdcfe9e/index.m3u8');
	INSERT INTO episodes (movie_id, name, video_url)
	  VALUES (70, 'Tập 833', 'https://player.phimapi.com/player/?url=https://s3.phim1280.tv/20240328/u6v6qfez/index.m3u8');
	INSERT INTO episodes (movie_id, name, video_url)
	  VALUES (70, 'Tập 834', 'https://player.phimapi.com/player/?url=https://s3.phim1280.tv/20240328/D9LiAQjw/index.m3u8');
	INSERT INTO episodes (movie_id, name, video_url)
	  VALUES (70, 'Tập 835', 'https://player.phimapi.com/player/?url=https://s3.phim1280.tv/20240328/wNP3kOKk/index.m3u8');
	INSERT INTO episodes (movie_id, name, video_url)
	  VALUES (70, 'Tập 836', 'https://player.phimapi.com/player/?url=https://s3.phim1280.tv/20240328/W8mjNFwD/index.m3u8');
	INSERT INTO episodes (movie_id, name, video_url)
	  VALUES (70, 'Tập 837', 'https://player.phimapi.com/player/?url=https://s3.phim1280.tv/20240328/Us3HdI76/index.m3u8');
	INSERT INTO episodes (movie_id, name, video_url)
	  VALUES (70, 'Tập 838', 'https://player.phimapi.com/player/?url=https://s3.phim1280.tv/20240328/zi1n2Gkn/index.m3u8');
	INSERT INTO episodes (movie_id, name, video_url)
	  VALUES (70, 'Tập 839', 'https://player.phimapi.com/player/?url=https://s3.phim1280.tv/20240328/mdflEz7i/index.m3u8');
	INSERT INTO episodes (movie_id, name, video_url)
	  VALUES (70, 'Tập 840', 'https://player.phimapi.com/player/?url=https://s3.phim1280.tv/20240328/myvgh6G0/index.m3u8');
	INSERT INTO episodes (movie_id, name, video_url)
	  VALUES (70, 'Tập 841', 'https://player.phimapi.com/player/?url=https://s3.phim1280.tv/20240328/ZUvSgPYx/index.m3u8');
	INSERT INTO episodes (movie_id, name, video_url)
	  VALUES (70, 'Tập 842', 'https://player.phimapi.com/player/?url=https://s3.phim1280.tv/20240328/96iCyG6n/index.m3u8');
	INSERT INTO episodes (movie_id, name, video_url)
	  VALUES (70, 'Tập 843', 'https://player.phimapi.com/player/?url=https://s3.phim1280.tv/20240328/on0p6kih/index.m3u8');
	INSERT INTO episodes (movie_id, name, video_url)
	  VALUES (70, 'Tập 844', 'https://player.phimapi.com/player/?url=https://s3.phim1280.tv/20240328/SAS8oWCR/index.m3u8');
	INSERT INTO episodes (movie_id, name, video_url)
	  VALUES (70, 'Tập 845', 'https://player.phimapi.com/player/?url=https://s3.phim1280.tv/20240328/85IzmhYu/index.m3u8');
	INSERT INTO episodes (movie_id, name, video_url)
	  VALUES (70, 'Tập 846', 'https://player.phimapi.com/player/?url=https://s3.phim1280.tv/20240328/MVhIbDu7/index.m3u8');
	INSERT INTO episodes (movie_id, name, video_url)
	  VALUES (70, 'Tập 847', 'https://player.phimapi.com/player/?url=https://s3.phim1280.tv/20240328/AZFnEbGW/index.m3u8');
	INSERT INTO episodes (movie_id, name, video_url)
	  VALUES (70, 'Tập 848', 'https://player.phimapi.com/player/?url=https://s3.phim1280.tv/20240328/7kC7Au59/index.m3u8');
	INSERT INTO episodes (movie_id, name, video_url)
	  VALUES (70, 'Tập 849', 'https://player.phimapi.com/player/?url=https://s3.phim1280.tv/20240328/B7eDnQbU/index.m3u8');
	INSERT INTO episodes (movie_id, name, video_url)
	  VALUES (70, 'Tập 850', 'https://player.phimapi.com/player/?url=https://s3.phim1280.tv/20240328/nhdZvsTU/index.m3u8');
	INSERT INTO episodes (movie_id, name, video_url)
	  VALUES (70, 'Tập 851', 'https://player.phimapi.com/player/?url=https://s3.phim1280.tv/20240328/jiRa4w0J/index.m3u8');
	INSERT INTO episodes (movie_id, name, video_url)
	  VALUES (70, 'Tập 852', 'https://player.phimapi.com/player/?url=https://s3.phim1280.tv/20240328/00wU3hG6/index.m3u8');
	INSERT INTO episodes (movie_id, name, video_url)
	  VALUES (70, 'Tập 853', 'https://player.phimapi.com/player/?url=https://s3.phim1280.tv/20240328/2xIEmfUf/index.m3u8');
	INSERT INTO episodes (movie_id, name, video_url)
	  VALUES (70, 'Tập 854', 'https://player.phimapi.com/player/?url=https://s3.phim1280.tv/20240328/1IQ0PFrD/index.m3u8');
	INSERT INTO episodes (movie_id, name, video_url)
	  VALUES (70, 'Tập 855', 'https://player.phimapi.com/player/?url=https://s3.phim1280.tv/20240328/yLG131Wu/index.m3u8');
	INSERT INTO episodes (movie_id, name, video_url)
	  VALUES (70, 'Tập 856', 'https://player.phimapi.com/player/?url=https://s3.phim1280.tv/20240328/yqH1ptKy/index.m3u8');
	INSERT INTO episodes (movie_id, name, video_url)
	  VALUES (70, 'Tập 857', 'https://player.phimapi.com/player/?url=https://s3.phim1280.tv/20240328/ek2pyvYl/index.m3u8');
	INSERT INTO episodes (movie_id, name, video_url)
	  VALUES (70, 'Tập 858', 'https://player.phimapi.com/player/?url=https://s3.phim1280.tv/20240328/ngWWjhSk/index.m3u8');
	INSERT INTO episodes (movie_id, name, video_url)
	  VALUES (70, 'Tập 859', 'https://player.phimapi.com/player/?url=https://s3.phim1280.tv/20240328/OQ2sJe9v/index.m3u8');
	INSERT INTO episodes (movie_id, name, video_url)
	  VALUES (70, 'Tập 860', 'https://player.phimapi.com/player/?url=https://s3.phim1280.tv/20240328/34z42Jx0/index.m3u8');
	INSERT INTO episodes (movie_id, name, video_url)
	  VALUES (70, 'Tập 861', 'https://player.phimapi.com/player/?url=https://s3.phim1280.tv/20240328/i2SvbB2L/index.m3u8');
	INSERT INTO episodes (movie_id, name, video_url)
	  VALUES (70, 'Tập 862', 'https://player.phimapi.com/player/?url=https://s3.phim1280.tv/20240328/iKtfqDzG/index.m3u8');
	INSERT INTO episodes (movie_id, name, video_url)
	  VALUES (70, 'Tập 863', 'https://player.phimapi.com/player/?url=https://s3.phim1280.tv/20240328/qQB8acQn/index.m3u8');
	INSERT INTO episodes (movie_id, name, video_url)
	  VALUES (70, 'Tập 864', 'https://player.phimapi.com/player/?url=https://s3.phim1280.tv/20240328/q1IUFCfO/index.m3u8');
	INSERT INTO episodes (movie_id, name, video_url)
	  VALUES (70, 'Tập 865', 'https://player.phimapi.com/player/?url=https://s3.phim1280.tv/20240328/chQG7ZEE/index.m3u8');
	INSERT INTO episodes (movie_id, name, video_url)
	  VALUES (70, 'Tập 866', 'https://player.phimapi.com/player/?url=https://s3.phim1280.tv/20240328/6Y9RjAwf/index.m3u8');
	INSERT INTO episodes (movie_id, name, video_url)
	  VALUES (70, 'Tập 867', 'https://player.phimapi.com/player/?url=https://s3.phim1280.tv/20240328/5nuvon1m/index.m3u8');
	INSERT INTO episodes (movie_id, name, video_url)
	  VALUES (70, 'Tập 868', 'https://player.phimapi.com/player/?url=https://s3.phim1280.tv/20240328/3JThJ5Km/index.m3u8');
	INSERT INTO episodes (movie_id, name, video_url)
	  VALUES (70, 'Tập 869', 'https://player.phimapi.com/player/?url=https://s3.phim1280.tv/20240329/DQpeEJKx/index.m3u8');
	INSERT INTO episodes (movie_id, name, video_url)
	  VALUES (70, 'Tập 870', 'https://player.phimapi.com/player/?url=https://s3.phim1280.tv/20240329/l8koTrFg/index.m3u8');
	INSERT INTO episodes (movie_id, name, video_url)
	  VALUES (70, 'Tập 871', 'https://player.phimapi.com/player/?url=https://s3.phim1280.tv/20240329/z1y1odR7/index.m3u8');
	INSERT INTO episodes (movie_id, name, video_url)
	  VALUES (70, 'Tập 872', 'https://player.phimapi.com/player/?url=https://s3.phim1280.tv/20240329/W7lHfFcI/index.m3u8');
	INSERT INTO episodes (movie_id, name, video_url)
	  VALUES (70, 'Tập 873', 'https://player.phimapi.com/player/?url=https://s3.phim1280.tv/20240329/EOTEPzht/index.m3u8');
	INSERT INTO episodes (movie_id, name, video_url)
	  VALUES (70, 'Tập 874', 'https://player.phimapi.com/player/?url=https://s3.phim1280.tv/20240329/8tL5mSaz/index.m3u8');
	INSERT INTO episodes (movie_id, name, video_url)
	  VALUES (70, 'Tập 875', 'https://player.phimapi.com/player/?url=https://s3.phim1280.tv/20240329/j9P1f6Nh/index.m3u8');
	INSERT INTO episodes (movie_id, name, video_url)
	  VALUES (70, 'Tập 876', 'https://player.phimapi.com/player/?url=https://s3.phim1280.tv/20240329/gpaHJS2N/index.m3u8');
	INSERT INTO episodes (movie_id, name, video_url)
	  VALUES (70, 'Tập 877', 'https://player.phimapi.com/player/?url=https://s3.phim1280.tv/20240329/ubtCKpcT/index.m3u8');
	INSERT INTO episodes (movie_id, name, video_url)
	  VALUES (70, 'Tập 878', 'https://player.phimapi.com/player/?url=https://s3.phim1280.tv/20240329/bvxeRD4R/index.m3u8');
	INSERT INTO episodes (movie_id, name, video_url)
	  VALUES (70, 'Tập 879', 'https://player.phimapi.com/player/?url=https://s3.phim1280.tv/20240329/FbWL6mz5/index.m3u8');
	INSERT INTO episodes (movie_id, name, video_url)
	  VALUES (70, 'Tập 880', 'https://player.phimapi.com/player/?url=https://s3.phim1280.tv/20240329/x3Qu4riV/index.m3u8');
	INSERT INTO episodes (movie_id, name, video_url)
	  VALUES (70, 'Tập 881', 'https://player.phimapi.com/player/?url=https://s3.phim1280.tv/20240329/QkmdsTWB/index.m3u8');
	INSERT INTO episodes (movie_id, name, video_url)
	  VALUES (70, 'Tập 882', 'https://player.phimapi.com/player/?url=https://s3.phim1280.tv/20240329/eQXJMWRD/index.m3u8');
	INSERT INTO episodes (movie_id, name, video_url)
	  VALUES (70, 'Tập 883', 'https://player.phimapi.com/player/?url=https://s3.phim1280.tv/20240329/FOcwaAxP/index.m3u8');
	INSERT INTO episodes (movie_id, name, video_url)
	  VALUES (70, 'Tập 884', 'https://player.phimapi.com/player/?url=https://s3.phim1280.tv/20240329/A1vGPQN1/index.m3u8');
	INSERT INTO episodes (movie_id, name, video_url)
	  VALUES (70, 'Tập 885', 'https://player.phimapi.com/player/?url=https://s3.phim1280.tv/20240329/FkLnYDZ7/index.m3u8');
	INSERT INTO episodes (movie_id, name, video_url)
	  VALUES (70, 'Tập 886', 'https://player.phimapi.com/player/?url=https://s3.phim1280.tv/20240329/LjtpiAN3/index.m3u8');
	INSERT INTO episodes (movie_id, name, video_url)
	  VALUES (70, 'Tập 887', 'https://player.phimapi.com/player/?url=https://s3.phim1280.tv/20240329/4sxEZuqH/index.m3u8');
	INSERT INTO episodes (movie_id, name, video_url)
	  VALUES (70, 'Tập 888', 'https://player.phimapi.com/player/?url=https://s3.phim1280.tv/20240329/ygm9oKNU/index.m3u8');
	INSERT INTO episodes (movie_id, name, video_url)
	  VALUES (70, 'Tập 889', 'https://player.phimapi.com/player/?url=https://s3.phim1280.tv/20240329/G8iu22vA/index.m3u8');
	INSERT INTO episodes (movie_id, name, video_url)
	  VALUES (70, 'Tập 890', 'https://player.phimapi.com/player/?url=https://s3.phim1280.tv/20240329/lHoouogd/index.m3u8');
	INSERT INTO episodes (movie_id, name, video_url)
	  VALUES (70, 'Tập 891', 'https://player.phimapi.com/player/?url=https://s3.phim1280.tv/20240329/Tz1JBLEo/index.m3u8');
	INSERT INTO episodes (movie_id, name, video_url)
	  VALUES (70, 'Tập 892', 'https://player.phimapi.com/player/?url=https://s3.phim1280.tv/20240329/Dw36YzML/index.m3u8');
	INSERT INTO episodes (movie_id, name, video_url)
	  VALUES (70, 'Tập 893', 'https://player.phimapi.com/player/?url=https://s3.phim1280.tv/20240329/sjg6OXZp/index.m3u8');
	INSERT INTO episodes (movie_id, name, video_url)
	  VALUES (70, 'Tập 894', 'https://player.phimapi.com/player/?url=https://s3.phim1280.tv/20240329/M1QO4Voc/index.m3u8');
	INSERT INTO episodes (movie_id, name, video_url)
	  VALUES (70, 'Tập 895', 'https://player.phimapi.com/player/?url=https://s3.phim1280.tv/20240329/MFR6qEzx/index.m3u8');
	INSERT INTO episodes (movie_id, name, video_url)
	  VALUES (70, 'Tập 896', 'https://player.phimapi.com/player/?url=https://s3.phim1280.tv/20240329/3VfpQb8j/index.m3u8');
	INSERT INTO episodes (movie_id, name, video_url)
	  VALUES (70, 'Tập 897', 'https://player.phimapi.com/player/?url=https://s3.phim1280.tv/20240329/VBvagqwH/index.m3u8');
	INSERT INTO episodes (movie_id, name, video_url)
	  VALUES (70, 'Tập 898', 'https://player.phimapi.com/player/?url=https://s3.phim1280.tv/20240329/hWACGAYF/index.m3u8');
	INSERT INTO episodes (movie_id, name, video_url)
	  VALUES (70, 'Tập 899', 'https://player.phimapi.com/player/?url=https://s3.phim1280.tv/20240329/3JlgxYCf/index.m3u8');
	INSERT INTO episodes (movie_id, name, video_url)
	  VALUES (70, 'Tập 900', 'https://player.phimapi.com/player/?url=https://s3.phim1280.tv/20240329/GScrsqje/index.m3u8');
	INSERT INTO episodes (movie_id, name, video_url)
	  VALUES (70, 'Tập 901', 'https://player.phimapi.com/player/?url=https://s3.phim1280.tv/20240329/vnPCPBt9/index.m3u8');
	INSERT INTO episodes (movie_id, name, video_url)
	  VALUES (70, 'Tập 902', 'https://player.phimapi.com/player/?url=https://s3.phim1280.tv/20240329/QGNVYcZ1/index.m3u8');
	INSERT INTO episodes (movie_id, name, video_url)
	  VALUES (70, 'Tập 903', 'https://player.phimapi.com/player/?url=https://s3.phim1280.tv/20240329/oLs9aaoa/index.m3u8');
	INSERT INTO episodes (movie_id, name, video_url)
	  VALUES (70, 'Tập 904', 'https://player.phimapi.com/player/?url=https://s3.phim1280.tv/20240329/DhzX1tCT/index.m3u8');
	INSERT INTO episodes (movie_id, name, video_url)
	  VALUES (70, 'Tập 905', 'https://player.phimapi.com/player/?url=https://s3.phim1280.tv/20240329/XxzASFlg/index.m3u8');
	INSERT INTO episodes (movie_id, name, video_url)
	  VALUES (70, 'Tập 906', 'https://player.phimapi.com/player/?url=https://s3.phim1280.tv/20240329/3sljXbqr/index.m3u8');
	INSERT INTO episodes (movie_id, name, video_url)
	  VALUES (70, 'Tập 907', 'https://player.phimapi.com/player/?url=https://s3.phim1280.tv/20240329/aSAst2eu/index.m3u8');
	INSERT INTO episodes (movie_id, name, video_url)
	  VALUES (70, 'Tập 908', 'https://player.phimapi.com/player/?url=https://s3.phim1280.tv/20240329/4PoEcEpK/index.m3u8');
	INSERT INTO episodes (movie_id, name, video_url)
	  VALUES (70, 'Tập 909', 'https://player.phimapi.com/player/?url=https://s3.phim1280.tv/20240329/P95NAufz/index.m3u8');
	INSERT INTO episodes (movie_id, name, video_url)
	  VALUES (70, 'Tập 910', 'https://player.phimapi.com/player/?url=https://s3.phim1280.tv/20240329/KqleLAM7/index.m3u8');
	INSERT INTO episodes (movie_id, name, video_url)
	  VALUES (70, 'Tập 911', 'https://player.phimapi.com/player/?url=https://s3.phim1280.tv/20240329/b5ao6u18/index.m3u8');
	INSERT INTO episodes (movie_id, name, video_url)
	  VALUES (70, 'Tập 912', 'https://player.phimapi.com/player/?url=https://s3.phim1280.tv/20240329/LxeiQSYz/index.m3u8');
	INSERT INTO episodes (movie_id, name, video_url)
	  VALUES (70, 'Tập 913', 'https://player.phimapi.com/player/?url=https://s3.phim1280.tv/20240329/2B9SEmFD/index.m3u8');
	INSERT INTO episodes (movie_id, name, video_url)
	  VALUES (70, 'Tập 914', 'https://player.phimapi.com/player/?url=https://s3.phim1280.tv/20240329/nhOxjMtA/index.m3u8');
	INSERT INTO episodes (movie_id, name, video_url)
	  VALUES (70, 'Tập 915', 'https://player.phimapi.com/player/?url=https://s3.phim1280.tv/20240329/y4511IhO/index.m3u8');
	INSERT INTO episodes (movie_id, name, video_url)
	  VALUES (70, 'Tập 916', 'https://player.phimapi.com/player/?url=https://s3.phim1280.tv/20240329/wNxBP7CD/index.m3u8');
	INSERT INTO episodes (movie_id, name, video_url)
	  VALUES (70, 'Tập 917', 'https://player.phimapi.com/player/?url=https://s3.phim1280.tv/20240329/53XpIHi6/index.m3u8');
	INSERT INTO episodes (movie_id, name, video_url)
	  VALUES (70, 'Tập 918', 'https://player.phimapi.com/player/?url=https://s3.phim1280.tv/20240329/s1d7dSNl/index.m3u8');
	INSERT INTO episodes (movie_id, name, video_url)
	  VALUES (70, 'Tập 919', 'https://player.phimapi.com/player/?url=https://s3.phim1280.tv/20240329/ZXbwSTUp/index.m3u8');
	INSERT INTO episodes (movie_id, name, video_url)
	  VALUES (70, 'Tập 920', 'https://player.phimapi.com/player/?url=https://s3.phim1280.tv/20240329/ZBVsE4Jz/index.m3u8');
	INSERT INTO episodes (movie_id, name, video_url)
	  VALUES (70, 'Tập 921', 'https://player.phimapi.com/player/?url=https://s3.phim1280.tv/20240329/zWNmhi1l/index.m3u8');
	INSERT INTO episodes (movie_id, name, video_url)
	  VALUES (70, 'Tập 922', 'https://player.phimapi.com/player/?url=https://s3.phim1280.tv/20240329/OW9gS7vP/index.m3u8');
	INSERT INTO episodes (movie_id, name, video_url)
	  VALUES (70, 'Tập 923', 'https://player.phimapi.com/player/?url=https://s3.phim1280.tv/20240329/AIiElRCD/index.m3u8');
	INSERT INTO episodes (movie_id, name, video_url)
	  VALUES (70, 'Tập 924', 'https://player.phimapi.com/player/?url=https://s3.phim1280.tv/20240329/LYtPjYkN/index.m3u8');
	INSERT INTO episodes (movie_id, name, video_url)
	  VALUES (70, 'Tập 925', 'https://player.phimapi.com/player/?url=https://s3.phim1280.tv/20240329/cmyMRw07/index.m3u8');
	INSERT INTO episodes (movie_id, name, video_url)
	  VALUES (70, 'Tập 926', 'https://player.phimapi.com/player/?url=https://s3.phim1280.tv/20240329/eQa1Vhjh/index.m3u8');
	INSERT INTO episodes (movie_id, name, video_url)
	  VALUES (70, 'Tập 927', 'https://player.phimapi.com/player/?url=https://s3.phim1280.tv/20240329/K48MzAE3/index.m3u8');
	INSERT INTO episodes (movie_id, name, video_url)
	  VALUES (70, 'Tập 928', 'https://player.phimapi.com/player/?url=https://s3.phim1280.tv/20240329/X5y2tyz9/index.m3u8');
	INSERT INTO episodes (movie_id, name, video_url)
	  VALUES (70, 'Tập 929', 'https://player.phimapi.com/player/?url=https://s3.phim1280.tv/20240329/KOwYzACd/index.m3u8');
	INSERT INTO episodes (movie_id, name, video_url)
	  VALUES (70, 'Tập 930', 'https://player.phimapi.com/player/?url=https://s3.phim1280.tv/20240329/Whj4FCq3/index.m3u8');
	INSERT INTO episodes (movie_id, name, video_url)
	  VALUES (70, 'Tập 931', 'https://player.phimapi.com/player/?url=https://s3.phim1280.tv/20240329/FWgCF0pB/index.m3u8');
	INSERT INTO episodes (movie_id, name, video_url)
	  VALUES (70, 'Tập 932', 'https://player.phimapi.com/player/?url=https://s3.phim1280.tv/20240329/yTc4XLQB/index.m3u8');
	INSERT INTO episodes (movie_id, name, video_url)
	  VALUES (70, 'Tập 933', 'https://player.phimapi.com/player/?url=https://s3.phim1280.tv/20240329/LTDkeMfM/index.m3u8');
	INSERT INTO episodes (movie_id, name, video_url)
	  VALUES (70, 'Tập 934', 'https://player.phimapi.com/player/?url=https://s3.phim1280.tv/20240329/ffDFdR4W/index.m3u8');
	INSERT INTO episodes (movie_id, name, video_url)
	  VALUES (70, 'Tập 935', 'https://player.phimapi.com/player/?url=https://s3.phim1280.tv/20240329/szMkxQiD/index.m3u8');
	INSERT INTO episodes (movie_id, name, video_url)
	  VALUES (70, 'Tập 936', 'https://player.phimapi.com/player/?url=https://s3.phim1280.tv/20240329/TX5KkYoS/index.m3u8');
	INSERT INTO episodes (movie_id, name, video_url)
	  VALUES (70, 'Tập 937', 'https://player.phimapi.com/player/?url=https://s3.phim1280.tv/20240329/L5ZJFxFd/index.m3u8');
	INSERT INTO episodes (movie_id, name, video_url)
	  VALUES (70, 'Tập 938', 'https://player.phimapi.com/player/?url=https://s3.phim1280.tv/20240329/tG1PLKtd/index.m3u8');
	INSERT INTO episodes (movie_id, name, video_url)
	  VALUES (70, 'Tập 939', 'https://player.phimapi.com/player/?url=https://s3.phim1280.tv/20240329/gDMkiRVM/index.m3u8');
	INSERT INTO episodes (movie_id, name, video_url)
	  VALUES (70, 'Tập 940', 'https://player.phimapi.com/player/?url=https://s3.phim1280.tv/20240329/0ZklOOEb/index.m3u8');
	INSERT INTO episodes (movie_id, name, video_url)
	  VALUES (70, 'Tập 941', 'https://player.phimapi.com/player/?url=https://s3.phim1280.tv/20240329/fLqEGUP7/index.m3u8');
	INSERT INTO episodes (movie_id, name, video_url)
	  VALUES (70, 'Tập 942', 'https://player.phimapi.com/player/?url=https://s3.phim1280.tv/20240329/ndxpaCLc/index.m3u8');
	INSERT INTO episodes (movie_id, name, video_url)
	  VALUES (70, 'Tập 943', 'https://player.phimapi.com/player/?url=https://s3.phim1280.tv/20240329/Nz5a6nmk/index.m3u8');
	INSERT INTO episodes (movie_id, name, video_url)
	  VALUES (70, 'Tập 944', 'https://player.phimapi.com/player/?url=https://s3.phim1280.tv/20240329/Vhe7tC89/index.m3u8');
	INSERT INTO episodes (movie_id, name, video_url)
	  VALUES (70, 'Tập 945', 'https://player.phimapi.com/player/?url=https://s3.phim1280.tv/20240329/tSmW63tF/index.m3u8');
	INSERT INTO episodes (movie_id, name, video_url)
	  VALUES (70, 'Tập 946', 'https://player.phimapi.com/player/?url=https://s3.phim1280.tv/20240329/bDsWYhnK/index.m3u8');
	INSERT INTO episodes (movie_id, name, video_url)
	  VALUES (70, 'Tập 947', 'https://player.phimapi.com/player/?url=https://s3.phim1280.tv/20240329/xFs7c3s4/index.m3u8');
	INSERT INTO episodes (movie_id, name, video_url)
	  VALUES (70, 'Tập 948', 'https://player.phimapi.com/player/?url=https://s3.phim1280.tv/20240329/hAs7VzRX/index.m3u8');
	INSERT INTO episodes (movie_id, name, video_url)
	  VALUES (70, 'Tập 949', 'https://player.phimapi.com/player/?url=https://s3.phim1280.tv/20240329/F92iXztf/index.m3u8');
	INSERT INTO episodes (movie_id, name, video_url)
	  VALUES (70, 'Tập 950', 'https://player.phimapi.com/player/?url=https://s3.phim1280.tv/20240329/jojyU4yr/index.m3u8');
	INSERT INTO episodes (movie_id, name, video_url)
	  VALUES (70, 'Tập 951', 'https://player.phimapi.com/player/?url=https://s3.phim1280.tv/20240329/yLjrMQ5E/index.m3u8');
	INSERT INTO episodes (movie_id, name, video_url)
	  VALUES (70, 'Tập 952', 'https://player.phimapi.com/player/?url=https://s3.phim1280.tv/20240329/Z5Ch2Jgp/index.m3u8');
	INSERT INTO episodes (movie_id, name, video_url)
	  VALUES (70, 'Tập 953', 'https://player.phimapi.com/player/?url=https://s3.phim1280.tv/20240329/g3UxphAI/index.m3u8');
	INSERT INTO episodes (movie_id, name, video_url)
	  VALUES (70, 'Tập 954', 'https://player.phimapi.com/player/?url=https://s3.phim1280.tv/20240329/upjzj2NU/index.m3u8');
	INSERT INTO episodes (movie_id, name, video_url)
	  VALUES (70, 'Tập 955', 'https://player.phimapi.com/player/?url=https://s3.phim1280.tv/20240329/bXMpCRIm/index.m3u8');
	INSERT INTO episodes (movie_id, name, video_url)
	  VALUES (70, 'Tập 956', 'https://player.phimapi.com/player/?url=https://s3.phim1280.tv/20240329/YcIY8uP2/index.m3u8');
	INSERT INTO episodes (movie_id, name, video_url)
	  VALUES (70, 'Tập 957', 'https://player.phimapi.com/player/?url=https://s3.phim1280.tv/20240329/N0F6ktTT/index.m3u8');
	INSERT INTO episodes (movie_id, name, video_url)
	  VALUES (70, 'Tập 958', 'https://player.phimapi.com/player/?url=https://s3.phim1280.tv/20240329/36Q33mig/index.m3u8');
	INSERT INTO episodes (movie_id, name, video_url)
	  VALUES (70, 'Tập 959', 'https://player.phimapi.com/player/?url=https://s3.phim1280.tv/20240329/d6jVWUxX/index.m3u8');
	INSERT INTO episodes (movie_id, name, video_url)
	  VALUES (70, 'Tập 960', 'https://player.phimapi.com/player/?url=https://s3.phim1280.tv/20240329/KAEimpqM/index.m3u8');
	INSERT INTO episodes (movie_id, name, video_url)
	  VALUES (70, 'Tập 961', 'https://player.phimapi.com/player/?url=https://s3.phim1280.tv/20240329/5YWIMB48/index.m3u8');
	INSERT INTO episodes (movie_id, name, video_url)
	  VALUES (70, 'Tập 962', 'https://player.phimapi.com/player/?url=https://s3.phim1280.tv/20240329/5wL4s0DC/index.m3u8');
	INSERT INTO episodes (movie_id, name, video_url)
	  VALUES (70, 'Tập 963', 'https://player.phimapi.com/player/?url=https://s3.phim1280.tv/20240329/7dq1kInx/index.m3u8');
	INSERT INTO episodes (movie_id, name, video_url)
	  VALUES (70, 'Tập 964', 'https://player.phimapi.com/player/?url=https://s3.phim1280.tv/20240329/5uALTbMY/index.m3u8');
	INSERT INTO episodes (movie_id, name, video_url)
	  VALUES (70, 'Tập 965', 'https://player.phimapi.com/player/?url=https://s3.phim1280.tv/20240329/zN47gaTJ/index.m3u8');
	INSERT INTO episodes (movie_id, name, video_url)
	  VALUES (70, 'Tập 966', 'https://player.phimapi.com/player/?url=https://s3.phim1280.tv/20240329/82MfXwrs/index.m3u8');
	INSERT INTO episodes (movie_id, name, video_url)
	  VALUES (70, 'Tập 967', 'https://player.phimapi.com/player/?url=https://s3.phim1280.tv/20240329/ZJwRW8Bw/index.m3u8');
	INSERT INTO episodes (movie_id, name, video_url)
	  VALUES (70, 'Tập 968', 'https://player.phimapi.com/player/?url=https://s3.phim1280.tv/20240329/9JAVaCrw/index.m3u8');
	INSERT INTO episodes (movie_id, name, video_url)
	  VALUES (70, 'Tập 969', 'https://player.phimapi.com/player/?url=https://s3.phim1280.tv/20240329/CYAWJN2i/index.m3u8');
	INSERT INTO episodes (movie_id, name, video_url)
	  VALUES (70, 'Tập 970', 'https://player.phimapi.com/player/?url=https://s3.phim1280.tv/20240329/Ue3rB7zW/index.m3u8');
	INSERT INTO episodes (movie_id, name, video_url)
	  VALUES (70, 'Tập 971', 'https://player.phimapi.com/player/?url=https://s3.phim1280.tv/20240329/bL14Oh73/index.m3u8');
	INSERT INTO episodes (movie_id, name, video_url)
	  VALUES (70, 'Tập 972', 'https://player.phimapi.com/player/?url=https://s3.phim1280.tv/20240329/kQ3VSoNy/index.m3u8');
	INSERT INTO episodes (movie_id, name, video_url)
	  VALUES (70, 'Tập 973', 'https://player.phimapi.com/player/?url=https://s3.phim1280.tv/20240329/29CJ6H0A/index.m3u8');
	INSERT INTO episodes (movie_id, name, video_url)
	  VALUES (70, 'Tập 974', 'https://player.phimapi.com/player/?url=https://s3.phim1280.tv/20240329/MdhfOTHX/index.m3u8');
	INSERT INTO episodes (movie_id, name, video_url)
	  VALUES (70, 'Tập 975', 'https://player.phimapi.com/player/?url=https://s3.phim1280.tv/20240329/SSeVL9sJ/index.m3u8');
	INSERT INTO episodes (movie_id, name, video_url)
	  VALUES (70, 'Tập 976', 'https://player.phimapi.com/player/?url=https://s3.phim1280.tv/20240329/zxVz7Eri/index.m3u8');
	INSERT INTO episodes (movie_id, name, video_url)
	  VALUES (70, 'Tập 977', 'https://player.phimapi.com/player/?url=https://s3.phim1280.tv/20240329/CL8BQLeF/index.m3u8');
	INSERT INTO episodes (movie_id, name, video_url)
	  VALUES (70, 'Tập 978', 'https://player.phimapi.com/player/?url=https://s3.phim1280.tv/20240329/Q3ceHoPM/index.m3u8');
	INSERT INTO episodes (movie_id, name, video_url)
	  VALUES (70, 'Tập 979', 'https://player.phimapi.com/player/?url=https://s3.phim1280.tv/20240329/QelouqCl/index.m3u8');
	INSERT INTO episodes (movie_id, name, video_url)
	  VALUES (70, 'Tập 980', 'https://player.phimapi.com/player/?url=https://s3.phim1280.tv/20240329/rGX24p2A/index.m3u8');
	INSERT INTO episodes (movie_id, name, video_url)
	  VALUES (70, 'Tập 981', 'https://player.phimapi.com/player/?url=https://s3.phim1280.tv/20240329/3qpO28ng/index.m3u8');
	INSERT INTO episodes (movie_id, name, video_url)
	  VALUES (70, 'Tập 982', 'https://player.phimapi.com/player/?url=https://s3.phim1280.tv/20240329/jBTiYZo4/index.m3u8');
	INSERT INTO episodes (movie_id, name, video_url)
	  VALUES (70, 'Tập 983', 'https://player.phimapi.com/player/?url=https://s3.phim1280.tv/20240329/3pTrLkup/index.m3u8');
	INSERT INTO episodes (movie_id, name, video_url)
	  VALUES (70, 'Tập 984', 'https://player.phimapi.com/player/?url=https://s3.phim1280.tv/20240329/iB8R9eID/index.m3u8');
	INSERT INTO episodes (movie_id, name, video_url)
	  VALUES (70, 'Tập 985', 'https://player.phimapi.com/player/?url=https://s3.phim1280.tv/20240329/opp5cSNt/index.m3u8');
	INSERT INTO episodes (movie_id, name, video_url)
	  VALUES (70, 'Tập 986', 'https://player.phimapi.com/player/?url=https://s3.phim1280.tv/20240329/IY8iuhrp/index.m3u8');
	INSERT INTO episodes (movie_id, name, video_url)
	  VALUES (70, 'Tập 987', 'https://player.phimapi.com/player/?url=https://s3.phim1280.tv/20240329/21Tk2K4d/index.m3u8');
	INSERT INTO episodes (movie_id, name, video_url)
	  VALUES (70, 'Tập 988', 'https://player.phimapi.com/player/?url=https://s3.phim1280.tv/20240329/IdCAjaUW/index.m3u8');
	INSERT INTO episodes (movie_id, name, video_url)
	  VALUES (70, 'Tập 989', 'https://player.phimapi.com/player/?url=https://s3.phim1280.tv/20240329/LTz6Kgn2/index.m3u8');
	INSERT INTO episodes (movie_id, name, video_url)
	  VALUES (70, 'Tập 990', 'https://player.phimapi.com/player/?url=https://s3.phim1280.tv/20240329/WvB69dhx/index.m3u8');
	INSERT INTO episodes (movie_id, name, video_url)
	  VALUES (70, 'Tập 991', 'https://player.phimapi.com/player/?url=https://s3.phim1280.tv/20240329/r65YPmdd/index.m3u8');
	INSERT INTO episodes (movie_id, name, video_url)
	  VALUES (70, 'Tập 992', 'https://player.phimapi.com/player/?url=https://s3.phim1280.tv/20240329/TQr9bzZJ/index.m3u8');
	INSERT INTO episodes (movie_id, name, video_url)
	  VALUES (70, 'Tập 993', 'https://player.phimapi.com/player/?url=https://s3.phim1280.tv/20240329/tGSPOJyl/index.m3u8');
	INSERT INTO episodes (movie_id, name, video_url)
	  VALUES (70, 'Tập 994', 'https://player.phimapi.com/player/?url=https://s3.phim1280.tv/20240329/YWzQDpw6/index.m3u8');
	INSERT INTO episodes (movie_id, name, video_url)
	  VALUES (70, 'Tập 995', 'https://player.phimapi.com/player/?url=https://s3.phim1280.tv/20240329/ppeIDsJT/index.m3u8');
	INSERT INTO episodes (movie_id, name, video_url)
	  VALUES (70, 'Tập 996', 'https://player.phimapi.com/player/?url=https://s3.phim1280.tv/20240329/w8wb15dU/index.m3u8');
	INSERT INTO episodes (movie_id, name, video_url)
	  VALUES (70, 'Tập 997', 'https://player.phimapi.com/player/?url=https://s3.phim1280.tv/20240329/65IY44fE/index.m3u8');
	INSERT INTO episodes (movie_id, name, video_url)
	  VALUES (70, 'Tập 998', 'https://player.phimapi.com/player/?url=https://s3.phim1280.tv/20240329/rhSYair9/index.m3u8');
	INSERT INTO episodes (movie_id, name, video_url)
	  VALUES (70, 'Tập 999', 'https://player.phimapi.com/player/?url=https://s3.phim1280.tv/20240329/YrCSjGia/index.m3u8');
	INSERT INTO episodes (movie_id, name, video_url)
	  VALUES (70, 'Tập 1000', 'https://player.phimapi.com/player/?url=https://s3.phim1280.tv/20240329/rez2w754/index.m3u8');
	INSERT INTO episodes (movie_id, name, video_url)
	  VALUES (70, 'Tập 1001', 'https://player.phimapi.com/player/?url=https://s3.phim1280.tv/20240329/GIbg9gLl/index.m3u8');
	INSERT INTO episodes (movie_id, name, video_url)
	  VALUES (70, 'Tập 1002', 'https://player.phimapi.com/player/?url=https://s3.phim1280.tv/20240329/vZszXluu/index.m3u8');
	INSERT INTO episodes (movie_id, name, video_url)
	  VALUES (70, 'Tập 1003', 'https://player.phimapi.com/player/?url=https://s3.phim1280.tv/20240329/Y3a1onJr/index.m3u8');
	INSERT INTO episodes (movie_id, name, video_url)
	  VALUES (70, 'Tập 1004', 'https://player.phimapi.com/player/?url=https://s3.phim1280.tv/20240329/bRnkPhPQ/index.m3u8');
	INSERT INTO episodes (movie_id, name, video_url)
	  VALUES (70, 'Tập 1005', 'https://player.phimapi.com/player/?url=https://s3.phim1280.tv/20240329/aep2KdMS/index.m3u8');
	INSERT INTO episodes (movie_id, name, video_url)
	  VALUES (70, 'Tập 1006', 'https://player.phimapi.com/player/?url=https://s3.phim1280.tv/20240329/RDVLwuR3/index.m3u8');
	INSERT INTO episodes (movie_id, name, video_url)
	  VALUES (70, 'Tập 1007', 'https://player.phimapi.com/player/?url=https://s3.phim1280.tv/20240329/MWq34kcP/index.m3u8');
	INSERT INTO episodes (movie_id, name, video_url)
	  VALUES (70, 'Tập 1008', 'https://player.phimapi.com/player/?url=https://s3.phim1280.tv/20240329/IyFM978E/index.m3u8');
	INSERT INTO episodes (movie_id, name, video_url)
	  VALUES (70, 'Tập 1009', 'https://player.phimapi.com/player/?url=https://s3.phim1280.tv/20240329/ovpeEbRC/index.m3u8');
	INSERT INTO episodes (movie_id, name, video_url)
	  VALUES (70, 'Tập 1010', 'https://player.phimapi.com/player/?url=https://s3.phim1280.tv/20240329/kbEjzd2q/index.m3u8');
	INSERT INTO episodes (movie_id, name, video_url)
	  VALUES (70, 'Tập 1011', 'https://player.phimapi.com/player/?url=https://s3.phim1280.tv/20240329/ujd8Hi0i/index.m3u8');
	INSERT INTO episodes (movie_id, name, video_url)
	  VALUES (70, 'Tập 1012', 'https://player.phimapi.com/player/?url=https://s3.phim1280.tv/20240329/GaVL7AeW/index.m3u8');
	INSERT INTO episodes (movie_id, name, video_url)
	  VALUES (70, 'Tập 1013', 'https://player.phimapi.com/player/?url=https://s3.phim1280.tv/20240329/uJ69V9oc/index.m3u8');
	INSERT INTO episodes (movie_id, name, video_url)
	  VALUES (70, 'Tập 1014', 'https://player.phimapi.com/player/?url=https://s3.phim1280.tv/20240329/7hgUtCgw/index.m3u8');
	INSERT INTO episodes (movie_id, name, video_url)
	  VALUES (70, 'Tập 1015', 'https://player.phimapi.com/player/?url=https://s3.phim1280.tv/20240329/9OxLrW2l/index.m3u8');
	INSERT INTO episodes (movie_id, name, video_url)
	  VALUES (70, 'Tập 1016', 'https://player.phimapi.com/player/?url=https://s3.phim1280.tv/20240329/nEEQBEZQ/index.m3u8');
	INSERT INTO episodes (movie_id, name, video_url)
	  VALUES (70, 'Tập 1017', 'https://player.phimapi.com/player/?url=https://s3.phim1280.tv/20240329/tVEK8jD6/index.m3u8');
	INSERT INTO episodes (movie_id, name, video_url)
	  VALUES (70, 'Tập 1018', 'https://player.phimapi.com/player/?url=https://s3.phim1280.tv/20240329/79jFJtCi/index.m3u8');
	INSERT INTO episodes (movie_id, name, video_url)
	  VALUES (70, 'Tập 1019', 'https://player.phimapi.com/player/?url=https://s3.phim1280.tv/20240329/91NRu3SD/index.m3u8');
	INSERT INTO episodes (movie_id, name, video_url)
	  VALUES (70, 'Tập 1020', 'https://player.phimapi.com/player/?url=https://s3.phim1280.tv/20240329/XAURjtHA/index.m3u8');
	INSERT INTO episodes (movie_id, name, video_url)
	  VALUES (70, 'Tập 1021', 'https://player.phimapi.com/player/?url=https://s3.phim1280.tv/20240329/QgEuj2lw/index.m3u8');
	INSERT INTO episodes (movie_id, name, video_url)
	  VALUES (70, 'Tập 1022', 'https://player.phimapi.com/player/?url=https://s3.phim1280.tv/20240329/hpRqGKDZ/index.m3u8');
	INSERT INTO episodes (movie_id, name, video_url)
	  VALUES (70, 'Tập 1023', 'https://player.phimapi.com/player/?url=https://s3.phim1280.tv/20240329/jP64OOF8/index.m3u8');
	INSERT INTO episodes (movie_id, name, video_url)
	  VALUES (70, 'Tập 1024', 'https://player.phimapi.com/player/?url=https://s3.phim1280.tv/20240329/PlG7sFAM/index.m3u8');
	INSERT INTO episodes (movie_id, name, video_url)
	  VALUES (70, 'Tập 1025', 'https://player.phimapi.com/player/?url=https://s3.phim1280.tv/20240329/uR3PD25a/index.m3u8');
	INSERT INTO episodes (movie_id, name, video_url)
	  VALUES (70, 'Tập 1026', 'https://player.phimapi.com/player/?url=https://s3.phim1280.tv/20240329/JH9ER67E/index.m3u8');
	INSERT INTO episodes (movie_id, name, video_url)
	  VALUES (70, 'Tập 1027', 'https://player.phimapi.com/player/?url=https://s3.phim1280.tv/20240329/juUr0uCB/index.m3u8');
	INSERT INTO episodes (movie_id, name, video_url)
	  VALUES (70, 'Tập 1028', 'https://player.phimapi.com/player/?url=https://s3.phim1280.tv/20240329/96k5Gaai/index.m3u8');
	INSERT INTO episodes (movie_id, name, video_url)
	  VALUES (70, 'Tập 1029', 'https://player.phimapi.com/player/?url=https://s3.phim1280.tv/20240329/47jWnqbN/index.m3u8');
	INSERT INTO episodes (movie_id, name, video_url)
	  VALUES (70, 'Tập 1030', 'https://player.phimapi.com/player/?url=https://s3.phim1280.tv/20240329/fY8Z2wEP/index.m3u8');
	INSERT INTO episodes (movie_id, name, video_url)
	  VALUES (70, 'Tập 1031', 'https://player.phimapi.com/player/?url=https://s3.phim1280.tv/20240329/lgucJ0vc/index.m3u8');
	INSERT INTO episodes (movie_id, name, video_url)
	  VALUES (70, 'Tập 1032', 'https://player.phimapi.com/player/?url=https://s3.phim1280.tv/20240329/JDQefhgG/index.m3u8');
	INSERT INTO episodes (movie_id, name, video_url)
	  VALUES (70, 'Tập 1033', 'https://player.phimapi.com/player/?url=https://s3.phim1280.tv/20240329/oLFzbmQV/index.m3u8');
	INSERT INTO episodes (movie_id, name, video_url)
	  VALUES (70, 'Tập 1034', 'https://player.phimapi.com/player/?url=https://s3.phim1280.tv/20240329/iyPoKw1J/index.m3u8');
	INSERT INTO episodes (movie_id, name, video_url)
	  VALUES (70, 'Tập 1035', 'https://player.phimapi.com/player/?url=https://s3.phim1280.tv/20240329/NtE1uS2U/index.m3u8');
	INSERT INTO episodes (movie_id, name, video_url)
	  VALUES (70, 'Tập 1036', 'https://player.phimapi.com/player/?url=https://s3.phim1280.tv/20240329/NApAUHqu/index.m3u8');
	INSERT INTO episodes (movie_id, name, video_url)
	  VALUES (70, 'Tập 1037', 'https://player.phimapi.com/player/?url=https://s3.phim1280.tv/20240329/U1z7sGXO/index.m3u8');
	INSERT INTO episodes (movie_id, name, video_url)
	  VALUES (70, 'Tập 1038', 'https://player.phimapi.com/player/?url=https://s3.phim1280.tv/20240329/RgL65TJO/index.m3u8');
	INSERT INTO episodes (movie_id, name, video_url)
	  VALUES (70, 'Tập 1039', 'https://player.phimapi.com/player/?url=https://s3.phim1280.tv/20240329/UDMKzpVy/index.m3u8');
	INSERT INTO episodes (movie_id, name, video_url)
	  VALUES (70, 'Tập 1040', 'https://player.phimapi.com/player/?url=https://s3.phim1280.tv/20240329/LWIEQGnv/index.m3u8');
	INSERT INTO episodes (movie_id, name, video_url)
	  VALUES (70, 'Tập 1041', 'https://player.phimapi.com/player/?url=https://s3.phim1280.tv/20240329/Z3V0pKNA/index.m3u8');
	INSERT INTO episodes (movie_id, name, video_url)
	  VALUES (70, 'Tập 1042', 'https://player.phimapi.com/player/?url=https://s3.phim1280.tv/20240329/ZzP9jHic/index.m3u8');
	INSERT INTO episodes (movie_id, name, video_url)
	  VALUES (70, 'Tập 1043', 'https://player.phimapi.com/player/?url=https://s3.phim1280.tv/20240329/uHtHPw2O/index.m3u8');
	INSERT INTO episodes (movie_id, name, video_url)
	  VALUES (70, 'Tập 1044', 'https://player.phimapi.com/player/?url=https://s3.phim1280.tv/20240329/T4pwhga3/index.m3u8');
	INSERT INTO episodes (movie_id, name, video_url)
	  VALUES (70, 'Tập 1045', 'https://player.phimapi.com/player/?url=https://s3.phim1280.tv/20240329/NAkz2Zao/index.m3u8');
	INSERT INTO episodes (movie_id, name, video_url)
	  VALUES (70, 'Tập 1046', 'https://player.phimapi.com/player/?url=https://s3.phim1280.tv/20240329/u2LbKgX4/index.m3u8');
	INSERT INTO episodes (movie_id, name, video_url)
	  VALUES (70, 'Tập 1047', 'https://player.phimapi.com/player/?url=https://s3.phim1280.tv/20240329/BirtRzz0/index.m3u8');
	INSERT INTO episodes (movie_id, name, video_url)
	  VALUES (70, 'Tập 1048', 'https://player.phimapi.com/player/?url=https://s3.phim1280.tv/20240329/twAzv3CI/index.m3u8');
	INSERT INTO episodes (movie_id, name, video_url)
	  VALUES (70, 'Tập 1049', 'https://player.phimapi.com/player/?url=https://s3.phim1280.tv/20240329/DtKeAs71/index.m3u8');
	INSERT INTO episodes (movie_id, name, video_url)
	  VALUES (70, 'Tập 1050', 'https://player.phimapi.com/player/?url=https://s3.phim1280.tv/20240329/kKo5Nb18/index.m3u8');
	INSERT INTO episodes (movie_id, name, video_url)
	  VALUES (70, 'Tập 1051', 'https://player.phimapi.com/player/?url=https://s3.phim1280.tv/20240329/w4kMiZZU/index.m3u8');
	INSERT INTO episodes (movie_id, name, video_url)
	  VALUES (70, 'Tập 1052', 'https://player.phimapi.com/player/?url=https://s3.phim1280.tv/20240329/BdiQopMr/index.m3u8');
	INSERT INTO episodes (movie_id, name, video_url)
	  VALUES (70, 'Tập 1053', 'https://player.phimapi.com/player/?url=https://s3.phim1280.tv/20240329/bR057jN7/index.m3u8');
	INSERT INTO episodes (movie_id, name, video_url)
	  VALUES (70, 'Tập 1054', 'https://player.phimapi.com/player/?url=https://s3.phim1280.tv/20240329/BownoSkD/index.m3u8');
	INSERT INTO episodes (movie_id, name, video_url)
	  VALUES (70, 'Tập 1055', 'https://player.phimapi.com/player/?url=https://s3.phim1280.tv/20240329/LKhJv0uf/index.m3u8');
	INSERT INTO episodes (movie_id, name, video_url)
	  VALUES (70, 'Tập 1056', 'https://player.phimapi.com/player/?url=https://s3.phim1280.tv/20240329/2QI93xaP/index.m3u8');
	INSERT INTO episodes (movie_id, name, video_url)
	  VALUES (70, 'Tập 1057', 'https://player.phimapi.com/player/?url=https://s3.phim1280.tv/20240329/HM2Y9gTW/index.m3u8');
	INSERT INTO episodes (movie_id, name, video_url)
	  VALUES (70, 'Tập 1058', 'https://player.phimapi.com/player/?url=https://s3.phim1280.tv/20240329/PHWNgBG6/index.m3u8');
	INSERT INTO episodes (movie_id, name, video_url)
	  VALUES (70, 'Tập 1059', 'https://player.phimapi.com/player/?url=https://s3.phim1280.tv/20240329/fhUsWbMw/index.m3u8');
	INSERT INTO episodes (movie_id, name, video_url)
	  VALUES (70, 'Tập 1060', 'https://player.phimapi.com/player/?url=https://s3.phim1280.tv/20240329/Vfba7YOw/index.m3u8');
	INSERT INTO episodes (movie_id, name, video_url)
	  VALUES (70, 'Tập 1061', 'https://player.phimapi.com/player/?url=https://s3.phim1280.tv/20240329/8sH22J1C/index.m3u8');
	INSERT INTO episodes (movie_id, name, video_url)
	  VALUES (70, 'Tập 1062', 'https://player.phimapi.com/player/?url=https://s3.phim1280.tv/20240329/uFmvVRJV/index.m3u8');
	INSERT INTO episodes (movie_id, name, video_url)
	  VALUES (70, 'Tập 1063', 'https://player.phimapi.com/player/?url=https://s3.phim1280.tv/20240329/WAdFP2h9/index.m3u8');
	INSERT INTO episodes (movie_id, name, video_url)
	  VALUES (70, 'Tập 1064', 'https://player.phimapi.com/player/?url=https://s3.phim1280.tv/20240329/P4NgJy7t/index.m3u8');
	INSERT INTO episodes (movie_id, name, video_url)
	  VALUES (70, 'Tập 1065', 'https://player.phimapi.com/player/?url=https://s3.phim1280.tv/20240329/i4jVzA05/index.m3u8');
	INSERT INTO episodes (movie_id, name, video_url)
	  VALUES (70, 'Tập 1066', 'https://player.phimapi.com/player/?url=https://s3.phim1280.tv/20240329/AsV1HVaI/index.m3u8');
	INSERT INTO episodes (movie_id, name, video_url)
	  VALUES (70, 'Tập 1067', 'https://player.phimapi.com/player/?url=https://s3.phim1280.tv/20240329/m4wlScz1/index.m3u8');
	INSERT INTO episodes (movie_id, name, video_url)
	  VALUES (70, 'Tập 1068', 'https://player.phimapi.com/player/?url=https://s3.phim1280.tv/20240329/7e9BUijr/index.m3u8');
	INSERT INTO episodes (movie_id, name, video_url)
	  VALUES (70, 'Tập 1069', 'https://player.phimapi.com/player/?url=https://s3.phim1280.tv/20240329/pQn6c27u/index.m3u8');
	INSERT INTO episodes (movie_id, name, video_url)
	  VALUES (70, 'Tập 1070', 'https://player.phimapi.com/player/?url=https://s3.phim1280.tv/20240329/qbNgCGSa/index.m3u8');
	INSERT INTO episodes (movie_id, name, video_url)
	  VALUES (70, 'Tập 1071', 'https://player.phimapi.com/player/?url=https://s3.phim1280.tv/20240330/9uU9m8LX/index.m3u8');
	INSERT INTO episodes (movie_id, name, video_url)
	  VALUES (70, 'Tập 1072', 'https://player.phimapi.com/player/?url=https://s3.phim1280.tv/20240329/HlzNeFoo/index.m3u8');
	INSERT INTO episodes (movie_id, name, video_url)
	  VALUES (70, 'Tập 1073', 'https://player.phimapi.com/player/?url=https://s3.phim1280.tv/20240330/72KvAJgs/index.m3u8');
	INSERT INTO episodes (movie_id, name, video_url)
	  VALUES (70, 'Tập 1074', 'https://player.phimapi.com/player/?url=https://s3.phim1280.tv/20240330/xTN03xE2/index.m3u8');
	INSERT INTO episodes (movie_id, name, video_url)
	  VALUES (70, 'Tập 1075', 'https://player.phimapi.com/player/?url=https://s3.phim1280.tv/20240330/GS23HPH3/index.m3u8');
	INSERT INTO episodes (movie_id, name, video_url)
	  VALUES (70, 'Tập 1076', 'https://player.phimapi.com/player/?url=https://s3.phim1280.tv/20240330/9aDIW8nh/index.m3u8');
	INSERT INTO episodes (movie_id, name, video_url)
	  VALUES (70, 'Tập 1076.5', 'https://player.phimapi.com/player/?url=https://s3.phim1280.tv/20240330/GBfuPpWC/index.m3u8');
	INSERT INTO episodes (movie_id, name, video_url)
	  VALUES (70, 'Tập 1077', 'https://player.phimapi.com/player/?url=https://s3.phim1280.tv/20240330/N6V5VWHa/index.m3u8');
	INSERT INTO episodes (movie_id, name, video_url)
	  VALUES (70, 'Tập 1078', 'https://player.phimapi.com/player/?url=https://s3.phim1280.tv/20240330/BzO2lxOC/index.m3u8');
	INSERT INTO episodes (movie_id, name, video_url)
	  VALUES (70, 'Tập 1079', 'https://player.phimapi.com/player/?url=https://s3.phim1280.tv/20240330/ep8pAxj8/index.m3u8');
	INSERT INTO episodes (movie_id, name, video_url)
	  VALUES (70, 'Tập 1080', 'https://player.phimapi.com/player/?url=https://s3.phim1280.tv/20240330/jJyEvTth/index.m3u8');
	INSERT INTO episodes (movie_id, name, video_url)
	  VALUES (70, 'Tập 1081', 'https://player.phimapi.com/player/?url=https://s3.phim1280.tv/20240329/afUTTtXb/index.m3u8');
	INSERT INTO episodes (movie_id, name, video_url)
	  VALUES (70, 'Tập 1082', 'https://player.phimapi.com/player/?url=https://s3.phim1280.tv/20240330/bO6rUttk/index.m3u8');
	INSERT INTO episodes (movie_id, name, video_url)
	  VALUES (70, 'Tập 1083', 'https://player.phimapi.com/player/?url=https://s3.phim1280.tv/20240330/Po05V9Qf/index.m3u8');
	INSERT INTO episodes (movie_id, name, video_url)
	  VALUES (70, 'Tập 1084', 'https://player.phimapi.com/player/?url=https://s3.phim1280.tv/20240330/aPcfoJjK/index.m3u8');
	INSERT INTO episodes (movie_id, name, video_url)
	  VALUES (70, 'Tập 1085', 'https://player.phimapi.com/player/?url=https://s3.phim1280.tv/20240329/I4INZeAA/index.m3u8');
	INSERT INTO episodes (movie_id, name, video_url)
	  VALUES (70, 'Tập 1086', 'https://player.phimapi.com/player/?url=https://s3.phim1280.tv/20240330/qNSEPq04/index.m3u8');
	INSERT INTO episodes (movie_id, name, video_url)
	  VALUES (70, 'Tập 1087', 'https://player.phimapi.com/player/?url=https://s3.phim1280.tv/20240330/Z46UEU6S/index.m3u8');
	INSERT INTO episodes (movie_id, name, video_url)
	  VALUES (70, 'Tập 1088', 'https://player.phimapi.com/player/?url=https://s3.phim1280.tv/20240330/oVKq1dcU/index.m3u8');
	INSERT INTO episodes (movie_id, name, video_url)
	  VALUES (70, 'Tập 1089', 'https://player.phimapi.com/player/?url=https://s3.phim1280.tv/20240330/MdTYqUzm/index.m3u8');
	INSERT INTO episodes (movie_id, name, video_url)
	  VALUES (70, 'Tập 1090', 'https://player.phimapi.com/player/?url=https://s3.phim1280.tv/20240329/FpIoECRx/index.m3u8');
	INSERT INTO episodes (movie_id, name, video_url)
	  VALUES (70, 'Tập 1091', 'https://player.phimapi.com/player/?url=https://s3.phim1280.tv/20240330/fmnAIKNX/index.m3u8');
	INSERT INTO episodes (movie_id, name, video_url)
	  VALUES (70, 'Tập 1092', 'https://player.phimapi.com/player/?url=https://s3.phim1280.tv/20240330/bL83fv6S/index.m3u8');
	INSERT INTO episodes (movie_id, name, video_url)
	  VALUES (70, 'Tập 1093', 'https://player.phimapi.com/player/?url=https://s3.phim1280.tv/20240330/rC5UlEJz/index.m3u8');
	INSERT INTO episodes (movie_id, name, video_url)
	  VALUES (70, 'Tập 1094', 'https://player.phimapi.com/player/?url=https://s3.phim1280.tv/20240330/B8KyATB6/index.m3u8');
	INSERT INTO episodes (movie_id, name, video_url)
	  VALUES (70, 'Tập 1095', 'https://player.phimapi.com/player/?url=https://s3.phim1280.tv/20240330/rVJsFKFr/index.m3u8');
	INSERT INTO episodes (movie_id, name, video_url)
	  VALUES (70, 'Tập 1096', 'https://player.phimapi.com/player/?url=https://s3.phim1280.tv/20240330/S1kvivW9/index.m3u8');
	INSERT INTO episodes (movie_id, name, video_url)
	  VALUES (70, 'Tập 1097', 'https://player.phimapi.com/player/?url=https://s3.phim1280.tv/20240330/7ktrIpMp/index.m3u8');
	INSERT INTO episodes (movie_id, name, video_url)
	  VALUES (70, 'Tập 1098', 'https://player.phimapi.com/player/?url=https://s3.phim1280.tv/20240330/32p29G2H/index.m3u8');
	INSERT INTO episodes (movie_id, name, video_url)
	  VALUES (70, 'Tập 1099', 'https://player.phimapi.com/player/?url=https://s3.phim1280.tv/20240330/uBisqc94/index.m3u8');
	INSERT INTO episodes (movie_id, name, video_url)
	  VALUES (70, 'Tập 1100', 'https://player.phimapi.com/player/?url=https://s3.phim1280.tv/20240330/SpMvZqXB/index.m3u8');
	INSERT INTO episodes (movie_id, name, video_url)
	  VALUES (70, 'Tập 1101', 'https://player.phimapi.com/player/?url=https://s3.phim1280.tv/20240330/Rpdgfipf/index.m3u8');
	INSERT INTO episodes (movie_id, name, video_url)
	  VALUES (70, 'Tập 1102', 'https://player.phimapi.com/player/?url=https://s3.phim1280.tv/20240330/BUHEj5sV/index.m3u8');
	INSERT INTO episodes (movie_id, name, video_url)
	  VALUES (70, 'Tập 1103', 'https://player.phimapi.com/player/?url=https://s3.phim1280.tv/20240330/n6jHMDuJ/index.m3u8');
	INSERT INTO episodes (movie_id, name, video_url)
	  VALUES (70, 'Tập 1104', 'https://player.phimapi.com/player/?url=https://s3.phim1280.tv/20240330/aaz0i9g8/index.m3u8');
	INSERT INTO episodes (movie_id, name, video_url)
	  VALUES (70, 'Tập 1105', 'https://player.phimapi.com/player/?url=https://s3.phim1280.tv/20240330/w716EgPG/index.m3u8');
	INSERT INTO episodes (movie_id, name, video_url)
	  VALUES (70, 'Tập 1106', 'https://player.phimapi.com/player/?url=https://s3.phim1280.tv/20240330/sDSQBTY4/index.m3u8');
	INSERT INTO episodes (movie_id, name, video_url)
	  VALUES (70, 'Tập 1107', 'https://player.phimapi.com/player/?url=https://s3.phim1280.tv/20240330/SH6S060M/index.m3u8');
	INSERT INTO episodes (movie_id, name, video_url)
	  VALUES (70, 'Tập 1108', 'https://player.phimapi.com/player/?url=https://s3.phim1280.tv/20240330/n9P9QSKw/index.m3u8');
	INSERT INTO episodes (movie_id, name, video_url)
	  VALUES (70, 'Tập 1109', 'https://player.phimapi.com/player/?url=https://s3.phim1280.tv/20240330/rkl1O1Je/index.m3u8');
	INSERT INTO episodes (movie_id, name, video_url)
	  VALUES (70, 'Tập 1110', 'https://player.phimapi.com/player/?url=https://s3.phim1280.tv/20240330/NlS6HyRd/index.m3u8');
	INSERT INTO episodes (movie_id, name, video_url)
	  VALUES (70, 'Tập 1111', 'https://player.phimapi.com/player/?url=https://s3.phim1280.tv/20240330/LZfk7Ejl/index.m3u8');
	INSERT INTO episodes (movie_id, name, video_url)
	  VALUES (70, 'Tập 1112', 'https://player.phimapi.com/player/?url=https://s3.phim1280.tv/20240330/WLdA0Fzv/index.m3u8');
	INSERT INTO episodes (movie_id, name, video_url)
	  VALUES (70, 'Tập 1113', 'https://player.phimapi.com/player/?url=https://s3.phim1280.tv/20240330/Jauc1KSL/index.m3u8');
	INSERT INTO episodes (movie_id, name, video_url)
	  VALUES (70, 'Tập 1114', 'https://player.phimapi.com/player/?url=https://s3.phim1280.tv/20240330/MjuywKue/index.m3u8');
	INSERT INTO episodes (movie_id, name, video_url)
	  VALUES (70, 'Tập 1115', 'https://player.phimapi.com/player/?url=https://s3.phim1280.tv/20240330/slo94mlv/index.m3u8');
	INSERT INTO episodes (movie_id, name, video_url)
	  VALUES (70, 'Tập 1116', 'https://player.phimapi.com/player/?url=https://s3.phim1280.tv/20240330/34CeebWO/index.m3u8');
	INSERT INTO episodes (movie_id, name, video_url)
	  VALUES (70, 'Tập 1117', 'https://player.phimapi.com/player/?url=https://s3.phim1280.tv/20240330/4zcv3B92/index.m3u8');
	INSERT INTO episodes (movie_id, name, video_url)
	  VALUES (70, 'Tập 1118', 'https://player.phimapi.com/player/?url=https://s3.phim1280.tv/20240330/D2F3i5qU/index.m3u8');
	INSERT INTO episodes (movie_id, name, video_url)
	  VALUES (70, 'Tập 1119', 'https://player.phimapi.com/player/?url=https://s3.phim1280.tv/20240410/Yg4QK9Rn/index.m3u8');
	INSERT INTO episodes (movie_id, name, video_url)
	  VALUES (70, 'Tập 1120', 'https://player.phimapi.com/player/?url=https://s3.phim1280.tv/20240428/LwipTTkh/index.m3u8');
	INSERT INTO episodes (movie_id, name, video_url)
	  VALUES (70, 'Tập 1121', 'https://player.phimapi.com/player/?url=https://s3.phim1280.tv/20240502/h55bm44B/index.m3u8');
	INSERT INTO episodes (movie_id, name, video_url)
	  VALUES (70, 'Tập 1122', 'https://player.phimapi.com/player/?url=https://s3.phim1280.tv/20240508/U8tMRHKO/index.m3u8');
	INSERT INTO episodes (movie_id, name, video_url)
	  VALUES (70, 'Tập 1123', 'https://player.phimapi.com/player/?url=https://s3.phim1280.tv/20240516/XzmaTzyB/index.m3u8');
	INSERT INTO episodes (movie_id, name, video_url)
	  VALUES (70, 'Tập 1124', 'https://player.phimapi.com/player/?url=https://s3.phim1280.tv/20240520/5LbrYJ68/index.m3u8');
	INSERT INTO episodes (movie_id, name, video_url)
	  VALUES (70, 'Tập 1125', 'https://player.phimapi.com/player/?url=https://s3.phim1280.tv/20240716/NYQdsy2i/index.m3u8');
	INSERT INTO episodes (movie_id, name, video_url)
	  VALUES (70, 'Tập 1126', 'https://player.phimapi.com/player/?url=https://s3.phim1280.tv/20240716/Qc91foC8/index.m3u8');
	INSERT INTO episodes (movie_id, name, video_url)
	  VALUES (70, 'Tập 1127', 'https://player.phimapi.com/player/?url=https://s3.phim1280.tv/20240716/p35dVPoB/index.m3u8');
	INSERT INTO episodes (movie_id, name, video_url)
	  VALUES (70, 'Tập 1128', 'https://player.phimapi.com/player/?url=https://s3.phim1280.tv/20240716/Zl2BKW1M/index.m3u8');
	INSERT INTO episodes (movie_id, name, video_url)
	  VALUES (70, 'Tập 1129', 'https://player.phimapi.com/player/?url=https://s3.phim1280.tv/20240716/iT3168nz/index.m3u8');
	INSERT INTO episodes (movie_id, name, video_url)
	  VALUES (70, 'Tập 1130', 'https://player.phimapi.com/player/?url=https://s3.phim1280.tv/20240722/IzgWwbof/index.m3u8');
	INSERT INTO episodes (movie_id, name, video_url)
	  VALUES (70, 'Tập 1131', 'https://player.phimapi.com/player/?url=https://s3.phim1280.tv/20240824/HMUrBNcR/index.m3u8');
	INSERT INTO episodes (movie_id, name, video_url)
	  VALUES (70, 'Tập 1132', 'https://player.phimapi.com/player/?url=https://s3.phim1280.tv/20240824/rj6AsdFY/index.m3u8');
	INSERT INTO episodes (movie_id, name, video_url)
	  VALUES (70, 'Tập 1133', 'https://player.phimapi.com/player/?url=https://s3.phim1280.tv/20240825/6aaK8WQy/index.m3u8');
	INSERT INTO episodes (movie_id, name, video_url)
	  VALUES (70, 'Tập 1134', 'https://player.phimapi.com/player/?url=https://s5.phim1280.tv/20240918/tdd6Lc5d/index.m3u8');
	INSERT INTO episodes (movie_id, name, video_url)
	  VALUES (70, 'Tập 1135', 'https://player.phimapi.com/player/?url=https://s5.phim1280.tv/20241005/6Mw7stBr/index.m3u8');
	INSERT INTO episodes (movie_id, name, video_url)
	  VALUES (70, 'Tập 1136', 'https://player.phimapi.com/player/?url=https://s5.phim1280.tv/20241005/MFIlMBwN/index.m3u8');
	INSERT INTO episodes (movie_id, name, video_url)
	  VALUES (70, 'Tập 1137', 'https://player.phimapi.com/player/?url=https://s5.phim1280.tv/20241102/Jhcc5ry3/index.m3u8');
	INSERT INTO episodes (movie_id, name, video_url)
	  VALUES (70, 'Tập 1138', 'https://player.phimapi.com/player/?url=https://s5.phim1280.tv/20241102/EspTmRuL/index.m3u8');
	INSERT INTO episodes (movie_id, name, video_url)
	  VALUES (70, 'Tập 1139', 'https://player.phimapi.com/player/?url=https://s5.phim1280.tv/20241102/h1keQGV1/index.m3u8');
	INSERT INTO episodes (movie_id, name, video_url)
	  VALUES (70, 'Tập 1140', 'https://player.phimapi.com/player/?url=https://s4.phim1280.tv/20241105/OhLqqQhf/index.m3u8');
	INSERT INTO episodes (movie_id, name, video_url)
	  VALUES (70, 'Tập 1141', 'https://player.phimapi.com/player/?url=https://s4.phim1280.tv/20241220/Vhf6biIs/index.m3u8');
	INSERT INTO episodes (movie_id, name, video_url)
	  VALUES (70, 'Tập 1142', 'https://player.phimapi.com/player/?url=https://s4.phim1280.tv/20241220/qjrY2bcO/index.m3u8');
	INSERT INTO episodes (movie_id, name, video_url)
	  VALUES (70, 'Tập 1143', 'https://player.phimapi.com/player/?url=https://s4.phim1280.tv/20241220/C7Zy0Vuw/index.m3u8');
	INSERT INTO episodes (movie_id, name, video_url)
	  VALUES (70, 'Tập 1144', 'https://player.phimapi.com/player/?url=https://s4.phim1280.tv/20241220/LkSF9M9W/index.m3u8');
	INSERT INTO episodes (movie_id, name, video_url)
	  VALUES (70, 'Tập 1145', 'https://player.phimapi.com/player/?url=https://s4.phim1280.tv/20241220/3L6fqxUT/index.m3u8');
	INSERT INTO episodes (movie_id, name, video_url)
	  VALUES (70, 'Tập 1146', 'https://player.phimapi.com/player/?url=https://s5.phim1280.tv/20241222/GUyKUv6J/index.m3u8');
	INSERT INTO episodes (movie_id, name, video_url)
	  VALUES (70, 'Tập 1147', 'https://player.phimapi.com/player/?url=https://s5.phim1280.tv/20241229/r4rWcGUh/index.m3u8');
	INSERT INTO episodes (movie_id, name, video_url)
	  VALUES (70, 'Tập 1148', 'https://player.phimapi.com/player/?url=https://s4.phim1280.tv/20250105/ABpYi9Jv/index.m3u8');
	INSERT INTO episodes (movie_id, name, video_url)
	  VALUES (70, 'Tập 1149', 'https://player.phimapi.com/player/?url=https://s5.phim1280.tv/20250112/b465aWW6/index.m3u8');
	INSERT INTO episodes (movie_id, name, video_url)
	  VALUES (70, 'Tập 1150', 'https://player.phimapi.com/player/?url=https://s5.phim1280.tv/20250119/qEl7kTEQ/index.m3u8');
	INSERT INTO episodes (movie_id, name, video_url)
	  VALUES (70, 'Tập 1151', 'https://player.phimapi.com/player/?url=https://s4.phim1280.tv/20250131/n1vpUexA/index.m3u8');
	INSERT INTO episodes (movie_id, name, video_url)
	  VALUES (70, 'Tập 1152', 'https://player.phimapi.com/player/?url=https://s4.phim1280.tv/20250215/6QPxkxxM/index.m3u8');
	INSERT INTO episodes (movie_id, name, video_url)
	  VALUES (70, 'Tập 1153', 'https://player.phimapi.com/player/?url=https://s4.phim1280.tv/20250217/3jY7eb9z/index.m3u8');
	INSERT INTO episodes (movie_id, name, video_url)
	  VALUES (70, 'Tập 1154', 'https://player.phimapi.com/player/?url=https://s4.phim1280.tv/20250224/kmOhuZHG/index.m3u8');
	INSERT INTO episodes (movie_id, name, video_url)
	  VALUES (70, 'Tập 1155', 'https://player.phimapi.com/player/?url=https://s5.phim1280.tv/20250302/5EYVUlok/index.m3u8');
	INSERT INTO episodes (movie_id, name, video_url)
	  VALUES (70, 'Tập 1156', 'https://player.phimapi.com/player/?url=https://s4.phim1280.tv/20250310/7bk7Pg2E/index.m3u8');
	INSERT INTO episodes (movie_id, name, video_url)
	  VALUES (70, 'Tập 1157', 'https://player.phimapi.com/player/?url=https://s4.phim1280.tv/20250316/vFIG3zxs/index.m3u8');
	INSERT INTO episodes (movie_id, name, video_url)
	  VALUES (70, 'Tập 1158', 'https://player.phimapi.com/player/?url=https://s4.phim1280.tv/20250413/fdoxvPAq/index.m3u8');
	INSERT INTO episodes (movie_id, name, video_url)
	  VALUES (70, 'Tập 1159', 'https://player.phimapi.com/player/?url=https://s5.phim1280.tv/20250420/GbopqT2L/index.m3u8');
	INSERT INTO episodes (movie_id, name, video_url)
	  VALUES (70, 'Tập 1160', 'https://player.phimapi.com/player/?url=https://s5.phim1280.tv/20250427/OF3InxED/index.m3u8');
	INSERT INTO episodes (movie_id, name, video_url)
	  VALUES (70, 'Tập 1161', 'https://player.phimapi.com/player/?url=https://s4.phim1280.tv/20250504/JdsZDsYw/index.m3u8');
	INSERT INTO episodes (movie_id, name, video_url)
	  VALUES (70, 'Tập 1162', 'https://player.phimapi.com/player/?url=https://s4.phim1280.tv/20250511/2daq4YAw/index.m3u8');
	INSERT INTO episodes (movie_id, name, video_url)
	  VALUES (70, 'Tập 1163', 'https://player.phimapi.com/player/?url=https://s5.phim1280.tv/20250518/iGrnKFs3/index.m3u8');
	INSERT INTO episodes (movie_id, name, video_url)
	  VALUES (70, 'Tập 1164', 'https://player.phimapi.com/player/?url=https://s6.kkphimplayer6.com/20250609/yRq1beur/index.m3u8');
	INSERT INTO episodes (movie_id, name, video_url)
	  VALUES (70, 'Tập 1165', 'https://player.phimapi.com/player/?url=https://s6.kkphimplayer6.com/20250616/ee4SSVvQ/index.m3u8');
	INSERT INTO episodes (movie_id, name, video_url)
	  VALUES (70, 'Tập 1166', 'https://player.phimapi.com/player/?url=https://s6.kkphimplayer6.com/20250623/QK1fd31J/index.m3u8');
	INSERT INTO episodes (movie_id, name, video_url)
	  VALUES (70, 'Tập 1167', 'https://player.phimapi.com/player/?url=https://s6.kkphimplayer6.com/20250629/Rxc15emL/index.m3u8');
	INSERT INTO episodes (movie_id, name, video_url)
	  VALUES (70, 'Tập 1168', 'https://player.phimapi.com/player/?url=https://s6.kkphimplayer6.com/20250720/BLS4m7Vy/index.m3u8');
	INSERT INTO episodes (movie_id, name, video_url)
	  VALUES (70, 'Tập 1169', 'https://player.phimapi.com/player/?url=https://s6.kkphimplayer6.com/20250727/Rk44aatb/index.m3u8');
	INSERT INTO episodes (movie_id, name, video_url)
	  VALUES (70, 'Tập 1170', 'https://player.phimapi.com/player/?url=https://s6.kkphimplayer6.com/20250803/bVFMGLer/index.m3u8');
	INSERT INTO episodes (movie_id, name, video_url)
	  VALUES (70, 'Tập 1171', 'https://player.phimapi.com/player/?url=https://s6.kkphimplayer6.com/20250817/aGHYg5yw/index.m3u8');
	INSERT INTO episodes (movie_id, name, video_url)
	  VALUES (70, 'Tập 1172', 'https://player.phimapi.com/player/?url=https://s6.kkphimplayer6.com/20250824/A25p7WMI/index.m3u8');
	INSERT INTO episodes (movie_id, name, video_url)
	  VALUES (70, 'Tập 1173', 'https://player.phimapi.com/player/?url=https://s6.kkphimplayer6.com/20250907/jRmEwXuh/index.m3u8');
	INSERT INTO episodes (movie_id, name, video_url)
	  VALUES (70, 'Tập 1174', 'https://player.phimapi.com/player/?url=https://s6.kkphimplayer6.com/20250908/3W71KMCc/index.m3u8');
	INSERT INTO episodes (movie_id, name, video_url)
	  VALUES (70, 'Tập 1175', 'https://player.phimapi.com/player/?url=https://s6.kkphimplayer6.com/20250914/0f3VDSXY/index.m3u8');
	INSERT INTO episodes (movie_id, name, video_url)
	  VALUES (70, 'Tập 1176', 'https://player.phimapi.com/player/?url=https://s6.kkphimplayer6.com/20250921/CoV18g93/index.m3u8');
	INSERT INTO episodes (movie_id, name, video_url)
	  VALUES (70, 'Tập 01', 'https://player.phimapi.com/player/?url=https://s6.kkphimplayer6.com/20250603/NI7YDnE9/index.m3u8');
	INSERT INTO episodes (movie_id, name, video_url)
	  VALUES (70, 'Tập 02', 'https://player.phimapi.com/player/?url=https://s6.kkphimplayer6.com/20250603/Rxq7mvFd/index.m3u8');
	INSERT INTO episodes (movie_id, name, video_url)
	  VALUES (70, 'Tập 03', 'https://player.phimapi.com/player/?url=https://s6.kkphimplayer6.com/20250603/7V13TRE9/index.m3u8');
	INSERT INTO episodes (movie_id, name, video_url)
	  VALUES (70, 'Tập 04', 'https://player.phimapi.com/player/?url=https://s6.kkphimplayer6.com/20250603/6I40Ci93/index.m3u8');
	INSERT INTO episodes (movie_id, name, video_url)
	  VALUES (70, 'Tập 05', 'https://player.phimapi.com/player/?url=https://s6.kkphimplayer6.com/20250603/XlySAQKU/index.m3u8');
	INSERT INTO episodes (movie_id, name, video_url)
	  VALUES (70, 'Tập 06', 'https://player.phimapi.com/player/?url=https://s6.kkphimplayer6.com/20250603/bW2R9AlM/index.m3u8');
	INSERT INTO episodes (movie_id, name, video_url)
	  VALUES (70, 'Tập 07', 'https://player.phimapi.com/player/?url=https://s6.kkphimplayer6.com/20250603/OSzzK9Mt/index.m3u8');
	INSERT INTO episodes (movie_id, name, video_url)
	  VALUES (70, 'Tập 08', 'https://player.phimapi.com/player/?url=https://s6.kkphimplayer6.com/20250603/a3Q6Zl3o/index.m3u8');
	INSERT INTO episodes (movie_id, name, video_url)
	  VALUES (70, 'Tập 09', 'https://player.phimapi.com/player/?url=https://s6.kkphimplayer6.com/20250603/bggDKco6/index.m3u8');
	INSERT INTO episodes (movie_id, name, video_url)
	  VALUES (70, 'Tập 10', 'https://player.phimapi.com/player/?url=https://s6.kkphimplayer6.com/20250603/6ZsuGagj/index.m3u8');
	INSERT INTO episodes (movie_id, name, video_url)
	  VALUES (70, 'Tập 11', 'https://player.phimapi.com/player/?url=https://s6.kkphimplayer6.com/20250603/yI61vrKT/index.m3u8');
	INSERT INTO episodes (movie_id, name, video_url)
	  VALUES (70, 'Tập 12', 'https://player.phimapi.com/player/?url=https://s6.kkphimplayer6.com/20250603/CZGuq1PN/index.m3u8');
	INSERT INTO episodes (movie_id, name, video_url)
	  VALUES (70, 'Tập 13', 'https://player.phimapi.com/player/?url=https://s6.kkphimplayer6.com/20250603/H1d2UBzu/index.m3u8');
	INSERT INTO episodes (movie_id, name, video_url)
	  VALUES (70, 'Tập 14', 'https://player.phimapi.com/player/?url=https://s6.kkphimplayer6.com/20250603/11E4TAGV/index.m3u8');
	INSERT INTO episodes (movie_id, name, video_url)
	  VALUES (70, 'Tập 15', 'https://player.phimapi.com/player/?url=https://s6.kkphimplayer6.com/20250603/g9MpIWYr/index.m3u8');
	INSERT INTO episodes (movie_id, name, video_url)
	  VALUES (70, 'Tập 16', 'https://player.phimapi.com/player/?url=https://s6.kkphimplayer6.com/20250603/pnRQkkKl/index.m3u8');
	INSERT INTO episodes (movie_id, name, video_url)
	  VALUES (70, 'Tập 17', 'https://player.phimapi.com/player/?url=https://s6.kkphimplayer6.com/20250603/QrjmaPKv/index.m3u8');
	INSERT INTO episodes (movie_id, name, video_url)
	  VALUES (70, 'Tập 18', 'https://player.phimapi.com/player/?url=https://s6.kkphimplayer6.com/20250603/8LwRXSsN/index.m3u8');
	INSERT INTO episodes (movie_id, name, video_url)
	  VALUES (70, 'Tập 19', 'https://player.phimapi.com/player/?url=https://s6.kkphimplayer6.com/20250603/xnSnSm00/index.m3u8');
	INSERT INTO episodes (movie_id, name, video_url)
	  VALUES (70, 'Tập 20', 'https://player.phimapi.com/player/?url=https://s6.kkphimplayer6.com/20250603/lyc8rm6t/index.m3u8');
	INSERT INTO episodes (movie_id, name, video_url)
	  VALUES (70, 'Tập 21', 'https://player.phimapi.com/player/?url=https://s6.kkphimplayer6.com/20250603/xZ57FBi7/index.m3u8');
	INSERT INTO episodes (movie_id, name, video_url)
	  VALUES (70, 'Tập 22', 'https://player.phimapi.com/player/?url=https://s6.kkphimplayer6.com/20250603/eQwZFXUU/index.m3u8');
	INSERT INTO episodes (movie_id, name, video_url)
	  VALUES (70, 'Tập 23', 'https://player.phimapi.com/player/?url=https://s6.kkphimplayer6.com/20250603/mbRk2LgP/index.m3u8');
	INSERT INTO episodes (movie_id, name, video_url)
	  VALUES (70, 'Tập 24', 'https://player.phimapi.com/player/?url=https://s6.kkphimplayer6.com/20250603/5lrzGv0e/index.m3u8');
	INSERT INTO episodes (movie_id, name, video_url)
	  VALUES (70, 'Tập 25', 'https://player.phimapi.com/player/?url=https://s6.kkphimplayer6.com/20250603/31Q09eTt/index.m3u8');
	INSERT INTO episodes (movie_id, name, video_url)
	  VALUES (70, 'Tập 26', 'https://player.phimapi.com/player/?url=https://s6.kkphimplayer6.com/20250603/kW88wy5S/index.m3u8');
	INSERT INTO episodes (movie_id, name, video_url)
	  VALUES (70, 'Tập 27', 'https://player.phimapi.com/player/?url=https://s6.kkphimplayer6.com/20250603/l6x4LvPS/index.m3u8');
	INSERT INTO episodes (movie_id, name, video_url)
	  VALUES (70, 'Tập 28', 'https://player.phimapi.com/player/?url=https://s6.kkphimplayer6.com/20250603/LZhzvq5l/index.m3u8');
	INSERT INTO episodes (movie_id, name, video_url)
	  VALUES (70, 'Tập 29', 'https://player.phimapi.com/player/?url=https://s6.kkphimplayer6.com/20250603/OQwSKXMX/index.m3u8');
	INSERT INTO episodes (movie_id, name, video_url)
	  VALUES (70, 'Tập 30', 'https://player.phimapi.com/player/?url=https://s6.kkphimplayer6.com/20250603/5514lFxh/index.m3u8');
	INSERT INTO episodes (movie_id, name, video_url)
	  VALUES (70, 'Tập 31', 'https://player.phimapi.com/player/?url=https://s6.kkphimplayer6.com/20250603/F1TpSyuL/index.m3u8');
	INSERT INTO episodes (movie_id, name, video_url)
	  VALUES (70, 'Tập 32', 'https://player.phimapi.com/player/?url=https://s6.kkphimplayer6.com/20250603/MiUYARdr/index.m3u8');
	INSERT INTO episodes (movie_id, name, video_url)
	  VALUES (70, 'Tập 33', 'https://player.phimapi.com/player/?url=https://s6.kkphimplayer6.com/20250603/lUTlFRl2/index.m3u8');
	INSERT INTO episodes (movie_id, name, video_url)
	  VALUES (70, 'Tập 34', 'https://player.phimapi.com/player/?url=https://s6.kkphimplayer6.com/20250603/Oa9620VI/index.m3u8');
	INSERT INTO episodes (movie_id, name, video_url)
	  VALUES (70, 'Tập 35', 'https://player.phimapi.com/player/?url=https://s6.kkphimplayer6.com/20250603/ZtHEukhw/index.m3u8');
	INSERT INTO episodes (movie_id, name, video_url)
	  VALUES (70, 'Tập 36', 'https://player.phimapi.com/player/?url=https://s6.kkphimplayer6.com/20250603/CCyrCKfj/index.m3u8');
	INSERT INTO episodes (movie_id, name, video_url)
	  VALUES (70, 'Tập 37', 'https://player.phimapi.com/player/?url=https://s6.kkphimplayer6.com/20250603/l5cP4rTv/index.m3u8');
	INSERT INTO episodes (movie_id, name, video_url)
	  VALUES (70, 'Tập 38', 'https://player.phimapi.com/player/?url=https://s6.kkphimplayer6.com/20250603/7scYw7cQ/index.m3u8');
	INSERT INTO episodes (movie_id, name, video_url)
	  VALUES (70, 'Tập 39', 'https://player.phimapi.com/player/?url=https://s6.kkphimplayer6.com/20250603/RPqqkJto/index.m3u8');
	INSERT INTO episodes (movie_id, name, video_url)
	  VALUES (70, 'Tập 40', 'https://player.phimapi.com/player/?url=https://s6.kkphimplayer6.com/20250603/ZEg73CrJ/index.m3u8');
	INSERT INTO episodes (movie_id, name, video_url)
	  VALUES (70, 'Tập 41', 'https://player.phimapi.com/player/?url=https://s6.kkphimplayer6.com/20250603/CQLPDktt/index.m3u8');
	INSERT INTO episodes (movie_id, name, video_url)
	  VALUES (70, 'Tập 42', 'https://player.phimapi.com/player/?url=https://s6.kkphimplayer6.com/20250603/zREcBVt8/index.m3u8');
	INSERT INTO episodes (movie_id, name, video_url)
	  VALUES (70, 'Tập 43', 'https://player.phimapi.com/player/?url=https://s6.kkphimplayer6.com/20250603/5G2Gdmdm/index.m3u8');
	INSERT INTO episodes (movie_id, name, video_url)
	  VALUES (70, 'Tập 44', 'https://player.phimapi.com/player/?url=https://s6.kkphimplayer6.com/20250603/6FHgZmhW/index.m3u8');
	INSERT INTO episodes (movie_id, name, video_url)
	  VALUES (70, 'Tập 45', 'https://player.phimapi.com/player/?url=https://s6.kkphimplayer6.com/20250603/hXWcxXP8/index.m3u8');
	INSERT INTO episodes (movie_id, name, video_url)
	  VALUES (70, 'Tập 46', 'https://player.phimapi.com/player/?url=https://s6.kkphimplayer6.com/20250603/2ht6ruJ3/index.m3u8');
	INSERT INTO episodes (movie_id, name, video_url)
	  VALUES (70, 'Tập 47', 'https://player.phimapi.com/player/?url=https://s6.kkphimplayer6.com/20250603/nU2FJql9/index.m3u8');
	INSERT INTO episodes (movie_id, name, video_url)
	  VALUES (70, 'Tập 48', 'https://player.phimapi.com/player/?url=https://s6.kkphimplayer6.com/20250603/1MKiaFDo/index.m3u8');
	INSERT INTO episodes (movie_id, name, video_url)
	  VALUES (70, 'Tập 49', 'https://player.phimapi.com/player/?url=https://s6.kkphimplayer6.com/20250603/HdNpujMH/index.m3u8');
	INSERT INTO episodes (movie_id, name, video_url)
	  VALUES (70, 'Tập 50', 'https://player.phimapi.com/player/?url=https://s6.kkphimplayer6.com/20250603/DAviGHiE/index.m3u8');
	INSERT INTO episodes (movie_id, name, video_url)
	  VALUES (70, 'Tập 51', 'https://player.phimapi.com/player/?url=https://s6.kkphimplayer6.com/20250603/wZaLkdlY/index.m3u8');
	INSERT INTO episodes (movie_id, name, video_url)
	  VALUES (70, 'Tập 52', 'https://player.phimapi.com/player/?url=https://s6.kkphimplayer6.com/20250603/y1LZiKas/index.m3u8');
	INSERT INTO episodes (movie_id, name, video_url)
	  VALUES (70, 'Tập 53', 'https://player.phimapi.com/player/?url=https://s6.kkphimplayer6.com/20250603/t41yeThi/index.m3u8');
	INSERT INTO episodes (movie_id, name, video_url)
	  VALUES (70, 'Tập 54', 'https://player.phimapi.com/player/?url=https://s6.kkphimplayer6.com/20250603/wydXmJZJ/index.m3u8');
	INSERT INTO episodes (movie_id, name, video_url)
	  VALUES (70, 'Tập 55', 'https://player.phimapi.com/player/?url=https://s6.kkphimplayer6.com/20250603/Md4TzGkS/index.m3u8');
	INSERT INTO episodes (movie_id, name, video_url)
	  VALUES (70, 'Tập 56', 'https://player.phimapi.com/player/?url=https://s6.kkphimplayer6.com/20250603/75c36yNR/index.m3u8');
	INSERT INTO episodes (movie_id, name, video_url)
	  VALUES (70, 'Tập 57', 'https://player.phimapi.com/player/?url=https://s6.kkphimplayer6.com/20250603/ceJMPD2N/index.m3u8');
	INSERT INTO episodes (movie_id, name, video_url)
	  VALUES (70, 'Tập 58', 'https://player.phimapi.com/player/?url=https://s6.kkphimplayer6.com/20250603/FfUwW8vX/index.m3u8');
	INSERT INTO episodes (movie_id, name, video_url)
	  VALUES (70, 'Tập 59', 'https://player.phimapi.com/player/?url=https://s6.kkphimplayer6.com/20250603/4TjtIh9u/index.m3u8');
	INSERT INTO episodes (movie_id, name, video_url)
	  VALUES (70, 'Tập 60', 'https://player.phimapi.com/player/?url=https://s6.kkphimplayer6.com/20250603/mfn0G8pe/index.m3u8');
	INSERT INTO episodes (movie_id, name, video_url)
	  VALUES (70, 'Tập 61', 'https://player.phimapi.com/player/?url=https://s6.kkphimplayer6.com/20250603/WW2tOOzl/index.m3u8');
	INSERT INTO episodes (movie_id, name, video_url)
	  VALUES (70, 'Tập 62', 'https://player.phimapi.com/player/?url=https://s6.kkphimplayer6.com/20250603/ejB4EbaE/index.m3u8');
	INSERT INTO episodes (movie_id, name, video_url)
	  VALUES (70, 'Tập 63', 'https://player.phimapi.com/player/?url=https://s6.kkphimplayer6.com/20250603/eAY55jbz/index.m3u8');
	INSERT INTO episodes (movie_id, name, video_url)
	  VALUES (70, 'Tập 64', 'https://player.phimapi.com/player/?url=https://s6.kkphimplayer6.com/20250603/gLDY1VnK/index.m3u8');
	INSERT INTO episodes (movie_id, name, video_url)
	  VALUES (70, 'Tập 65', 'https://player.phimapi.com/player/?url=https://s6.kkphimplayer6.com/20250603/vXRGIpbO/index.m3u8');
	INSERT INTO episodes (movie_id, name, video_url)
	  VALUES (70, 'Tập 66', 'https://player.phimapi.com/player/?url=https://s6.kkphimplayer6.com/20250603/DHChaHCu/index.m3u8');
	INSERT INTO episodes (movie_id, name, video_url)
	  VALUES (70, 'Tập 67', 'https://player.phimapi.com/player/?url=https://s6.kkphimplayer6.com/20250603/1sQvwInz/index.m3u8');
	INSERT INTO episodes (movie_id, name, video_url)
	  VALUES (70, 'Tập 68', 'https://player.phimapi.com/player/?url=https://s6.kkphimplayer6.com/20250603/BuzgaxsC/index.m3u8');
	INSERT INTO episodes (movie_id, name, video_url)
	  VALUES (70, 'Tập 69', 'https://player.phimapi.com/player/?url=https://s6.kkphimplayer6.com/20250603/oPzaOInI/index.m3u8');
	INSERT INTO episodes (movie_id, name, video_url)
	  VALUES (70, 'Tập 70', 'https://player.phimapi.com/player/?url=https://s6.kkphimplayer6.com/20250603/QKdtGYha/index.m3u8');
	INSERT INTO episodes (movie_id, name, video_url)
	  VALUES (70, 'Tập 71', 'https://player.phimapi.com/player/?url=https://s6.kkphimplayer6.com/20250603/oHTznBQu/index.m3u8');
	INSERT INTO episodes (movie_id, name, video_url)
	  VALUES (70, 'Tập 72', 'https://player.phimapi.com/player/?url=https://s6.kkphimplayer6.com/20250603/CgzY4zwE/index.m3u8');
	INSERT INTO episodes (movie_id, name, video_url)
	  VALUES (70, 'Tập 73', 'https://player.phimapi.com/player/?url=https://s6.kkphimplayer6.com/20250603/6h7SBpEF/index.m3u8');
	INSERT INTO episodes (movie_id, name, video_url)
	  VALUES (70, 'Tập 74', 'https://player.phimapi.com/player/?url=https://s6.kkphimplayer6.com/20250603/zAOnu8yW/index.m3u8');
	INSERT INTO episodes (movie_id, name, video_url)
	  VALUES (70, 'Tập 75', 'https://player.phimapi.com/player/?url=https://s6.kkphimplayer6.com/20250603/RqQFCmF4/index.m3u8');
	INSERT INTO episodes (movie_id, name, video_url)
	  VALUES (70, 'Tập 76', 'https://player.phimapi.com/player/?url=https://s6.kkphimplayer6.com/20250603/sceLnxFo/index.m3u8');
	INSERT INTO episodes (movie_id, name, video_url)
	  VALUES (70, 'Tập 77', 'https://player.phimapi.com/player/?url=https://s6.kkphimplayer6.com/20250603/Gh0fAI7t/index.m3u8');
	INSERT INTO episodes (movie_id, name, video_url)
	  VALUES (70, 'Tập 78', 'https://player.phimapi.com/player/?url=https://s6.kkphimplayer6.com/20250603/pLOPPf9k/index.m3u8');
	INSERT INTO episodes (movie_id, name, video_url)
	  VALUES (70, 'Tập 79', 'https://player.phimapi.com/player/?url=https://s6.kkphimplayer6.com/20250603/grPLJl5U/index.m3u8');
	INSERT INTO episodes (movie_id, name, video_url)
	  VALUES (70, 'Tập 80', 'https://player.phimapi.com/player/?url=https://s6.kkphimplayer6.com/20250603/IHnSigXk/index.m3u8');
	INSERT INTO episodes (movie_id, name, video_url)
	  VALUES (70, 'Tập 81', 'https://player.phimapi.com/player/?url=https://s6.kkphimplayer6.com/20250603/QUsXLbbX/index.m3u8');
	INSERT INTO episodes (movie_id, name, video_url)
	  VALUES (70, 'Tập 82', 'https://player.phimapi.com/player/?url=https://s6.kkphimplayer6.com/20250603/c7we3ft0/index.m3u8');
	INSERT INTO episodes (movie_id, name, video_url)
	  VALUES (70, 'Tập 83', 'https://player.phimapi.com/player/?url=https://s6.kkphimplayer6.com/20250603/dyWlxH0Z/index.m3u8');
	INSERT INTO episodes (movie_id, name, video_url)
	  VALUES (70, 'Tập 84', 'https://player.phimapi.com/player/?url=https://s6.kkphimplayer6.com/20250603/a3nFddUL/index.m3u8');
	INSERT INTO episodes (movie_id, name, video_url)
	  VALUES (70, 'Tập 85', 'https://player.phimapi.com/player/?url=https://s6.kkphimplayer6.com/20250603/RFZ799yJ/index.m3u8');
	INSERT INTO episodes (movie_id, name, video_url)
	  VALUES (70, 'Tập 86', 'https://player.phimapi.com/player/?url=https://s6.kkphimplayer6.com/20250603/4PyysD4Q/index.m3u8');
	INSERT INTO episodes (movie_id, name, video_url)
	  VALUES (70, 'Tập 87', 'https://player.phimapi.com/player/?url=https://s6.kkphimplayer6.com/20250603/qLgCEByf/index.m3u8');
	INSERT INTO episodes (movie_id, name, video_url)
	  VALUES (70, 'Tập 88', 'https://player.phimapi.com/player/?url=https://s6.kkphimplayer6.com/20250603/Rg0wfTsy/index.m3u8');
	INSERT INTO episodes (movie_id, name, video_url)
	  VALUES (70, 'Tập 89', 'https://player.phimapi.com/player/?url=https://s6.kkphimplayer6.com/20250603/TAtzFJWb/index.m3u8');
	INSERT INTO episodes (movie_id, name, video_url)
	  VALUES (70, 'Tập 90', 'https://player.phimapi.com/player/?url=https://s6.kkphimplayer6.com/20250603/FNA57q9b/index.m3u8');
	INSERT INTO episodes (movie_id, name, video_url)
	  VALUES (70, 'Tập 91', 'https://player.phimapi.com/player/?url=https://s6.kkphimplayer6.com/20250603/UyP4V8V5/index.m3u8');
	INSERT INTO episodes (movie_id, name, video_url)
	  VALUES (70, 'Tập 92', 'https://player.phimapi.com/player/?url=https://s6.kkphimplayer6.com/20250603/GnFTmBCx/index.m3u8');
	INSERT INTO episodes (movie_id, name, video_url)
	  VALUES (70, 'Tập 93', 'https://player.phimapi.com/player/?url=https://s6.kkphimplayer6.com/20250603/xuEa9r8T/index.m3u8');
	INSERT INTO episodes (movie_id, name, video_url)
	  VALUES (70, 'Tập 94', 'https://player.phimapi.com/player/?url=https://s6.kkphimplayer6.com/20250603/x3WBaKh9/index.m3u8');
	INSERT INTO episodes (movie_id, name, video_url)
	  VALUES (70, 'Tập 95', 'https://player.phimapi.com/player/?url=https://s6.kkphimplayer6.com/20250603/ZxO8wt2j/index.m3u8');
	INSERT INTO episodes (movie_id, name, video_url)
	  VALUES (70, 'Tập 96', 'https://player.phimapi.com/player/?url=https://s6.kkphimplayer6.com/20250603/yyBTANaT/index.m3u8');
	INSERT INTO episodes (movie_id, name, video_url)
	  VALUES (70, 'Tập 97', 'https://player.phimapi.com/player/?url=https://s6.kkphimplayer6.com/20250603/NYdpBOAb/index.m3u8');
	INSERT INTO episodes (movie_id, name, video_url)
	  VALUES (70, 'Tập 98', 'https://player.phimapi.com/player/?url=https://s6.kkphimplayer6.com/20250603/iaz6r5Im/index.m3u8');
	INSERT INTO episodes (movie_id, name, video_url)
	  VALUES (70, 'Tập 99', 'https://player.phimapi.com/player/?url=https://s6.kkphimplayer6.com/20250603/UajJkU1G/index.m3u8');
	INSERT INTO episodes (movie_id, name, video_url)
	  VALUES (70, 'Tập 100', 'https://player.phimapi.com/player/?url=https://s6.kkphimplayer6.com/20250603/tpl0IlwJ/index.m3u8');
	INSERT INTO episodes (movie_id, name, video_url)
	  VALUES (70, 'Tập 101', 'https://player.phimapi.com/player/?url=https://s6.kkphimplayer6.com/20250603/bzl6wXwv/index.m3u8');
	INSERT INTO episodes (movie_id, name, video_url)
	  VALUES (70, 'Tập 102', 'https://player.phimapi.com/player/?url=https://s6.kkphimplayer6.com/20250603/tmmV700L/index.m3u8');
	INSERT INTO episodes (movie_id, name, video_url)
	  VALUES (70, 'Tập 103', 'https://player.phimapi.com/player/?url=https://s6.kkphimplayer6.com/20250603/qpoR44qP/index.m3u8');
	INSERT INTO episodes (movie_id, name, video_url)
	  VALUES (70, 'Tập 104', 'https://player.phimapi.com/player/?url=https://s6.kkphimplayer6.com/20250603/uDuZXL9J/index.m3u8');
	INSERT INTO episodes (movie_id, name, video_url)
	  VALUES (70, 'Tập 105', 'https://player.phimapi.com/player/?url=https://s6.kkphimplayer6.com/20250603/Y7btSZEb/index.m3u8');
	INSERT INTO episodes (movie_id, name, video_url)
	  VALUES (70, 'Tập 106', 'https://player.phimapi.com/player/?url=https://s6.kkphimplayer6.com/20250603/EQw7j5yq/index.m3u8');
	INSERT INTO episodes (movie_id, name, video_url)
	  VALUES (70, 'Tập 107', 'https://player.phimapi.com/player/?url=https://s6.kkphimplayer6.com/20250603/07I1UgVG/index.m3u8');
	INSERT INTO episodes (movie_id, name, video_url)
	  VALUES (70, 'Tập 108', 'https://player.phimapi.com/player/?url=https://s6.kkphimplayer6.com/20250603/xzeX1Gdh/index.m3u8');
	INSERT INTO episodes (movie_id, name, video_url)
	  VALUES (70, 'Tập 109', 'https://player.phimapi.com/player/?url=https://s6.kkphimplayer6.com/20250603/4w5Pz6MK/index.m3u8');
	INSERT INTO episodes (movie_id, name, video_url)
	  VALUES (70, 'Tập 110', 'https://player.phimapi.com/player/?url=https://s6.kkphimplayer6.com/20250603/eaWeAeX8/index.m3u8');
	INSERT INTO episodes (movie_id, name, video_url)
	  VALUES (70, 'Tập 111', 'https://player.phimapi.com/player/?url=https://s6.kkphimplayer6.com/20250603/yrHHkrDq/index.m3u8');
	INSERT INTO episodes (movie_id, name, video_url)
	  VALUES (70, 'Tập 112', 'https://player.phimapi.com/player/?url=https://s6.kkphimplayer6.com/20250603/IzD9MSyx/index.m3u8');
	INSERT INTO episodes (movie_id, name, video_url)
	  VALUES (70, 'Tập 113', 'https://player.phimapi.com/player/?url=https://s6.kkphimplayer6.com/20250603/LcYQKYxO/index.m3u8');
	INSERT INTO episodes (movie_id, name, video_url)
	  VALUES (70, 'Tập 114', 'https://player.phimapi.com/player/?url=https://s6.kkphimplayer6.com/20250603/my982mqU/index.m3u8');
	INSERT INTO episodes (movie_id, name, video_url)
	  VALUES (70, 'Tập 115', 'https://player.phimapi.com/player/?url=https://s6.kkphimplayer6.com/20250603/o2xGoRfg/index.m3u8');
	INSERT INTO episodes (movie_id, name, video_url)
	  VALUES (70, 'Tập 116', 'https://player.phimapi.com/player/?url=https://s6.kkphimplayer6.com/20250603/bEvzYn83/index.m3u8');
	INSERT INTO episodes (movie_id, name, video_url)
	  VALUES (70, 'Tập 117', 'https://player.phimapi.com/player/?url=https://s6.kkphimplayer6.com/20250603/PrAvrz3P/index.m3u8');
	INSERT INTO episodes (movie_id, name, video_url)
	  VALUES (70, 'Tập 118', 'https://player.phimapi.com/player/?url=https://s6.kkphimplayer6.com/20250603/8cy2xELB/index.m3u8');
	INSERT INTO episodes (movie_id, name, video_url)
	  VALUES (70, 'Tập 119', 'https://player.phimapi.com/player/?url=https://s6.kkphimplayer6.com/20250603/GHSmmAWc/index.m3u8');
	INSERT INTO episodes (movie_id, name, video_url)
	  VALUES (70, 'Tập 120', 'https://player.phimapi.com/player/?url=https://s6.kkphimplayer6.com/20250603/3EN4lJ2Q/index.m3u8');
	INSERT INTO episodes (movie_id, name, video_url)
	  VALUES (70, 'Tập 121', 'https://player.phimapi.com/player/?url=https://s6.kkphimplayer6.com/20250603/Gk5pOcu3/index.m3u8');
	INSERT INTO episodes (movie_id, name, video_url)
	  VALUES (70, 'Tập 122', 'https://player.phimapi.com/player/?url=https://s6.kkphimplayer6.com/20250603/vNVsRkOA/index.m3u8');
	INSERT INTO episodes (movie_id, name, video_url)
	  VALUES (70, 'Tập 123', 'https://player.phimapi.com/player/?url=https://s6.kkphimplayer6.com/20250603/UHwSkI86/index.m3u8');
	INSERT INTO episodes (movie_id, name, video_url)
	  VALUES (70, 'Tập 124', 'https://player.phimapi.com/player/?url=https://s6.kkphimplayer6.com/20250603/8vhxdt18/index.m3u8');
	INSERT INTO episodes (movie_id, name, video_url)
	  VALUES (70, 'Tập 125', 'https://player.phimapi.com/player/?url=https://s6.kkphimplayer6.com/20250603/nfhKCkkX/index.m3u8');
	INSERT INTO episodes (movie_id, name, video_url)
	  VALUES (70, 'Tập 126', 'https://player.phimapi.com/player/?url=https://s6.kkphimplayer6.com/20250603/QHRV4d5M/index.m3u8');
	INSERT INTO episodes (movie_id, name, video_url)
	  VALUES (70, 'Tập 127', 'https://player.phimapi.com/player/?url=https://s6.kkphimplayer6.com/20250603/LpU0HvFL/index.m3u8');
	INSERT INTO episodes (movie_id, name, video_url)
	  VALUES (70, 'Tập 128', 'https://player.phimapi.com/player/?url=https://s6.kkphimplayer6.com/20250603/PnHNDH9p/index.m3u8');
	INSERT INTO episodes (movie_id, name, video_url)
	  VALUES (70, 'Tập 129', 'https://player.phimapi.com/player/?url=https://s6.kkphimplayer6.com/20250603/VyVl08Wd/index.m3u8');
	INSERT INTO episodes (movie_id, name, video_url)
	  VALUES (70, 'Tập 130', 'https://player.phimapi.com/player/?url=https://s6.kkphimplayer6.com/20250603/lQEOkaZR/index.m3u8');
	INSERT INTO episodes (movie_id, name, video_url)
	  VALUES (70, 'Tập 131', 'https://player.phimapi.com/player/?url=https://s6.kkphimplayer6.com/20250603/YTyaV2wT/index.m3u8');
	INSERT INTO episodes (movie_id, name, video_url)
	  VALUES (70, 'Tập 132', 'https://player.phimapi.com/player/?url=https://s6.kkphimplayer6.com/20250603/80JlTLE0/index.m3u8');
	INSERT INTO episodes (movie_id, name, video_url)
	  VALUES (70, 'Tập 133', 'https://player.phimapi.com/player/?url=https://s6.kkphimplayer6.com/20250603/faw2VC9m/index.m3u8');
	INSERT INTO episodes (movie_id, name, video_url)
	  VALUES (70, 'Tập 134', 'https://player.phimapi.com/player/?url=https://s6.kkphimplayer6.com/20250603/L1tQmoAs/index.m3u8');
	INSERT INTO episodes (movie_id, name, video_url)
	  VALUES (70, 'Tập 135', 'https://player.phimapi.com/player/?url=https://s6.kkphimplayer6.com/20250603/sYkZnU2F/index.m3u8');
	INSERT INTO episodes (movie_id, name, video_url)
	  VALUES (70, 'Tập 136', 'https://player.phimapi.com/player/?url=https://s6.kkphimplayer6.com/20250603/6RAim35v/index.m3u8');
	INSERT INTO episodes (movie_id, name, video_url)
	  VALUES (70, 'Tập 137', 'https://player.phimapi.com/player/?url=https://s6.kkphimplayer6.com/20250603/m4iWTuxl/index.m3u8');
	INSERT INTO episodes (movie_id, name, video_url)
	  VALUES (70, 'Tập 138', 'https://player.phimapi.com/player/?url=https://s6.kkphimplayer6.com/20250603/gThs6qEQ/index.m3u8');
	INSERT INTO episodes (movie_id, name, video_url)
	  VALUES (70, 'Tập 139', 'https://player.phimapi.com/player/?url=https://s6.kkphimplayer6.com/20250603/83fzCLaO/index.m3u8');
	INSERT INTO episodes (movie_id, name, video_url)
	  VALUES (70, 'Tập 140', 'https://player.phimapi.com/player/?url=https://s6.kkphimplayer6.com/20250603/flsAQada/index.m3u8');
	INSERT INTO episodes (movie_id, name, video_url)
	  VALUES (70, 'Tập 141', 'https://player.phimapi.com/player/?url=https://s6.kkphimplayer6.com/20250603/9JeN6B35/index.m3u8');
	INSERT INTO episodes (movie_id, name, video_url)
	  VALUES (70, 'Tập 142', 'https://player.phimapi.com/player/?url=https://s6.kkphimplayer6.com/20250603/Lu8ySk9L/index.m3u8');
	INSERT INTO episodes (movie_id, name, video_url)
	  VALUES (70, 'Tập 143', 'https://player.phimapi.com/player/?url=https://s6.kkphimplayer6.com/20250603/EMXo3I75/index.m3u8');
	INSERT INTO episodes (movie_id, name, video_url)
	  VALUES (70, 'Tập 144', 'https://player.phimapi.com/player/?url=https://s6.kkphimplayer6.com/20250603/7gQu5YZm/index.m3u8');
	INSERT INTO episodes (movie_id, name, video_url)
	  VALUES (70, 'Tập 145', 'https://player.phimapi.com/player/?url=https://s6.kkphimplayer6.com/20250603/AOyagBHp/index.m3u8');
	INSERT INTO episodes (movie_id, name, video_url)
	  VALUES (70, 'Tập 146', 'https://player.phimapi.com/player/?url=https://s6.kkphimplayer6.com/20250603/bSE4OixZ/index.m3u8');
	INSERT INTO episodes (movie_id, name, video_url)
	  VALUES (70, 'Tập 147', 'https://player.phimapi.com/player/?url=https://s6.kkphimplayer6.com/20250603/5X2PJEBF/index.m3u8');
	INSERT INTO episodes (movie_id, name, video_url)
	  VALUES (70, 'Tập 148', 'https://player.phimapi.com/player/?url=https://s6.kkphimplayer6.com/20250603/HRr0A0m5/index.m3u8');
	INSERT INTO episodes (movie_id, name, video_url)
	  VALUES (70, 'Tập 149', 'https://player.phimapi.com/player/?url=https://s6.kkphimplayer6.com/20250603/1GkMrdC5/index.m3u8');
	INSERT INTO episodes (movie_id, name, video_url)
	  VALUES (70, 'Tập 150', 'https://player.phimapi.com/player/?url=https://s6.kkphimplayer6.com/20250603/iLV2Ldm5/index.m3u8');
	INSERT INTO episodes (movie_id, name, video_url)
	  VALUES (70, 'Tập 151', 'https://player.phimapi.com/player/?url=https://s6.kkphimplayer6.com/20250603/tfrnFpxk/index.m3u8');
	INSERT INTO episodes (movie_id, name, video_url)
	  VALUES (70, 'Tập 152', 'https://player.phimapi.com/player/?url=https://s6.kkphimplayer6.com/20250603/eCa3CLKf/index.m3u8');
	INSERT INTO episodes (movie_id, name, video_url)
	  VALUES (70, 'Tập 153', 'https://player.phimapi.com/player/?url=https://s6.kkphimplayer6.com/20250603/6x0WJ6IY/index.m3u8');
	INSERT INTO episodes (movie_id, name, video_url)
	  VALUES (70, 'Tập 154', 'https://player.phimapi.com/player/?url=https://s6.kkphimplayer6.com/20250603/OpyGROid/index.m3u8');
	INSERT INTO episodes (movie_id, name, video_url)
	  VALUES (70, 'Tập 155', 'https://player.phimapi.com/player/?url=https://s6.kkphimplayer6.com/20250603/VKrdofVY/index.m3u8');
	INSERT INTO episodes (movie_id, name, video_url)
	  VALUES (70, 'Tập 156', 'https://player.phimapi.com/player/?url=https://s6.kkphimplayer6.com/20250603/StVi2ZXM/index.m3u8');
	INSERT INTO episodes (movie_id, name, video_url)
	  VALUES (70, 'Tập 157', 'https://player.phimapi.com/player/?url=https://s6.kkphimplayer6.com/20250603/NdB16NqU/index.m3u8');
	INSERT INTO episodes (movie_id, name, video_url)
	  VALUES (70, 'Tập 158', 'https://player.phimapi.com/player/?url=https://s6.kkphimplayer6.com/20250603/jDH0Yy7I/index.m3u8');
	INSERT INTO episodes (movie_id, name, video_url)
	  VALUES (70, 'Tập 159', 'https://player.phimapi.com/player/?url=https://s6.kkphimplayer6.com/20250603/sID7CozO/index.m3u8');
	INSERT INTO episodes (movie_id, name, video_url)
	  VALUES (70, 'Tập 160', 'https://player.phimapi.com/player/?url=https://s6.kkphimplayer6.com/20250603/5rZiE9op/index.m3u8');
	INSERT INTO episodes (movie_id, name, video_url)
	  VALUES (70, 'Tập 161', 'https://player.phimapi.com/player/?url=https://s6.kkphimplayer6.com/20250603/eUdmgMr6/index.m3u8');
	INSERT INTO episodes (movie_id, name, video_url)
	  VALUES (70, 'Tập 162', 'https://player.phimapi.com/player/?url=https://s6.kkphimplayer6.com/20250603/iXI4I4HX/index.m3u8');
	INSERT INTO episodes (movie_id, name, video_url)
	  VALUES (70, 'Tập 163', 'https://player.phimapi.com/player/?url=https://s6.kkphimplayer6.com/20250603/wOpQkhJY/index.m3u8');
	INSERT INTO episodes (movie_id, name, video_url)
	  VALUES (70, 'Tập 164', 'https://player.phimapi.com/player/?url=https://s6.kkphimplayer6.com/20250603/ckFEHRC2/index.m3u8');
	INSERT INTO episodes (movie_id, name, video_url)
	  VALUES (70, 'Tập 165', 'https://player.phimapi.com/player/?url=https://s6.kkphimplayer6.com/20250603/BrPhV6ZH/index.m3u8');
	INSERT INTO episodes (movie_id, name, video_url)
	  VALUES (70, 'Tập 166', 'https://player.phimapi.com/player/?url=https://s6.kkphimplayer6.com/20250603/lUTz1sG5/index.m3u8');
	INSERT INTO episodes (movie_id, name, video_url)
	  VALUES (70, 'Tập 167', 'https://player.phimapi.com/player/?url=https://s6.kkphimplayer6.com/20250603/UtfKHaGz/index.m3u8');
	INSERT INTO episodes (movie_id, name, video_url)
	  VALUES (70, 'Tập 168', 'https://player.phimapi.com/player/?url=https://s6.kkphimplayer6.com/20250603/NkOTOvPJ/index.m3u8');
	INSERT INTO episodes (movie_id, name, video_url)
	  VALUES (70, 'Tập 169', 'https://player.phimapi.com/player/?url=https://s6.kkphimplayer6.com/20250603/AQt3iI2e/index.m3u8');
	INSERT INTO episodes (movie_id, name, video_url)
	  VALUES (70, 'Tập 170', 'https://player.phimapi.com/player/?url=https://s6.kkphimplayer6.com/20250603/BCzve8rO/index.m3u8');
	INSERT INTO episodes (movie_id, name, video_url)
	  VALUES (70, 'Tập 171', 'https://player.phimapi.com/player/?url=https://s6.kkphimplayer6.com/20250603/XWLvtRlS/index.m3u8');
	INSERT INTO episodes (movie_id, name, video_url)
	  VALUES (70, 'Tập 172', 'https://player.phimapi.com/player/?url=https://s6.kkphimplayer6.com/20250603/nKjmpMMw/index.m3u8');
	INSERT INTO episodes (movie_id, name, video_url)
	  VALUES (70, 'Tập 173', 'https://player.phimapi.com/player/?url=https://s6.kkphimplayer6.com/20250603/BirFcgg9/index.m3u8');
	INSERT INTO episodes (movie_id, name, video_url)
	  VALUES (70, 'Tập 174', 'https://player.phimapi.com/player/?url=https://s6.kkphimplayer6.com/20250603/lRADe3Oj/index.m3u8');
	INSERT INTO episodes (movie_id, name, video_url)
	  VALUES (70, 'Tập 175', 'https://player.phimapi.com/player/?url=https://s6.kkphimplayer6.com/20250603/iTIfmu81/index.m3u8');
	INSERT INTO episodes (movie_id, name, video_url)
	  VALUES (70, 'Tập 176', 'https://player.phimapi.com/player/?url=https://s6.kkphimplayer6.com/20250603/JZb3ctG2/index.m3u8');
	INSERT INTO episodes (movie_id, name, video_url)
	  VALUES (70, 'Tập 177', 'https://player.phimapi.com/player/?url=https://s6.kkphimplayer6.com/20250603/HATaopOY/index.m3u8');
	INSERT INTO episodes (movie_id, name, video_url)
	  VALUES (70, 'Tập 178', 'https://player.phimapi.com/player/?url=https://s6.kkphimplayer6.com/20250603/pfhjz0Uo/index.m3u8');
	INSERT INTO episodes (movie_id, name, video_url)
	  VALUES (70, 'Tập 179', 'https://player.phimapi.com/player/?url=https://s6.kkphimplayer6.com/20250603/JRfo0Z6v/index.m3u8');
	INSERT INTO episodes (movie_id, name, video_url)
	  VALUES (70, 'Tập 180', 'https://player.phimapi.com/player/?url=https://s6.kkphimplayer6.com/20250603/zCJS1LDV/index.m3u8');
	INSERT INTO episodes (movie_id, name, video_url)
	  VALUES (70, 'Tập 181', 'https://player.phimapi.com/player/?url=https://s6.kkphimplayer6.com/20250603/i2sLTtVZ/index.m3u8');
	INSERT INTO episodes (movie_id, name, video_url)
	  VALUES (70, 'Tập 182', 'https://player.phimapi.com/player/?url=https://s6.kkphimplayer6.com/20250603/auav0sCS/index.m3u8');
	INSERT INTO episodes (movie_id, name, video_url)
	  VALUES (70, 'Tập 183', 'https://player.phimapi.com/player/?url=https://s6.kkphimplayer6.com/20250603/kmJFzDyb/index.m3u8');
	INSERT INTO episodes (movie_id, name, video_url)
	  VALUES (70, 'Tập 184', 'https://player.phimapi.com/player/?url=https://s6.kkphimplayer6.com/20250603/PHtWbcYc/index.m3u8');
	INSERT INTO episodes (movie_id, name, video_url)
	  VALUES (70, 'Tập 185', 'https://player.phimapi.com/player/?url=https://s6.kkphimplayer6.com/20250603/OFQ1BDUA/index.m3u8');
	INSERT INTO episodes (movie_id, name, video_url)
	  VALUES (70, 'Tập 186', 'https://player.phimapi.com/player/?url=https://s6.kkphimplayer6.com/20250603/p60KonAK/index.m3u8');
	INSERT INTO episodes (movie_id, name, video_url)
	  VALUES (70, 'Tập 187', 'https://player.phimapi.com/player/?url=https://s6.kkphimplayer6.com/20250603/1bi5MuAu/index.m3u8');
	INSERT INTO episodes (movie_id, name, video_url)
	  VALUES (70, 'Tập 188', 'https://player.phimapi.com/player/?url=https://s6.kkphimplayer6.com/20250603/dHrNzcBY/index.m3u8');
	INSERT INTO episodes (movie_id, name, video_url)
	  VALUES (70, 'Tập 189', 'https://player.phimapi.com/player/?url=https://s6.kkphimplayer6.com/20250603/5kcatvaa/index.m3u8');
	INSERT INTO episodes (movie_id, name, video_url)
	  VALUES (70, 'Tập 190', 'https://player.phimapi.com/player/?url=https://s6.kkphimplayer6.com/20250603/buREogqm/index.m3u8');
	INSERT INTO episodes (movie_id, name, video_url)
	  VALUES (70, 'Tập 191', 'https://player.phimapi.com/player/?url=https://s6.kkphimplayer6.com/20250603/Lp5wFReG/index.m3u8');
	INSERT INTO episodes (movie_id, name, video_url)
	  VALUES (70, 'Tập 192', 'https://player.phimapi.com/player/?url=https://s6.kkphimplayer6.com/20250603/i8V8jhJj/index.m3u8');
	INSERT INTO episodes (movie_id, name, video_url)
	  VALUES (70, 'Tập 193', 'https://player.phimapi.com/player/?url=https://s6.kkphimplayer6.com/20250603/jJITTQCC/index.m3u8');
	INSERT INTO episodes (movie_id, name, video_url)
	  VALUES (70, 'Tập 194', 'https://player.phimapi.com/player/?url=https://s6.kkphimplayer6.com/20250603/y7cw4D1X/index.m3u8');
	INSERT INTO episodes (movie_id, name, video_url)
	  VALUES (70, 'Tập 195', 'https://player.phimapi.com/player/?url=https://s6.kkphimplayer6.com/20250603/vuhI7IQ5/index.m3u8');
	INSERT INTO episodes (movie_id, name, video_url)
	  VALUES (70, 'Tập 196', 'https://player.phimapi.com/player/?url=https://s6.kkphimplayer6.com/20250603/O4Vzr6f2/index.m3u8');
	INSERT INTO episodes (movie_id, name, video_url)
	  VALUES (70, 'Tập 197', 'https://player.phimapi.com/player/?url=https://s6.kkphimplayer6.com/20250603/H0rL4wlH/index.m3u8');
	INSERT INTO episodes (movie_id, name, video_url)
	  VALUES (70, 'Tập 198', 'https://player.phimapi.com/player/?url=https://s6.kkphimplayer6.com/20250603/yXDHQU9t/index.m3u8');
	INSERT INTO episodes (movie_id, name, video_url)
	  VALUES (70, 'Tập 199', 'https://player.phimapi.com/player/?url=https://s6.kkphimplayer6.com/20250603/QLwl9xUN/index.m3u8');
	INSERT INTO episodes (movie_id, name, video_url)
	  VALUES (70, 'Tập 200', 'https://player.phimapi.com/player/?url=https://s6.kkphimplayer6.com/20250603/YbU829V7/index.m3u8');
	INSERT INTO episodes (movie_id, name, video_url)
	  VALUES (70, 'Tập 201', 'https://player.phimapi.com/player/?url=https://s6.kkphimplayer6.com/20250603/dkiyNnz8/index.m3u8');
	INSERT INTO episodes (movie_id, name, video_url)
	  VALUES (70, 'Tập 202', 'https://player.phimapi.com/player/?url=https://s6.kkphimplayer6.com/20250603/4PJFONnG/index.m3u8');
	INSERT INTO episodes (movie_id, name, video_url)
	  VALUES (70, 'Tập 203', 'https://player.phimapi.com/player/?url=https://s6.kkphimplayer6.com/20250603/nk4OaGv0/index.m3u8');
	INSERT INTO episodes (movie_id, name, video_url)
	  VALUES (70, 'Tập 204', 'https://player.phimapi.com/player/?url=https://s6.kkphimplayer6.com/20250603/F9VJhl3Y/index.m3u8');
	INSERT INTO episodes (movie_id, name, video_url)
	  VALUES (70, 'Tập 205', 'https://player.phimapi.com/player/?url=https://s6.kkphimplayer6.com/20250603/rNKMgbjW/index.m3u8');
	INSERT INTO episodes (movie_id, name, video_url)
	  VALUES (70, 'Tập 206', 'https://player.phimapi.com/player/?url=https://s6.kkphimplayer6.com/20250603/ahGbuUpy/index.m3u8');
	INSERT INTO episodes (movie_id, name, video_url)
	  VALUES (70, 'Tập 207', 'https://player.phimapi.com/player/?url=https://s6.kkphimplayer6.com/20250603/0zWfBcnu/index.m3u8');
	INSERT INTO episodes (movie_id, name, video_url)
	  VALUES (70, 'Tập 208', 'https://player.phimapi.com/player/?url=https://s6.kkphimplayer6.com/20250603/Lgp0ZiAt/index.m3u8');
	INSERT INTO episodes (movie_id, name, video_url)
	  VALUES (70, 'Tập 209', 'https://player.phimapi.com/player/?url=https://s6.kkphimplayer6.com/20250603/9QzDj13x/index.m3u8');
	INSERT INTO episodes (movie_id, name, video_url)
	  VALUES (70, 'Tập 210', 'https://player.phimapi.com/player/?url=https://s6.kkphimplayer6.com/20250603/37CvmEPv/index.m3u8');
	INSERT INTO episodes (movie_id, name, video_url)
	  VALUES (70, 'Tập 211', 'https://player.phimapi.com/player/?url=https://s6.kkphimplayer6.com/20250603/o9VGY7Ok/index.m3u8');
	INSERT INTO episodes (movie_id, name, video_url)
	  VALUES (70, 'Tập 212', 'https://player.phimapi.com/player/?url=https://s6.kkphimplayer6.com/20250603/5iHybgSk/index.m3u8');
	INSERT INTO episodes (movie_id, name, video_url)
	  VALUES (70, 'Tập 213', 'https://player.phimapi.com/player/?url=https://s6.kkphimplayer6.com/20250603/XzxHxi66/index.m3u8');
	INSERT INTO episodes (movie_id, name, video_url)
	  VALUES (70, 'Tập 214', 'https://player.phimapi.com/player/?url=https://s6.kkphimplayer6.com/20250603/oMFyVOt8/index.m3u8');
	INSERT INTO episodes (movie_id, name, video_url)
	  VALUES (70, 'Tập 215', 'https://player.phimapi.com/player/?url=https://s6.kkphimplayer6.com/20250603/vbuUQns4/index.m3u8');
	INSERT INTO episodes (movie_id, name, video_url)
	  VALUES (70, 'Tập 216', 'https://player.phimapi.com/player/?url=https://s6.kkphimplayer6.com/20250603/OH0Wa1dW/index.m3u8');
	INSERT INTO episodes (movie_id, name, video_url)
	  VALUES (70, 'Tập 217', 'https://player.phimapi.com/player/?url=https://s6.kkphimplayer6.com/20250603/QJzrZpRt/index.m3u8');
	INSERT INTO episodes (movie_id, name, video_url)
	  VALUES (70, 'Tập 218', 'https://player.phimapi.com/player/?url=https://s6.kkphimplayer6.com/20250603/Y43aY28A/index.m3u8');
	INSERT INTO episodes (movie_id, name, video_url)
	  VALUES (70, 'Tập 219', 'https://player.phimapi.com/player/?url=https://s6.kkphimplayer6.com/20250603/3ngNbKna/index.m3u8');
	INSERT INTO episodes (movie_id, name, video_url)
	  VALUES (70, 'Tập 220', 'https://player.phimapi.com/player/?url=https://s6.kkphimplayer6.com/20250603/0QLyAtk9/index.m3u8');
	INSERT INTO episodes (movie_id, name, video_url)
	  VALUES (70, 'Tập 221', 'https://player.phimapi.com/player/?url=https://s6.kkphimplayer6.com/20250603/3qkyMmOx/index.m3u8');
	INSERT INTO episodes (movie_id, name, video_url)
	  VALUES (70, 'Tập 222', 'https://player.phimapi.com/player/?url=https://s6.kkphimplayer6.com/20250603/yDNpf0cV/index.m3u8');
	INSERT INTO episodes (movie_id, name, video_url)
	  VALUES (70, 'Tập 223', 'https://player.phimapi.com/player/?url=https://s6.kkphimplayer6.com/20250603/UjqsDoGG/index.m3u8');
	INSERT INTO episodes (movie_id, name, video_url)
	  VALUES (70, 'Tập 224', 'https://player.phimapi.com/player/?url=https://s6.kkphimplayer6.com/20250603/NwZqcpGN/index.m3u8');
	INSERT INTO episodes (movie_id, name, video_url)
	  VALUES (70, 'Tập 225', 'https://player.phimapi.com/player/?url=https://s6.kkphimplayer6.com/20250603/5a8ZfNCE/index.m3u8');
	INSERT INTO episodes (movie_id, name, video_url)
	  VALUES (70, 'Tập 226', 'https://player.phimapi.com/player/?url=https://s6.kkphimplayer6.com/20250603/UrxZ8eZS/index.m3u8');
	INSERT INTO episodes (movie_id, name, video_url)
	  VALUES (70, 'Tập 227', 'https://player.phimapi.com/player/?url=https://s6.kkphimplayer6.com/20250603/btsNXJy3/index.m3u8');
	INSERT INTO episodes (movie_id, name, video_url)
	  VALUES (70, 'Tập 228', 'https://player.phimapi.com/player/?url=https://s6.kkphimplayer6.com/20250603/UlP41V8r/index.m3u8');
	INSERT INTO episodes (movie_id, name, video_url)
	  VALUES (70, 'Tập 229', 'https://player.phimapi.com/player/?url=https://s6.kkphimplayer6.com/20250603/O9InjKHB/index.m3u8');
	INSERT INTO episodes (movie_id, name, video_url)
	  VALUES (70, 'Tập 230', 'https://player.phimapi.com/player/?url=https://s6.kkphimplayer6.com/20250603/EYTWQxsV/index.m3u8');
	INSERT INTO episodes (movie_id, name, video_url)
	  VALUES (70, 'Tập 231', 'https://player.phimapi.com/player/?url=https://s6.kkphimplayer6.com/20250603/6mbPx7a4/index.m3u8');
	INSERT INTO episodes (movie_id, name, video_url)
	  VALUES (70, 'Tập 232', 'https://player.phimapi.com/player/?url=https://s6.kkphimplayer6.com/20250603/skbrG1je/index.m3u8');
	INSERT INTO episodes (movie_id, name, video_url)
	  VALUES (70, 'Tập 233', 'https://player.phimapi.com/player/?url=https://s6.kkphimplayer6.com/20250603/yfEjCuLZ/index.m3u8');
	INSERT INTO episodes (movie_id, name, video_url)
	  VALUES (70, 'Tập 234', 'https://player.phimapi.com/player/?url=https://s6.kkphimplayer6.com/20250603/Pq16bUZg/index.m3u8');
	INSERT INTO episodes (movie_id, name, video_url)
	  VALUES (70, 'Tập 235', 'https://player.phimapi.com/player/?url=https://s6.kkphimplayer6.com/20250603/m5rnvv59/index.m3u8');
	INSERT INTO episodes (movie_id, name, video_url)
	  VALUES (70, 'Tập 236', 'https://player.phimapi.com/player/?url=https://s6.kkphimplayer6.com/20250603/cgWovpDr/index.m3u8');
	INSERT INTO episodes (movie_id, name, video_url)
	  VALUES (70, 'Tập 237', 'https://player.phimapi.com/player/?url=https://s6.kkphimplayer6.com/20250603/GWz0g4rk/index.m3u8');
	INSERT INTO episodes (movie_id, name, video_url)
	  VALUES (70, 'Tập 238', 'https://player.phimapi.com/player/?url=https://s6.kkphimplayer6.com/20250603/Y8H6iZBK/index.m3u8');
	INSERT INTO episodes (movie_id, name, video_url)
	  VALUES (70, 'Tập 239', 'https://player.phimapi.com/player/?url=https://s6.kkphimplayer6.com/20250603/16hG1XQ0/index.m3u8');
	INSERT INTO episodes (movie_id, name, video_url)
	  VALUES (70, 'Tập 240', 'https://player.phimapi.com/player/?url=https://s6.kkphimplayer6.com/20250603/jh9ZsqdT/index.m3u8');
	INSERT INTO episodes (movie_id, name, video_url)
	  VALUES (70, 'Tập 241', 'https://player.phimapi.com/player/?url=https://s6.kkphimplayer6.com/20250603/Z66AHIhw/index.m3u8');
	INSERT INTO episodes (movie_id, name, video_url)
	  VALUES (70, 'Tập 242', 'https://player.phimapi.com/player/?url=https://s6.kkphimplayer6.com/20250603/a9ibMMlh/index.m3u8');
	INSERT INTO episodes (movie_id, name, video_url)
	  VALUES (70, 'Tập 243', 'https://player.phimapi.com/player/?url=https://s6.kkphimplayer6.com/20250603/wesXa7Z7/index.m3u8');
	INSERT INTO episodes (movie_id, name, video_url)
	  VALUES (70, 'Tập 244', 'https://player.phimapi.com/player/?url=https://s6.kkphimplayer6.com/20250603/F5mv0R5c/index.m3u8');
	INSERT INTO episodes (movie_id, name, video_url)
	  VALUES (70, 'Tập 245', 'https://player.phimapi.com/player/?url=https://s6.kkphimplayer6.com/20250603/zLTgTrpb/index.m3u8');
	INSERT INTO episodes (movie_id, name, video_url)
	  VALUES (70, 'Tập 246', 'https://player.phimapi.com/player/?url=https://s6.kkphimplayer6.com/20250603/XgCCkmmF/index.m3u8');
	INSERT INTO episodes (movie_id, name, video_url)
	  VALUES (70, 'Tập 247', 'https://player.phimapi.com/player/?url=https://s6.kkphimplayer6.com/20250603/bXBG0gJr/index.m3u8');
	INSERT INTO episodes (movie_id, name, video_url)
	  VALUES (70, 'Tập 248', 'https://player.phimapi.com/player/?url=https://s6.kkphimplayer6.com/20250603/BKqFXghW/index.m3u8');
	INSERT INTO episodes (movie_id, name, video_url)
	  VALUES (70, 'Tập 249', 'https://player.phimapi.com/player/?url=https://s6.kkphimplayer6.com/20250603/ZXm1tjoT/index.m3u8');
	INSERT INTO episodes (movie_id, name, video_url)
	  VALUES (70, 'Tập 250', 'https://player.phimapi.com/player/?url=https://s6.kkphimplayer6.com/20250603/L5hNiYWZ/index.m3u8');
	INSERT INTO episodes (movie_id, name, video_url)
	  VALUES (70, 'Tập 251', 'https://player.phimapi.com/player/?url=https://s6.kkphimplayer6.com/20250603/VPCHNafq/index.m3u8');
	INSERT INTO episodes (movie_id, name, video_url)
	  VALUES (70, 'Tập 252', 'https://player.phimapi.com/player/?url=https://s6.kkphimplayer6.com/20250603/sWcgWweg/index.m3u8');
	INSERT INTO episodes (movie_id, name, video_url)
	  VALUES (70, 'Tập 253', 'https://player.phimapi.com/player/?url=https://s6.kkphimplayer6.com/20250603/zT0XGA56/index.m3u8');
	INSERT INTO episodes (movie_id, name, video_url)
	  VALUES (70, 'Tập 254', 'https://player.phimapi.com/player/?url=https://s6.kkphimplayer6.com/20250603/PxTmDNPD/index.m3u8');
	INSERT INTO episodes (movie_id, name, video_url)
	  VALUES (70, 'Tập 255', 'https://player.phimapi.com/player/?url=https://s6.kkphimplayer6.com/20250603/OMElAnUO/index.m3u8');
	INSERT INTO episodes (movie_id, name, video_url)
	  VALUES (70, 'Tập 256', 'https://player.phimapi.com/player/?url=https://s6.kkphimplayer6.com/20250603/NbJvVjtl/index.m3u8');
	INSERT INTO episodes (movie_id, name, video_url)
	  VALUES (70, 'Tập 257', 'https://player.phimapi.com/player/?url=https://s6.kkphimplayer6.com/20250603/glRDYh2h/index.m3u8');
	INSERT INTO episodes (movie_id, name, video_url)
	  VALUES (70, 'Tập 258', 'https://player.phimapi.com/player/?url=https://s6.kkphimplayer6.com/20250603/WKrLbxC9/index.m3u8');
	INSERT INTO episodes (movie_id, name, video_url)
	  VALUES (70, 'Tập 259', 'https://player.phimapi.com/player/?url=https://s6.kkphimplayer6.com/20250603/CUKWKdVd/index.m3u8');
	INSERT INTO episodes (movie_id, name, video_url)
	  VALUES (70, 'Tập 260', 'https://player.phimapi.com/player/?url=https://s6.kkphimplayer6.com/20250603/ta8FBcW3/index.m3u8');
	INSERT INTO episodes (movie_id, name, video_url)
	  VALUES (70, 'Tập 261', 'https://player.phimapi.com/player/?url=https://s6.kkphimplayer6.com/20250603/dWY2ummL/index.m3u8');
	INSERT INTO episodes (movie_id, name, video_url)
	  VALUES (70, 'Tập 262', 'https://player.phimapi.com/player/?url=https://s6.kkphimplayer6.com/20250603/vw7pgNvx/index.m3u8');
	INSERT INTO episodes (movie_id, name, video_url)
	  VALUES (70, 'Tập 263', 'https://player.phimapi.com/player/?url=https://s6.kkphimplayer6.com/20250603/A3RmBT1c/index.m3u8');
	INSERT INTO episodes (movie_id, name, video_url)
	  VALUES (70, 'Tập 264', 'https://player.phimapi.com/player/?url=https://s6.kkphimplayer6.com/20250603/rR8AYa4y/index.m3u8');
	INSERT INTO episodes (movie_id, name, video_url)
	  VALUES (70, 'Tập 265', 'https://player.phimapi.com/player/?url=https://s6.kkphimplayer6.com/20250603/c0qB2Juk/index.m3u8');
	INSERT INTO episodes (movie_id, name, video_url)
	  VALUES (70, 'Tập 266', 'https://player.phimapi.com/player/?url=https://s6.kkphimplayer6.com/20250603/GEjKJ10c/index.m3u8');
	INSERT INTO episodes (movie_id, name, video_url)
	  VALUES (70, 'Tập 267', 'https://player.phimapi.com/player/?url=https://s6.kkphimplayer6.com/20250603/U2NtrsrE/index.m3u8');
	INSERT INTO episodes (movie_id, name, video_url)
	  VALUES (70, 'Tập 268', 'https://player.phimapi.com/player/?url=https://s6.kkphimplayer6.com/20250603/N9BqfrA6/index.m3u8');
	INSERT INTO episodes (movie_id, name, video_url)
	  VALUES (70, 'Tập 269', 'https://player.phimapi.com/player/?url=https://s6.kkphimplayer6.com/20250603/NXn8gO5Z/index.m3u8');
	INSERT INTO episodes (movie_id, name, video_url)
	  VALUES (70, 'Tập 270', 'https://player.phimapi.com/player/?url=https://s6.kkphimplayer6.com/20250603/rViuh1iU/index.m3u8');
	INSERT INTO episodes (movie_id, name, video_url)
	  VALUES (70, 'Tập 271', 'https://player.phimapi.com/player/?url=https://s6.kkphimplayer6.com/20250603/A1BzN5si/index.m3u8');
	INSERT INTO episodes (movie_id, name, video_url)
	  VALUES (70, 'Tập 272', 'https://player.phimapi.com/player/?url=https://s6.kkphimplayer6.com/20250603/w0GtntDg/index.m3u8');
	INSERT INTO episodes (movie_id, name, video_url)
	  VALUES (70, 'Tập 273', 'https://player.phimapi.com/player/?url=https://s6.kkphimplayer6.com/20250603/gbp5NcAa/index.m3u8');
	INSERT INTO episodes (movie_id, name, video_url)
	  VALUES (70, 'Tập 274', 'https://player.phimapi.com/player/?url=https://s6.kkphimplayer6.com/20250603/KaNmJUyE/index.m3u8');
	INSERT INTO episodes (movie_id, name, video_url)
	  VALUES (70, 'Tập 275', 'https://player.phimapi.com/player/?url=https://s6.kkphimplayer6.com/20250603/m4yS3FJ1/index.m3u8');
	INSERT INTO episodes (movie_id, name, video_url)
	  VALUES (70, 'Tập 276', 'https://player.phimapi.com/player/?url=https://s6.kkphimplayer6.com/20250603/CJRlNspj/index.m3u8');
	INSERT INTO episodes (movie_id, name, video_url)
	  VALUES (70, 'Tập 277', 'https://player.phimapi.com/player/?url=https://s6.kkphimplayer6.com/20250603/VP3YYQ4V/index.m3u8');
	INSERT INTO episodes (movie_id, name, video_url)
	  VALUES (70, 'Tập 278', 'https://player.phimapi.com/player/?url=https://s6.kkphimplayer6.com/20250603/5L3HpeDJ/index.m3u8');
	INSERT INTO episodes (movie_id, name, video_url)
	  VALUES (70, 'Tập 279', 'https://player.phimapi.com/player/?url=https://s6.kkphimplayer6.com/20250603/0xEhLWwQ/index.m3u8');
	INSERT INTO episodes (movie_id, name, video_url)
	  VALUES (70, 'Tập 280', 'https://player.phimapi.com/player/?url=https://s6.kkphimplayer6.com/20250603/N2vwShQ8/index.m3u8');
	INSERT INTO episodes (movie_id, name, video_url)
	  VALUES (70, 'Tập 281', 'https://player.phimapi.com/player/?url=https://s6.kkphimplayer6.com/20250603/c49EPR9q/index.m3u8');
	INSERT INTO episodes (movie_id, name, video_url)
	  VALUES (70, 'Tập 282', 'https://player.phimapi.com/player/?url=https://s6.kkphimplayer6.com/20250603/kyQTTv85/index.m3u8');
	INSERT INTO episodes (movie_id, name, video_url)
	  VALUES (70, 'Tập 283', 'https://player.phimapi.com/player/?url=https://s6.kkphimplayer6.com/20250603/sgoQ72ZD/index.m3u8');
	INSERT INTO episodes (movie_id, name, video_url)
	  VALUES (70, 'Tập 284', 'https://player.phimapi.com/player/?url=https://s6.kkphimplayer6.com/20250603/XnUHIEYo/index.m3u8');
	INSERT INTO episodes (movie_id, name, video_url)
	  VALUES (70, 'Tập 285', 'https://player.phimapi.com/player/?url=https://s6.kkphimplayer6.com/20250603/7kFAzJex/index.m3u8');
	INSERT INTO episodes (movie_id, name, video_url)
	  VALUES (70, 'Tập 286', 'https://player.phimapi.com/player/?url=https://s6.kkphimplayer6.com/20250603/6XhJ42xK/index.m3u8');
	INSERT INTO episodes (movie_id, name, video_url)
	  VALUES (70, 'Tập 287', 'https://player.phimapi.com/player/?url=https://s6.kkphimplayer6.com/20250603/o1A8yGs3/index.m3u8');
	INSERT INTO episodes (movie_id, name, video_url)
	  VALUES (70, 'Tập 288', 'https://player.phimapi.com/player/?url=https://s6.kkphimplayer6.com/20250603/J2YlmU7e/index.m3u8');
	INSERT INTO episodes (movie_id, name, video_url)
	  VALUES (70, 'Tập 289', 'https://player.phimapi.com/player/?url=https://s6.kkphimplayer6.com/20250603/BxSblZVe/index.m3u8');
	INSERT INTO episodes (movie_id, name, video_url)
	  VALUES (70, 'Tập 290', 'https://player.phimapi.com/player/?url=https://s6.kkphimplayer6.com/20250603/9YdHljMb/index.m3u8');
	INSERT INTO episodes (movie_id, name, video_url)
	  VALUES (70, 'Tập 291', 'https://player.phimapi.com/player/?url=https://s6.kkphimplayer6.com/20250603/UkTstiNR/index.m3u8');
	INSERT INTO episodes (movie_id, name, video_url)
	  VALUES (70, 'Tập 292', 'https://player.phimapi.com/player/?url=https://s6.kkphimplayer6.com/20250603/neYUDnCd/index.m3u8');
	INSERT INTO episodes (movie_id, name, video_url)
	  VALUES (70, 'Tập 293', 'https://player.phimapi.com/player/?url=https://s6.kkphimplayer6.com/20250603/uGLfLNzj/index.m3u8');
	INSERT INTO episodes (movie_id, name, video_url)
	  VALUES (70, 'Tập 294', 'https://player.phimapi.com/player/?url=https://s6.kkphimplayer6.com/20250603/8bBau7I4/index.m3u8');
	INSERT INTO episodes (movie_id, name, video_url)
	  VALUES (70, 'Tập 295', 'https://player.phimapi.com/player/?url=https://s6.kkphimplayer6.com/20250603/sIGHlrb9/index.m3u8');
	INSERT INTO episodes (movie_id, name, video_url)
	  VALUES (70, 'Tập 296', 'https://player.phimapi.com/player/?url=https://s6.kkphimplayer6.com/20250603/QGXTyIn4/index.m3u8');
	INSERT INTO episodes (movie_id, name, video_url)
	  VALUES (70, 'Tập 297', 'https://player.phimapi.com/player/?url=https://s6.kkphimplayer6.com/20250603/lsxjIwl1/index.m3u8');
	INSERT INTO episodes (movie_id, name, video_url)
	  VALUES (70, 'Tập 298', 'https://player.phimapi.com/player/?url=https://s6.kkphimplayer6.com/20250603/fjdVkUsM/index.m3u8');
	INSERT INTO episodes (movie_id, name, video_url)
	  VALUES (70, 'Tập 299', 'https://player.phimapi.com/player/?url=https://s6.kkphimplayer6.com/20250603/5i8cs7si/index.m3u8');
	INSERT INTO episodes (movie_id, name, video_url)
	  VALUES (70, 'Tập 300', 'https://player.phimapi.com/player/?url=https://s6.kkphimplayer6.com/20250603/C9EmGjfc/index.m3u8');
	INSERT INTO episodes (movie_id, name, video_url)
	  VALUES (70, 'Tập 301', 'https://player.phimapi.com/player/?url=https://s6.kkphimplayer6.com/20250603/Fwp63oKY/index.m3u8');
	INSERT INTO episodes (movie_id, name, video_url)
	  VALUES (70, 'Tập 302', 'https://player.phimapi.com/player/?url=https://s6.kkphimplayer6.com/20250603/w0R5yehE/index.m3u8');
	INSERT INTO episodes (movie_id, name, video_url)
	  VALUES (70, 'Tập 303', 'https://player.phimapi.com/player/?url=https://s6.kkphimplayer6.com/20250603/Ht2OSOi0/index.m3u8');
	INSERT INTO episodes (movie_id, name, video_url)
	  VALUES (70, 'Tập 304', 'https://player.phimapi.com/player/?url=https://s6.kkphimplayer6.com/20250603/WO1Yk0CL/index.m3u8');
	INSERT INTO episodes (movie_id, name, video_url)
	  VALUES (70, 'Tập 305', 'https://player.phimapi.com/player/?url=https://s6.kkphimplayer6.com/20250603/cmARTmk3/index.m3u8');
	INSERT INTO episodes (movie_id, name, video_url)
	  VALUES (70, 'Tập 306', 'https://player.phimapi.com/player/?url=https://s6.kkphimplayer6.com/20250603/tLMD8RTB/index.m3u8');
	INSERT INTO episodes (movie_id, name, video_url)
	  VALUES (70, 'Tập 307', 'https://player.phimapi.com/player/?url=https://s6.kkphimplayer6.com/20250603/KUuVX0yu/index.m3u8');
	INSERT INTO episodes (movie_id, name, video_url)
	  VALUES (70, 'Tập 308', 'https://player.phimapi.com/player/?url=https://s6.kkphimplayer6.com/20250603/qdYRqjA6/index.m3u8');
	INSERT INTO episodes (movie_id, name, video_url)
	  VALUES (70, 'Tập 309', 'https://player.phimapi.com/player/?url=https://s6.kkphimplayer6.com/20250603/cwTx9SYh/index.m3u8');
	INSERT INTO episodes (movie_id, name, video_url)
	  VALUES (70, 'Tập 310', 'https://player.phimapi.com/player/?url=https://s6.kkphimplayer6.com/20250603/d85TsuMY/index.m3u8');
	INSERT INTO episodes (movie_id, name, video_url)
	  VALUES (70, 'Tập 311', 'https://player.phimapi.com/player/?url=https://s6.kkphimplayer6.com/20250603/zmNDiwlV/index.m3u8');
	INSERT INTO episodes (movie_id, name, video_url)
	  VALUES (70, 'Tập 312', 'https://player.phimapi.com/player/?url=https://s6.kkphimplayer6.com/20250603/kzjuoyhV/index.m3u8');
	INSERT INTO episodes (movie_id, name, video_url)
	  VALUES (70, 'Tập 313', 'https://player.phimapi.com/player/?url=https://s6.kkphimplayer6.com/20250603/PX3p0MXD/index.m3u8');
	INSERT INTO episodes (movie_id, name, video_url)
	  VALUES (70, 'Tập 314', 'https://player.phimapi.com/player/?url=https://s6.kkphimplayer6.com/20250603/bLYR8rob/index.m3u8');
	INSERT INTO episodes (movie_id, name, video_url)
	  VALUES (70, 'Tập 315', 'https://player.phimapi.com/player/?url=https://s6.kkphimplayer6.com/20250603/W7oqrb0x/index.m3u8');
	INSERT INTO episodes (movie_id, name, video_url)
	  VALUES (70, 'Tập 316', 'https://player.phimapi.com/player/?url=https://s6.kkphimplayer6.com/20250603/IhqCwqHi/index.m3u8');
	INSERT INTO episodes (movie_id, name, video_url)
	  VALUES (70, 'Tập 317', 'https://player.phimapi.com/player/?url=https://s6.kkphimplayer6.com/20250603/CzeHDp5x/index.m3u8');
	INSERT INTO episodes (movie_id, name, video_url)
	  VALUES (70, 'Tập 318', 'https://player.phimapi.com/player/?url=https://s6.kkphimplayer6.com/20250603/eB1zMbfQ/index.m3u8');
	INSERT INTO episodes (movie_id, name, video_url)
	  VALUES (70, 'Tập 319', 'https://player.phimapi.com/player/?url=https://s6.kkphimplayer6.com/20250603/OiMwV6XF/index.m3u8');
	INSERT INTO episodes (movie_id, name, video_url)
	  VALUES (70, 'Tập 320', 'https://player.phimapi.com/player/?url=https://s6.kkphimplayer6.com/20250603/p2HTDtpc/index.m3u8');
	INSERT INTO episodes (movie_id, name, video_url)
	  VALUES (70, 'Tập 321', 'https://player.phimapi.com/player/?url=https://s6.kkphimplayer6.com/20250603/dwy8ab8Z/index.m3u8');
	INSERT INTO episodes (movie_id, name, video_url)
	  VALUES (70, 'Tập 322', 'https://player.phimapi.com/player/?url=https://s6.kkphimplayer6.com/20250603/EoM6YWMe/index.m3u8');
	INSERT INTO episodes (movie_id, name, video_url)
	  VALUES (70, 'Tập 323', 'https://player.phimapi.com/player/?url=https://s6.kkphimplayer6.com/20250603/xsIxmLnv/index.m3u8');
	INSERT INTO episodes (movie_id, name, video_url)
	  VALUES (70, 'Tập 324', 'https://player.phimapi.com/player/?url=https://s6.kkphimplayer6.com/20250603/864K9X0F/index.m3u8');
	INSERT INTO episodes (movie_id, name, video_url)
	  VALUES (70, 'Tập 325', 'https://player.phimapi.com/player/?url=https://s6.kkphimplayer6.com/20250603/3zPjNwEj/index.m3u8');
	INSERT INTO episodes (movie_id, name, video_url)
	  VALUES (70, 'Tập 326', 'https://player.phimapi.com/player/?url=https://s6.kkphimplayer6.com/20250603/uq9wkcNX/index.m3u8');
	INSERT INTO episodes (movie_id, name, video_url)
	  VALUES (70, 'Tập 327', 'https://player.phimapi.com/player/?url=https://s6.kkphimplayer6.com/20250603/rsu1unEb/index.m3u8');
	INSERT INTO episodes (movie_id, name, video_url)
	  VALUES (70, 'Tập 328', 'https://player.phimapi.com/player/?url=https://s6.kkphimplayer6.com/20250603/xFccAANf/index.m3u8');
	INSERT INTO episodes (movie_id, name, video_url)
	  VALUES (70, 'Tập 329', 'https://player.phimapi.com/player/?url=https://s6.kkphimplayer6.com/20250603/OjSmR8mj/index.m3u8');
	INSERT INTO episodes (movie_id, name, video_url)
	  VALUES (70, 'Tập 330', 'https://player.phimapi.com/player/?url=https://s6.kkphimplayer6.com/20250603/yddVuO7p/index.m3u8');
	INSERT INTO episodes (movie_id, name, video_url)
	  VALUES (70, 'Tập 331', 'https://player.phimapi.com/player/?url=https://s6.kkphimplayer6.com/20250603/klA5kc0A/index.m3u8');
	INSERT INTO episodes (movie_id, name, video_url)
	  VALUES (70, 'Tập 332', 'https://player.phimapi.com/player/?url=https://s6.kkphimplayer6.com/20250603/Y9961SBw/index.m3u8');
	INSERT INTO episodes (movie_id, name, video_url)
	  VALUES (70, 'Tập 333', 'https://player.phimapi.com/player/?url=https://s6.kkphimplayer6.com/20250603/DZEuHjJB/index.m3u8');
	INSERT INTO episodes (movie_id, name, video_url)
	  VALUES (70, 'Tập 334', 'https://player.phimapi.com/player/?url=https://s6.kkphimplayer6.com/20250603/6TQ530x4/index.m3u8');
	INSERT INTO episodes (movie_id, name, video_url)
	  VALUES (70, 'Tập 335', 'https://player.phimapi.com/player/?url=https://s6.kkphimplayer6.com/20250603/bb5SZOUv/index.m3u8');
	INSERT INTO episodes (movie_id, name, video_url)
	  VALUES (70, 'Tập 336', 'https://player.phimapi.com/player/?url=https://s6.kkphimplayer6.com/20250603/AkcVk59V/index.m3u8');
	INSERT INTO episodes (movie_id, name, video_url)
	  VALUES (70, 'Tập 337', 'https://player.phimapi.com/player/?url=https://s6.kkphimplayer6.com/20250603/Pm8bNZi5/index.m3u8');
	INSERT INTO episodes (movie_id, name, video_url)
	  VALUES (70, 'Tập 338', 'https://player.phimapi.com/player/?url=https://s6.kkphimplayer6.com/20250603/PmEqfv7n/index.m3u8');
	INSERT INTO episodes (movie_id, name, video_url)
	  VALUES (70, 'Tập 339', 'https://player.phimapi.com/player/?url=https://s6.kkphimplayer6.com/20250603/BwaEFeWK/index.m3u8');
	INSERT INTO episodes (movie_id, name, video_url)
	  VALUES (70, 'Tập 340', 'https://player.phimapi.com/player/?url=https://s6.kkphimplayer6.com/20250603/wVqhCtJt/index.m3u8');
	INSERT INTO episodes (movie_id, name, video_url)
	  VALUES (70, 'Tập 341', 'https://player.phimapi.com/player/?url=https://s6.kkphimplayer6.com/20250603/xHP0fcnW/index.m3u8');
	INSERT INTO episodes (movie_id, name, video_url)
	  VALUES (70, 'Tập 342', 'https://player.phimapi.com/player/?url=https://s6.kkphimplayer6.com/20250603/TZj9s5T5/index.m3u8');
	INSERT INTO episodes (movie_id, name, video_url)
	  VALUES (70, 'Tập 343', 'https://player.phimapi.com/player/?url=https://s6.kkphimplayer6.com/20250603/vmMJlxfW/index.m3u8');
	INSERT INTO episodes (movie_id, name, video_url)
	  VALUES (70, 'Tập 344', 'https://player.phimapi.com/player/?url=https://s6.kkphimplayer6.com/20250603/Gw678Xrd/index.m3u8');
	INSERT INTO episodes (movie_id, name, video_url)
	  VALUES (70, 'Tập 345', 'https://player.phimapi.com/player/?url=https://s6.kkphimplayer6.com/20250603/o9Y578Qv/index.m3u8');
	INSERT INTO episodes (movie_id, name, video_url)
	  VALUES (70, 'Tập 346', 'https://player.phimapi.com/player/?url=https://s6.kkphimplayer6.com/20250603/Hu6X7A1w/index.m3u8');
	INSERT INTO episodes (movie_id, name, video_url)
	  VALUES (70, 'Tập 347', 'https://player.phimapi.com/player/?url=https://s6.kkphimplayer6.com/20250603/XJ9Rp40e/index.m3u8');
	INSERT INTO episodes (movie_id, name, video_url)
	  VALUES (70, 'Tập 348', 'https://player.phimapi.com/player/?url=https://s6.kkphimplayer6.com/20250603/0OzJJg4A/index.m3u8');
	INSERT INTO episodes (movie_id, name, video_url)
	  VALUES (70, 'Tập 349', 'https://player.phimapi.com/player/?url=https://s6.kkphimplayer6.com/20250603/IEf8hEo5/index.m3u8');
	INSERT INTO episodes (movie_id, name, video_url)
	  VALUES (70, 'Tập 350', 'https://player.phimapi.com/player/?url=https://s6.kkphimplayer6.com/20250603/WrbKu8Si/index.m3u8');
	INSERT INTO episodes (movie_id, name, video_url)
	  VALUES (70, 'Tập 351', 'https://player.phimapi.com/player/?url=https://s6.kkphimplayer6.com/20250603/gLZNfRPg/index.m3u8');
	INSERT INTO episodes (movie_id, name, video_url)
	  VALUES (70, 'Tập 352', 'https://player.phimapi.com/player/?url=https://s6.kkphimplayer6.com/20250603/Q9ZHCyaC/index.m3u8');
	INSERT INTO episodes (movie_id, name, video_url)
	  VALUES (70, 'Tập 353', 'https://player.phimapi.com/player/?url=https://s6.kkphimplayer6.com/20250603/D3f3cNYR/index.m3u8');
	INSERT INTO episodes (movie_id, name, video_url)
	  VALUES (70, 'Tập 354', 'https://player.phimapi.com/player/?url=https://s6.kkphimplayer6.com/20250603/DO6YnOj1/index.m3u8');
	INSERT INTO episodes (movie_id, name, video_url)
	  VALUES (70, 'Tập 355', 'https://player.phimapi.com/player/?url=https://s6.kkphimplayer6.com/20250603/CRzN0zms/index.m3u8');
	INSERT INTO episodes (movie_id, name, video_url)
	  VALUES (70, 'Tập 356', 'https://player.phimapi.com/player/?url=https://s6.kkphimplayer6.com/20250603/eF6PZ2QC/index.m3u8');
	INSERT INTO episodes (movie_id, name, video_url)
	  VALUES (70, 'Tập 357', 'https://player.phimapi.com/player/?url=https://s6.kkphimplayer6.com/20250603/bkjpWdnh/index.m3u8');
	INSERT INTO episodes (movie_id, name, video_url)
	  VALUES (70, 'Tập 358', 'https://player.phimapi.com/player/?url=https://s6.kkphimplayer6.com/20250603/qCdNIOSq/index.m3u8');
	INSERT INTO episodes (movie_id, name, video_url)
	  VALUES (70, 'Tập 359', 'https://player.phimapi.com/player/?url=https://s6.kkphimplayer6.com/20250603/8T0sqi2x/index.m3u8');
	INSERT INTO episodes (movie_id, name, video_url)
	  VALUES (70, 'Tập 360', 'https://player.phimapi.com/player/?url=https://s6.kkphimplayer6.com/20250603/M96g6BMH/index.m3u8');
	INSERT INTO episodes (movie_id, name, video_url)
	  VALUES (70, 'Tập 361', 'https://player.phimapi.com/player/?url=https://s6.kkphimplayer6.com/20250603/P1PTXt0F/index.m3u8');
	INSERT INTO episodes (movie_id, name, video_url)
	  VALUES (70, 'Tập 362', 'https://player.phimapi.com/player/?url=https://s6.kkphimplayer6.com/20250603/2aFVoRAo/index.m3u8');
	INSERT INTO episodes (movie_id, name, video_url)
	  VALUES (70, 'Tập 363', 'https://player.phimapi.com/player/?url=https://s6.kkphimplayer6.com/20250603/1u9bhpuf/index.m3u8');
	INSERT INTO episodes (movie_id, name, video_url)
	  VALUES (70, 'Tập 364', 'https://player.phimapi.com/player/?url=https://s6.kkphimplayer6.com/20250603/elBbjVSb/index.m3u8');
	INSERT INTO episodes (movie_id, name, video_url)
	  VALUES (70, 'Tập 365', 'https://player.phimapi.com/player/?url=https://s6.kkphimplayer6.com/20250603/J16IoZya/index.m3u8');
	INSERT INTO episodes (movie_id, name, video_url)
	  VALUES (70, 'Tập 366', 'https://player.phimapi.com/player/?url=https://s6.kkphimplayer6.com/20250603/c9iasdqp/index.m3u8');
	INSERT INTO episodes (movie_id, name, video_url)
	  VALUES (70, 'Tập 367', 'https://player.phimapi.com/player/?url=https://s6.kkphimplayer6.com/20250603/KpYVarnc/index.m3u8');
	INSERT INTO episodes (movie_id, name, video_url)
	  VALUES (70, 'Tập 368', 'https://player.phimapi.com/player/?url=https://s6.kkphimplayer6.com/20250603/j1eZRzYZ/index.m3u8');
	INSERT INTO episodes (movie_id, name, video_url)
	  VALUES (70, 'Tập 369', 'https://player.phimapi.com/player/?url=https://s6.kkphimplayer6.com/20250603/6zGQngg4/index.m3u8');
	INSERT INTO episodes (movie_id, name, video_url)
	  VALUES (70, 'Tập 370', 'https://player.phimapi.com/player/?url=https://s6.kkphimplayer6.com/20250603/tpsoJOGH/index.m3u8');
	INSERT INTO episodes (movie_id, name, video_url)
	  VALUES (70, 'Tập 371', 'https://player.phimapi.com/player/?url=https://s6.kkphimplayer6.com/20250603/53JcDG8Z/index.m3u8');
	INSERT INTO episodes (movie_id, name, video_url)
	  VALUES (70, 'Tập 372', 'https://player.phimapi.com/player/?url=https://s6.kkphimplayer6.com/20250603/5zrcQHl8/index.m3u8');
	INSERT INTO episodes (movie_id, name, video_url)
	  VALUES (70, 'Tập 373', 'https://player.phimapi.com/player/?url=https://s6.kkphimplayer6.com/20250603/Q7H3ZiKn/index.m3u8');
	INSERT INTO episodes (movie_id, name, video_url)
	  VALUES (70, 'Tập 374', 'https://player.phimapi.com/player/?url=https://s6.kkphimplayer6.com/20250603/JkKsmWWi/index.m3u8');
	INSERT INTO episodes (movie_id, name, video_url)
	  VALUES (70, 'Tập 375', 'https://player.phimapi.com/player/?url=https://s6.kkphimplayer6.com/20250603/cgrMdsM8/index.m3u8');
	INSERT INTO episodes (movie_id, name, video_url)
	  VALUES (70, 'Tập 376', 'https://player.phimapi.com/player/?url=https://s6.kkphimplayer6.com/20250603/U0JwKhyv/index.m3u8');
	INSERT INTO episodes (movie_id, name, video_url)
	  VALUES (70, 'Tập 377', 'https://player.phimapi.com/player/?url=https://s6.kkphimplayer6.com/20250603/dXUXlsQP/index.m3u8');
	INSERT INTO episodes (movie_id, name, video_url)
	  VALUES (70, 'Tập 378', 'https://player.phimapi.com/player/?url=https://s6.kkphimplayer6.com/20250603/GVfYvZD9/index.m3u8');
	INSERT INTO episodes (movie_id, name, video_url)
	  VALUES (70, 'Tập 379', 'https://player.phimapi.com/player/?url=https://s6.kkphimplayer6.com/20250603/5AhYkJvB/index.m3u8');
	INSERT INTO episodes (movie_id, name, video_url)
	  VALUES (70, 'Tập 380', 'https://player.phimapi.com/player/?url=https://s6.kkphimplayer6.com/20250603/GE0vg3vp/index.m3u8');
	INSERT INTO episodes (movie_id, name, video_url)
	  VALUES (70, 'Tập 381', 'https://player.phimapi.com/player/?url=https://s6.kkphimplayer6.com/20250603/JNCNPqEn/index.m3u8');
	INSERT INTO episodes (movie_id, name, video_url)
	  VALUES (70, 'Tập 382', 'https://player.phimapi.com/player/?url=https://s6.kkphimplayer6.com/20250603/kdpdwNZ2/index.m3u8');
	INSERT INTO episodes (movie_id, name, video_url)
	  VALUES (70, 'Tập 383', 'https://player.phimapi.com/player/?url=https://s6.kkphimplayer6.com/20250603/I5AEFptW/index.m3u8');
	INSERT INTO episodes (movie_id, name, video_url)
	  VALUES (70, 'Tập 384', 'https://player.phimapi.com/player/?url=https://s6.kkphimplayer6.com/20250603/e5k0e7H6/index.m3u8');
	INSERT INTO episodes (movie_id, name, video_url)
	  VALUES (70, 'Tập 385', 'https://player.phimapi.com/player/?url=https://s6.kkphimplayer6.com/20250603/lrI0x4eQ/index.m3u8');
	INSERT INTO episodes (movie_id, name, video_url)
	  VALUES (70, 'Tập 386', 'https://player.phimapi.com/player/?url=https://s6.kkphimplayer6.com/20250603/XduR6cOp/index.m3u8');
	INSERT INTO episodes (movie_id, name, video_url)
	  VALUES (70, 'Tập 387', 'https://player.phimapi.com/player/?url=https://s6.kkphimplayer6.com/20250603/f43QAKMQ/index.m3u8');
	INSERT INTO episodes (movie_id, name, video_url)
	  VALUES (70, 'Tập 388', 'https://player.phimapi.com/player/?url=https://s6.kkphimplayer6.com/20250603/42g7wCBr/index.m3u8');
	INSERT INTO episodes (movie_id, name, video_url)
	  VALUES (70, 'Tập 389', 'https://player.phimapi.com/player/?url=https://s6.kkphimplayer6.com/20250603/ZnV9vsW6/index.m3u8');
	INSERT INTO episodes (movie_id, name, video_url)
	  VALUES (70, 'Tập 390', 'https://player.phimapi.com/player/?url=https://s6.kkphimplayer6.com/20250603/wHPCDGKp/index.m3u8');
	INSERT INTO episodes (movie_id, name, video_url)
	  VALUES (70, 'Tập 391', 'https://player.phimapi.com/player/?url=https://s6.kkphimplayer6.com/20250603/QsP2pP8I/index.m3u8');
	INSERT INTO episodes (movie_id, name, video_url)
	  VALUES (70, 'Tập 392', 'https://player.phimapi.com/player/?url=https://s6.kkphimplayer6.com/20250603/6F4wEMde/index.m3u8');
	INSERT INTO episodes (movie_id, name, video_url)
	  VALUES (70, 'Tập 393', 'https://player.phimapi.com/player/?url=https://s6.kkphimplayer6.com/20250603/c6AYlSC2/index.m3u8');
	INSERT INTO episodes (movie_id, name, video_url)
	  VALUES (70, 'Tập 394', 'https://player.phimapi.com/player/?url=https://s6.kkphimplayer6.com/20250603/6tM1zpb7/index.m3u8');
	INSERT INTO episodes (movie_id, name, video_url)
	  VALUES (70, 'Tập 395', 'https://player.phimapi.com/player/?url=https://s6.kkphimplayer6.com/20250603/5vrlyeNW/index.m3u8');
	INSERT INTO episodes (movie_id, name, video_url)
	  VALUES (70, 'Tập 396', 'https://player.phimapi.com/player/?url=https://s6.kkphimplayer6.com/20250603/LC65IkHz/index.m3u8');
	INSERT INTO episodes (movie_id, name, video_url)
	  VALUES (70, 'Tập 397', 'https://player.phimapi.com/player/?url=https://s6.kkphimplayer6.com/20250603/6hefqq7L/index.m3u8');
	INSERT INTO episodes (movie_id, name, video_url)
	  VALUES (70, 'Tập 398', 'https://player.phimapi.com/player/?url=https://s6.kkphimplayer6.com/20250603/NacgxMss/index.m3u8');
	INSERT INTO episodes (movie_id, name, video_url)
	  VALUES (70, 'Tập 399', 'https://player.phimapi.com/player/?url=https://s6.kkphimplayer6.com/20250603/ElWHJDjX/index.m3u8');
	INSERT INTO episodes (movie_id, name, video_url)
	  VALUES (70, 'Tập 400', 'https://player.phimapi.com/player/?url=https://s6.kkphimplayer6.com/20250603/qUGWn8Ag/index.m3u8');
	INSERT INTO episodes (movie_id, name, video_url)
	  VALUES (70, 'Tập 401', 'https://player.phimapi.com/player/?url=https://s6.kkphimplayer6.com/20250603/hG3GuSZh/index.m3u8');
	INSERT INTO episodes (movie_id, name, video_url)
	  VALUES (70, 'Tập 402', 'https://player.phimapi.com/player/?url=https://s6.kkphimplayer6.com/20250603/Jm0mhKKY/index.m3u8');
	INSERT INTO episodes (movie_id, name, video_url)
	  VALUES (70, 'Tập 403', 'https://player.phimapi.com/player/?url=https://s6.kkphimplayer6.com/20250603/cmCE4l9N/index.m3u8');
	INSERT INTO episodes (movie_id, name, video_url)
	  VALUES (70, 'Tập 404', 'https://player.phimapi.com/player/?url=https://s6.kkphimplayer6.com/20250603/QuyBeLhb/index.m3u8');
	INSERT INTO episodes (movie_id, name, video_url)
	  VALUES (70, 'Tập 405', 'https://player.phimapi.com/player/?url=https://s6.kkphimplayer6.com/20250603/QLiuHfVr/index.m3u8');
	INSERT INTO episodes (movie_id, name, video_url)
	  VALUES (70, 'Tập 406', 'https://player.phimapi.com/player/?url=https://s6.kkphimplayer6.com/20250603/kxM3rVgb/index.m3u8');
	INSERT INTO episodes (movie_id, name, video_url)
	  VALUES (70, 'Tập 407', 'https://player.phimapi.com/player/?url=https://s6.kkphimplayer6.com/20250603/PYUhyIkM/index.m3u8');
	INSERT INTO episodes (movie_id, name, video_url)
	  VALUES (70, 'Tập 408', 'https://player.phimapi.com/player/?url=https://s6.kkphimplayer6.com/20250603/igemyGSx/index.m3u8');
	INSERT INTO episodes (movie_id, name, video_url)
	  VALUES (70, 'Tập 409', 'https://player.phimapi.com/player/?url=https://s6.kkphimplayer6.com/20250603/bzI4coZ0/index.m3u8');
	INSERT INTO episodes (movie_id, name, video_url)
	  VALUES (70, 'Tập 410', 'https://player.phimapi.com/player/?url=https://s6.kkphimplayer6.com/20250603/1fktumj6/index.m3u8');
	INSERT INTO episodes (movie_id, name, video_url)
	  VALUES (70, 'Tập 411', 'https://player.phimapi.com/player/?url=https://s6.kkphimplayer6.com/20250603/05WJXnLF/index.m3u8');
	INSERT INTO episodes (movie_id, name, video_url)
	  VALUES (70, 'Tập 412', 'https://player.phimapi.com/player/?url=https://s6.kkphimplayer6.com/20250603/1IR4G9gq/index.m3u8');
	INSERT INTO episodes (movie_id, name, video_url)
	  VALUES (70, 'Tập 413', 'https://player.phimapi.com/player/?url=https://s6.kkphimplayer6.com/20250603/eikwGQ8D/index.m3u8');
	INSERT INTO episodes (movie_id, name, video_url)
	  VALUES (70, 'Tập 414', 'https://player.phimapi.com/player/?url=https://s6.kkphimplayer6.com/20250603/izAOC6Ue/index.m3u8');
	INSERT INTO episodes (movie_id, name, video_url)
	  VALUES (70, 'Tập 415', 'https://player.phimapi.com/player/?url=https://s6.kkphimplayer6.com/20250603/cqmntImj/index.m3u8');
	INSERT INTO episodes (movie_id, name, video_url)
	  VALUES (70, 'Tập 416', 'https://player.phimapi.com/player/?url=https://s6.kkphimplayer6.com/20250603/BFL1cBB5/index.m3u8');
	INSERT INTO episodes (movie_id, name, video_url)
	  VALUES (70, 'Tập 417', 'https://player.phimapi.com/player/?url=https://s6.kkphimplayer6.com/20250603/nJaNK1Is/index.m3u8');
	INSERT INTO episodes (movie_id, name, video_url)
	  VALUES (70, 'Tập 418', 'https://player.phimapi.com/player/?url=https://s6.kkphimplayer6.com/20250603/mUM9hnya/index.m3u8');
	INSERT INTO episodes (movie_id, name, video_url)
	  VALUES (70, 'Tập 419', 'https://player.phimapi.com/player/?url=https://s6.kkphimplayer6.com/20250603/bumcT53e/index.m3u8');
	INSERT INTO episodes (movie_id, name, video_url)
	  VALUES (70, 'Tập 420', 'https://player.phimapi.com/player/?url=https://s6.kkphimplayer6.com/20250603/lNeY3qGd/index.m3u8');
	INSERT INTO episodes (movie_id, name, video_url)
	  VALUES (70, 'Tập 421', 'https://player.phimapi.com/player/?url=https://s6.kkphimplayer6.com/20250603/CUnzgQIJ/index.m3u8');
	INSERT INTO episodes (movie_id, name, video_url)
	  VALUES (70, 'Tập 422', 'https://player.phimapi.com/player/?url=https://s6.kkphimplayer6.com/20250603/9dW2TnO0/index.m3u8');
	INSERT INTO episodes (movie_id, name, video_url)
	  VALUES (70, 'Tập 423', 'https://player.phimapi.com/player/?url=https://s6.kkphimplayer6.com/20250603/1Bz6D5ZW/index.m3u8');
	INSERT INTO episodes (movie_id, name, video_url)
	  VALUES (70, 'Tập 424', 'https://player.phimapi.com/player/?url=https://s6.kkphimplayer6.com/20250603/uw3NvdOQ/index.m3u8');
	INSERT INTO episodes (movie_id, name, video_url)
	  VALUES (70, 'Tập 425', 'https://player.phimapi.com/player/?url=https://s6.kkphimplayer6.com/20250603/Vfjj8Jy8/index.m3u8');
	INSERT INTO episodes (movie_id, name, video_url)
	  VALUES (70, 'Tập 426', 'https://player.phimapi.com/player/?url=https://s6.kkphimplayer6.com/20250603/TTjabSXd/index.m3u8');
	INSERT INTO episodes (movie_id, name, video_url)
	  VALUES (70, 'Tập 427', 'https://player.phimapi.com/player/?url=https://s6.kkphimplayer6.com/20250603/6GfhROqW/index.m3u8');
	INSERT INTO episodes (movie_id, name, video_url)
	  VALUES (70, 'Tập 428', 'https://player.phimapi.com/player/?url=https://s6.kkphimplayer6.com/20250603/Su5nfrGp/index.m3u8');
	INSERT INTO episodes (movie_id, name, video_url)
	  VALUES (70, 'Tập 429', 'https://player.phimapi.com/player/?url=https://s6.kkphimplayer6.com/20250603/5iDngVsF/index.m3u8');
	INSERT INTO episodes (movie_id, name, video_url)
	  VALUES (70, 'Tập 430', 'https://player.phimapi.com/player/?url=https://s6.kkphimplayer6.com/20250603/ZMBxkwjm/index.m3u8');
	INSERT INTO episodes (movie_id, name, video_url)
	  VALUES (70, 'Tập 431', 'https://player.phimapi.com/player/?url=https://s6.kkphimplayer6.com/20250603/TAyDwW5N/index.m3u8');
	INSERT INTO episodes (movie_id, name, video_url)
	  VALUES (70, 'Tập 432', 'https://player.phimapi.com/player/?url=https://s6.kkphimplayer6.com/20250603/bZCdhlLj/index.m3u8');
	INSERT INTO episodes (movie_id, name, video_url)
	  VALUES (70, 'Tập 433', 'https://player.phimapi.com/player/?url=https://s6.kkphimplayer6.com/20250603/ujprkKDz/index.m3u8');
	INSERT INTO episodes (movie_id, name, video_url)
	  VALUES (70, 'Tập 434', 'https://player.phimapi.com/player/?url=https://s6.kkphimplayer6.com/20250603/7Hsk89YF/index.m3u8');
	INSERT INTO episodes (movie_id, name, video_url)
	  VALUES (70, 'Tập 435', 'https://player.phimapi.com/player/?url=https://s6.kkphimplayer6.com/20250603/6PRLJcOd/index.m3u8');
	INSERT INTO episodes (movie_id, name, video_url)
	  VALUES (70, 'Tập 436', 'https://player.phimapi.com/player/?url=https://s6.kkphimplayer6.com/20250603/d8P7c9G9/index.m3u8');
	INSERT INTO episodes (movie_id, name, video_url)
	  VALUES (70, 'Tập 437', 'https://player.phimapi.com/player/?url=https://s6.kkphimplayer6.com/20250603/yOGBklVq/index.m3u8');
	INSERT INTO episodes (movie_id, name, video_url)
	  VALUES (70, 'Tập 438', 'https://player.phimapi.com/player/?url=https://s6.kkphimplayer6.com/20250603/AnOlJAgF/index.m3u8');
	INSERT INTO episodes (movie_id, name, video_url)
	  VALUES (70, 'Tập 439', 'https://player.phimapi.com/player/?url=https://s6.kkphimplayer6.com/20250603/bWDX7VXy/index.m3u8');
	INSERT INTO episodes (movie_id, name, video_url)
	  VALUES (70, 'Tập 440', 'https://player.phimapi.com/player/?url=https://s6.kkphimplayer6.com/20250603/WrTpJhf9/index.m3u8');
	INSERT INTO episodes (movie_id, name, video_url)
	  VALUES (70, 'Tập 441', 'https://player.phimapi.com/player/?url=https://s6.kkphimplayer6.com/20250603/rT38QZDo/index.m3u8');
	INSERT INTO episodes (movie_id, name, video_url)
	  VALUES (70, 'Tập 442', 'https://player.phimapi.com/player/?url=https://s6.kkphimplayer6.com/20250603/U1obZiSV/index.m3u8');
	INSERT INTO episodes (movie_id, name, video_url)
	  VALUES (70, 'Tập 443', 'https://player.phimapi.com/player/?url=https://s6.kkphimplayer6.com/20250603/9n99eunX/index.m3u8');
	INSERT INTO episodes (movie_id, name, video_url)
	  VALUES (70, 'Tập 444', 'https://player.phimapi.com/player/?url=https://s6.kkphimplayer6.com/20250603/zJga4pur/index.m3u8');
	INSERT INTO episodes (movie_id, name, video_url)
	  VALUES (70, 'Tập 445', 'https://player.phimapi.com/player/?url=https://s6.kkphimplayer6.com/20250603/Jr3yF72I/index.m3u8');
	INSERT INTO episodes (movie_id, name, video_url)
	  VALUES (70, 'Tập 446', 'https://player.phimapi.com/player/?url=https://s6.kkphimplayer6.com/20250603/CQroHd9F/index.m3u8');
	INSERT INTO episodes (movie_id, name, video_url)
	  VALUES (70, 'Tập 447', 'https://player.phimapi.com/player/?url=https://s6.kkphimplayer6.com/20250603/OfFv65ny/index.m3u8');
	INSERT INTO episodes (movie_id, name, video_url)
	  VALUES (70, 'Tập 448', 'https://player.phimapi.com/player/?url=https://s6.kkphimplayer6.com/20250603/cmn5zaCa/index.m3u8');
	INSERT INTO episodes (movie_id, name, video_url)
	  VALUES (70, 'Tập 449', 'https://player.phimapi.com/player/?url=https://s6.kkphimplayer6.com/20250603/DgMIJHg1/index.m3u8');
	INSERT INTO episodes (movie_id, name, video_url)
	  VALUES (70, 'Tập 450', 'https://player.phimapi.com/player/?url=https://s6.kkphimplayer6.com/20250603/8vOFRuXr/index.m3u8');
	INSERT INTO episodes (movie_id, name, video_url)
	  VALUES (70, 'Tập 451', 'https://player.phimapi.com/player/?url=https://s6.kkphimplayer6.com/20250603/Y7GyYLEQ/index.m3u8');
	INSERT INTO episodes (movie_id, name, video_url)
	  VALUES (70, 'Tập 452', 'https://player.phimapi.com/player/?url=https://s6.kkphimplayer6.com/20250603/qxnrYJwk/index.m3u8');
	INSERT INTO episodes (movie_id, name, video_url)
	  VALUES (70, 'Tập 453', 'https://player.phimapi.com/player/?url=https://s6.kkphimplayer6.com/20250603/7jv82Roq/index.m3u8');
	INSERT INTO episodes (movie_id, name, video_url)
	  VALUES (70, 'Tập 454', 'https://player.phimapi.com/player/?url=https://s6.kkphimplayer6.com/20250603/7k3CjLT1/index.m3u8');
	INSERT INTO episodes (movie_id, name, video_url)
	  VALUES (70, 'Tập 455', 'https://player.phimapi.com/player/?url=https://s6.kkphimplayer6.com/20250603/GPN8dMPC/index.m3u8');
	INSERT INTO episodes (movie_id, name, video_url)
	  VALUES (70, 'Tập 456', 'https://player.phimapi.com/player/?url=https://s6.kkphimplayer6.com/20250603/dbs8xTa4/index.m3u8');
	INSERT INTO episodes (movie_id, name, video_url)
	  VALUES (70, 'Tập 457', 'https://player.phimapi.com/player/?url=https://s6.kkphimplayer6.com/20250603/QpZ91PtA/index.m3u8');
	INSERT INTO episodes (movie_id, name, video_url)
	  VALUES (70, 'Tập 458', 'https://player.phimapi.com/player/?url=https://s6.kkphimplayer6.com/20250603/mnJUx4kw/index.m3u8');
	INSERT INTO episodes (movie_id, name, video_url)
	  VALUES (70, 'Tập 459', 'https://player.phimapi.com/player/?url=https://s6.kkphimplayer6.com/20250603/4WOdCDw8/index.m3u8');
	INSERT INTO episodes (movie_id, name, video_url)
	  VALUES (70, 'Tập 460', 'https://player.phimapi.com/player/?url=https://s6.kkphimplayer6.com/20250603/UOyDq1sa/index.m3u8');
	INSERT INTO episodes (movie_id, name, video_url)
	  VALUES (70, 'Tập 461', 'https://player.phimapi.com/player/?url=https://s6.kkphimplayer6.com/20250603/ZtqaRya6/index.m3u8');
	INSERT INTO episodes (movie_id, name, video_url)
	  VALUES (70, 'Tập 462', 'https://player.phimapi.com/player/?url=https://s6.kkphimplayer6.com/20250603/ZEdT2ovA/index.m3u8');
	INSERT INTO episodes (movie_id, name, video_url)
	  VALUES (70, 'Tập 463', 'https://player.phimapi.com/player/?url=https://s6.kkphimplayer6.com/20250603/YXy75dru/index.m3u8');
	INSERT INTO episodes (movie_id, name, video_url)
	  VALUES (70, 'Tập 464', 'https://player.phimapi.com/player/?url=https://s6.kkphimplayer6.com/20250603/46S30eRg/index.m3u8');
	INSERT INTO episodes (movie_id, name, video_url)
	  VALUES (70, 'Tập 465', 'https://player.phimapi.com/player/?url=https://s6.kkphimplayer6.com/20250603/goY1ElE5/index.m3u8');
	INSERT INTO episodes (movie_id, name, video_url)
	  VALUES (70, 'Tập 466', 'https://player.phimapi.com/player/?url=https://s6.kkphimplayer6.com/20250603/Prnyexjw/index.m3u8');
	INSERT INTO episodes (movie_id, name, video_url)
	  VALUES (70, 'Tập 467', 'https://player.phimapi.com/player/?url=https://s6.kkphimplayer6.com/20250603/seAz4Czn/index.m3u8');
	INSERT INTO episodes (movie_id, name, video_url)
	  VALUES (70, 'Tập 468', 'https://player.phimapi.com/player/?url=https://s6.kkphimplayer6.com/20250603/LlhQPzn6/index.m3u8');
	INSERT INTO episodes (movie_id, name, video_url)
	  VALUES (70, 'Tập 469', 'https://player.phimapi.com/player/?url=https://s6.kkphimplayer6.com/20250603/fh1E3fhZ/index.m3u8');
	INSERT INTO episodes (movie_id, name, video_url)
	  VALUES (70, 'Tập 470', 'https://player.phimapi.com/player/?url=https://s6.kkphimplayer6.com/20250603/o0MoC7Pc/index.m3u8');
	INSERT INTO episodes (movie_id, name, video_url)
	  VALUES (70, 'Tập 471', 'https://player.phimapi.com/player/?url=https://s6.kkphimplayer6.com/20250603/3XbJOJeN/index.m3u8');
	INSERT INTO episodes (movie_id, name, video_url)
	  VALUES (70, 'Tập 472', 'https://player.phimapi.com/player/?url=https://s6.kkphimplayer6.com/20250603/tPNG4oyu/index.m3u8');
	INSERT INTO episodes (movie_id, name, video_url)
	  VALUES (70, 'Tập 473', 'https://player.phimapi.com/player/?url=https://s6.kkphimplayer6.com/20250603/XgNbdls4/index.m3u8');
	INSERT INTO episodes (movie_id, name, video_url)
	  VALUES (70, 'Tập 474', 'https://player.phimapi.com/player/?url=https://s6.kkphimplayer6.com/20250603/h8VwbChZ/index.m3u8');
	INSERT INTO episodes (movie_id, name, video_url)
	  VALUES (70, 'Tập 475', 'https://player.phimapi.com/player/?url=https://s6.kkphimplayer6.com/20250603/GFRqd2KN/index.m3u8');
	INSERT INTO episodes (movie_id, name, video_url)
	  VALUES (70, 'Tập 476', 'https://player.phimapi.com/player/?url=https://s6.kkphimplayer6.com/20250603/14RnbeJU/index.m3u8');
	INSERT INTO episodes (movie_id, name, video_url)
	  VALUES (70, 'Tập 477', 'https://player.phimapi.com/player/?url=https://s6.kkphimplayer6.com/20250603/K23c4ujY/index.m3u8');
	INSERT INTO episodes (movie_id, name, video_url)
	  VALUES (70, 'Tập 478', 'https://player.phimapi.com/player/?url=https://s6.kkphimplayer6.com/20250603/Md5XAHSA/index.m3u8');
	INSERT INTO episodes (movie_id, name, video_url)
	  VALUES (70, 'Tập 479', 'https://player.phimapi.com/player/?url=https://s6.kkphimplayer6.com/20250603/xPvkW8lL/index.m3u8');
	INSERT INTO episodes (movie_id, name, video_url)
	  VALUES (70, 'Tập 480', 'https://player.phimapi.com/player/?url=https://s6.kkphimplayer6.com/20250603/xOzkdATy/index.m3u8');
	INSERT INTO episodes (movie_id, name, video_url)
	  VALUES (70, 'Tập 481', 'https://player.phimapi.com/player/?url=https://s6.kkphimplayer6.com/20250603/4vdlsUdp/index.m3u8');
	INSERT INTO episodes (movie_id, name, video_url)
	  VALUES (70, 'Tập 482', 'https://player.phimapi.com/player/?url=https://s6.kkphimplayer6.com/20250603/Qt1er6Oh/index.m3u8');
	INSERT INTO episodes (movie_id, name, video_url)
	  VALUES (70, 'Tập 483', 'https://player.phimapi.com/player/?url=https://s6.kkphimplayer6.com/20250603/SL2ok0JO/index.m3u8');
	INSERT INTO episodes (movie_id, name, video_url)
	  VALUES (70, 'Tập 484', 'https://player.phimapi.com/player/?url=https://s6.kkphimplayer6.com/20250603/6RFvZClO/index.m3u8');
	INSERT INTO episodes (movie_id, name, video_url)
	  VALUES (70, 'Tập 485', 'https://player.phimapi.com/player/?url=https://s6.kkphimplayer6.com/20250603/fA4ohaea/index.m3u8');
	INSERT INTO episodes (movie_id, name, video_url)
	  VALUES (70, 'Tập 486', 'https://player.phimapi.com/player/?url=https://s6.kkphimplayer6.com/20250603/oEbylAtJ/index.m3u8');
	INSERT INTO episodes (movie_id, name, video_url)
	  VALUES (70, 'Tập 487', 'https://player.phimapi.com/player/?url=https://s6.kkphimplayer6.com/20250603/pWoRj808/index.m3u8');
	INSERT INTO episodes (movie_id, name, video_url)
	  VALUES (70, 'Tập 488', 'https://player.phimapi.com/player/?url=https://s6.kkphimplayer6.com/20250603/1gLf5oTw/index.m3u8');
	INSERT INTO episodes (movie_id, name, video_url)
	  VALUES (70, 'Tập 489', 'https://player.phimapi.com/player/?url=https://s6.kkphimplayer6.com/20250603/NYy6DBQA/index.m3u8');
	INSERT INTO episodes (movie_id, name, video_url)
	  VALUES (70, 'Tập 490', 'https://player.phimapi.com/player/?url=https://s6.kkphimplayer6.com/20250603/LSTWEidP/index.m3u8');
	INSERT INTO episodes (movie_id, name, video_url)
	  VALUES (70, 'Tập 491', 'https://player.phimapi.com/player/?url=https://s6.kkphimplayer6.com/20250603/8HrpfgTb/index.m3u8');
	INSERT INTO episodes (movie_id, name, video_url)
	  VALUES (70, 'Tập 492', 'https://player.phimapi.com/player/?url=https://s6.kkphimplayer6.com/20250603/d23Ic3Fj/index.m3u8');
	INSERT INTO episodes (movie_id, name, video_url)
	  VALUES (70, 'Tập 493', 'https://player.phimapi.com/player/?url=https://s6.kkphimplayer6.com/20250603/UPzJZN1s/index.m3u8');
	INSERT INTO episodes (movie_id, name, video_url)
	  VALUES (70, 'Tập 494', 'https://player.phimapi.com/player/?url=https://s6.kkphimplayer6.com/20250603/WwLo5aQs/index.m3u8');
	INSERT INTO episodes (movie_id, name, video_url)
	  VALUES (70, 'Tập 495', 'https://player.phimapi.com/player/?url=https://s6.kkphimplayer6.com/20250603/aWR5ab2M/index.m3u8');
	INSERT INTO episodes (movie_id, name, video_url)
	  VALUES (70, 'Tập 496', 'https://player.phimapi.com/player/?url=https://s6.kkphimplayer6.com/20250603/oUknGItV/index.m3u8');
	INSERT INTO episodes (movie_id, name, video_url)
	  VALUES (70, 'Tập 497', 'https://player.phimapi.com/player/?url=https://s6.kkphimplayer6.com/20250603/uZAz8iSk/index.m3u8');
	INSERT INTO episodes (movie_id, name, video_url)
	  VALUES (70, 'Tập 498', 'https://player.phimapi.com/player/?url=https://s6.kkphimplayer6.com/20250603/z3mB7UY5/index.m3u8');
	INSERT INTO episodes (movie_id, name, video_url)
	  VALUES (70, 'Tập 499', 'https://player.phimapi.com/player/?url=https://s6.kkphimplayer6.com/20250603/kFCDv6Km/index.m3u8');
	INSERT INTO episodes (movie_id, name, video_url)
	  VALUES (70, 'Tập 500', 'https://player.phimapi.com/player/?url=https://s6.kkphimplayer6.com/20250603/Y0nkHm53/index.m3u8');
	INSERT INTO episodes (movie_id, name, video_url)
	  VALUES (70, 'Tập 501', 'https://player.phimapi.com/player/?url=https://s6.kkphimplayer6.com/20250603/rcIQ6QHV/index.m3u8');
	INSERT INTO episodes (movie_id, name, video_url)
	  VALUES (70, 'Tập 502', 'https://player.phimapi.com/player/?url=https://s6.kkphimplayer6.com/20250603/0X6KVaRg/index.m3u8');
	INSERT INTO episodes (movie_id, name, video_url)
	  VALUES (70, 'Tập 503', 'https://player.phimapi.com/player/?url=https://s6.kkphimplayer6.com/20250603/zFFtiXXX/index.m3u8');
	INSERT INTO episodes (movie_id, name, video_url)
	  VALUES (70, 'Tập 504', 'https://player.phimapi.com/player/?url=https://s6.kkphimplayer6.com/20250603/teiIbWq5/index.m3u8');
	INSERT INTO episodes (movie_id, name, video_url)
	  VALUES (70, 'Tập 505', 'https://player.phimapi.com/player/?url=https://s6.kkphimplayer6.com/20250613/k0wrAhJV/index.m3u8');
	INSERT INTO episodes (movie_id, name, video_url)
	  VALUES (70, 'Tập 506', 'https://player.phimapi.com/player/?url=https://s6.kkphimplayer6.com/20250613/1BDl4l74/index.m3u8');
	INSERT INTO episodes (movie_id, name, video_url)
	  VALUES (70, 'Tập 507', 'https://player.phimapi.com/player/?url=https://s6.kkphimplayer6.com/20250613/WDoqH8lx/index.m3u8');
	INSERT INTO episodes (movie_id, name, video_url)
	  VALUES (70, 'Tập 508', 'https://player.phimapi.com/player/?url=https://s6.kkphimplayer6.com/20250613/YWCEy2n4/index.m3u8');
	INSERT INTO episodes (movie_id, name, video_url)
	  VALUES (70, 'Tập 509', 'https://player.phimapi.com/player/?url=https://s6.kkphimplayer6.com/20250613/eM0rJUfU/index.m3u8');
	INSERT INTO episodes (movie_id, name, video_url)
	  VALUES (70, 'Tập 510', 'https://player.phimapi.com/player/?url=https://s6.kkphimplayer6.com/20250613/sE5aodX0/index.m3u8');
	INSERT INTO episodes (movie_id, name, video_url)
	  VALUES (70, 'Tập 511', 'https://player.phimapi.com/player/?url=https://s6.kkphimplayer6.com/20250613/pXTQZB48/index.m3u8');
	INSERT INTO episodes (movie_id, name, video_url)
	  VALUES (70, 'Tập 512', 'https://player.phimapi.com/player/?url=https://s6.kkphimplayer6.com/20250613/EMtv6s8z/index.m3u8');
	INSERT INTO episodes (movie_id, name, video_url)
	  VALUES (70, 'Tập 513', 'https://player.phimapi.com/player/?url=https://s6.kkphimplayer6.com/20250613/msmxIbzX/index.m3u8');
	INSERT INTO episodes (movie_id, name, video_url)
	  VALUES (70, 'Tập 514', 'https://player.phimapi.com/player/?url=https://s6.kkphimplayer6.com/20250613/IMCDt992/index.m3u8');
	INSERT INTO episodes (movie_id, name, video_url)
	  VALUES (70, 'Tập 515', 'https://player.phimapi.com/player/?url=https://s6.kkphimplayer6.com/20250613/A0RBgJMp/index.m3u8');
	INSERT INTO episodes (movie_id, name, video_url)
	  VALUES (70, 'Tập 516', 'https://player.phimapi.com/player/?url=https://s6.kkphimplayer6.com/20250613/tJMBVlyJ/index.m3u8');
	INSERT INTO episodes (movie_id, name, video_url)
	  VALUES (70, 'Tập 517', 'https://player.phimapi.com/player/?url=https://s6.kkphimplayer6.com/20250613/kqGON6kg/index.m3u8');
	INSERT INTO episodes (movie_id, name, video_url)
	  VALUES (70, 'Tập 518', 'https://player.phimapi.com/player/?url=https://s6.kkphimplayer6.com/20250613/CVkoHz10/index.m3u8');
	INSERT INTO episodes (movie_id, name, video_url)
	  VALUES (70, 'Tập 519', 'https://player.phimapi.com/player/?url=https://s6.kkphimplayer6.com/20250613/vTBS5aBM/index.m3u8');
	INSERT INTO episodes (movie_id, name, video_url)
	  VALUES (70, 'Tập 520', 'https://player.phimapi.com/player/?url=https://s6.kkphimplayer6.com/20250613/Y6HGTpBa/index.m3u8');
	INSERT INTO episodes (movie_id, name, video_url)
	  VALUES (70, 'Tập 521', 'https://player.phimapi.com/player/?url=https://s6.kkphimplayer6.com/20250613/AZ3iYaKy/index.m3u8');
	INSERT INTO episodes (movie_id, name, video_url)
	  VALUES (70, 'Tập 522', 'https://player.phimapi.com/player/?url=https://s6.kkphimplayer6.com/20250613/9q86ExNy/index.m3u8');
	INSERT INTO episodes (movie_id, name, video_url)
	  VALUES (70, 'Tập 523', 'https://player.phimapi.com/player/?url=https://s6.kkphimplayer6.com/20250613/NpDET5UW/index.m3u8');
	INSERT INTO episodes (movie_id, name, video_url)
	  VALUES (70, 'Tập 524', 'https://player.phimapi.com/player/?url=https://s6.kkphimplayer6.com/20250613/v8aVGQ9I/index.m3u8');
	INSERT INTO episodes (movie_id, name, video_url)
	  VALUES (70, 'Tập 525', 'https://player.phimapi.com/player/?url=https://s6.kkphimplayer6.com/20250613/VNAJ9Ax0/index.m3u8');
	INSERT INTO episodes (movie_id, name, video_url)
	  VALUES (70, 'Tập 526', 'https://player.phimapi.com/player/?url=https://s6.kkphimplayer6.com/20250613/h9gLuNKF/index.m3u8');
	INSERT INTO episodes (movie_id, name, video_url)
	  VALUES (70, 'Tập 527', 'https://player.phimapi.com/player/?url=https://s6.kkphimplayer6.com/20250613/AUuihqGv/index.m3u8');
	INSERT INTO episodes (movie_id, name, video_url)
	  VALUES (70, 'Tập 528', 'https://player.phimapi.com/player/?url=https://s6.kkphimplayer6.com/20250613/OnKE6hRD/index.m3u8');
	INSERT INTO episodes (movie_id, name, video_url)
	  VALUES (70, 'Tập 529', 'https://player.phimapi.com/player/?url=https://s6.kkphimplayer6.com/20250613/L6FeyfLb/index.m3u8');
	INSERT INTO episodes (movie_id, name, video_url)
	  VALUES (70, 'Tập 530', 'https://player.phimapi.com/player/?url=https://s6.kkphimplayer6.com/20250613/hFM2anNI/index.m3u8');
	INSERT INTO episodes (movie_id, name, video_url)
	  VALUES (70, 'Tập 531', 'https://player.phimapi.com/player/?url=https://s6.kkphimplayer6.com/20250613/SnAQ550Q/index.m3u8');
	INSERT INTO episodes (movie_id, name, video_url)
	  VALUES (70, 'Tập 532', 'https://player.phimapi.com/player/?url=https://s6.kkphimplayer6.com/20250613/3NxFwfGM/index.m3u8');
	INSERT INTO episodes (movie_id, name, video_url)
	  VALUES (70, 'Tập 533', 'https://player.phimapi.com/player/?url=https://s6.kkphimplayer6.com/20250613/JT8N1F3A/index.m3u8');
	INSERT INTO episodes (movie_id, name, video_url)
	  VALUES (70, 'Tập 534', 'https://player.phimapi.com/player/?url=https://s6.kkphimplayer6.com/20250613/Sv1qdMcu/index.m3u8');
	INSERT INTO episodes (movie_id, name, video_url)
	  VALUES (70, 'Tập 535', 'https://player.phimapi.com/player/?url=https://s6.kkphimplayer6.com/20250613/ZG4m4i3T/index.m3u8');
	INSERT INTO episodes (movie_id, name, video_url)
	  VALUES (70, 'Tập 536', 'https://player.phimapi.com/player/?url=https://s6.kkphimplayer6.com/20250613/jtugL2xP/index.m3u8');
	INSERT INTO episodes (movie_id, name, video_url)
	  VALUES (70, 'Tập 537', 'https://player.phimapi.com/player/?url=https://s6.kkphimplayer6.com/20250613/Mg3vZ0cv/index.m3u8');
	INSERT INTO episodes (movie_id, name, video_url)
	  VALUES (70, 'Tập 538', 'https://player.phimapi.com/player/?url=https://s6.kkphimplayer6.com/20250613/gFT7r8Kc/index.m3u8');
	INSERT INTO episodes (movie_id, name, video_url)
	  VALUES (70, 'Tập 539', 'https://player.phimapi.com/player/?url=https://s6.kkphimplayer6.com/20250613/v7RhUndm/index.m3u8');
	INSERT INTO episodes (movie_id, name, video_url)
	  VALUES (70, 'Tập 540', 'https://player.phimapi.com/player/?url=https://s6.kkphimplayer6.com/20250613/cxR0JJLj/index.m3u8');
	INSERT INTO episodes (movie_id, name, video_url)
	  VALUES (70, 'Tập 541', 'https://player.phimapi.com/player/?url=https://s6.kkphimplayer6.com/20250613/E5AemMPU/index.m3u8');
	INSERT INTO episodes (movie_id, name, video_url)
	  VALUES (70, 'Tập 542', 'https://player.phimapi.com/player/?url=https://s6.kkphimplayer6.com/20250613/ce7XAphI/index.m3u8');
	INSERT INTO episodes (movie_id, name, video_url)
	  VALUES (70, 'Tập 543', 'https://player.phimapi.com/player/?url=https://s6.kkphimplayer6.com/20250613/rFErWVZ2/index.m3u8');
	INSERT INTO episodes (movie_id, name, video_url)
	  VALUES (70, 'Tập 544', 'https://player.phimapi.com/player/?url=https://s6.kkphimplayer6.com/20250613/aPbQEzVP/index.m3u8');
	INSERT INTO episodes (movie_id, name, video_url)
	  VALUES (70, 'Tập 545', 'https://player.phimapi.com/player/?url=https://s6.kkphimplayer6.com/20250613/thFuuQQX/index.m3u8');
	INSERT INTO episodes (movie_id, name, video_url)
	  VALUES (70, 'Tập 546', 'https://player.phimapi.com/player/?url=https://s6.kkphimplayer6.com/20250613/ZkOflmY4/index.m3u8');
	INSERT INTO episodes (movie_id, name, video_url)
	  VALUES (70, 'Tập 547', 'https://player.phimapi.com/player/?url=https://s6.kkphimplayer6.com/20250613/qc8BaSWa/index.m3u8');
	INSERT INTO episodes (movie_id, name, video_url)
	  VALUES (70, 'Tập 548', 'https://player.phimapi.com/player/?url=https://s6.kkphimplayer6.com/20250613/GzCRMT85/index.m3u8');
	INSERT INTO episodes (movie_id, name, video_url)
	  VALUES (70, 'Tập 549', 'https://player.phimapi.com/player/?url=https://s6.kkphimplayer6.com/20250613/xyDDXBn7/index.m3u8');
	INSERT INTO episodes (movie_id, name, video_url)
	  VALUES (70, 'Tập 550', 'https://player.phimapi.com/player/?url=https://s6.kkphimplayer6.com/20250613/eB2qiKXv/index.m3u8');
	INSERT INTO episodes (movie_id, name, video_url)
	  VALUES (70, 'Tập 551', 'https://player.phimapi.com/player/?url=https://s6.kkphimplayer6.com/20250613/oj6YJn6r/index.m3u8');
	INSERT INTO episodes (movie_id, name, video_url)
	  VALUES (70, 'Tập 552', 'https://player.phimapi.com/player/?url=https://s6.kkphimplayer6.com/20250613/s0EVuxS3/index.m3u8');
	INSERT INTO episodes (movie_id, name, video_url)
	  VALUES (70, 'Tập 553', 'https://player.phimapi.com/player/?url=https://s6.kkphimplayer6.com/20250613/Eic2O9dY/index.m3u8');
	INSERT INTO episodes (movie_id, name, video_url)
	  VALUES (70, 'Tập 554', 'https://player.phimapi.com/player/?url=https://s6.kkphimplayer6.com/20250613/IIlcilpK/index.m3u8');
	INSERT INTO episodes (movie_id, name, video_url)
	  VALUES (70, 'Tập 555', 'https://player.phimapi.com/player/?url=https://s6.kkphimplayer6.com/20250613/Q3v1Vd2M/index.m3u8');
	INSERT INTO episodes (movie_id, name, video_url)
	  VALUES (70, 'Tập 556', 'https://player.phimapi.com/player/?url=https://s6.kkphimplayer6.com/20250613/fnw8BYks/index.m3u8');
	INSERT INTO episodes (movie_id, name, video_url)
	  VALUES (70, 'Tập 557', 'https://player.phimapi.com/player/?url=https://s6.kkphimplayer6.com/20250613/oCM9BoLp/index.m3u8');
	INSERT INTO episodes (movie_id, name, video_url)
	  VALUES (70, 'Tập 558', 'https://player.phimapi.com/player/?url=https://s6.kkphimplayer6.com/20250613/crtJB2xq/index.m3u8');
	INSERT INTO episodes (movie_id, name, video_url)
	  VALUES (70, 'Tập 559', 'https://player.phimapi.com/player/?url=https://s6.kkphimplayer6.com/20250613/hn3kH2Vq/index.m3u8');
	INSERT INTO episodes (movie_id, name, video_url)
	  VALUES (70, 'Tập 560', 'https://player.phimapi.com/player/?url=https://s6.kkphimplayer6.com/20250613/VZxXDJs2/index.m3u8');
	INSERT INTO episodes (movie_id, name, video_url)
	  VALUES (70, 'Tập 561', 'https://player.phimapi.com/player/?url=https://s6.kkphimplayer6.com/20250613/08l48Ur0/index.m3u8');
	INSERT INTO episodes (movie_id, name, video_url)
	  VALUES (70, 'Tập 562', 'https://player.phimapi.com/player/?url=https://s6.kkphimplayer6.com/20250613/KhNRaGcd/index.m3u8');
	INSERT INTO episodes (movie_id, name, video_url)
	  VALUES (70, 'Tập 563', 'https://player.phimapi.com/player/?url=https://s6.kkphimplayer6.com/20250613/8r8xvn4D/index.m3u8');
	INSERT INTO episodes (movie_id, name, video_url)
	  VALUES (70, 'Tập 564', 'https://player.phimapi.com/player/?url=https://s6.kkphimplayer6.com/20250613/FNBNfrV6/index.m3u8');
	INSERT INTO episodes (movie_id, name, video_url)
	  VALUES (70, 'Tập 565', 'https://player.phimapi.com/player/?url=https://s6.kkphimplayer6.com/20250613/tcNT9cou/index.m3u8');
	INSERT INTO episodes (movie_id, name, video_url)
	  VALUES (70, 'Tập 566', 'https://player.phimapi.com/player/?url=https://s6.kkphimplayer6.com/20250613/vJRzNAwL/index.m3u8');
	INSERT INTO episodes (movie_id, name, video_url)
	  VALUES (70, 'Tập 567', 'https://player.phimapi.com/player/?url=https://s6.kkphimplayer6.com/20250613/NzyOgrWi/index.m3u8');
	INSERT INTO episodes (movie_id, name, video_url)
	  VALUES (70, 'Tập 568', 'https://player.phimapi.com/player/?url=https://s6.kkphimplayer6.com/20250613/vXL9T2Y9/index.m3u8');
	INSERT INTO episodes (movie_id, name, video_url)
	  VALUES (70, 'Tập 569', 'https://player.phimapi.com/player/?url=https://s6.kkphimplayer6.com/20250613/C8JyLiW9/index.m3u8');
	INSERT INTO episodes (movie_id, name, video_url)
	  VALUES (70, 'Tập 570', 'https://player.phimapi.com/player/?url=https://s6.kkphimplayer6.com/20250613/dDbtoxNo/index.m3u8');
	INSERT INTO episodes (movie_id, name, video_url)
	  VALUES (70, 'Tập 571', 'https://player.phimapi.com/player/?url=https://s6.kkphimplayer6.com/20250613/riySesJK/index.m3u8');
	INSERT INTO episodes (movie_id, name, video_url)
	  VALUES (70, 'Tập 572', 'https://player.phimapi.com/player/?url=https://s6.kkphimplayer6.com/20250613/gGXySZ9R/index.m3u8');
	INSERT INTO episodes (movie_id, name, video_url)
	  VALUES (70, 'Tập 573', 'https://player.phimapi.com/player/?url=https://s6.kkphimplayer6.com/20250613/X8wJmH8n/index.m3u8');
	INSERT INTO episodes (movie_id, name, video_url)
	  VALUES (70, 'Tập 574', 'https://player.phimapi.com/player/?url=https://s6.kkphimplayer6.com/20250613/wpf3FuMa/index.m3u8');
	INSERT INTO episodes (movie_id, name, video_url)
	  VALUES (70, 'Tập 575', 'https://player.phimapi.com/player/?url=https://s6.kkphimplayer6.com/20250613/up9ewx2G/index.m3u8');
	INSERT INTO episodes (movie_id, name, video_url)
	  VALUES (70, 'Tập 576', 'https://player.phimapi.com/player/?url=https://s6.kkphimplayer6.com/20250613/7lQzMYFr/index.m3u8');
	INSERT INTO episodes (movie_id, name, video_url)
	  VALUES (70, 'Tập 577', 'https://player.phimapi.com/player/?url=https://s6.kkphimplayer6.com/20250613/jsk0NTcu/index.m3u8');
	INSERT INTO episodes (movie_id, name, video_url)
	  VALUES (70, 'Tập 578', 'https://player.phimapi.com/player/?url=https://s6.kkphimplayer6.com/20250613/bgNVOAa5/index.m3u8');
	INSERT INTO episodes (movie_id, name, video_url)
	  VALUES (70, 'Tập 579', 'https://player.phimapi.com/player/?url=https://s6.kkphimplayer6.com/20250613/hWHX6kue/index.m3u8');
	INSERT INTO episodes (movie_id, name, video_url)
	  VALUES (70, 'Tập 580', 'https://player.phimapi.com/player/?url=https://s6.kkphimplayer6.com/20250613/IQuMm0qI/index.m3u8');
	INSERT INTO episodes (movie_id, name, video_url)
	  VALUES (70, 'Tập 581', 'https://player.phimapi.com/player/?url=https://s6.kkphimplayer6.com/20250613/XALhR3wj/index.m3u8');
	INSERT INTO episodes (movie_id, name, video_url)
	  VALUES (70, 'Tập 582', 'https://player.phimapi.com/player/?url=https://s6.kkphimplayer6.com/20250613/hwCWSq4P/index.m3u8');
	INSERT INTO episodes (movie_id, name, video_url)
	  VALUES (70, 'Tập 583', 'https://player.phimapi.com/player/?url=https://s6.kkphimplayer6.com/20250613/1xZoPDcM/index.m3u8');
	INSERT INTO episodes (movie_id, name, video_url)
	  VALUES (70, 'Tập 584', 'https://player.phimapi.com/player/?url=https://s6.kkphimplayer6.com/20250613/zplICjPB/index.m3u8');
	INSERT INTO episodes (movie_id, name, video_url)
	  VALUES (70, 'Tập 585', 'https://player.phimapi.com/player/?url=https://s6.kkphimplayer6.com/20250613/ACMmr8Ya/index.m3u8');
	INSERT INTO episodes (movie_id, name, video_url)
	  VALUES (70, 'Tập 586', 'https://player.phimapi.com/player/?url=https://s6.kkphimplayer6.com/20250613/U2hLk9uO/index.m3u8');
	INSERT INTO episodes (movie_id, name, video_url)
	  VALUES (70, 'Tập 587', 'https://player.phimapi.com/player/?url=https://s6.kkphimplayer6.com/20250613/3z5PrTgR/index.m3u8');
	INSERT INTO episodes (movie_id, name, video_url)
	  VALUES (70, 'Tập 588', 'https://player.phimapi.com/player/?url=https://s6.kkphimplayer6.com/20250613/tJHSRHNq/index.m3u8');
	INSERT INTO episodes (movie_id, name, video_url)
	  VALUES (70, 'Tập 589', 'https://player.phimapi.com/player/?url=https://s6.kkphimplayer6.com/20250613/OlI2apXp/index.m3u8');
	INSERT INTO episodes (movie_id, name, video_url)
	  VALUES (70, 'Tập 590', 'https://player.phimapi.com/player/?url=https://s6.kkphimplayer6.com/20250613/Bh8sbBTb/index.m3u8');
	INSERT INTO episodes (movie_id, name, video_url)
	  VALUES (70, 'Tập 591', 'https://player.phimapi.com/player/?url=https://s6.kkphimplayer6.com/20250613/WMckGUr8/index.m3u8');
	INSERT INTO episodes (movie_id, name, video_url)
	  VALUES (70, 'Tập 592', 'https://player.phimapi.com/player/?url=https://s6.kkphimplayer6.com/20250613/AL1feLvS/index.m3u8');
	INSERT INTO episodes (movie_id, name, video_url)
	  VALUES (70, 'Tập 593', 'https://player.phimapi.com/player/?url=https://s6.kkphimplayer6.com/20250613/On0DOcP8/index.m3u8');
	INSERT INTO episodes (movie_id, name, video_url)
	  VALUES (70, 'Tập 594', 'https://player.phimapi.com/player/?url=https://s6.kkphimplayer6.com/20250613/XCrU17Bm/index.m3u8');
	INSERT INTO episodes (movie_id, name, video_url)
	  VALUES (70, 'Tập 595', 'https://player.phimapi.com/player/?url=https://s6.kkphimplayer6.com/20250613/N6fKSJ3I/index.m3u8');
	INSERT INTO episodes (movie_id, name, video_url)
	  VALUES (70, 'Tập 596', 'https://player.phimapi.com/player/?url=https://s6.kkphimplayer6.com/20250613/op7lFxYS/index.m3u8');
	INSERT INTO episodes (movie_id, name, video_url)
	  VALUES (70, 'Tập 597', 'https://player.phimapi.com/player/?url=https://s6.kkphimplayer6.com/20250613/1a9s0che/index.m3u8');
	INSERT INTO episodes (movie_id, name, video_url)
	  VALUES (70, 'Tập 598', 'https://player.phimapi.com/player/?url=https://s6.kkphimplayer6.com/20250613/UREizJW6/index.m3u8');
	INSERT INTO episodes (movie_id, name, video_url)
	  VALUES (70, 'Tập 599', 'https://player.phimapi.com/player/?url=https://s6.kkphimplayer6.com/20250613/7kNy22yt/index.m3u8');
	INSERT INTO episodes (movie_id, name, video_url)
	  VALUES (70, 'Tập 600', 'https://player.phimapi.com/player/?url=https://s6.kkphimplayer6.com/20250613/rnO6vhJU/index.m3u8');
	INSERT INTO episodes (movie_id, name, video_url)
	  VALUES (70, 'Tập 601', 'https://player.phimapi.com/player/?url=https://s6.kkphimplayer6.com/20250613/uimrghnz/index.m3u8');
	INSERT INTO episodes (movie_id, name, video_url)
	  VALUES (70, 'Tập 602', 'https://player.phimapi.com/player/?url=https://s6.kkphimplayer6.com/20250613/uoPNKeC3/index.m3u8');
	INSERT INTO episodes (movie_id, name, video_url)
	  VALUES (70, 'Tập 603', 'https://player.phimapi.com/player/?url=https://s6.kkphimplayer6.com/20250613/qbaanpAK/index.m3u8');
	INSERT INTO episodes (movie_id, name, video_url)
	  VALUES (70, 'Tập 604', 'https://player.phimapi.com/player/?url=https://s6.kkphimplayer6.com/20250613/R1pXqg4k/index.m3u8');
	INSERT INTO episodes (movie_id, name, video_url)
	  VALUES (70, 'Tập 605', 'https://player.phimapi.com/player/?url=https://s6.kkphimplayer6.com/20250613/ctyzqtDT/index.m3u8');
	INSERT INTO episodes (movie_id, name, video_url)
	  VALUES (70, 'Tập 606', 'https://player.phimapi.com/player/?url=https://s6.kkphimplayer6.com/20250613/OLuZDgpU/index.m3u8');
	INSERT INTO episodes (movie_id, name, video_url)
	  VALUES (70, 'Tập 607', 'https://player.phimapi.com/player/?url=https://s6.kkphimplayer6.com/20250613/xI2rBwT1/index.m3u8');
	INSERT INTO episodes (movie_id, name, video_url)
	  VALUES (70, 'Tập 608', 'https://player.phimapi.com/player/?url=https://s6.kkphimplayer6.com/20250613/7m4yTDMS/index.m3u8');
	INSERT INTO episodes (movie_id, name, video_url)
	  VALUES (70, 'Tập 609', 'https://player.phimapi.com/player/?url=https://s6.kkphimplayer6.com/20250613/bTvVfWIu/index.m3u8');
	INSERT INTO episodes (movie_id, name, video_url)
	  VALUES (70, 'Tập 610', 'https://player.phimapi.com/player/?url=https://s6.kkphimplayer6.com/20250613/2xq62LlY/index.m3u8');
	INSERT INTO episodes (movie_id, name, video_url)
	  VALUES (70, 'Tập 611', 'https://player.phimapi.com/player/?url=https://s6.kkphimplayer6.com/20250613/PmwVWvzL/index.m3u8');
	INSERT INTO episodes (movie_id, name, video_url)
	  VALUES (70, 'Tập 612', 'https://player.phimapi.com/player/?url=https://s6.kkphimplayer6.com/20250613/h1k1hE6s/index.m3u8');
	INSERT INTO episodes (movie_id, name, video_url)
	  VALUES (70, 'Tập 613', 'https://player.phimapi.com/player/?url=https://s6.kkphimplayer6.com/20250613/ejI3WPjL/index.m3u8');
	INSERT INTO episodes (movie_id, name, video_url)
	  VALUES (70, 'Tập 614', 'https://player.phimapi.com/player/?url=https://s6.kkphimplayer6.com/20250613/b0UCbguQ/index.m3u8');
	INSERT INTO episodes (movie_id, name, video_url)
	  VALUES (70, 'Tập 615', 'https://player.phimapi.com/player/?url=https://s6.kkphimplayer6.com/20250613/0NYjqJja/index.m3u8');
	INSERT INTO episodes (movie_id, name, video_url)
	  VALUES (70, 'Tập 616', 'https://player.phimapi.com/player/?url=https://s6.kkphimplayer6.com/20250613/DihnoZXE/index.m3u8');
	INSERT INTO episodes (movie_id, name, video_url)
	  VALUES (70, 'Tập 617', 'https://player.phimapi.com/player/?url=https://s6.kkphimplayer6.com/20250613/A6TGC3BG/index.m3u8');
	INSERT INTO episodes (movie_id, name, video_url)
	  VALUES (70, 'Tập 618', 'https://player.phimapi.com/player/?url=https://s6.kkphimplayer6.com/20250613/b407U2CA/index.m3u8');
	INSERT INTO episodes (movie_id, name, video_url)
	  VALUES (70, 'Tập 619', 'https://player.phimapi.com/player/?url=https://s6.kkphimplayer6.com/20250613/YTEClt8y/index.m3u8');
	INSERT INTO episodes (movie_id, name, video_url)
	  VALUES (70, 'Tập 620', 'https://player.phimapi.com/player/?url=https://s6.kkphimplayer6.com/20250613/CwbSvrz0/index.m3u8');
	INSERT INTO episodes (movie_id, name, video_url)
	  VALUES (70, 'Tập 621', 'https://player.phimapi.com/player/?url=https://s6.kkphimplayer6.com/20250613/MAcspHvs/index.m3u8');
	INSERT INTO episodes (movie_id, name, video_url)
	  VALUES (70, 'Tập 622', 'https://player.phimapi.com/player/?url=https://s6.kkphimplayer6.com/20250613/0IVeIGbB/index.m3u8');
	INSERT INTO episodes (movie_id, name, video_url)
	  VALUES (70, 'Tập 623', 'https://player.phimapi.com/player/?url=https://s6.kkphimplayer6.com/20250613/OjMGXcZu/index.m3u8');
	INSERT INTO episodes (movie_id, name, video_url)
	  VALUES (70, 'Tập 624', 'https://player.phimapi.com/player/?url=https://s6.kkphimplayer6.com/20250613/TVvSgjMj/index.m3u8');
	INSERT INTO episodes (movie_id, name, video_url)
	  VALUES (70, 'Tập 625', 'https://player.phimapi.com/player/?url=https://s6.kkphimplayer6.com/20250613/nasct4jZ/index.m3u8');
	INSERT INTO episodes (movie_id, name, video_url)
	  VALUES (70, 'Tập 626', 'https://player.phimapi.com/player/?url=https://s6.kkphimplayer6.com/20250613/JRC6xEvN/index.m3u8');
	INSERT INTO episodes (movie_id, name, video_url)
	  VALUES (70, 'Tập 627', 'https://player.phimapi.com/player/?url=https://s6.kkphimplayer6.com/20250613/Ox9VwoHI/index.m3u8');
	INSERT INTO episodes (movie_id, name, video_url)
	  VALUES (70, 'Tập 628', 'https://player.phimapi.com/player/?url=https://s6.kkphimplayer6.com/20250613/Qlzl4sxw/index.m3u8');
	INSERT INTO episodes (movie_id, name, video_url)
	  VALUES (70, 'Tập 629', 'https://player.phimapi.com/player/?url=https://s6.kkphimplayer6.com/20250613/BeMfoczV/index.m3u8');
	INSERT INTO episodes (movie_id, name, video_url)
	  VALUES (70, 'Tập 630', 'https://player.phimapi.com/player/?url=https://s6.kkphimplayer6.com/20250613/rxk1REly/index.m3u8');
	INSERT INTO episodes (movie_id, name, video_url)
	  VALUES (70, 'Tập 631', 'https://player.phimapi.com/player/?url=https://s6.kkphimplayer6.com/20250613/1Np6ms41/index.m3u8');
	INSERT INTO episodes (movie_id, name, video_url)
	  VALUES (70, 'Tập 632', 'https://player.phimapi.com/player/?url=https://s6.kkphimplayer6.com/20250613/kE0FQJg9/index.m3u8');
	INSERT INTO episodes (movie_id, name, video_url)
	  VALUES (70, 'Tập 633', 'https://player.phimapi.com/player/?url=https://s6.kkphimplayer6.com/20250613/PbzeV2pJ/index.m3u8');
	INSERT INTO episodes (movie_id, name, video_url)
	  VALUES (70, 'Tập 634', 'https://player.phimapi.com/player/?url=https://s6.kkphimplayer6.com/20250613/C3MbAeRe/index.m3u8');
	INSERT INTO episodes (movie_id, name, video_url)
	  VALUES (70, 'Tập 635', 'https://player.phimapi.com/player/?url=https://s6.kkphimplayer6.com/20250613/z9WYzm9B/index.m3u8');
	INSERT INTO episodes (movie_id, name, video_url)
	  VALUES (70, 'Tập 636', 'https://player.phimapi.com/player/?url=https://s6.kkphimplayer6.com/20250613/TBAwN2wF/index.m3u8');
	INSERT INTO episodes (movie_id, name, video_url)
	  VALUES (70, 'Tập 637', 'https://player.phimapi.com/player/?url=https://s6.kkphimplayer6.com/20250613/orJj9qqZ/index.m3u8');
	INSERT INTO episodes (movie_id, name, video_url)
	  VALUES (70, 'Tập 638', 'https://player.phimapi.com/player/?url=https://s6.kkphimplayer6.com/20250613/DR4egJ7H/index.m3u8');
	INSERT INTO episodes (movie_id, name, video_url)
	  VALUES (70, 'Tập 639', 'https://player.phimapi.com/player/?url=https://s6.kkphimplayer6.com/20250613/bb3fS9q9/index.m3u8');
	INSERT INTO episodes (movie_id, name, video_url)
	  VALUES (70, 'Tập 640', 'https://player.phimapi.com/player/?url=https://s6.kkphimplayer6.com/20250613/SDwS0kvC/index.m3u8');
	INSERT INTO episodes (movie_id, name, video_url)
	  VALUES (70, 'Tập 641', 'https://player.phimapi.com/player/?url=https://s6.kkphimplayer6.com/20250613/eezkX24k/index.m3u8');
	INSERT INTO episodes (movie_id, name, video_url)
	  VALUES (70, 'Tập 642', 'https://player.phimapi.com/player/?url=https://s6.kkphimplayer6.com/20250613/7YOgk4Kv/index.m3u8');
	INSERT INTO episodes (movie_id, name, video_url)
	  VALUES (70, 'Tập 643', 'https://player.phimapi.com/player/?url=https://s6.kkphimplayer6.com/20250613/oroGE4X0/index.m3u8');
	INSERT INTO episodes (movie_id, name, video_url)
	  VALUES (70, 'Tập 644', 'https://player.phimapi.com/player/?url=https://s6.kkphimplayer6.com/20250613/0XK51XBw/index.m3u8');
	INSERT INTO episodes (movie_id, name, video_url)
	  VALUES (70, 'Tập 645', 'https://player.phimapi.com/player/?url=https://s6.kkphimplayer6.com/20250613/mPqbW2Pr/index.m3u8');
	INSERT INTO episodes (movie_id, name, video_url)
	  VALUES (70, 'Tập 646', 'https://player.phimapi.com/player/?url=https://s6.kkphimplayer6.com/20250613/uJf6DzGV/index.m3u8');
	INSERT INTO episodes (movie_id, name, video_url)
	  VALUES (70, 'Tập 647', 'https://player.phimapi.com/player/?url=https://s6.kkphimplayer6.com/20250613/H03s8LM5/index.m3u8');
	INSERT INTO episodes (movie_id, name, video_url)
	  VALUES (70, 'Tập 648', 'https://player.phimapi.com/player/?url=https://s6.kkphimplayer6.com/20250613/0inbwKpd/index.m3u8');
	INSERT INTO episodes (movie_id, name, video_url)
	  VALUES (70, 'Tập 649', 'https://player.phimapi.com/player/?url=https://s6.kkphimplayer6.com/20250613/YGiOaJiL/index.m3u8');
	INSERT INTO episodes (movie_id, name, video_url)
	  VALUES (70, 'Tập 650', 'https://player.phimapi.com/player/?url=https://s6.kkphimplayer6.com/20250613/QXjHC091/index.m3u8');
	INSERT INTO episodes (movie_id, name, video_url)
	  VALUES (70, 'Tập 651', 'https://player.phimapi.com/player/?url=https://s6.kkphimplayer6.com/20250613/99LIfYIZ/index.m3u8');
	INSERT INTO episodes (movie_id, name, video_url)
	  VALUES (70, 'Tập 652', 'https://player.phimapi.com/player/?url=https://s6.kkphimplayer6.com/20250613/0zmrL41e/index.m3u8');
	INSERT INTO episodes (movie_id, name, video_url)
	  VALUES (70, 'Tập 653', 'https://player.phimapi.com/player/?url=https://s6.kkphimplayer6.com/20250613/a8cT3KX7/index.m3u8');
	INSERT INTO episodes (movie_id, name, video_url)
	  VALUES (70, 'Tập 654', 'https://player.phimapi.com/player/?url=https://s6.kkphimplayer6.com/20250613/3JVeLg1H/index.m3u8');
	INSERT INTO episodes (movie_id, name, video_url)
	  VALUES (70, 'Tập 655', 'https://player.phimapi.com/player/?url=https://s6.kkphimplayer6.com/20250613/27chKCd4/index.m3u8');
	INSERT INTO episodes (movie_id, name, video_url)
	  VALUES (70, 'Tập 656', 'https://player.phimapi.com/player/?url=https://s6.kkphimplayer6.com/20250613/1GpCq9UD/index.m3u8');
	INSERT INTO episodes (movie_id, name, video_url)
	  VALUES (70, 'Tập 657', 'https://player.phimapi.com/player/?url=https://s6.kkphimplayer6.com/20250613/kYveJOIe/index.m3u8');
	INSERT INTO episodes (movie_id, name, video_url)
	  VALUES (70, 'Tập 658', 'https://player.phimapi.com/player/?url=https://s6.kkphimplayer6.com/20250613/gAtQqMr7/index.m3u8');
	INSERT INTO episodes (movie_id, name, video_url)
	  VALUES (70, 'Tập 659', 'https://player.phimapi.com/player/?url=https://s6.kkphimplayer6.com/20250613/fSZzKZLl/index.m3u8');
	INSERT INTO episodes (movie_id, name, video_url)
	  VALUES (70, 'Tập 660', 'https://player.phimapi.com/player/?url=https://s6.kkphimplayer6.com/20250613/IvJMem2o/index.m3u8');
	INSERT INTO episodes (movie_id, name, video_url)
	  VALUES (70, 'Tập 661', 'https://player.phimapi.com/player/?url=https://s6.kkphimplayer6.com/20250613/xZECG9XD/index.m3u8');
	INSERT INTO episodes (movie_id, name, video_url)
	  VALUES (70, 'Tập 662', 'https://player.phimapi.com/player/?url=https://s6.kkphimplayer6.com/20250613/kSH3HDW9/index.m3u8');
	INSERT INTO episodes (movie_id, name, video_url)
	  VALUES (70, 'Tập 663', 'https://player.phimapi.com/player/?url=https://s6.kkphimplayer6.com/20250613/ebAzw1vF/index.m3u8');
	INSERT INTO episodes (movie_id, name, video_url)
	  VALUES (70, 'Tập 664', 'https://player.phimapi.com/player/?url=https://s6.kkphimplayer6.com/20250613/Emmv3xjb/index.m3u8');
	INSERT INTO episodes (movie_id, name, video_url)
	  VALUES (70, 'Tập 665', 'https://player.phimapi.com/player/?url=https://s6.kkphimplayer6.com/20250613/MTB0X6X1/index.m3u8');
	INSERT INTO episodes (movie_id, name, video_url)
	  VALUES (70, 'Tập 666', 'https://player.phimapi.com/player/?url=https://s6.kkphimplayer6.com/20250613/XizMmYxA/index.m3u8');
	INSERT INTO episodes (movie_id, name, video_url)
	  VALUES (70, 'Tập 667', 'https://player.phimapi.com/player/?url=https://s6.kkphimplayer6.com/20250613/eaE5V8wY/index.m3u8');
	INSERT INTO episodes (movie_id, name, video_url)
	  VALUES (70, 'Tập 668', 'https://player.phimapi.com/player/?url=https://s6.kkphimplayer6.com/20250613/djmmBVxc/index.m3u8');
	INSERT INTO episodes (movie_id, name, video_url)
	  VALUES (70, 'Tập 669', 'https://player.phimapi.com/player/?url=https://s6.kkphimplayer6.com/20250613/rkn8rsCc/index.m3u8');
	INSERT INTO episodes (movie_id, name, video_url)
	  VALUES (70, 'Tập 670', 'https://player.phimapi.com/player/?url=https://s6.kkphimplayer6.com/20250613/T2A8QCDT/index.m3u8');
	INSERT INTO episodes (movie_id, name, video_url)
	  VALUES (70, 'Tập 671', 'https://player.phimapi.com/player/?url=https://s6.kkphimplayer6.com/20250613/8IY5LLeh/index.m3u8');
	INSERT INTO episodes (movie_id, name, video_url)
	  VALUES (70, 'Tập 672', 'https://player.phimapi.com/player/?url=https://s6.kkphimplayer6.com/20250613/q88epprm/index.m3u8');
	INSERT INTO episodes (movie_id, name, video_url)
	  VALUES (70, 'Tập 673', 'https://player.phimapi.com/player/?url=https://s6.kkphimplayer6.com/20250613/Yum9pU1j/index.m3u8');
	INSERT INTO episodes (movie_id, name, video_url)
	  VALUES (70, 'Tập 674', 'https://player.phimapi.com/player/?url=https://s6.kkphimplayer6.com/20250613/kSFaXyoi/index.m3u8');
	INSERT INTO episodes (movie_id, name, video_url)
	  VALUES (70, 'Tập 675', 'https://player.phimapi.com/player/?url=https://s6.kkphimplayer6.com/20250613/OL6oLO31/index.m3u8');
	INSERT INTO episodes (movie_id, name, video_url)
	  VALUES (70, 'Tập 676', 'https://player.phimapi.com/player/?url=https://s6.kkphimplayer6.com/20250613/PUaxyo8y/index.m3u8');
	INSERT INTO episodes (movie_id, name, video_url)
	  VALUES (70, 'Tập 677', 'https://player.phimapi.com/player/?url=https://s6.kkphimplayer6.com/20250613/B6kXhIPR/index.m3u8');
	INSERT INTO episodes (movie_id, name, video_url)
	  VALUES (70, 'Tập 678', 'https://player.phimapi.com/player/?url=https://s6.kkphimplayer6.com/20250613/t1DSrPV1/index.m3u8');
	INSERT INTO episodes (movie_id, name, video_url)
	  VALUES (70, 'Tập 679', 'https://player.phimapi.com/player/?url=https://s6.kkphimplayer6.com/20250613/GssLVV6M/index.m3u8');
	INSERT INTO episodes (movie_id, name, video_url)
	  VALUES (70, 'Tập 680', 'https://player.phimapi.com/player/?url=https://s6.kkphimplayer6.com/20250613/1tqmVIqJ/index.m3u8');
	INSERT INTO episodes (movie_id, name, video_url)
	  VALUES (70, 'Tập 681', 'https://player.phimapi.com/player/?url=https://s6.kkphimplayer6.com/20250613/pBi0ltfI/index.m3u8');
	INSERT INTO episodes (movie_id, name, video_url)
	  VALUES (70, 'Tập 682', 'https://player.phimapi.com/player/?url=https://s6.kkphimplayer6.com/20250613/fCoyFgoa/index.m3u8');
	INSERT INTO episodes (movie_id, name, video_url)
	  VALUES (70, 'Tập 683', 'https://player.phimapi.com/player/?url=https://s6.kkphimplayer6.com/20250613/JuSnW9iU/index.m3u8');
	INSERT INTO episodes (movie_id, name, video_url)
	  VALUES (70, 'Tập 684', 'https://player.phimapi.com/player/?url=https://s6.kkphimplayer6.com/20250613/GyOu0Feu/index.m3u8');
	INSERT INTO episodes (movie_id, name, video_url)
	  VALUES (70, 'Tập 685', 'https://player.phimapi.com/player/?url=https://s6.kkphimplayer6.com/20250613/RutYR1LZ/index.m3u8');
	INSERT INTO episodes (movie_id, name, video_url)
	  VALUES (70, 'Tập 686', 'https://player.phimapi.com/player/?url=https://s6.kkphimplayer6.com/20250613/QecpwB7R/index.m3u8');
	INSERT INTO episodes (movie_id, name, video_url)
	  VALUES (70, 'Tập 687', 'https://player.phimapi.com/player/?url=https://s6.kkphimplayer6.com/20250613/IEhLYuE7/index.m3u8');
	INSERT INTO episodes (movie_id, name, video_url)
	  VALUES (70, 'Tập 688', 'https://player.phimapi.com/player/?url=https://s6.kkphimplayer6.com/20250613/PUhixxF4/index.m3u8');
	INSERT INTO episodes (movie_id, name, video_url)
	  VALUES (70, 'Tập 689', 'https://player.phimapi.com/player/?url=https://s6.kkphimplayer6.com/20250613/VfmxAQPi/index.m3u8');
	INSERT INTO episodes (movie_id, name, video_url)
	  VALUES (70, 'Tập 690', 'https://player.phimapi.com/player/?url=https://s6.kkphimplayer6.com/20250613/akZRKVpK/index.m3u8');
	INSERT INTO episodes (movie_id, name, video_url)
	  VALUES (70, 'Tập 691', 'https://player.phimapi.com/player/?url=https://s6.kkphimplayer6.com/20250613/MTegfTAh/index.m3u8');
	INSERT INTO episodes (movie_id, name, video_url)
	  VALUES (70, 'Tập 692', 'https://player.phimapi.com/player/?url=https://s6.kkphimplayer6.com/20250613/7mqT8me9/index.m3u8');
	INSERT INTO episodes (movie_id, name, video_url)
	  VALUES (70, 'Tập 693', 'https://player.phimapi.com/player/?url=https://s6.kkphimplayer6.com/20250613/0ool3sOK/index.m3u8');
	INSERT INTO episodes (movie_id, name, video_url)
	  VALUES (70, 'Tập 694', 'https://player.phimapi.com/player/?url=https://s6.kkphimplayer6.com/20250613/sgnVu0TO/index.m3u8');
	INSERT INTO episodes (movie_id, name, video_url)
	  VALUES (70, 'Tập 695', 'https://player.phimapi.com/player/?url=https://s6.kkphimplayer6.com/20250613/DqTm2zPt/index.m3u8');
	INSERT INTO episodes (movie_id, name, video_url)
	  VALUES (70, 'Tập 696', 'https://player.phimapi.com/player/?url=https://s6.kkphimplayer6.com/20250613/qG6QrETn/index.m3u8');
	INSERT INTO episodes (movie_id, name, video_url)
	  VALUES (70, 'Tập 697', 'https://player.phimapi.com/player/?url=https://s6.kkphimplayer6.com/20250613/cA7OLYN3/index.m3u8');
	INSERT INTO episodes (movie_id, name, video_url)
	  VALUES (70, 'Tập 698', 'https://player.phimapi.com/player/?url=https://s6.kkphimplayer6.com/20250613/h4Qs69E3/index.m3u8');
	INSERT INTO episodes (movie_id, name, video_url)
	  VALUES (70, 'Tập 699', 'https://player.phimapi.com/player/?url=https://s6.kkphimplayer6.com/20250613/4nnlRx9Y/index.m3u8');
	INSERT INTO episodes (movie_id, name, video_url)
	  VALUES (70, 'Tập 700', 'https://player.phimapi.com/player/?url=https://s6.kkphimplayer6.com/20250613/e63UB2qW/index.m3u8');
	INSERT INTO episodes (movie_id, name, video_url)
	  VALUES (70, 'Tập 701', 'https://player.phimapi.com/player/?url=https://s6.kkphimplayer6.com/20250613/5Vrsu2WP/index.m3u8');
	INSERT INTO episodes (movie_id, name, video_url)
	  VALUES (70, 'Tập 702', 'https://player.phimapi.com/player/?url=https://s6.kkphimplayer6.com/20250613/wuAXAKGs/index.m3u8');
	INSERT INTO episodes (movie_id, name, video_url)
	  VALUES (70, 'Tập 703', 'https://player.phimapi.com/player/?url=https://s6.kkphimplayer6.com/20250613/m8F0HGRO/index.m3u8');
	INSERT INTO episodes (movie_id, name, video_url)
	  VALUES (70, 'Tập 704', 'https://player.phimapi.com/player/?url=https://s6.kkphimplayer6.com/20250613/dzAmBkwS/index.m3u8');
	INSERT INTO episodes (movie_id, name, video_url)
	  VALUES (70, 'Tập 705', 'https://player.phimapi.com/player/?url=https://s6.kkphimplayer6.com/20250613/dqeVkDv1/index.m3u8');
	INSERT INTO episodes (movie_id, name, video_url)
	  VALUES (70, 'Tập 706', 'https://player.phimapi.com/player/?url=https://s6.kkphimplayer6.com/20250613/47ixhQdI/index.m3u8');
	INSERT INTO episodes (movie_id, name, video_url)
	  VALUES (70, 'Tập 707', 'https://player.phimapi.com/player/?url=https://s6.kkphimplayer6.com/20250613/sopXy14C/index.m3u8');
	INSERT INTO episodes (movie_id, name, video_url)
	  VALUES (70, 'Tập 708', 'https://player.phimapi.com/player/?url=https://s6.kkphimplayer6.com/20250613/SFV3Q2qu/index.m3u8');
	INSERT INTO episodes (movie_id, name, video_url)
	  VALUES (70, 'Tập 709', 'https://player.phimapi.com/player/?url=https://s6.kkphimplayer6.com/20250613/x7icAzwD/index.m3u8');
	INSERT INTO episodes (movie_id, name, video_url)
	  VALUES (70, 'Tập 710', 'https://player.phimapi.com/player/?url=https://s6.kkphimplayer6.com/20250613/mXjnQ9GU/index.m3u8');
	INSERT INTO episodes (movie_id, name, video_url)
	  VALUES (70, 'Tập 711', 'https://player.phimapi.com/player/?url=https://s6.kkphimplayer6.com/20250613/20HX9bYX/index.m3u8');
	INSERT INTO episodes (movie_id, name, video_url)
	  VALUES (70, 'Tập 712', 'https://player.phimapi.com/player/?url=https://s6.kkphimplayer6.com/20250613/joQxH4fy/index.m3u8');
	INSERT INTO episodes (movie_id, name, video_url)
	  VALUES (70, 'Tập 713', 'https://player.phimapi.com/player/?url=https://s6.kkphimplayer6.com/20250613/0DkdOMN7/index.m3u8');
	INSERT INTO episodes (movie_id, name, video_url)
	  VALUES (70, 'Tập 714', 'https://player.phimapi.com/player/?url=https://s6.kkphimplayer6.com/20250613/qrLqjvgw/index.m3u8');
	INSERT INTO episodes (movie_id, name, video_url)
	  VALUES (70, 'Tập 715', 'https://player.phimapi.com/player/?url=https://s6.kkphimplayer6.com/20250613/Ka6v79ND/index.m3u8');
	INSERT INTO episodes (movie_id, name, video_url)
	  VALUES (70, 'Tập 716', 'https://player.phimapi.com/player/?url=https://s6.kkphimplayer6.com/20250613/4oIcQGkK/index.m3u8');
	INSERT INTO episodes (movie_id, name, video_url)
	  VALUES (70, 'Tập 717', 'https://player.phimapi.com/player/?url=https://s6.kkphimplayer6.com/20250613/IBV64n9N/index.m3u8');
	INSERT INTO episodes (movie_id, name, video_url)
	  VALUES (70, 'Tập 718', 'https://player.phimapi.com/player/?url=https://s6.kkphimplayer6.com/20250613/LpvrI2wJ/index.m3u8');
	INSERT INTO episodes (movie_id, name, video_url)
	  VALUES (70, 'Tập 719', 'https://player.phimapi.com/player/?url=https://s6.kkphimplayer6.com/20250613/WJUe4vvc/index.m3u8');
	INSERT INTO episodes (movie_id, name, video_url)
	  VALUES (70, 'Tập 720', 'https://player.phimapi.com/player/?url=https://s6.kkphimplayer6.com/20250613/4qH4r5ol/index.m3u8');
	INSERT INTO episodes (movie_id, name, video_url)
	  VALUES (70, 'Tập 721', 'https://player.phimapi.com/player/?url=https://s6.kkphimplayer6.com/20250613/zHztwxP6/index.m3u8');
	INSERT INTO episodes (movie_id, name, video_url)
	  VALUES (70, 'Tập 722', 'https://player.phimapi.com/player/?url=https://s6.kkphimplayer6.com/20250613/ERDfkS2o/index.m3u8');
	INSERT INTO episodes (movie_id, name, video_url)
	  VALUES (70, 'Tập 723', 'https://player.phimapi.com/player/?url=https://s6.kkphimplayer6.com/20250613/XPgXhUtL/index.m3u8');
	INSERT INTO episodes (movie_id, name, video_url)
	  VALUES (70, 'Tập 724', 'https://player.phimapi.com/player/?url=https://s6.kkphimplayer6.com/20250613/ioBAxY8y/index.m3u8');
	INSERT INTO episodes (movie_id, name, video_url)
	  VALUES (70, 'Tập 725', 'https://player.phimapi.com/player/?url=https://s6.kkphimplayer6.com/20250613/8XoNvhUi/index.m3u8');
	INSERT INTO episodes (movie_id, name, video_url)
	  VALUES (70, 'Tập 726', 'https://player.phimapi.com/player/?url=https://s6.kkphimplayer6.com/20250613/lZ0NK0N4/index.m3u8');
	INSERT INTO episodes (movie_id, name, video_url)
	  VALUES (70, 'Tập 727', 'https://player.phimapi.com/player/?url=https://s6.kkphimplayer6.com/20250613/BvAkvKqR/index.m3u8');
	INSERT INTO episodes (movie_id, name, video_url)
	  VALUES (70, 'Tập 728', 'https://player.phimapi.com/player/?url=https://s6.kkphimplayer6.com/20250613/lG9uBCH2/index.m3u8');
	INSERT INTO episodes (movie_id, name, video_url)
	  VALUES (70, 'Tập 729', 'https://player.phimapi.com/player/?url=https://s6.kkphimplayer6.com/20250613/Fs5UdCck/index.m3u8');
	INSERT INTO episodes (movie_id, name, video_url)
	  VALUES (70, 'Tập 730', 'https://player.phimapi.com/player/?url=https://s6.kkphimplayer6.com/20250613/yy6cMeuH/index.m3u8');
	INSERT INTO episodes (movie_id, name, video_url)
	  VALUES (70, 'Tập 731', 'https://player.phimapi.com/player/?url=https://s6.kkphimplayer6.com/20250613/34YwxPGe/index.m3u8');
	INSERT INTO episodes (movie_id, name, video_url)
	  VALUES (70, 'Tập 732', 'https://player.phimapi.com/player/?url=https://s6.kkphimplayer6.com/20250613/AlTQQp7o/index.m3u8');
	INSERT INTO episodes (movie_id, name, video_url)
	  VALUES (70, 'Tập 733', 'https://player.phimapi.com/player/?url=https://s6.kkphimplayer6.com/20250613/h00wXWOH/index.m3u8');
	INSERT INTO episodes (movie_id, name, video_url)
	  VALUES (70, 'Tập 734', 'https://player.phimapi.com/player/?url=https://s6.kkphimplayer6.com/20250613/kc2KaEo0/index.m3u8');
	INSERT INTO episodes (movie_id, name, video_url)
	  VALUES (70, 'Tập 735', 'https://player.phimapi.com/player/?url=https://s6.kkphimplayer6.com/20250613/G4Kgvjbq/index.m3u8');
	INSERT INTO episodes (movie_id, name, video_url)
	  VALUES (70, 'Tập 736', 'https://player.phimapi.com/player/?url=https://s6.kkphimplayer6.com/20250613/fgSKQHFb/index.m3u8');
	INSERT INTO episodes (movie_id, name, video_url)
	  VALUES (70, 'Tập 737', 'https://player.phimapi.com/player/?url=https://s6.kkphimplayer6.com/20250613/FurkALZu/index.m3u8');
	INSERT INTO episodes (movie_id, name, video_url)
	  VALUES (70, 'Tập 738', 'https://player.phimapi.com/player/?url=https://s6.kkphimplayer6.com/20250613/bUjcYw4i/index.m3u8');
	INSERT INTO episodes (movie_id, name, video_url)
	  VALUES (70, 'Tập 739', 'https://player.phimapi.com/player/?url=https://s6.kkphimplayer6.com/20250613/trbpW2c9/index.m3u8');
	INSERT INTO episodes (movie_id, name, video_url)
	  VALUES (70, 'Tập 740', 'https://player.phimapi.com/player/?url=https://s6.kkphimplayer6.com/20250613/2nKqFKwv/index.m3u8');
	INSERT INTO episodes (movie_id, name, video_url)
	  VALUES (70, 'Tập 741', 'https://player.phimapi.com/player/?url=https://s6.kkphimplayer6.com/20250613/6K3WVSxI/index.m3u8');
	INSERT INTO episodes (movie_id, name, video_url)
	  VALUES (70, 'Tập 742', 'https://player.phimapi.com/player/?url=https://s6.kkphimplayer6.com/20250613/dFPgtEIP/index.m3u8');
	INSERT INTO episodes (movie_id, name, video_url)
	  VALUES (70, 'Tập 743', 'https://player.phimapi.com/player/?url=https://s6.kkphimplayer6.com/20250613/BrMgpJYj/index.m3u8');
	INSERT INTO episodes (movie_id, name, video_url)
	  VALUES (70, 'Tập 744', 'https://player.phimapi.com/player/?url=https://s6.kkphimplayer6.com/20250613/umfnzvI1/index.m3u8');
	INSERT INTO episodes (movie_id, name, video_url)
	  VALUES (70, 'Tập 745', 'https://player.phimapi.com/player/?url=https://s6.kkphimplayer6.com/20250613/70XG9pGS/index.m3u8');
	INSERT INTO episodes (movie_id, name, video_url)
	  VALUES (70, 'Tập 746', 'https://player.phimapi.com/player/?url=https://s6.kkphimplayer6.com/20250613/lzReKw8F/index.m3u8');
	INSERT INTO episodes (movie_id, name, video_url)
	  VALUES (70, 'Tập 747', 'https://player.phimapi.com/player/?url=https://s6.kkphimplayer6.com/20250613/RiL7TNcd/index.m3u8');
	INSERT INTO episodes (movie_id, name, video_url)
	  VALUES (70, 'Tập 748', 'https://player.phimapi.com/player/?url=https://s6.kkphimplayer6.com/20250613/2sE3hIYm/index.m3u8');
	INSERT INTO episodes (movie_id, name, video_url)
	  VALUES (70, 'Tập 749', 'https://player.phimapi.com/player/?url=https://s6.kkphimplayer6.com/20250613/Frb4mEPD/index.m3u8');
	INSERT INTO episodes (movie_id, name, video_url)
	  VALUES (70, 'Tập 750', 'https://player.phimapi.com/player/?url=https://s6.kkphimplayer6.com/20250613/P8AeE6xY/index.m3u8');
	INSERT INTO episodes (movie_id, name, video_url)
	  VALUES (70, 'Tập 751', 'https://player.phimapi.com/player/?url=https://s6.kkphimplayer6.com/20250613/pGM8ugCI/index.m3u8');
	INSERT INTO episodes (movie_id, name, video_url)
	  VALUES (70, 'Tập 752', 'https://player.phimapi.com/player/?url=https://s6.kkphimplayer6.com/20250613/HpkPPDjR/index.m3u8');
	INSERT INTO episodes (movie_id, name, video_url)
	  VALUES (70, 'Tập 753', 'https://player.phimapi.com/player/?url=https://s6.kkphimplayer6.com/20250613/vi7mQ8ko/index.m3u8');
	INSERT INTO episodes (movie_id, name, video_url)
	  VALUES (70, 'Tập 754', 'https://player.phimapi.com/player/?url=https://s6.kkphimplayer6.com/20250613/HKogCdFn/index.m3u8');
	INSERT INTO episodes (movie_id, name, video_url)
	  VALUES (70, 'Tập 755', 'https://player.phimapi.com/player/?url=https://s6.kkphimplayer6.com/20250613/VAu13eQA/index.m3u8');
	INSERT INTO episodes (movie_id, name, video_url)
	  VALUES (70, 'Tập 756', 'https://player.phimapi.com/player/?url=https://s6.kkphimplayer6.com/20250613/N4Gw8baR/index.m3u8');
	INSERT INTO episodes (movie_id, name, video_url)
	  VALUES (70, 'Tập 757', 'https://player.phimapi.com/player/?url=https://s6.kkphimplayer6.com/20250613/ftKqsfZh/index.m3u8');
	INSERT INTO episodes (movie_id, name, video_url)
	  VALUES (70, 'Tập 758', 'https://player.phimapi.com/player/?url=https://s6.kkphimplayer6.com/20250613/EK7bBPBI/index.m3u8');
	INSERT INTO episodes (movie_id, name, video_url)
	  VALUES (70, 'Tập 759', 'https://player.phimapi.com/player/?url=https://s6.kkphimplayer6.com/20250613/T07OuqIo/index.m3u8');
	INSERT INTO episodes (movie_id, name, video_url)
	  VALUES (70, 'Tập 760', 'https://player.phimapi.com/player/?url=https://s6.kkphimplayer6.com/20250613/H3coiOfi/index.m3u8');
	INSERT INTO episodes (movie_id, name, video_url)
	  VALUES (70, 'Tập 761', 'https://player.phimapi.com/player/?url=https://s6.kkphimplayer6.com/20250613/nE6GauKQ/index.m3u8');
	INSERT INTO episodes (movie_id, name, video_url)
	  VALUES (70, 'Tập 762', 'https://player.phimapi.com/player/?url=https://s6.kkphimplayer6.com/20250613/icMNFpcL/index.m3u8');
	INSERT INTO episodes (movie_id, name, video_url)
	  VALUES (70, 'Tập 763', 'https://player.phimapi.com/player/?url=https://s6.kkphimplayer6.com/20250613/pIXZgvw0/index.m3u8');
	INSERT INTO episodes (movie_id, name, video_url)
	  VALUES (70, 'Tập 764', 'https://player.phimapi.com/player/?url=https://s6.kkphimplayer6.com/20250613/81W0YlLW/index.m3u8');
	INSERT INTO episodes (movie_id, name, video_url)
	  VALUES (70, 'Tập 765', 'https://player.phimapi.com/player/?url=https://s6.kkphimplayer6.com/20250613/oxSVmoxT/index.m3u8');
	INSERT INTO episodes (movie_id, name, video_url)
	  VALUES (70, 'Tập 766', 'https://player.phimapi.com/player/?url=https://s6.kkphimplayer6.com/20250613/akoMvQZp/index.m3u8');
	INSERT INTO episodes (movie_id, name, video_url)
	  VALUES (70, 'Tập 767', 'https://player.phimapi.com/player/?url=https://s6.kkphimplayer6.com/20250613/CVdmGfVk/index.m3u8');
	INSERT INTO episodes (movie_id, name, video_url)
	  VALUES (70, 'Tập 768', 'https://player.phimapi.com/player/?url=https://s6.kkphimplayer6.com/20250613/OeGD4XQ1/index.m3u8');
	INSERT INTO episodes (movie_id, name, video_url)
	  VALUES (70, 'Tập 769', 'https://player.phimapi.com/player/?url=https://s6.kkphimplayer6.com/20250613/JrCtBd8Y/index.m3u8');
	INSERT INTO episodes (movie_id, name, video_url)
	  VALUES (70, 'Tập 770', 'https://player.phimapi.com/player/?url=https://s6.kkphimplayer6.com/20250613/2AJADoVG/index.m3u8');
	INSERT INTO episodes (movie_id, name, video_url)
	  VALUES (70, 'Tập 771', 'https://player.phimapi.com/player/?url=https://s6.kkphimplayer6.com/20250613/2In0rWxq/index.m3u8');
	INSERT INTO episodes (movie_id, name, video_url)
	  VALUES (70, 'Tập 772', 'https://player.phimapi.com/player/?url=https://s6.kkphimplayer6.com/20250613/KDXCVCgo/index.m3u8');
	INSERT INTO episodes (movie_id, name, video_url)
	  VALUES (70, 'Tập 773', 'https://player.phimapi.com/player/?url=https://s6.kkphimplayer6.com/20250613/tlU2MOwI/index.m3u8');
	INSERT INTO episodes (movie_id, name, video_url)
	  VALUES (70, 'Tập 774', 'https://player.phimapi.com/player/?url=https://s6.kkphimplayer6.com/20250613/0lf786J7/index.m3u8');
	INSERT INTO episodes (movie_id, name, video_url)
	  VALUES (70, 'Tập 775', 'https://player.phimapi.com/player/?url=https://s6.kkphimplayer6.com/20250613/sE07MpGl/index.m3u8');
	INSERT INTO episodes (movie_id, name, video_url)
	  VALUES (70, 'Tập 776', 'https://player.phimapi.com/player/?url=https://s6.kkphimplayer6.com/20250613/qFIWBtcB/index.m3u8');
	INSERT INTO episodes (movie_id, name, video_url)
	  VALUES (70, 'Tập 777', 'https://player.phimapi.com/player/?url=https://s6.kkphimplayer6.com/20250613/av9aoaSn/index.m3u8');
	INSERT INTO episodes (movie_id, name, video_url)
	  VALUES (70, 'Tập 778', 'https://player.phimapi.com/player/?url=https://s6.kkphimplayer6.com/20250613/kWlUY7Om/index.m3u8');
	INSERT INTO episodes (movie_id, name, video_url)
	  VALUES (70, 'Tập 779', 'https://player.phimapi.com/player/?url=https://s6.kkphimplayer6.com/20250613/76e1EdaR/index.m3u8');
	INSERT INTO episodes (movie_id, name, video_url)
	  VALUES (70, 'Tập 780', 'https://player.phimapi.com/player/?url=https://s6.kkphimplayer6.com/20250613/8DdrzfnB/index.m3u8');
	INSERT INTO episodes (movie_id, name, video_url)
	  VALUES (70, 'Tập 781', 'https://player.phimapi.com/player/?url=https://s6.kkphimplayer6.com/20250613/a3qtpkTk/index.m3u8');
	INSERT INTO episodes (movie_id, name, video_url)
	  VALUES (70, 'Tập 782', 'https://player.phimapi.com/player/?url=https://s6.kkphimplayer6.com/20250613/MvRKRRDn/index.m3u8');
	INSERT INTO episodes (movie_id, name, video_url)
	  VALUES (70, 'Tập 783', 'https://player.phimapi.com/player/?url=https://s6.kkphimplayer6.com/20250613/lLWoWiG7/index.m3u8');
	INSERT INTO episodes (movie_id, name, video_url)
	  VALUES (70, 'Tập 784', 'https://player.phimapi.com/player/?url=https://s6.kkphimplayer6.com/20250613/ipZQUe33/index.m3u8');
	INSERT INTO episodes (movie_id, name, video_url)
	  VALUES (70, 'Tập 785', 'https://player.phimapi.com/player/?url=https://s6.kkphimplayer6.com/20250613/pvGhEMQQ/index.m3u8');
	INSERT INTO episodes (movie_id, name, video_url)
	  VALUES (70, 'Tập 786', 'https://player.phimapi.com/player/?url=https://s6.kkphimplayer6.com/20250613/5je4bsk1/index.m3u8');
	INSERT INTO episodes (movie_id, name, video_url)
	  VALUES (70, 'Tập 787', 'https://player.phimapi.com/player/?url=https://s6.kkphimplayer6.com/20250613/kPtIg77m/index.m3u8');
	INSERT INTO episodes (movie_id, name, video_url)
	  VALUES (70, 'Tập 788', 'https://player.phimapi.com/player/?url=https://s6.kkphimplayer6.com/20250613/1JT2sFGK/index.m3u8');
	INSERT INTO episodes (movie_id, name, video_url)
	  VALUES (70, 'Tập 789', 'https://player.phimapi.com/player/?url=https://s6.kkphimplayer6.com/20250613/8eNABFOy/index.m3u8');
	INSERT INTO episodes (movie_id, name, video_url)
	  VALUES (70, 'Tập 790', 'https://player.phimapi.com/player/?url=https://s6.kkphimplayer6.com/20250613/v7Ei2MsJ/index.m3u8');
	INSERT INTO episodes (movie_id, name, video_url)
	  VALUES (70, 'Tập 791', 'https://player.phimapi.com/player/?url=https://s6.kkphimplayer6.com/20250613/A7eainQ2/index.m3u8');
	INSERT INTO episodes (movie_id, name, video_url)
	  VALUES (70, 'Tập 792', 'https://player.phimapi.com/player/?url=https://s6.kkphimplayer6.com/20250613/h3S6CQ9u/index.m3u8');
	INSERT INTO episodes (movie_id, name, video_url)
	  VALUES (70, 'Tập 793', 'https://player.phimapi.com/player/?url=https://s6.kkphimplayer6.com/20250613/xY0BDjkx/index.m3u8');
	INSERT INTO episodes (movie_id, name, video_url)
	  VALUES (70, 'Tập 794', 'https://player.phimapi.com/player/?url=https://s6.kkphimplayer6.com/20250613/hXECixm3/index.m3u8');
	INSERT INTO episodes (movie_id, name, video_url)
	  VALUES (70, 'Tập 795', 'https://player.phimapi.com/player/?url=https://s6.kkphimplayer6.com/20250613/zeAt2i9W/index.m3u8');
	INSERT INTO episodes (movie_id, name, video_url)
	  VALUES (70, 'Tập 796', 'https://player.phimapi.com/player/?url=https://s6.kkphimplayer6.com/20250613/byLxEpce/index.m3u8');
	INSERT INTO episodes (movie_id, name, video_url)
	  VALUES (70, 'Tập 797', 'https://player.phimapi.com/player/?url=https://s6.kkphimplayer6.com/20250613/PyUlcY5w/index.m3u8');
	INSERT INTO episodes (movie_id, name, video_url)
	  VALUES (70, 'Tập 798', 'https://player.phimapi.com/player/?url=https://s6.kkphimplayer6.com/20250613/wF604rls/index.m3u8');
	INSERT INTO episodes (movie_id, name, video_url)
	  VALUES (70, 'Tập 799', 'https://player.phimapi.com/player/?url=https://s6.kkphimplayer6.com/20250613/8g15Nr5L/index.m3u8');
	INSERT INTO episodes (movie_id, name, video_url)
	  VALUES (70, 'Tập 800', 'https://player.phimapi.com/player/?url=https://s6.kkphimplayer6.com/20250613/OQTg4XbI/index.m3u8');
	INSERT INTO episodes (movie_id, name, video_url)
	  VALUES (70, 'Tập 801', 'https://player.phimapi.com/player/?url=https://s6.kkphimplayer6.com/20250613/AIHleQZ5/index.m3u8');
	INSERT INTO episodes (movie_id, name, video_url)
	  VALUES (70, 'Tập 802', 'https://player.phimapi.com/player/?url=https://s6.kkphimplayer6.com/20250613/t6hrqhAn/index.m3u8');
	INSERT INTO episodes (movie_id, name, video_url)
	  VALUES (70, 'Tập 803', 'https://player.phimapi.com/player/?url=https://s6.kkphimplayer6.com/20250613/tyQkIxUe/index.m3u8');
	INSERT INTO episodes (movie_id, name, video_url)
	  VALUES (70, 'Tập 804', 'https://player.phimapi.com/player/?url=https://s6.kkphimplayer6.com/20250613/93m7e067/index.m3u8');
	INSERT INTO episodes (movie_id, name, video_url)
	  VALUES (70, 'Tập 805', 'https://player.phimapi.com/player/?url=https://s6.kkphimplayer6.com/20250613/018Hrois/index.m3u8');
	INSERT INTO episodes (movie_id, name, video_url)
	  VALUES (70, 'Tập 806', 'https://player.phimapi.com/player/?url=https://s6.kkphimplayer6.com/20250613/fDliQ8oI/index.m3u8');
	INSERT INTO episodes (movie_id, name, video_url)
	  VALUES (70, 'Tập 807', 'https://player.phimapi.com/player/?url=https://s6.kkphimplayer6.com/20250613/HG3st2Vn/index.m3u8');
	INSERT INTO episodes (movie_id, name, video_url)
	  VALUES (70, 'Tập 808', 'https://player.phimapi.com/player/?url=https://s6.kkphimplayer6.com/20250613/NzFds1b7/index.m3u8');
	INSERT INTO episodes (movie_id, name, video_url)
	  VALUES (70, 'Tập 809', 'https://player.phimapi.com/player/?url=https://s6.kkphimplayer6.com/20250613/cmYOAAO1/index.m3u8');
	INSERT INTO episodes (movie_id, name, video_url)
	  VALUES (70, 'Tập 810', 'https://player.phimapi.com/player/?url=https://s6.kkphimplayer6.com/20250613/foJtXMxq/index.m3u8');
	INSERT INTO episodes (movie_id, name, video_url)
	  VALUES (70, 'Tập 811', 'https://player.phimapi.com/player/?url=https://s6.kkphimplayer6.com/20250613/gSvPSM3F/index.m3u8');
	INSERT INTO episodes (movie_id, name, video_url)
	  VALUES (70, 'Tập 812', 'https://player.phimapi.com/player/?url=https://s6.kkphimplayer6.com/20250613/YVH08qht/index.m3u8');
	INSERT INTO episodes (movie_id, name, video_url)
	  VALUES (70, 'Tập 813', 'https://player.phimapi.com/player/?url=https://s6.kkphimplayer6.com/20250613/qqeWr36E/index.m3u8');
	INSERT INTO episodes (movie_id, name, video_url)
	  VALUES (70, 'Tập 814', 'https://player.phimapi.com/player/?url=https://s6.kkphimplayer6.com/20250613/EmK2DTOw/index.m3u8');
	INSERT INTO episodes (movie_id, name, video_url)
	  VALUES (70, 'Tập 815', 'https://player.phimapi.com/player/?url=https://s6.kkphimplayer6.com/20250613/7ZLWEvS4/index.m3u8');
	INSERT INTO episodes (movie_id, name, video_url)
	  VALUES (70, 'Tập 816', 'https://player.phimapi.com/player/?url=https://s6.kkphimplayer6.com/20250613/7VSOkIQH/index.m3u8');
	INSERT INTO episodes (movie_id, name, video_url)
	  VALUES (70, 'Tập 817', 'https://player.phimapi.com/player/?url=https://s6.kkphimplayer6.com/20250613/6clvuXW6/index.m3u8');
	INSERT INTO episodes (movie_id, name, video_url)
	  VALUES (70, 'Tập 818', 'https://player.phimapi.com/player/?url=https://s6.kkphimplayer6.com/20250613/yLikJ9Sa/index.m3u8');
	INSERT INTO episodes (movie_id, name, video_url)
	  VALUES (70, 'Tập 819', 'https://player.phimapi.com/player/?url=https://s6.kkphimplayer6.com/20250613/ANXfswbk/index.m3u8');
	INSERT INTO episodes (movie_id, name, video_url)
	  VALUES (70, 'Tập 820', 'https://player.phimapi.com/player/?url=https://s6.kkphimplayer6.com/20250613/zs3SHMOn/index.m3u8');
	INSERT INTO episodes (movie_id, name, video_url)
	  VALUES (70, 'Tập 821', 'https://player.phimapi.com/player/?url=https://s6.kkphimplayer6.com/20250613/ewUcfdz6/index.m3u8');
	INSERT INTO episodes (movie_id, name, video_url)
	  VALUES (70, 'Tập 822', 'https://player.phimapi.com/player/?url=https://s6.kkphimplayer6.com/20250613/m3tGbeNP/index.m3u8');
	INSERT INTO episodes (movie_id, name, video_url)
	  VALUES (70, 'Tập 823', 'https://player.phimapi.com/player/?url=https://s6.kkphimplayer6.com/20250613/cWj1DtOv/index.m3u8');
	INSERT INTO episodes (movie_id, name, video_url)
	  VALUES (70, 'Tập 824', 'https://player.phimapi.com/player/?url=https://s6.kkphimplayer6.com/20250613/6amySk5w/index.m3u8');
	INSERT INTO episodes (movie_id, name, video_url)
	  VALUES (70, 'Tập 825', 'https://player.phimapi.com/player/?url=https://s6.kkphimplayer6.com/20250613/kU7RSKfS/index.m3u8');
	INSERT INTO episodes (movie_id, name, video_url)
	  VALUES (70, 'Tập 826', 'https://player.phimapi.com/player/?url=https://s6.kkphimplayer6.com/20250613/230Cp5I3/index.m3u8');
	INSERT INTO episodes (movie_id, name, video_url)
	  VALUES (70, 'Tập 827', 'https://player.phimapi.com/player/?url=https://s6.kkphimplayer6.com/20250613/d1RhMh2M/index.m3u8');
	INSERT INTO episodes (movie_id, name, video_url)
	  VALUES (70, 'Tập 828', 'https://player.phimapi.com/player/?url=https://s6.kkphimplayer6.com/20250613/defDVXkV/index.m3u8');
	INSERT INTO episodes (movie_id, name, video_url)
	  VALUES (70, 'Tập 829', 'https://player.phimapi.com/player/?url=https://s6.kkphimplayer6.com/20250613/SKLKoGNh/index.m3u8');
	INSERT INTO episodes (movie_id, name, video_url)
	  VALUES (70, 'Tập 830', 'https://player.phimapi.com/player/?url=https://s6.kkphimplayer6.com/20250613/Wb7zUCeq/index.m3u8');
	INSERT INTO episodes (movie_id, name, video_url)
	  VALUES (70, 'Tập 831', 'https://player.phimapi.com/player/?url=https://s6.kkphimplayer6.com/20250613/XrDxMfWE/index.m3u8');
	INSERT INTO episodes (movie_id, name, video_url)
	  VALUES (70, 'Tập 832', 'https://player.phimapi.com/player/?url=https://s6.kkphimplayer6.com/20250613/WgWeW9PN/index.m3u8');
	INSERT INTO episodes (movie_id, name, video_url)
	  VALUES (70, 'Tập 833', 'https://player.phimapi.com/player/?url=https://s6.kkphimplayer6.com/20250613/ngX4q4Eq/index.m3u8');
	INSERT INTO episodes (movie_id, name, video_url)
	  VALUES (70, 'Tập 834', 'https://player.phimapi.com/player/?url=https://s6.kkphimplayer6.com/20250613/RPEStTlo/index.m3u8');
	INSERT INTO episodes (movie_id, name, video_url)
	  VALUES (70, 'Tập 835', 'https://player.phimapi.com/player/?url=https://s6.kkphimplayer6.com/20250613/B2lTI8r3/index.m3u8');
	INSERT INTO episodes (movie_id, name, video_url)
	  VALUES (70, 'Tập 836', 'https://player.phimapi.com/player/?url=https://s6.kkphimplayer6.com/20250613/Y2m4ngTx/index.m3u8');
	INSERT INTO episodes (movie_id, name, video_url)
	  VALUES (70, 'Tập 837', 'https://player.phimapi.com/player/?url=https://s6.kkphimplayer6.com/20250613/1SpxP9jD/index.m3u8');
	INSERT INTO episodes (movie_id, name, video_url)
	  VALUES (70, 'Tập 838', 'https://player.phimapi.com/player/?url=https://s6.kkphimplayer6.com/20250613/4G8piCKr/index.m3u8');
	INSERT INTO episodes (movie_id, name, video_url)
	  VALUES (70, 'Tập 839', 'https://player.phimapi.com/player/?url=https://s6.kkphimplayer6.com/20250613/JWavAWkd/index.m3u8');
	INSERT INTO episodes (movie_id, name, video_url)
	  VALUES (70, 'Tập 840', 'https://player.phimapi.com/player/?url=https://s6.kkphimplayer6.com/20250613/3VaqRuHE/index.m3u8');
	INSERT INTO episodes (movie_id, name, video_url)
	  VALUES (70, 'Tập 841', 'https://player.phimapi.com/player/?url=https://s6.kkphimplayer6.com/20250613/L4Ss3LBc/index.m3u8');
	INSERT INTO episodes (movie_id, name, video_url)
	  VALUES (70, 'Tập 842', 'https://player.phimapi.com/player/?url=https://s6.kkphimplayer6.com/20250613/OFvS7kwh/index.m3u8');
	INSERT INTO episodes (movie_id, name, video_url)
	  VALUES (70, 'Tập 843', 'https://player.phimapi.com/player/?url=https://s6.kkphimplayer6.com/20250613/qyxKCBvB/index.m3u8');
	INSERT INTO episodes (movie_id, name, video_url)
	  VALUES (70, 'Tập 844', 'https://player.phimapi.com/player/?url=https://s6.kkphimplayer6.com/20250613/Oqo1cKmw/index.m3u8');
	INSERT INTO episodes (movie_id, name, video_url)
	  VALUES (70, 'Tập 845', 'https://player.phimapi.com/player/?url=https://s6.kkphimplayer6.com/20250613/GBkYOUBA/index.m3u8');
	INSERT INTO episodes (movie_id, name, video_url)
	  VALUES (70, 'Tập 846', 'https://player.phimapi.com/player/?url=https://s6.kkphimplayer6.com/20250613/1t7v9h5o/index.m3u8');
	INSERT INTO episodes (movie_id, name, video_url)
	  VALUES (70, 'Tập 847', 'https://player.phimapi.com/player/?url=https://s6.kkphimplayer6.com/20250613/aGtOeRHG/index.m3u8');
	INSERT INTO episodes (movie_id, name, video_url)
	  VALUES (70, 'Tập 848', 'https://player.phimapi.com/player/?url=https://s6.kkphimplayer6.com/20250613/vvY1V5ti/index.m3u8');
	INSERT INTO episodes (movie_id, name, video_url)
	  VALUES (70, 'Tập 849', 'https://player.phimapi.com/player/?url=https://s6.kkphimplayer6.com/20250613/jVA0wgGJ/index.m3u8');
	INSERT INTO episodes (movie_id, name, video_url)
	  VALUES (70, 'Tập 850', 'https://player.phimapi.com/player/?url=https://s6.kkphimplayer6.com/20250613/fG3etBM5/index.m3u8');
	INSERT INTO episodes (movie_id, name, video_url)
	  VALUES (70, 'Tập 851', 'https://player.phimapi.com/player/?url=https://s6.kkphimplayer6.com/20250613/NZJHFde2/index.m3u8');
	INSERT INTO episodes (movie_id, name, video_url)
	  VALUES (70, 'Tập 852', 'https://player.phimapi.com/player/?url=https://s6.kkphimplayer6.com/20250613/X61SjhCX/index.m3u8');
	INSERT INTO episodes (movie_id, name, video_url)
	  VALUES (70, 'Tập 853', 'https://player.phimapi.com/player/?url=https://s6.kkphimplayer6.com/20250613/AM6uD2gH/index.m3u8');
	INSERT INTO episodes (movie_id, name, video_url)
	  VALUES (70, 'Tập 854', 'https://player.phimapi.com/player/?url=https://s6.kkphimplayer6.com/20250613/uxNqRcoE/index.m3u8');
	INSERT INTO episodes (movie_id, name, video_url)
	  VALUES (70, 'Tập 855', 'https://player.phimapi.com/player/?url=https://s6.kkphimplayer6.com/20250613/qvhO9KD8/index.m3u8');
	INSERT INTO episodes (movie_id, name, video_url)
	  VALUES (70, 'Tập 856', 'https://player.phimapi.com/player/?url=https://s6.kkphimplayer6.com/20250613/Y3rEbL0i/index.m3u8');
	INSERT INTO episodes (movie_id, name, video_url)
	  VALUES (70, 'Tập 857', 'https://player.phimapi.com/player/?url=https://s6.kkphimplayer6.com/20250613/plaSPKz3/index.m3u8');
	INSERT INTO episodes (movie_id, name, video_url)
	  VALUES (70, 'Tập 858', 'https://player.phimapi.com/player/?url=https://s6.kkphimplayer6.com/20250613/8iMQj5eP/index.m3u8');
	INSERT INTO episodes (movie_id, name, video_url)
	  VALUES (70, 'Tập 859', 'https://player.phimapi.com/player/?url=https://s6.kkphimplayer6.com/20250613/MXehjWpH/index.m3u8');
	INSERT INTO episodes (movie_id, name, video_url)
	  VALUES (70, 'Tập 860', 'https://player.phimapi.com/player/?url=https://s6.kkphimplayer6.com/20250613/t1TGP5jX/index.m3u8');
	INSERT INTO episodes (movie_id, name, video_url)
	  VALUES (70, 'Tập 861', 'https://player.phimapi.com/player/?url=https://s6.kkphimplayer6.com/20250730/5dILWoe9/index.m3u8');
	INSERT INTO episodes (movie_id, name, video_url)
	  VALUES (70, 'Tập 862', 'https://player.phimapi.com/player/?url=https://s6.kkphimplayer6.com/20250730/bhoLmiqK/index.m3u8');
	INSERT INTO episodes (movie_id, name, video_url)
	  VALUES (70, 'Tập 863', 'https://player.phimapi.com/player/?url=https://s6.kkphimplayer6.com/20250730/E2V9NbGr/index.m3u8');
	INSERT INTO episodes (movie_id, name, video_url)
	  VALUES (70, 'Tập 864', 'https://player.phimapi.com/player/?url=https://s6.kkphimplayer6.com/20250730/SNqdovIF/index.m3u8');
	INSERT INTO episodes (movie_id, name, video_url)
	  VALUES (70, 'Tập 865', 'https://player.phimapi.com/player/?url=https://s6.kkphimplayer6.com/20250730/Q2MieBjH/index.m3u8');
	INSERT INTO episodes (movie_id, name, video_url)
	  VALUES (70, 'Tập 866', 'https://player.phimapi.com/player/?url=https://s6.kkphimplayer6.com/20250901/1nWtLIIs/index.m3u8');
	INSERT INTO episodes (movie_id, name, video_url)
	  VALUES (70, 'Tập 867', 'https://player.phimapi.com/player/?url=https://s6.kkphimplayer6.com/20250901/3qytHZoO/index.m3u8');
	INSERT INTO episodes (movie_id, name, video_url)
	  VALUES (70, 'Tập 868', 'https://player.phimapi.com/player/?url=https://s6.kkphimplayer6.com/20250901/8VlxM6oE/index.m3u8');
	INSERT INTO episodes (movie_id, name, video_url)
	  VALUES (70, 'Tập 869', 'https://player.phimapi.com/player/?url=https://s6.kkphimplayer6.com/20250901/6QO7aeoO/index.m3u8');
	INSERT INTO episodes (movie_id, name, video_url)
	  VALUES (70, 'Tập 870', 'https://player.phimapi.com/player/?url=https://s6.kkphimplayer6.com/20250901/4t8Usv0d/index.m3u8');
	INSERT INTO episodes (movie_id, name, video_url)
	  VALUES (70, 'Tập 871', 'https://player.phimapi.com/player/?url=https://s6.kkphimplayer6.com/20250908/QmO3X6zQ/index.m3u8');
	INSERT INTO episodes (movie_id, name, video_url)
	  VALUES (70, 'Tập 872', 'https://player.phimapi.com/player/?url=https://s6.kkphimplayer6.com/20250910/OwSNc5UB/index.m3u8');
	INSERT INTO episodes (movie_id, name, video_url)
	  VALUES (70, 'Tập 873', 'https://player.phimapi.com/player/?url=https://s6.kkphimplayer6.com/20250912/BQrWTC2h/index.m3u8');
	INSERT INTO episodes (movie_id, name, video_url)
	  VALUES (70, 'Tập 874', 'https://player.phimapi.com/player/?url=https://s6.kkphimplayer6.com/20250912/eNwYEOTy/index.m3u8');
	INSERT INTO episodes (movie_id, name, video_url)
	  VALUES (70, 'Tập 875', 'https://player.phimapi.com/player/?url=https://s6.kkphimplayer6.com/20250912/QQEJQCx8/index.m3u8');
	INSERT INTO episodes (movie_id, name, video_url)
	  VALUES (70, 'Tập 876', 'https://player.phimapi.com/player/?url=https://s6.kkphimplayer6.com/20250916/TZNi5xlH/index.m3u8');
	INSERT INTO episodes (movie_id, name, video_url)
	  VALUES (70, 'Tập 877', 'https://player.phimapi.com/player/?url=https://s6.kkphimplayer6.com/20250917/EauJ9eQk/index.m3u8');
	INSERT INTO episodes (movie_id, name, video_url)
	  VALUES (70, 'Tập 878', 'https://player.phimapi.com/player/?url=https://s6.kkphimplayer6.com/20250919/DhsPSqiJ/index.m3u8');
	INSERT INTO episodes (movie_id, name, video_url)
	  VALUES (70, 'Tập 879', 'https://player.phimapi.com/player/?url=https://s6.kkphimplayer6.com/20250919/ES9x9r5d/index.m3u8');
	INSERT INTO episodes (movie_id, name, video_url)
	  VALUES (70, 'Tập 880', 'https://player.phimapi.com/player/?url=https://s6.kkphimplayer6.com/20250919/oL5WSHvD/index.m3u8');
	INSERT INTO episodes (movie_id, name, video_url)
	  VALUES (70, 'Tập 881', 'https://player.phimapi.com/player/?url=https://s6.kkphimplayer6.com/20250922/dBBOjH9W/index.m3u8');
	INSERT INTO episodes (movie_id, name, video_url)
	  VALUES (70, 'Tập 882', 'https://player.phimapi.com/player/?url=https://s6.kkphimplayer6.com/20250924/E1VLWWGE/index.m3u8');

	-- Movie: Tiểu Anh Hùng Na Tra
	INSERT INTO movies (movie_id, title, description, release_date, poster_url, thumb_url, status)
	VALUES (71, 'Tiểu Anh Hùng Na Tra', 'Được sinh ra một cách thần kỳ, Na Tra là một cậu bé bẩm sinh khác người, dần trưởng thành trở thành một tiểu anh hùng viết lại lịch sử của thời đại hỗn loạn. Na Tra học văn luyện võ, trừng trị kẻ ác, làm việc tốt, dẫn dắt dân chúng trồng trà, nuôi ngựa, làm giàu, củng cố sức mạnh... tất cả đều là vì cứu giúp người đời.', '2024', 'https://phimimg.com/upload/vod/20250919-1/458542abce567832aa0017f82b573279.jpg', 'https://phimimg.com/upload/vod/20250919-1/e0d5c7dfab5d5738839dae2add154a89.jpg', 'showing');
	UPDATE movies SET country='Trung Quốc', language='Thuyết Minh', trailer_url=NULL WHERE movie_id=71;
	INSERT IGNORE INTO genres (name) VALUES ('Chính Kịch');
	INSERT INTO movie_genres (movie_id, genre_id)
	  SELECT 71, genre_id FROM genres WHERE name='Chính Kịch' LIMIT 1;
	INSERT IGNORE INTO genres (name) VALUES ('Phiêu Lưu');
	INSERT INTO movie_genres (movie_id, genre_id)
	  SELECT 71, genre_id FROM genres WHERE name='Phiêu Lưu' LIMIT 1;
	INSERT IGNORE INTO genres (name) VALUES ('Viễn Tưởng');
	INSERT INTO movie_genres (movie_id, genre_id)
	  SELECT 71, genre_id FROM genres WHERE name='Viễn Tưởng' LIMIT 1;
	INSERT IGNORE INTO genres (name) VALUES ('Thần Thoại');
	INSERT INTO movie_genres (movie_id, genre_id)
	  SELECT 71, genre_id FROM genres WHERE name='Thần Thoại' LIMIT 1;
	INSERT IGNORE INTO actors (name) VALUES ('Đang cập nhật');
	INSERT INTO movie_actors (movie_id, actor_id)
	  SELECT 71, actor_id FROM actors WHERE name='Đang cập nhật' LIMIT 1;
	INSERT IGNORE INTO directors (name) VALUES ('Đang cập nhật');
	INSERT INTO movie_directors (movie_id, director_id)
	  SELECT 71, director_id FROM directors WHERE name='Đang cập nhật' LIMIT 1;
	INSERT INTO episodes (movie_id, name, video_url)
	  VALUES (71, 'Tập 01', 'https://player.phimapi.com/player/?url=https://s6.kkphimplayer6.com/20250919/re1EBTcp/index.m3u8');
	INSERT INTO episodes (movie_id, name, video_url)
	  VALUES (71, 'Tập 02', 'https://player.phimapi.com/player/?url=https://s6.kkphimplayer6.com/20250919/DUMReRkB/index.m3u8');
	INSERT INTO episodes (movie_id, name, video_url)
	  VALUES (71, 'Tập 03', 'https://player.phimapi.com/player/?url=https://s6.kkphimplayer6.com/20250919/UhvDidZE/index.m3u8');
	INSERT INTO episodes (movie_id, name, video_url)
	  VALUES (71, 'Tập 04', 'https://player.phimapi.com/player/?url=https://s6.kkphimplayer6.com/20250919/XuZBipoa/index.m3u8');
	INSERT INTO episodes (movie_id, name, video_url)
	  VALUES (71, 'Tập 05', 'https://player.phimapi.com/player/?url=https://s6.kkphimplayer6.com/20250919/mWSmnuF7/index.m3u8');
	INSERT INTO episodes (movie_id, name, video_url)
	  VALUES (71, 'Tập 06', 'https://player.phimapi.com/player/?url=https://s6.kkphimplayer6.com/20250919/6i7kIzcn/index.m3u8');
	INSERT INTO episodes (movie_id, name, video_url)
	  VALUES (71, 'Tập 07', 'https://player.phimapi.com/player/?url=https://s6.kkphimplayer6.com/20250919/EJWqlh3c/index.m3u8');
	INSERT INTO episodes (movie_id, name, video_url)
	  VALUES (71, 'Tập 08', 'https://player.phimapi.com/player/?url=https://s6.kkphimplayer6.com/20250919/nBhAbiM0/index.m3u8');
	INSERT INTO episodes (movie_id, name, video_url)
	  VALUES (71, 'Tập 09', 'https://player.phimapi.com/player/?url=https://s6.kkphimplayer6.com/20250919/bpoGmRUE/index.m3u8');
	INSERT INTO episodes (movie_id, name, video_url)
	  VALUES (71, 'Tập 10', 'https://player.phimapi.com/player/?url=https://s6.kkphimplayer6.com/20250919/yT1iSopF/index.m3u8');
	INSERT INTO episodes (movie_id, name, video_url)
	  VALUES (71, 'Tập 11', 'https://player.phimapi.com/player/?url=https://s6.kkphimplayer6.com/20250924/EUfe95O4/index.m3u8');
	INSERT INTO episodes (movie_id, name, video_url)
	  VALUES (71, 'Tập 12', 'https://player.phimapi.com/player/?url=https://s6.kkphimplayer6.com/20250924/cBxOse8s/index.m3u8');
	INSERT INTO episodes (movie_id, name, video_url)
	  VALUES (71, 'Tập 13', 'https://player.phimapi.com/player/?url=https://s6.kkphimplayer6.com/20250924/AfAbYuWW/index.m3u8');
	INSERT INTO episodes (movie_id, name, video_url)
	  VALUES (71, 'Tập 14', 'https://player.phimapi.com/player/?url=https://s6.kkphimplayer6.com/20250924/cfV25Mfb/index.m3u8');
	INSERT INTO episodes (movie_id, name, video_url)
	  VALUES (71, 'Tập 15', 'https://player.phimapi.com/player/?url=https://s6.kkphimplayer6.com/20250924/4WbLDln3/index.m3u8');
	INSERT INTO episodes (movie_id, name, video_url)
	  VALUES (71, 'Tập 16', 'https://player.phimapi.com/player/?url=https://s6.kkphimplayer6.com/20250924/9Fz8bKCk/index.m3u8');
	INSERT INTO episodes (movie_id, name, video_url)
	  VALUES (71, 'Tập 17', 'https://player.phimapi.com/player/?url=https://s6.kkphimplayer6.com/20250924/CIgOuZuZ/index.m3u8');
	INSERT INTO episodes (movie_id, name, video_url)
	  VALUES (71, 'Tập 18', 'https://player.phimapi.com/player/?url=https://s6.kkphimplayer6.com/20250924/t2aRuDma/index.m3u8');
	INSERT INTO episodes (movie_id, name, video_url)
	  VALUES (71, 'Tập 19', 'https://player.phimapi.com/player/?url=https://s6.kkphimplayer6.com/20250924/kD1c4PK2/index.m3u8');
	INSERT INTO episodes (movie_id, name, video_url)
	  VALUES (71, 'Tập 20', 'https://player.phimapi.com/player/?url=https://s6.kkphimplayer6.com/20250924/hUjkNXdV/index.m3u8');
	INSERT INTO episodes (movie_id, name, video_url)
	  VALUES (71, 'Tập 21', 'https://player.phimapi.com/player/?url=https://s6.kkphimplayer6.com/20250924/sNlaexU6/index.m3u8');
	INSERT INTO episodes (movie_id, name, video_url)
	  VALUES (71, 'Tập 22', 'https://player.phimapi.com/player/?url=https://s6.kkphimplayer6.com/20250924/1l59vtC6/index.m3u8');
	INSERT INTO episodes (movie_id, name, video_url)
	  VALUES (71, 'Tập 23', 'https://player.phimapi.com/player/?url=https://s6.kkphimplayer6.com/20250924/jncxdt7b/index.m3u8');
	INSERT INTO episodes (movie_id, name, video_url)
	  VALUES (71, 'Tập 24', 'https://player.phimapi.com/player/?url=https://s6.kkphimplayer6.com/20250924/gF7v4A9f/index.m3u8');
	INSERT INTO episodes (movie_id, name, video_url)
	  VALUES (71, 'Tập 25', 'https://player.phimapi.com/player/?url=https://s6.kkphimplayer6.com/20250924/jqOb4Dq7/index.m3u8');
	INSERT INTO episodes (movie_id, name, video_url)
	  VALUES (71, 'Tập 26', 'https://player.phimapi.com/player/?url=https://s6.kkphimplayer6.com/20250924/21wwXyJG/index.m3u8');

	-- Movie: Gia Đình (Không) Hoàn Hảo Của Tôi
	INSERT INTO movies (movie_id, title, description, release_date, poster_url, thumb_url, status)
	VALUES (72, 'Gia Đình (Không) Hoàn Hảo Của Tôi', 'Một gia tộc khách sạn quyền lực rơi vào hỗn loạn khi một người thừa kế phải lòng cháu gái của đối thủ — đúng lúc người con trai thất lạc của gia tộc trở về để giành lại vị trí.', '2025', 'https://phimimg.com/upload/vod/20250802-1/2e8b77f0e4e238b2dc087936d8dcb653.jpg', 'https://phimimg.com/upload/vod/20250802-1/908eb020e33dc80ca07c9ff3ec26ef75.jpg', 'showing');
	UPDATE movies SET country='Thái Lan', language='Vietsub', trailer_url='https://www.youtube.com/watch?v=F86iNeUE5EM' WHERE movie_id=72;
	INSERT IGNORE INTO genres (name) VALUES ('Chính Kịch');
	INSERT INTO movie_genres (movie_id, genre_id)
	  SELECT 72, genre_id FROM genres WHERE name='Chính Kịch' LIMIT 1;
	INSERT IGNORE INTO genres (name) VALUES ('Tình Cảm');
	INSERT INTO movie_genres (movie_id, genre_id)
	  SELECT 72, genre_id FROM genres WHERE name='Tình Cảm' LIMIT 1;
	INSERT IGNORE INTO genres (name) VALUES ('Tâm Lý');
	INSERT INTO movie_genres (movie_id, genre_id)
	  SELECT 72, genre_id FROM genres WHERE name='Tâm Lý' LIMIT 1;
	INSERT IGNORE INTO actors (name) VALUES ('Kongthap Yuttapichai');
	INSERT INTO movie_actors (movie_id, actor_id)
	  SELECT 72, actor_id FROM actors WHERE name='Kongthap Yuttapichai' LIMIT 1;
	INSERT IGNORE INTO actors (name) VALUES ('Punpreedee Khumprom Rodsawat');
	INSERT INTO movie_actors (movie_id, actor_id)
	  SELECT 72, actor_id FROM actors WHERE name='Punpreedee Khumprom Rodsawat' LIMIT 1;
	INSERT IGNORE INTO actors (name) VALUES ('Phiravich Attachitsataporn');
	INSERT INTO movie_actors (movie_id, actor_id)
	  SELECT 72, actor_id FROM actors WHERE name='Phiravich Attachitsataporn' LIMIT 1;
	INSERT IGNORE INTO actors (name) VALUES ('Thanapon Jarujitranon');
	INSERT INTO movie_actors (movie_id, actor_id)
	  SELECT 72, actor_id FROM actors WHERE name='Thanapon Jarujitranon' LIMIT 1;
	INSERT IGNORE INTO actors (name) VALUES ('Penpak Sirikul');
	INSERT INTO movie_actors (movie_id, actor_id)
	  SELECT 72, actor_id FROM actors WHERE name='Penpak Sirikul' LIMIT 1;
	INSERT IGNORE INTO actors (name) VALUES ('Kanokkarn Chulthong');
	INSERT INTO movie_actors (movie_id, actor_id)
	  SELECT 72, actor_id FROM actors WHERE name='Kanokkarn Chulthong' LIMIT 1;
	INSERT IGNORE INTO actors (name) VALUES ('Namnung Suttidachanai');
	INSERT INTO movie_actors (movie_id, actor_id)
	  SELECT 72, actor_id FROM actors WHERE name='Namnung Suttidachanai' LIMIT 1;
	INSERT IGNORE INTO actors (name) VALUES ('Nisachon Tuamsoongnuen');
	INSERT INTO movie_actors (movie_id, actor_id)
	  SELECT 72, actor_id FROM actors WHERE name='Nisachon Tuamsoongnuen' LIMIT 1;
	INSERT IGNORE INTO actors (name) VALUES ('Thidarut Pruethong');
	INSERT INTO movie_actors (movie_id, actor_id)
	  SELECT 72, actor_id FROM actors WHERE name='Thidarut Pruethong' LIMIT 1;
	INSERT IGNORE INTO actors (name) VALUES ('Natthanit Praditthan');
	INSERT INTO movie_actors (movie_id, actor_id)
	  SELECT 72, actor_id FROM actors WHERE name='Natthanit Praditthan' LIMIT 1;
	INSERT IGNORE INTO actors (name) VALUES ('Singto Sakolrat Puntace');
	INSERT INTO movie_actors (movie_id, actor_id)
	  SELECT 72, actor_id FROM actors WHERE name='Singto Sakolrat Puntace' LIMIT 1;
	INSERT IGNORE INTO actors (name) VALUES ('T');
	INSERT INTO movie_actors (movie_id, actor_id)
	  SELECT 72, actor_id FROM actors WHERE name='T' LIMIT 1;
	INSERT IGNORE INTO directors (name) VALUES ('Adul Prayanto');
	INSERT INTO movie_directors (movie_id, director_id)
	  SELECT 72, director_id FROM directors WHERE name='Adul Prayanto' LIMIT 1;
	INSERT INTO episodes (movie_id, name, video_url)
	  VALUES (72, 'Tập 01', 'https://player.phimapi.com/player/?url=https://s6.kkphimplayer6.com/20250801/wFyrEr5h/index.m3u8');
	INSERT INTO episodes (movie_id, name, video_url)
	  VALUES (72, 'Tập 02', 'https://player.phimapi.com/player/?url=https://s6.kkphimplayer6.com/20250812/WU0f4YPH/index.m3u8');
	INSERT INTO episodes (movie_id, name, video_url)
	  VALUES (72, 'Tập 03', 'https://player.phimapi.com/player/?url=https://s6.kkphimplayer6.com/20250812/jRMQYv8v/index.m3u8');
	INSERT INTO episodes (movie_id, name, video_url)
	  VALUES (72, 'Tập 04', 'https://player.phimapi.com/player/?url=https://s6.kkphimplayer6.com/20250812/w65lSeuz/index.m3u8');
	INSERT INTO episodes (movie_id, name, video_url)
	  VALUES (72, 'Tập 05', 'https://player.phimapi.com/player/?url=https://s6.kkphimplayer6.com/20250814/2JW01RoI/index.m3u8');
	INSERT INTO episodes (movie_id, name, video_url)
	  VALUES (72, 'Tập 06', 'https://player.phimapi.com/player/?url=https://s6.kkphimplayer6.com/20250819/PmK9sghV/index.m3u8');
	INSERT INTO episodes (movie_id, name, video_url)
	  VALUES (72, 'Tập 07', 'https://player.phimapi.com/player/?url=https://s6.kkphimplayer6.com/20250824/D9mvgPIq/index.m3u8');
	INSERT INTO episodes (movie_id, name, video_url)
	  VALUES (72, 'Tập 08', 'https://player.phimapi.com/player/?url=https://s6.kkphimplayer6.com/20250826/j6C3JPRZ/index.m3u8');
	INSERT INTO episodes (movie_id, name, video_url)
	  VALUES (72, 'Tập 09', 'https://player.phimapi.com/player/?url=https://s6.kkphimplayer6.com/20250828/Qcs1Pbmy/index.m3u8');
	INSERT INTO episodes (movie_id, name, video_url)
	  VALUES (72, 'Tập 10', 'https://player.phimapi.com/player/?url=https://s6.kkphimplayer6.com/20250902/9cojRKmP/index.m3u8');
	INSERT INTO episodes (movie_id, name, video_url)
	  VALUES (72, 'Tập 11', 'https://player.phimapi.com/player/?url=https://s6.kkphimplayer6.com/20250908/wzYqnVRs/index.m3u8');
	INSERT INTO episodes (movie_id, name, video_url)
	  VALUES (72, 'Tập 12', 'https://player.phimapi.com/player/?url=https://s6.kkphimplayer6.com/20250909/sRyEC82h/index.m3u8');
	INSERT INTO episodes (movie_id, name, video_url)
	  VALUES (72, 'Tập 13', 'https://player.phimapi.com/player/?url=https://s6.kkphimplayer6.com/20250911/B997CEO5/index.m3u8');
	INSERT INTO episodes (movie_id, name, video_url)
	  VALUES (72, 'Tập 14', 'https://player.phimapi.com/player/?url=https://s6.kkphimplayer6.com/20250918/LEXH0o0Z/index.m3u8');
	INSERT INTO episodes (movie_id, name, video_url)
	  VALUES (72, 'Tập 15', 'https://player.phimapi.com/player/?url=https://s6.kkphimplayer6.com/20250923/0tmRVLPL/index.m3u8');
	INSERT INTO episodes (movie_id, name, video_url)
	  VALUES (72, 'Tập 16', 'https://player.phimapi.com/player/?url=https://s6.kkphimplayer6.com/20250923/k47HE9ZH/index.m3u8');
	INSERT INTO episodes (movie_id, name, video_url)
	  VALUES (72, 'Tập 17', 'https://player.phimapi.com/player/?url=https://s6.kkphimplayer6.com/20250924/gVAi8OBS/index.m3u8');

	-- Movie: Shin Cầm Chảo, Phá Đảo Khu Phố (Bậc Thầy Hòa Giải)
	INSERT INTO movies (movie_id, title, description, release_date, poster_url, thumb_url, status)
	VALUES (73, 'Shin Cầm Chảo, Phá Đảo Khu Phố (Bậc Thầy Hòa Giải)', 'Bậc Thầy Hòa Giải (Shin&#39;s Project) theo chân một chuyên gia đàm phán tiếng tăm lẫy lừng nhưng hiện đã giải nghệ về làm chủ một quán gà rán bình dân. Dù đã giấu kín thân phận và quá khứ, ông vẫn liên tục bị cuốn vào đủ loại tranh chấp trong khu phố, từ những người hàng xóm ồn ào, các vụ kiện phiền toái đến cả xung đột tình cảm. Với tài ăn nói điêu luyện, ông hóa giải mọi mâu thuẫn và còn đứng lên chống lại những bất công, mang đến nguồn năng lượng tích cực cho cộng đồng.', '2025', 'https://phimimg.com/upload/vod/20250916-1/6f13a503a95efdbdd1413e8668a4413b.jpg', 'https://phimimg.com/upload/vod/20250916-1/a38524bf4460c59088116e0e9e1fc059.jpg', 'showing');
	UPDATE movies SET country='Hàn Quốc', language='Vietsub + Thuyết Minh', trailer_url='https://www.youtube.com/watch?v=_DVqicCb0Zs' WHERE movie_id=73;
	INSERT IGNORE INTO genres (name) VALUES ('Hài Hước');
	INSERT INTO movie_genres (movie_id, genre_id)
	  SELECT 73, genre_id FROM genres WHERE name='Hài Hước' LIMIT 1;
	INSERT IGNORE INTO genres (name) VALUES ('Tình Cảm');
	INSERT INTO movie_genres (movie_id, genre_id)
	  SELECT 73, genre_id FROM genres WHERE name='Tình Cảm' LIMIT 1;
	INSERT IGNORE INTO genres (name) VALUES ('Tâm Lý');
	INSERT INTO movie_genres (movie_id, genre_id)
	  SELECT 73, genre_id FROM genres WHERE name='Tâm Lý' LIMIT 1;
	INSERT IGNORE INTO genres (name) VALUES ('Chính Kịch');
	INSERT INTO movie_genres (movie_id, genre_id)
	  SELECT 73, genre_id FROM genres WHERE name='Chính Kịch' LIMIT 1;
	INSERT IGNORE INTO actors (name) VALUES ('Han Suk-kyu');
	INSERT INTO movie_actors (movie_id, actor_id)
	  SELECT 73, actor_id FROM actors WHERE name='Han Suk-kyu' LIMIT 1;
	INSERT IGNORE INTO actors (name) VALUES ('Bae Hyeon-seong');
	INSERT INTO movie_actors (movie_id, actor_id)
	  SELECT 73, actor_id FROM actors WHERE name='Bae Hyeon-seong' LIMIT 1;
	INSERT IGNORE INTO actors (name) VALUES ('Lee Re');
	INSERT INTO movie_actors (movie_id, actor_id)
	  SELECT 73, actor_id FROM actors WHERE name='Lee Re' LIMIT 1;
	INSERT IGNORE INTO actors (name) VALUES ('Kim Seung-o');
	INSERT INTO movie_actors (movie_id, actor_id)
	  SELECT 73, actor_id FROM actors WHERE name='Kim Seung-o' LIMIT 1;
	INSERT IGNORE INTO actors (name) VALUES ('Woo Mi-hwa');
	INSERT INTO movie_actors (movie_id, actor_id)
	  SELECT 73, actor_id FROM actors WHERE name='Woo Mi-hwa' LIMIT 1;
	INSERT IGNORE INTO actors (name) VALUES ('Kim Sang-ho');
	INSERT INTO movie_actors (movie_id, actor_id)
	  SELECT 73, actor_id FROM actors WHERE name='Kim Sang-ho' LIMIT 1;
	INSERT IGNORE INTO actors (name) VALUES ('Jung Eun-pyo');
	INSERT INTO movie_actors (movie_id, actor_id)
	  SELECT 73, actor_id FROM actors WHERE name='Jung Eun-pyo' LIMIT 1;
	INSERT IGNORE INTO actors (name) VALUES ('Woo Hyeon');
	INSERT INTO movie_actors (movie_id, actor_id)
	  SELECT 73, actor_id FROM actors WHERE name='Woo Hyeon' LIMIT 1;
	INSERT IGNORE INTO actors (name) VALUES ('Jo Hyun-sik');
	INSERT INTO movie_actors (movie_id, actor_id)
	  SELECT 73, actor_id FROM actors WHERE name='Jo Hyun-sik' LIMIT 1;
	INSERT IGNORE INTO actors (name) VALUES ('Lee Ji-ha');
	INSERT INTO movie_actors (movie_id, actor_id)
	  SELECT 73, actor_id FROM actors WHERE name='Lee Ji-ha' LIMIT 1;
	INSERT IGNORE INTO actors (name) VALUES ('Jeon Kuk-hwan');
	INSERT INTO movie_actors (movie_id, actor_id)
	  SELECT 73, actor_id FROM actors WHERE name='Jeon Kuk-hwan' LIMIT 1;
	INSERT IGNORE INTO directors (name) VALUES ('Shin Kyung-soo');
	INSERT INTO movie_directors (movie_id, director_id)
	  SELECT 73, director_id FROM directors WHERE name='Shin Kyung-soo' LIMIT 1;
	INSERT INTO episodes (movie_id, name, video_url)
	  VALUES (73, 'Tập 01', 'https://player.phimapi.com/player/?url=https://s6.kkphimplayer6.com/20250923/m5tvJhZ9/index.m3u8');
	INSERT INTO episodes (movie_id, name, video_url)
	  VALUES (73, 'Tập 02', 'https://player.phimapi.com/player/?url=https://s6.kkphimplayer6.com/20250923/Qs1TGj0A/index.m3u8');
	INSERT INTO episodes (movie_id, name, video_url)
	  VALUES (73, 'Tập 03', 'https://player.phimapi.com/player/?url=https://s6.kkphimplayer6.com/20250923/Nt1Mn8UX/index.m3u8');
	INSERT INTO episodes (movie_id, name, video_url)
	  VALUES (73, 'Tập 04', 'https://player.phimapi.com/player/?url=https://s6.kkphimplayer6.com/20250924/R3KAujAJ/index.m3u8');
	INSERT INTO episodes (movie_id, name, video_url)
	  VALUES (73, 'Tập 01', 'https://player.phimapi.com/player/?url=https://s6.kkphimplayer6.com/20250923/pZ63lb70/index.m3u8');
	INSERT INTO episodes (movie_id, name, video_url)
	  VALUES (73, 'Tập 02', 'https://player.phimapi.com/player/?url=https://s6.kkphimplayer6.com/20250923/feEN0MOf/index.m3u8');
	INSERT INTO episodes (movie_id, name, video_url)
	  VALUES (73, 'Tập 03', 'https://player.phimapi.com/player/?url=https://s6.kkphimplayer6.com/20250924/NPp45Nd6/index.m3u8');

	-- Movie: Bạn Gái Thuê (Phần 4)
	INSERT INTO movies (movie_id, title, description, release_date, poster_url, thumb_url, status)
	VALUES (74, 'Bạn Gái Thuê (Phần 4)', 'Sau khi bị bạn gái bỏ rơi, cậu sinh viên đại học Kinoshita Kazuya cố gắng vá lại trái tim tan vỡ của mình bằng một người bạn gái thuê từ ứng dụng di động. Lúc đầu, Mizuhara Chzuru có vẻ như là một người bạn gái hoàn hảo với tất cả phẩm chất mà bất cứ chàng trai nào cũng phải mong đợi: xinh đẹp, dễ thương và chu đáo.

	Với những cảm xúc lẫn lộn sau buổi hẹn hò đầu tiên, Kazuya nghĩ Chizuru chỉ đang trêu đùa với trái tim của mình nên đã đánh giá cô 1 sao trên ứng dụng di động. Điều này khiến Chizuru tức giận và bộc lộ bản chất thật của mình trong buổi hẹn hò thứ 2: một Chizuru đanh đá, nóng nảy, trái ngược hoàn toàn với ấn tượng ban đầu. Ngay lúc đó, bà của Kazuya bị ngất xíu nên cậu phải kéo cả Chizuru vào bẹnh viện.

	Mặc dù tình hình của bà Kazuya không có gì nghiêm trọng, nhưng bà lại ngây ngất Chizuru và cực kỳ cảm động vì cuối cùng đứa cháu trai của mình đã có bạn gái. Không thể nói ra sự thật, Kazuya và Chizuru phải tiếp tục mối quan hệ bạn gái thuê này.', '2025', 'https://phimimg.com/upload/vod/20250921-1/af40177d9f21468eaed393f74aa59012.jpg', 'https://phimimg.com/upload/vod/20250921-1/3aaea5508de705817c0c1afd18a7e9c1.jpg', 'showing');
	UPDATE movies SET country='Nhật Bản', language='Vietsub', trailer_url='https://www.youtube.com/watch?v=SuPPEO3M8Jc' WHERE movie_id=74;
	INSERT IGNORE INTO genres (name) VALUES ('Hài Hước');
	INSERT INTO movie_genres (movie_id, genre_id)
	  SELECT 74, genre_id FROM genres WHERE name='Hài Hước' LIMIT 1;
	INSERT IGNORE INTO genres (name) VALUES ('Chính Kịch');
	INSERT INTO movie_genres (movie_id, genre_id)
	  SELECT 74, genre_id FROM genres WHERE name='Chính Kịch' LIMIT 1;
	INSERT IGNORE INTO genres (name) VALUES ('Tình Cảm');
	INSERT INTO movie_genres (movie_id, genre_id)
	  SELECT 74, genre_id FROM genres WHERE name='Tình Cảm' LIMIT 1;
	INSERT IGNORE INTO genres (name) VALUES ('Tâm Lý');
	INSERT INTO movie_genres (movie_id, genre_id)
	  SELECT 74, genre_id FROM genres WHERE name='Tâm Lý' LIMIT 1;
	INSERT IGNORE INTO actors (name) VALUES ('Shun Horie');
	INSERT INTO movie_actors (movie_id, actor_id)
	  SELECT 74, actor_id FROM actors WHERE name='Shun Horie' LIMIT 1;
	INSERT IGNORE INTO actors (name) VALUES ('Sora Amamiya');
	INSERT INTO movie_actors (movie_id, actor_id)
	  SELECT 74, actor_id FROM actors WHERE name='Sora Amamiya' LIMIT 1;
	INSERT IGNORE INTO actors (name) VALUES ('Aoi Yuuki');
	INSERT INTO movie_actors (movie_id, actor_id)
	  SELECT 74, actor_id FROM actors WHERE name='Aoi Yuuki' LIMIT 1;
	INSERT IGNORE INTO actors (name) VALUES ('Nao Toyama');
	INSERT INTO movie_actors (movie_id, actor_id)
	  SELECT 74, actor_id FROM actors WHERE name='Nao Toyama' LIMIT 1;
	INSERT IGNORE INTO actors (name) VALUES ('Rie Takahashi');
	INSERT INTO movie_actors (movie_id, actor_id)
	  SELECT 74, actor_id FROM actors WHERE name='Rie Takahashi' LIMIT 1;
	INSERT IGNORE INTO actors (name) VALUES ('Yu Serizawa');
	INSERT INTO movie_actors (movie_id, actor_id)
	  SELECT 74, actor_id FROM actors WHERE name='Yu Serizawa' LIMIT 1;
	INSERT IGNORE INTO actors (name) VALUES ('Yukari Nozawa');
	INSERT INTO movie_actors (movie_id, actor_id)
	  SELECT 74, actor_id FROM actors WHERE name='Yukari Nozawa' LIMIT 1;
	INSERT IGNORE INTO actors (name) VALUES ('Sayuri Sadaoka');
	INSERT INTO movie_actors (movie_id, actor_id)
	  SELECT 74, actor_id FROM actors WHERE name='Sayuri Sadaoka' LIMIT 1;
	INSERT IGNORE INTO actors (name) VALUES ('Masayuki Akasaka');
	INSERT INTO movie_actors (movie_id, actor_id)
	  SELECT 74, actor_id FROM actors WHERE name='Masayuki Akasaka' LIMIT 1;
	INSERT IGNORE INTO actors (name) VALUES ('Gakuto Kajiwara');
	INSERT INTO movie_actors (movie_id, actor_id)
	  SELECT 74, actor_id FROM actors WHERE name='Gakuto Kajiwara' LIMIT 1;
	INSERT IGNORE INTO directors (name) VALUES ('Đang cập nhật');
	INSERT INTO movie_directors (movie_id, director_id)
	  SELECT 74, director_id FROM directors WHERE name='Đang cập nhật' LIMIT 1;
	INSERT INTO episodes (movie_id, name, video_url)
	  VALUES (74, 'Tập 01', 'https://player.phimapi.com/player/?url=https://s6.kkphimplayer6.com/20250920/AaIxABuT/index.m3u8');
	INSERT INTO episodes (movie_id, name, video_url)
	  VALUES (74, 'Tập 02', 'https://player.phimapi.com/player/?url=https://s6.kkphimplayer6.com/20250920/lgeArU3p/index.m3u8');
	INSERT INTO episodes (movie_id, name, video_url)
	  VALUES (74, 'Tập 03', 'https://player.phimapi.com/player/?url=https://s6.kkphimplayer6.com/20250920/uSjjufoj/index.m3u8');
	INSERT INTO episodes (movie_id, name, video_url)
	  VALUES (74, 'Tập 04', 'https://player.phimapi.com/player/?url=https://s6.kkphimplayer6.com/20250920/S8i1oDRP/index.m3u8');
	INSERT INTO episodes (movie_id, name, video_url)
	  VALUES (74, 'Tập 05', 'https://player.phimapi.com/player/?url=https://s6.kkphimplayer6.com/20250920/Al1mlxlO/index.m3u8');
	INSERT INTO episodes (movie_id, name, video_url)
	  VALUES (74, 'Tập 06', 'https://player.phimapi.com/player/?url=https://s6.kkphimplayer6.com/20250920/KAhQ8Rdt/index.m3u8');
	INSERT INTO episodes (movie_id, name, video_url)
	  VALUES (74, 'Tập 07', 'https://player.phimapi.com/player/?url=https://s6.kkphimplayer6.com/20250920/Z6OyFo1p/index.m3u8');
	INSERT INTO episodes (movie_id, name, video_url)
	  VALUES (74, 'Tập 08', 'https://player.phimapi.com/player/?url=https://s6.kkphimplayer6.com/20250920/tvw19OrC/index.m3u8');
	INSERT INTO episodes (movie_id, name, video_url)
	  VALUES (74, 'Tập 09', 'https://player.phimapi.com/player/?url=https://s6.kkphimplayer6.com/20250920/dBz1Axky/index.m3u8');
	INSERT INTO episodes (movie_id, name, video_url)
	  VALUES (74, 'Tập 10', 'https://player.phimapi.com/player/?url=https://s6.kkphimplayer6.com/20250920/W9azHA8Y/index.m3u8');
	INSERT INTO episodes (movie_id, name, video_url)
	  VALUES (74, 'Tập 11', 'https://player.phimapi.com/player/?url=https://s6.kkphimplayer6.com/20250924/c0CkZLjY/index.m3u8');

	-- Movie: Hiện Trường Vụ Án Số 0
	INSERT INTO movies (movie_id, title, description, release_date, poster_url, thumb_url, status)
	VALUES (75, 'Hiện Trường Vụ Án Số 0', 'TVshow vẫn trung thành với trò chơi nhập vai tại hiện trường vụ án. Mỗi người chơi sẽ hóa thân thành nhân vật có câu chuyện nền riêng biệt, đồng thời đảm nhận vai trò thám tử hoặc nghi phạm. Thông qua các manh mối và quá trình tranh luận, người chơi phải cùng nhau tìm ra tội phạm ẩn náu trong nhóm.', '2025', 'https://phimimg.com/upload/vod/20250924-1/4b7bcd062df0def51dd88dfc4596912f.jpg', 'https://phimimg.com/upload/vod/20250924-1/9c9834846367cdabfc7ec0f11ff5ce78.jpg', 'showing');
	UPDATE movies SET country='Hàn Quốc', language='Vietsub', trailer_url='https://www.youtube.com/watch?v=c86xv_YCwA8' WHERE movie_id=75;
	INSERT IGNORE INTO genres (name) VALUES ('Chính Kịch');
	INSERT INTO movie_genres (movie_id, genre_id)
	  SELECT 75, genre_id FROM genres WHERE name='Chính Kịch' LIMIT 1;
	INSERT IGNORE INTO genres (name) VALUES ('Hình Sự');
	INSERT INTO movie_genres (movie_id, genre_id)
	  SELECT 75, genre_id FROM genres WHERE name='Hình Sự' LIMIT 1;
	INSERT IGNORE INTO genres (name) VALUES ('Tâm Lý');
	INSERT INTO movie_genres (movie_id, genre_id)
	  SELECT 75, genre_id FROM genres WHERE name='Tâm Lý' LIMIT 1;
	INSERT IGNORE INTO actors (name) VALUES ('Park Ji-yoon');
	INSERT INTO movie_actors (movie_id, actor_id)
	  SELECT 75, actor_id FROM actors WHERE name='Park Ji-yoon' LIMIT 1;
	INSERT IGNORE INTO actors (name) VALUES ('Jang Jin');
	INSERT INTO movie_actors (movie_id, actor_id)
	  SELECT 75, actor_id FROM actors WHERE name='Jang Jin' LIMIT 1;
	INSERT IGNORE INTO actors (name) VALUES ('Jang Dong-min');
	INSERT INTO movie_actors (movie_id, actor_id)
	  SELECT 75, actor_id FROM actors WHERE name='Jang Dong-min' LIMIT 1;
	INSERT IGNORE INTO actors (name) VALUES ('Kim Ji-hoon');
	INSERT INTO movie_actors (movie_id, actor_id)
	  SELECT 75, actor_id FROM actors WHERE name='Kim Ji-hoon' LIMIT 1;
	INSERT IGNORE INTO actors (name) VALUES ('ANYUJIN');
	INSERT INTO movie_actors (movie_id, actor_id)
	  SELECT 75, actor_id FROM actors WHERE name='ANYUJIN' LIMIT 1;
	INSERT IGNORE INTO actors (name) VALUES ('Kang Min-hee');
	INSERT INTO movie_actors (movie_id, actor_id)
	  SELECT 75, actor_id FROM actors WHERE name='Kang Min-hee' LIMIT 1;
	INSERT IGNORE INTO directors (name) VALUES ('Yoon Hyun-jun');
	INSERT INTO movie_directors (movie_id, director_id)
	  SELECT 75, director_id FROM directors WHERE name='Yoon Hyun-jun' LIMIT 1;
	INSERT IGNORE INTO directors (name) VALUES ('Hwang Seul-woo');
	INSERT INTO movie_directors (movie_id, director_id)
	  SELECT 75, director_id FROM directors WHERE name='Hwang Seul-woo' LIMIT 1;
	INSERT INTO episodes (movie_id, name, video_url)
	  VALUES (75, 'Tập 01', 'https://player.phimapi.com/player/?url=https://s6.kkphimplayer6.com/20250924/sOEdgdJ3/index.m3u8');
	INSERT INTO episodes (movie_id, name, video_url)
	  VALUES (75, 'Tập 02', 'https://player.phimapi.com/player/?url=https://s6.kkphimplayer6.com/20250924/DMnhb2kW/index.m3u8');
	INSERT INTO episodes (movie_id, name, video_url)
	  VALUES (75, 'Tập 03', 'https://player.phimapi.com/player/?url=https://s6.kkphimplayer6.com/20250924/d6mpeuoM/index.m3u8');
	INSERT INTO episodes (movie_id, name, video_url)
	  VALUES (75, 'Tập 04', 'https://player.phimapi.com/player/?url=https://s6.kkphimplayer6.com/20250924/WyGLLO6L/index.m3u8');

	-- Movie: Nukitashi The Animation
	INSERT INTO movies (movie_id, title, description, release_date, poster_url, thumb_url, status)
	VALUES (76, 'Nukitashi The Animation', 'Trên đảo Seiran, tổ chức bí mật NLNS được tập hợp dưới sự dẫn dắt của Junnosuke Tachibana, người quyết tâm phá bỏ một đạo luật. Họ đã tìm được một nhà tài trợ — một người đàn ông giàu có bí ẩn — người cung cấp cho họ một căn cứ bí mật và tiền bạc. Nhiệm vụ của họ là tìm ra một cô gái thần bí và ngăn chặn đạo luật, đồng thời tránh bị SHO lần theo dấu vết.', '2025', 'https://phimimg.com/upload/vod/20250822-1/1d1ecfe8be323ca8ab36ddfc879ed87d.jpg', 'https://phimimg.com/upload/vod/20250822-1/a3f09c8a535f4b8ca9c846f3c34bf467.jpg', 'showing');
	UPDATE movies SET country='Nhật Bản', language='Vietsub', trailer_url='https://www.youtube.com/watch?v=pKmG25gnaBk' WHERE movie_id=76;
	INSERT IGNORE INTO genres (name) VALUES ('Hài Hước');
	INSERT INTO movie_genres (movie_id, genre_id)
	  SELECT 76, genre_id FROM genres WHERE name='Hài Hước' LIMIT 1;
	INSERT IGNORE INTO genres (name) VALUES ('Chính Kịch');
	INSERT INTO movie_genres (movie_id, genre_id)
	  SELECT 76, genre_id FROM genres WHERE name='Chính Kịch' LIMIT 1;
	INSERT IGNORE INTO genres (name) VALUES ('Khoa Học');
	INSERT INTO movie_genres (movie_id, genre_id)
	  SELECT 76, genre_id FROM genres WHERE name='Khoa Học' LIMIT 1;
	INSERT IGNORE INTO genres (name) VALUES ('Viễn Tưởng');
	INSERT INTO movie_genres (movie_id, genre_id)
	  SELECT 76, genre_id FROM genres WHERE name='Viễn Tưởng' LIMIT 1;
	INSERT IGNORE INTO actors (name) VALUES ('Kouhei Yanagi');
	INSERT INTO movie_actors (movie_id, actor_id)
	  SELECT 76, actor_id FROM actors WHERE name='Kouhei Yanagi' LIMIT 1;
	INSERT IGNORE INTO actors (name) VALUES ('Shizuka Ishigami');
	INSERT INTO movie_actors (movie_id, actor_id)
	  SELECT 76, actor_id FROM actors WHERE name='Shizuka Ishigami' LIMIT 1;
	INSERT IGNORE INTO actors (name) VALUES ('Minori Ozawa');
	INSERT INTO movie_actors (movie_id, actor_id)
	  SELECT 76, actor_id FROM actors WHERE name='Minori Ozawa' LIMIT 1;
	INSERT IGNORE INTO actors (name) VALUES ('Rie Okamoto');
	INSERT INTO movie_actors (movie_id, actor_id)
	  SELECT 76, actor_id FROM actors WHERE name='Rie Okamoto' LIMIT 1;
	INSERT IGNORE INTO actors (name) VALUES ('Ako Koaki');
	INSERT INTO movie_actors (movie_id, actor_id)
	  SELECT 76, actor_id FROM actors WHERE name='Ako Koaki' LIMIT 1;
	INSERT IGNORE INTO actors (name) VALUES ('Masumi Tazawa');
	INSERT INTO movie_actors (movie_id, actor_id)
	  SELECT 76, actor_id FROM actors WHERE name='Masumi Tazawa' LIMIT 1;
	INSERT IGNORE INTO actors (name) VALUES ('Nanami Aiba');
	INSERT INTO movie_actors (movie_id, actor_id)
	  SELECT 76, actor_id FROM actors WHERE name='Nanami Aiba' LIMIT 1;
	INSERT IGNORE INTO actors (name) VALUES ('Nana Inoue');
	INSERT INTO movie_actors (movie_id, actor_id)
	  SELECT 76, actor_id FROM actors WHERE name='Nana Inoue' LIMIT 1;
	INSERT IGNORE INTO directors (name) VALUES ('Đang cập nhật');
	INSERT INTO movie_directors (movie_id, director_id)
	  SELECT 76, director_id FROM directors WHERE name='Đang cập nhật' LIMIT 1;
	INSERT INTO episodes (movie_id, name, video_url)
	  VALUES (76, 'Tập 01', 'https://player.phimapi.com/player/?url=https://s6.kkphimplayer6.com/20250822/tYsCh6U8/index.m3u8');
	INSERT INTO episodes (movie_id, name, video_url)
	  VALUES (76, 'Tập 02', 'https://player.phimapi.com/player/?url=https://s6.kkphimplayer6.com/20250822/ZoJfSEVI/index.m3u8');
	INSERT INTO episodes (movie_id, name, video_url)
	  VALUES (76, 'Tập 03', 'https://player.phimapi.com/player/?url=https://s6.kkphimplayer6.com/20250822/eWUGYhNm/index.m3u8');
	INSERT INTO episodes (movie_id, name, video_url)
	  VALUES (76, 'Tập 04', 'https://player.phimapi.com/player/?url=https://s6.kkphimplayer6.com/20250822/0rgajjs4/index.m3u8');
	INSERT INTO episodes (movie_id, name, video_url)
	  VALUES (76, 'Tập 05', 'https://player.phimapi.com/player/?url=https://s6.kkphimplayer6.com/20250822/8Qnytfl9/index.m3u8');
	INSERT INTO episodes (movie_id, name, video_url)
	  VALUES (76, 'Tập 06', 'https://player.phimapi.com/player/?url=https://s6.kkphimplayer6.com/20250829/OLCDxts5/index.m3u8');
	INSERT INTO episodes (movie_id, name, video_url)
	  VALUES (76, 'Tập 07', 'https://player.phimapi.com/player/?url=https://s6.kkphimplayer6.com/20250902/kxWKTsUv/index.m3u8');
	INSERT INTO episodes (movie_id, name, video_url)
	  VALUES (76, 'Tập 08', 'https://player.phimapi.com/player/?url=https://s6.kkphimplayer6.com/20250911/FBPJLBys/index.m3u8');
	INSERT INTO episodes (movie_id, name, video_url)
	  VALUES (76, 'Tập 09', 'https://player.phimapi.com/player/?url=https://s6.kkphimplayer6.com/20250924/jdIwp2FC/index.m3u8');
	INSERT INTO episodes (movie_id, name, video_url)
	  VALUES (76, 'Tập 10', 'https://player.phimapi.com/player/?url=https://s6.kkphimplayer6.com/20250924/e9pnu4Wm/index.m3u8');

	-- Movie: Đô Thị Cổ Tiên Y
	INSERT INTO movies (movie_id, title, description, release_date, poster_url, thumb_url, status)
	VALUES (77, 'Đô Thị Cổ Tiên Y', 'Sinh viên đại học năm thứ ba Diệp Bất Phàm, làm người giả bị đụng cho mẫu thân gom góp tiền chữa bệnh, nhưng gặp phải không theo như chiêu thức ra bài nữ tài xế, bị đụng sau lấy được được Cổ y môn truyền thừa, từ đây thông y thuật, tu công pháp, chơi chuyển đô thị, thắng được vô số người đẹp xem trọng.', '2024', 'https://phimimg.com/upload/vod/20241018-1/422e01866d2bfcb0adfd4ae2a31ef32f.jpg', 'https://phimimg.com/upload/vod/20241018-1/f39df234908b4305fdd20c97020c0eea.jpg', 'showing');
	UPDATE movies SET country='Trung Quốc', language='Vietsub', trailer_url='https://www.youtube.com/watch?v=A_ikX4OhoH4' WHERE movie_id=77;
	INSERT IGNORE INTO genres (name) VALUES ('Hành Động');
	INSERT INTO movie_genres (movie_id, genre_id)
	  SELECT 77, genre_id FROM genres WHERE name='Hành Động' LIMIT 1;
	INSERT IGNORE INTO genres (name) VALUES ('Phiêu Lưu');
	INSERT INTO movie_genres (movie_id, genre_id)
	  SELECT 77, genre_id FROM genres WHERE name='Phiêu Lưu' LIMIT 1;
	INSERT IGNORE INTO genres (name) VALUES ('Viễn Tưởng');
	INSERT INTO movie_genres (movie_id, genre_id)
	  SELECT 77, genre_id FROM genres WHERE name='Viễn Tưởng' LIMIT 1;
	INSERT IGNORE INTO actors (name) VALUES ('Đang cập nhật');
	INSERT INTO movie_actors (movie_id, actor_id)
	  SELECT 77, actor_id FROM actors WHERE name='Đang cập nhật' LIMIT 1;
	INSERT IGNORE INTO directors (name) VALUES ('Đang cập nhật');
	INSERT INTO movie_directors (movie_id, director_id)
	  SELECT 77, director_id FROM directors WHERE name='Đang cập nhật' LIMIT 1;
	INSERT INTO episodes (movie_id, name, video_url)
	  VALUES (77, 'Tập 01', 'https://player.phimapi.com/player/?url=https://s4.phim1280.tv/20241018/5gRnTm6D/index.m3u8');
	INSERT INTO episodes (movie_id, name, video_url)
	  VALUES (77, 'Tập 02', 'https://player.phimapi.com/player/?url=https://s4.phim1280.tv/20241018/lDjMpy6k/index.m3u8');
	INSERT INTO episodes (movie_id, name, video_url)
	  VALUES (77, 'Tập 03', 'https://player.phimapi.com/player/?url=https://s4.phim1280.tv/20241018/VmZ7TMwa/index.m3u8');
	INSERT INTO episodes (movie_id, name, video_url)
	  VALUES (77, 'Tập 04', 'https://player.phimapi.com/player/?url=https://s4.phim1280.tv/20241018/5YkZwF0E/index.m3u8');
	INSERT INTO episodes (movie_id, name, video_url)
	  VALUES (77, 'Tập 05', 'https://player.phimapi.com/player/?url=https://s4.phim1280.tv/20241018/5jXKQWNr/index.m3u8');
	INSERT INTO episodes (movie_id, name, video_url)
	  VALUES (77, 'Tập 06', 'https://player.phimapi.com/player/?url=https://s4.phim1280.tv/20241018/WXO1QHWl/index.m3u8');
	INSERT INTO episodes (movie_id, name, video_url)
	  VALUES (77, 'Tập 07', 'https://player.phimapi.com/player/?url=https://s4.phim1280.tv/20241018/lbYVQrxn/index.m3u8');
	INSERT INTO episodes (movie_id, name, video_url)
	  VALUES (77, 'Tập 08', 'https://player.phimapi.com/player/?url=https://s4.phim1280.tv/20241018/luqPa61e/index.m3u8');
	INSERT INTO episodes (movie_id, name, video_url)
	  VALUES (77, 'Tập 09', 'https://player.phimapi.com/player/?url=https://s4.phim1280.tv/20241018/51g78ssk/index.m3u8');
	INSERT INTO episodes (movie_id, name, video_url)
	  VALUES (77, 'Tập 10', 'https://player.phimapi.com/player/?url=https://s4.phim1280.tv/20241018/uUWBxaEj/index.m3u8');
	INSERT INTO episodes (movie_id, name, video_url)
	  VALUES (77, 'Tập 11', 'https://player.phimapi.com/player/?url=https://s4.phim1280.tv/20241022/nLaxruo7/index.m3u8');
	INSERT INTO episodes (movie_id, name, video_url)
	  VALUES (77, 'Tập 12', 'https://player.phimapi.com/player/?url=https://s5.phim1280.tv/20241025/N1dNBVs0/index.m3u8');
	INSERT INTO episodes (movie_id, name, video_url)
	  VALUES (77, 'Tập 13', 'https://player.phimapi.com/player/?url=https://s4.phim1280.tv/20241028/1YMuJ1eA/index.m3u8');
	INSERT INTO episodes (movie_id, name, video_url)
	  VALUES (77, 'Tập 14', 'https://player.phimapi.com/player/?url=https://s5.phim1280.tv/20241030/XYQjFieP/index.m3u8');
	INSERT INTO episodes (movie_id, name, video_url)
	  VALUES (77, 'Tập 15', 'https://player.phimapi.com/player/?url=https://s4.phim1280.tv/20241103/m1j7i51d/index.m3u8');
	INSERT INTO episodes (movie_id, name, video_url)
	  VALUES (77, 'Tập 16', 'https://player.phimapi.com/player/?url=https://s4.phim1280.tv/20241106/zeUwDEuD/index.m3u8');
	INSERT INTO episodes (movie_id, name, video_url)
	  VALUES (77, 'Tập 17', 'https://player.phimapi.com/player/?url=https://s5.phim1280.tv/20241111/3uzqhhkG/index.m3u8');
	INSERT INTO episodes (movie_id, name, video_url)
	  VALUES (77, 'Tập 18', 'https://player.phimapi.com/player/?url=https://s4.phim1280.tv/20241113/ipdcvL0g/index.m3u8');
	INSERT INTO episodes (movie_id, name, video_url)
	  VALUES (77, 'Tập 19', 'https://player.phimapi.com/player/?url=https://s5.phim1280.tv/20241118/xO3sgJSF/index.m3u8');
	INSERT INTO episodes (movie_id, name, video_url)
	  VALUES (77, 'Tập 20', 'https://player.phimapi.com/player/?url=https://s5.phim1280.tv/20241122/0kNCnnQN/index.m3u8');
	INSERT INTO episodes (movie_id, name, video_url)
	  VALUES (77, 'Tập 21', 'https://player.phimapi.com/player/?url=https://s4.phim1280.tv/20241126/WBkuSi9A/index.m3u8');
	INSERT INTO episodes (movie_id, name, video_url)
	  VALUES (77, 'Tập 22', 'https://player.phimapi.com/player/?url=https://s4.phim1280.tv/20241128/E42gxmjq/index.m3u8');
	INSERT INTO episodes (movie_id, name, video_url)
	  VALUES (77, 'Tập 23', 'https://player.phimapi.com/player/?url=https://s5.phim1280.tv/20241201/jPztxdgp/index.m3u8');
	INSERT INTO episodes (movie_id, name, video_url)
	  VALUES (77, 'Tập 24', 'https://player.phimapi.com/player/?url=https://s5.phim1280.tv/20241205/1T4Z8HVP/index.m3u8');
	INSERT INTO episodes (movie_id, name, video_url)
	  VALUES (77, 'Tập 25', 'https://player.phimapi.com/player/?url=https://s4.phim1280.tv/20241208/xv2Tzz14/index.m3u8');
	INSERT INTO episodes (movie_id, name, video_url)
	  VALUES (77, 'Tập 26', 'https://player.phimapi.com/player/?url=https://s4.phim1280.tv/20241212/bf1QyuM5/index.m3u8');
	INSERT INTO episodes (movie_id, name, video_url)
	  VALUES (77, 'Tập 27', 'https://player.phimapi.com/player/?url=https://s4.phim1280.tv/20241215/i9S20FbV/index.m3u8');
	INSERT INTO episodes (movie_id, name, video_url)
	  VALUES (77, 'Tập 28', 'https://player.phimapi.com/player/?url=https://s4.phim1280.tv/20241218/UrtAjmja/index.m3u8');
	INSERT INTO episodes (movie_id, name, video_url)
	  VALUES (77, 'Tập 29', 'https://player.phimapi.com/player/?url=https://s4.phim1280.tv/20241223/1QafuRws/index.m3u8');
	INSERT INTO episodes (movie_id, name, video_url)
	  VALUES (77, 'Tập 30', 'https://player.phimapi.com/player/?url=https://s5.phim1280.tv/20241225/D2KlPgw2/index.m3u8');
	INSERT INTO episodes (movie_id, name, video_url)
	  VALUES (77, 'Tập 31', 'https://player.phimapi.com/player/?url=https://s5.phim1280.tv/20241229/dVX9QhAW/index.m3u8');
	INSERT INTO episodes (movie_id, name, video_url)
	  VALUES (77, 'Tập 32', 'https://player.phimapi.com/player/?url=https://s4.phim1280.tv/20250102/2mEcNKvf/index.m3u8');
	INSERT INTO episodes (movie_id, name, video_url)
	  VALUES (77, 'Tập 33', 'https://player.phimapi.com/player/?url=https://s5.phim1280.tv/20250111/LfkTM87A/index.m3u8');
	INSERT INTO episodes (movie_id, name, video_url)
	  VALUES (77, 'Tập 34', 'https://player.phimapi.com/player/?url=https://s5.phim1280.tv/20250111/8XmyUHrx/index.m3u8');
	INSERT INTO episodes (movie_id, name, video_url)
	  VALUES (77, 'Tập 35', 'https://player.phimapi.com/player/?url=https://s5.phim1280.tv/20250113/RLY3TJHM/index.m3u8');
	INSERT INTO episodes (movie_id, name, video_url)
	  VALUES (77, 'Tập 36', 'https://player.phimapi.com/player/?url=https://s4.phim1280.tv/20250115/39YvIQAK/index.m3u8');
	INSERT INTO episodes (movie_id, name, video_url)
	  VALUES (77, 'Tập 37', 'https://player.phimapi.com/player/?url=https://s4.phim1280.tv/20250130/GUQYLlgq/index.m3u8');
	INSERT INTO episodes (movie_id, name, video_url)
	  VALUES (77, 'Tập 38', 'https://player.phimapi.com/player/?url=https://s4.phim1280.tv/20250130/cxKjVJss/index.m3u8');
	INSERT INTO episodes (movie_id, name, video_url)
	  VALUES (77, 'Tập 39', 'https://player.phimapi.com/player/?url=https://s4.phim1280.tv/20250130/PX9qYcdk/index.m3u8');
	INSERT INTO episodes (movie_id, name, video_url)
	  VALUES (77, 'Tập 40', 'https://player.phimapi.com/player/?url=https://s4.phim1280.tv/20250130/0HOIiO1Q/index.m3u8');
	INSERT INTO episodes (movie_id, name, video_url)
	  VALUES (77, 'Tập 41', 'https://player.phimapi.com/player/?url=https://s4.phim1280.tv/20250311/SJCWvzVA/index.m3u8');
	INSERT INTO episodes (movie_id, name, video_url)
	  VALUES (77, 'Tập 42', 'https://player.phimapi.com/player/?url=https://s4.phim1280.tv/20250311/bZXkSf9m/index.m3u8');
	INSERT INTO episodes (movie_id, name, video_url)
	  VALUES (77, 'Tập 43', 'https://player.phimapi.com/player/?url=https://s4.phim1280.tv/20250311/l5DMQHMF/index.m3u8');
	INSERT INTO episodes (movie_id, name, video_url)
	  VALUES (77, 'Tập 44', 'https://player.phimapi.com/player/?url=https://s4.phim1280.tv/20250311/9rit4drG/index.m3u8');
	INSERT INTO episodes (movie_id, name, video_url)
	  VALUES (77, 'Tập 45', 'https://player.phimapi.com/player/?url=https://s4.phim1280.tv/20250311/AyNmUQHx/index.m3u8');
	INSERT INTO episodes (movie_id, name, video_url)
	  VALUES (77, 'Tập 46', 'https://player.phimapi.com/player/?url=https://s4.phim1280.tv/20250311/Sq6yRBUI/index.m3u8');
	INSERT INTO episodes (movie_id, name, video_url)
	  VALUES (77, 'Tập 47', 'https://player.phimapi.com/player/?url=https://s4.phim1280.tv/20250311/Oh2joKHN/index.m3u8');
	INSERT INTO episodes (movie_id, name, video_url)
	  VALUES (77, 'Tập 48', 'https://player.phimapi.com/player/?url=https://s4.phim1280.tv/20250311/lV7heeHw/index.m3u8');
	INSERT INTO episodes (movie_id, name, video_url)
	  VALUES (77, 'Tập 49', 'https://player.phimapi.com/player/?url=https://s4.phim1280.tv/20250311/h9YQcPCA/index.m3u8');
	INSERT INTO episodes (movie_id, name, video_url)
	  VALUES (77, 'Tập 50', 'https://player.phimapi.com/player/?url=https://s4.phim1280.tv/20250311/47vvw8Ag/index.m3u8');
	INSERT INTO episodes (movie_id, name, video_url)
	  VALUES (77, 'Tập 51', 'https://player.phimapi.com/player/?url=https://s4.phim1280.tv/20250311/nvow9so7/index.m3u8');
	INSERT INTO episodes (movie_id, name, video_url)
	  VALUES (77, 'Tập 52', 'https://player.phimapi.com/player/?url=https://s4.phim1280.tv/20250312/g3EStDPD/index.m3u8');
	INSERT INTO episodes (movie_id, name, video_url)
	  VALUES (77, 'Tập 53', 'https://player.phimapi.com/player/?url=https://s4.phim1280.tv/20250316/dEe5kjsq/index.m3u8');
	INSERT INTO episodes (movie_id, name, video_url)
	  VALUES (77, 'Tập 54', 'https://player.phimapi.com/player/?url=https://s5.phim1280.tv/20250319/u6aj1iC8/index.m3u8');
	INSERT INTO episodes (movie_id, name, video_url)
	  VALUES (77, 'Tập 55', 'https://player.phimapi.com/player/?url=https://s5.phim1280.tv/20250324/UUg06v6U/index.m3u8');
	INSERT INTO episodes (movie_id, name, video_url)
	  VALUES (77, 'Tập 56', 'https://player.phimapi.com/player/?url=https://s5.phim1280.tv/20250326/Ss04maYB/index.m3u8');
	INSERT INTO episodes (movie_id, name, video_url)
	  VALUES (77, 'Tập 57', 'https://player.phimapi.com/player/?url=https://s4.phim1280.tv/20250330/HXEpfhVe/index.m3u8');
	INSERT INTO episodes (movie_id, name, video_url)
	  VALUES (77, 'Tập 58', 'https://player.phimapi.com/player/?url=https://s5.phim1280.tv/20250402/kcJuKzrV/index.m3u8');
	INSERT INTO episodes (movie_id, name, video_url)
	  VALUES (77, 'Tập 59', 'https://player.phimapi.com/player/?url=https://s5.phim1280.tv/20250407/0zuTkJsd/index.m3u8');
	INSERT INTO episodes (movie_id, name, video_url)
	  VALUES (77, 'Tập 60', 'https://player.phimapi.com/player/?url=https://s4.phim1280.tv/20250410/LBBIseI2/index.m3u8');
	INSERT INTO episodes (movie_id, name, video_url)
	  VALUES (77, 'Tập 61', 'https://player.phimapi.com/player/?url=https://s4.phim1280.tv/20250413/89KPhMUF/index.m3u8');
	INSERT INTO episodes (movie_id, name, video_url)
	  VALUES (77, 'Tập 62', 'https://player.phimapi.com/player/?url=https://s4.phim1280.tv/20250416/vOMqqnjd/index.m3u8');
	INSERT INTO episodes (movie_id, name, video_url)
	  VALUES (77, 'Tập 63', 'https://player.phimapi.com/player/?url=https://s5.phim1280.tv/20250420/6uAu3aQI/index.m3u8');
	INSERT INTO episodes (movie_id, name, video_url)
	  VALUES (77, 'Tập 64', 'https://player.phimapi.com/player/?url=https://s4.phim1280.tv/20250423/2tA3aQU5/index.m3u8');
	INSERT INTO episodes (movie_id, name, video_url)
	  VALUES (77, 'Tập 65', 'https://player.phimapi.com/player/?url=https://s4.phim1280.tv/20250428/7rfUH8jr/index.m3u8');
	INSERT INTO episodes (movie_id, name, video_url)
	  VALUES (77, 'Tập 66', 'https://player.phimapi.com/player/?url=https://s5.phim1280.tv/20250430/FCikPuyS/index.m3u8');
	INSERT INTO episodes (movie_id, name, video_url)
	  VALUES (77, 'Tập 67', 'https://player.phimapi.com/player/?url=https://s5.phim1280.tv/20250504/Cp7yjbyV/index.m3u8');
	INSERT INTO episodes (movie_id, name, video_url)
	  VALUES (77, 'Tập 68', 'https://player.phimapi.com/player/?url=https://s4.phim1280.tv/20250507/9I6z6SmD/index.m3u8');
	INSERT INTO episodes (movie_id, name, video_url)
	  VALUES (77, 'Tập 69', 'https://player.phimapi.com/player/?url=https://s4.phim1280.tv/20250511/CBMV6wjh/index.m3u8');
	INSERT INTO episodes (movie_id, name, video_url)
	  VALUES (77, 'Tập 70', 'https://player.phimapi.com/player/?url=https://s4.phim1280.tv/20250514/2rI28YJQ/index.m3u8');
	INSERT INTO episodes (movie_id, name, video_url)
	  VALUES (77, 'Tập 71', 'https://player.phimapi.com/player/?url=https://s4.phim1280.tv/20250519/6o85tbYk/index.m3u8');
	INSERT INTO episodes (movie_id, name, video_url)
	  VALUES (77, 'Tập 72', 'https://player.phimapi.com/player/?url=https://s4.phim1280.tv/20250521/qXhmEwbv/index.m3u8');
	INSERT INTO episodes (movie_id, name, video_url)
	  VALUES (77, 'Tập 73', 'https://player.phimapi.com/player/?url=https://s6.kkphimplayer6.com/20250525/Oq7pr9Wf/index.m3u8');
	INSERT INTO episodes (movie_id, name, video_url)
	  VALUES (77, 'Tập 74', 'https://player.phimapi.com/player/?url=https://s6.kkphimplayer6.com/20250528/EJUiVnd2/index.m3u8');
	INSERT INTO episodes (movie_id, name, video_url)
	  VALUES (77, 'Tập 75', 'https://player.phimapi.com/player/?url=https://s6.kkphimplayer6.com/20250602/m2ugEFtW/index.m3u8');
	INSERT INTO episodes (movie_id, name, video_url)
	  VALUES (77, 'Tập 76', 'https://player.phimapi.com/player/?url=https://s6.kkphimplayer6.com/20250604/GdQKHF6d/index.m3u8');
	INSERT INTO episodes (movie_id, name, video_url)
	  VALUES (77, 'Tập 77', 'https://player.phimapi.com/player/?url=https://s6.kkphimplayer6.com/20250609/lIiWyK57/index.m3u8');
	INSERT INTO episodes (movie_id, name, video_url)
	  VALUES (77, 'Tập 78', 'https://player.phimapi.com/player/?url=https://s6.kkphimplayer6.com/20250611/Qc24mw9D/index.m3u8');
	INSERT INTO episodes (movie_id, name, video_url)
	  VALUES (77, 'Tập 79', 'https://player.phimapi.com/player/?url=https://s6.kkphimplayer6.com/20250616/Es40Kuuo/index.m3u8');
	INSERT INTO episodes (movie_id, name, video_url)
	  VALUES (77, 'Tập 80', 'https://player.phimapi.com/player/?url=https://s6.kkphimplayer6.com/20250618/935zfavO/index.m3u8');
	INSERT INTO episodes (movie_id, name, video_url)
	  VALUES (77, 'Tập 81', 'https://player.phimapi.com/player/?url=https://s6.kkphimplayer6.com/20250622/aNtS19mY/index.m3u8');
	INSERT INTO episodes (movie_id, name, video_url)
	  VALUES (77, 'Tập 82', 'https://player.phimapi.com/player/?url=https://s6.kkphimplayer6.com/20250627/vR563krP/index.m3u8');
	INSERT INTO episodes (movie_id, name, video_url)
	  VALUES (77, 'Tập 83', 'https://player.phimapi.com/player/?url=https://s6.kkphimplayer6.com/20250630/4DJDmLy8/index.m3u8');
	INSERT INTO episodes (movie_id, name, video_url)
	  VALUES (77, 'Tập 84', 'https://player.phimapi.com/player/?url=https://s6.kkphimplayer6.com/20250702/9gziktjF/index.m3u8');
	INSERT INTO episodes (movie_id, name, video_url)
	  VALUES (77, 'Tập 85', 'https://player.phimapi.com/player/?url=https://s6.kkphimplayer6.com/20250707/sxChu2Hy/index.m3u8');
	INSERT INTO episodes (movie_id, name, video_url)
	  VALUES (77, 'Tập 86', 'https://player.phimapi.com/player/?url=https://s6.kkphimplayer6.com/20250713/qz9Lji9i/index.m3u8');
	INSERT INTO episodes (movie_id, name, video_url)
	  VALUES (77, 'Tập 87', 'https://player.phimapi.com/player/?url=https://s6.kkphimplayer6.com/20250713/GMkTsC19/index.m3u8');
	INSERT INTO episodes (movie_id, name, video_url)
	  VALUES (77, 'Tập 88', 'https://player.phimapi.com/player/?url=https://s6.kkphimplayer6.com/20250717/3CAMJtV8/index.m3u8');
	INSERT INTO episodes (movie_id, name, video_url)
	  VALUES (77, 'Tập 89', 'https://player.phimapi.com/player/?url=https://s6.kkphimplayer6.com/20250723/sPgt6hfU/index.m3u8');
	INSERT INTO episodes (movie_id, name, video_url)
	  VALUES (77, 'Tập 90', 'https://player.phimapi.com/player/?url=https://s6.kkphimplayer6.com/20250723/jA90ZZbX/index.m3u8');
	INSERT INTO episodes (movie_id, name, video_url)
	  VALUES (77, 'Tập 91', 'https://player.phimapi.com/player/?url=https://s6.kkphimplayer6.com/20250728/2zA6aufe/index.m3u8');
	INSERT INTO episodes (movie_id, name, video_url)
	  VALUES (77, 'Tập 92', 'https://player.phimapi.com/player/?url=https://s6.kkphimplayer6.com/20250801/WTPRJkuS/index.m3u8');
	INSERT INTO episodes (movie_id, name, video_url)
	  VALUES (77, 'Tập 93', 'https://player.phimapi.com/player/?url=https://s6.kkphimplayer6.com/20250803/hYUlEIRg/index.m3u8');
	INSERT INTO episodes (movie_id, name, video_url)
	  VALUES (77, 'Tập 94', 'https://player.phimapi.com/player/?url=https://s6.kkphimplayer6.com/20250807/5RoylU5o/index.m3u8');
	INSERT INTO episodes (movie_id, name, video_url)
	  VALUES (77, 'Tập 95', 'https://player.phimapi.com/player/?url=https://s6.kkphimplayer6.com/20250811/ZaWH1FTb/index.m3u8');
	INSERT INTO episodes (movie_id, name, video_url)
	  VALUES (77, 'Tập 96', 'https://player.phimapi.com/player/?url=https://s6.kkphimplayer6.com/20250815/PvzQflKd/index.m3u8');
	INSERT INTO episodes (movie_id, name, video_url)
	  VALUES (77, 'Tập 97', 'https://player.phimapi.com/player/?url=https://s6.kkphimplayer6.com/20250819/fKElUVVJ/index.m3u8');
	INSERT INTO episodes (movie_id, name, video_url)
	  VALUES (77, 'Tập 98', 'https://player.phimapi.com/player/?url=https://s6.kkphimplayer6.com/20250822/yfnucwNU/index.m3u8');
	INSERT INTO episodes (movie_id, name, video_url)
	  VALUES (77, 'Tập 99', 'https://player.phimapi.com/player/?url=https://s6.kkphimplayer6.com/20250829/5zTqUzPw/index.m3u8');
	INSERT INTO episodes (movie_id, name, video_url)
	  VALUES (77, 'Tập 100', 'https://player.phimapi.com/player/?url=https://s6.kkphimplayer6.com/20250829/LxCA3Hj7/index.m3u8');
	INSERT INTO episodes (movie_id, name, video_url)
	  VALUES (77, 'Tập 101', 'https://player.phimapi.com/player/?url=https://s6.kkphimplayer6.com/20250902/h9qDFblT/index.m3u8');
	INSERT INTO episodes (movie_id, name, video_url)
	  VALUES (77, 'Tập 102', 'https://player.phimapi.com/player/?url=https://s6.kkphimplayer6.com/20250905/Z6kkiQT1/index.m3u8');
	INSERT INTO episodes (movie_id, name, video_url)
	  VALUES (77, 'Tập 103', 'https://player.phimapi.com/player/?url=https://s6.kkphimplayer6.com/20250907/YwspgBSw/index.m3u8');
	INSERT INTO episodes (movie_id, name, video_url)
	  VALUES (77, 'Tập 104', 'https://player.phimapi.com/player/?url=https://s6.kkphimplayer6.com/20250911/vU1zsFFP/index.m3u8');
	INSERT INTO episodes (movie_id, name, video_url)
	  VALUES (77, 'Tập 105', 'https://player.phimapi.com/player/?url=https://s6.kkphimplayer6.com/20250915/QeS3i7GY/index.m3u8');
	INSERT INTO episodes (movie_id, name, video_url)
	  VALUES (77, 'Tập 106', 'https://player.phimapi.com/player/?url=https://s6.kkphimplayer6.com/20250918/69WVKAc4/index.m3u8');
	INSERT INTO episodes (movie_id, name, video_url)
	  VALUES (77, 'Tập 107', 'https://player.phimapi.com/player/?url=https://s6.kkphimplayer6.com/20250922/85E7wvdR/index.m3u8');
	INSERT INTO episodes (movie_id, name, video_url)
	  VALUES (77, 'Tập 108', 'https://player.phimapi.com/player/?url=https://s6.kkphimplayer6.com/20250924/8nPyJBUj/index.m3u8');

	-- Movie: Vạn Giới Độc Tôn
	INSERT INTO movies (movie_id, title, description, release_date, poster_url, thumb_url, status)
	VALUES (78, 'Vạn Giới Độc Tôn', 'Với sự trợ giúp của Phượng Hoàng huyết mạch, Lâm Phong đã vượt qua mọi khó khăndần &nbsp;từng bước tiến lên trên con đường võ đạo. Anh trải qua những thử thách đầy nguy hiểm, chiến đấu với những đối thủ mạnh mẽ. Lâm Phong trở thành một cường giả được tôn kính.', '2021', 'https://phimimg.com/upload/vod/20250308-1/25c9c7486b5de820475bd8fe0ccb316e.jpg', 'https://phimimg.com/upload/vod/20250308-1/4b81238b9844aa16e3f7e9ee8afdbc94.jpg', 'showing');
	UPDATE movies SET country='Trung Quốc', language='Vietsub', trailer_url=NULL WHERE movie_id=78;
	INSERT IGNORE INTO genres (name) VALUES ('Chính Kịch');
	INSERT INTO movie_genres (movie_id, genre_id)
	  SELECT 78, genre_id FROM genres WHERE name='Chính Kịch' LIMIT 1;
	INSERT IGNORE INTO genres (name) VALUES ('Hành Động');
	INSERT INTO movie_genres (movie_id, genre_id)
	  SELECT 78, genre_id FROM genres WHERE name='Hành Động' LIMIT 1;
	INSERT IGNORE INTO genres (name) VALUES ('Phiêu Lưu');
	INSERT INTO movie_genres (movie_id, genre_id)
	  SELECT 78, genre_id FROM genres WHERE name='Phiêu Lưu' LIMIT 1;
	INSERT IGNORE INTO genres (name) VALUES ('Khoa Học');
	INSERT INTO movie_genres (movie_id, genre_id)
	  SELECT 78, genre_id FROM genres WHERE name='Khoa Học' LIMIT 1;
	INSERT IGNORE INTO genres (name) VALUES ('Viễn Tưởng');
	INSERT INTO movie_genres (movie_id, genre_id)
	  SELECT 78, genre_id FROM genres WHERE name='Viễn Tưởng' LIMIT 1;
	INSERT IGNORE INTO actors (name) VALUES ('Đang cập nhật');
	INSERT INTO movie_actors (movie_id, actor_id)
	  SELECT 78, actor_id FROM actors WHERE name='Đang cập nhật' LIMIT 1;
	INSERT IGNORE INTO directors (name) VALUES ('Đang cập nhật');
	INSERT INTO movie_directors (movie_id, director_id)
	  SELECT 78, director_id FROM directors WHERE name='Đang cập nhật' LIMIT 1;
	INSERT INTO episodes (movie_id, name, video_url)
	  VALUES (78, 'Tập 01-03', 'https://player.phimapi.com/player/?url=https://s5.phim1280.tv/20250308/jss6azUX/index.m3u8');
	INSERT INTO episodes (movie_id, name, video_url)
	  VALUES (78, 'Tập 04-05', 'https://player.phimapi.com/player/?url=https://s5.phim1280.tv/20250308/V6HkY3je/index.m3u8');
	INSERT INTO episodes (movie_id, name, video_url)
	  VALUES (78, 'Tập 06', 'https://player.phimapi.com/player/?url=https://s5.phim1280.tv/20250308/9sgeaRE7/index.m3u8');
	INSERT INTO episodes (movie_id, name, video_url)
	  VALUES (78, 'Tập 07', 'https://player.phimapi.com/player/?url=https://s5.phim1280.tv/20250308/JtmUKtMg/index.m3u8');
	INSERT INTO episodes (movie_id, name, video_url)
	  VALUES (78, 'Tập 08', 'https://player.phimapi.com/player/?url=https://s5.phim1280.tv/20250308/ppXcr5ZP/index.m3u8');
	INSERT INTO episodes (movie_id, name, video_url)
	  VALUES (78, 'Tập 09', 'https://player.phimapi.com/player/?url=https://s5.phim1280.tv/20250308/N03rabBu/index.m3u8');
	INSERT INTO episodes (movie_id, name, video_url)
	  VALUES (78, 'Tập 10', 'https://player.phimapi.com/player/?url=https://s5.phim1280.tv/20250308/TTTCcJPl/index.m3u8');
	INSERT INTO episodes (movie_id, name, video_url)
	  VALUES (78, 'Tập 11', 'https://player.phimapi.com/player/?url=https://s5.phim1280.tv/20250308/SWHtCKos/index.m3u8');
	INSERT INTO episodes (movie_id, name, video_url)
	  VALUES (78, 'Tập 12', 'https://player.phimapi.com/player/?url=https://s5.phim1280.tv/20250308/vyK0HJ7f/index.m3u8');
	INSERT INTO episodes (movie_id, name, video_url)
	  VALUES (78, 'Tập 13', 'https://player.phimapi.com/player/?url=https://s5.phim1280.tv/20250308/vqZGzoKD/index.m3u8');
	INSERT INTO episodes (movie_id, name, video_url)
	  VALUES (78, 'Tập 14', 'https://player.phimapi.com/player/?url=https://s5.phim1280.tv/20250308/CuZ0l7xN/index.m3u8');
	INSERT INTO episodes (movie_id, name, video_url)
	  VALUES (78, 'Tập 15', 'https://player.phimapi.com/player/?url=https://s5.phim1280.tv/20250308/JYkP8lwH/index.m3u8');
	INSERT INTO episodes (movie_id, name, video_url)
	  VALUES (78, 'Tập 16', 'https://player.phimapi.com/player/?url=https://s5.phim1280.tv/20250308/u0OczcIF/index.m3u8');
	INSERT INTO episodes (movie_id, name, video_url)
	  VALUES (78, 'Tập 17', 'https://player.phimapi.com/player/?url=https://s5.phim1280.tv/20250308/yy82jHmH/index.m3u8');
	INSERT INTO episodes (movie_id, name, video_url)
	  VALUES (78, 'Tập 18', 'https://player.phimapi.com/player/?url=https://s5.phim1280.tv/20250308/rMkScsZe/index.m3u8');
	INSERT INTO episodes (movie_id, name, video_url)
	  VALUES (78, 'Tập 19', 'https://player.phimapi.com/player/?url=https://s5.phim1280.tv/20250308/vs7B7JzD/index.m3u8');
	INSERT INTO episodes (movie_id, name, video_url)
	  VALUES (78, 'Tập 20', 'https://player.phimapi.com/player/?url=https://s5.phim1280.tv/20250308/p1dX7nkl/index.m3u8');
	INSERT INTO episodes (movie_id, name, video_url)
	  VALUES (78, 'Tập 21', 'https://player.phimapi.com/player/?url=https://s5.phim1280.tv/20250308/lWY1PNw8/index.m3u8');
	INSERT INTO episodes (movie_id, name, video_url)
	  VALUES (78, 'Tập 22', 'https://player.phimapi.com/player/?url=https://s5.phim1280.tv/20250308/c7cJCqA9/index.m3u8');
	INSERT INTO episodes (movie_id, name, video_url)
	  VALUES (78, 'Tập 23', 'https://player.phimapi.com/player/?url=https://s5.phim1280.tv/20250308/AwPq7Q3C/index.m3u8');
	INSERT INTO episodes (movie_id, name, video_url)
	  VALUES (78, 'Tập 24', 'https://player.phimapi.com/player/?url=https://s5.phim1280.tv/20250308/Ex2O3oLl/index.m3u8');
	INSERT INTO episodes (movie_id, name, video_url)
	  VALUES (78, 'Tập 25', 'https://player.phimapi.com/player/?url=https://s5.phim1280.tv/20250308/4hRaCAJJ/index.m3u8');
	INSERT INTO episodes (movie_id, name, video_url)
	  VALUES (78, 'Tập 26', 'https://player.phimapi.com/player/?url=https://s5.phim1280.tv/20250308/yhzypxZW/index.m3u8');
	INSERT INTO episodes (movie_id, name, video_url)
	  VALUES (78, 'Tập 27', 'https://player.phimapi.com/player/?url=https://s5.phim1280.tv/20250308/jmjis0bQ/index.m3u8');
	INSERT INTO episodes (movie_id, name, video_url)
	  VALUES (78, 'Tập 28', 'https://player.phimapi.com/player/?url=https://s5.phim1280.tv/20250308/VsPooNpV/index.m3u8');
	INSERT INTO episodes (movie_id, name, video_url)
	  VALUES (78, 'Tập 29', 'https://player.phimapi.com/player/?url=https://s5.phim1280.tv/20250308/DMpte3gh/index.m3u8');
	INSERT INTO episodes (movie_id, name, video_url)
	  VALUES (78, 'Tập 30', 'https://player.phimapi.com/player/?url=https://s5.phim1280.tv/20250308/ztQmgXh6/index.m3u8');
	INSERT INTO episodes (movie_id, name, video_url)
	  VALUES (78, 'Tập 31', 'https://player.phimapi.com/player/?url=https://s5.phim1280.tv/20250308/tIMMiFSR/index.m3u8');
	INSERT INTO episodes (movie_id, name, video_url)
	  VALUES (78, 'Tập 32', 'https://player.phimapi.com/player/?url=https://s5.phim1280.tv/20250308/6TbY0fEd/index.m3u8');
	INSERT INTO episodes (movie_id, name, video_url)
	  VALUES (78, 'Tập 33', 'https://player.phimapi.com/player/?url=https://s5.phim1280.tv/20250308/GFAKQRLX/index.m3u8');
	INSERT INTO episodes (movie_id, name, video_url)
	  VALUES (78, 'Tập 34', 'https://player.phimapi.com/player/?url=https://s5.phim1280.tv/20250308/gEmek9OJ/index.m3u8');
	INSERT INTO episodes (movie_id, name, video_url)
	  VALUES (78, 'Tập 35', 'https://player.phimapi.com/player/?url=https://s5.phim1280.tv/20250308/kDj9hgx6/index.m3u8');
	INSERT INTO episodes (movie_id, name, video_url)
	  VALUES (78, 'Tập 36', 'https://player.phimapi.com/player/?url=https://s5.phim1280.tv/20250308/3Pd6hX2D/index.m3u8');
	INSERT INTO episodes (movie_id, name, video_url)
	  VALUES (78, 'Tập 37', 'https://player.phimapi.com/player/?url=https://s5.phim1280.tv/20250308/BUHzlska/index.m3u8');
	INSERT INTO episodes (movie_id, name, video_url)
	  VALUES (78, 'Tập 38', 'https://player.phimapi.com/player/?url=https://s5.phim1280.tv/20250308/VcES8M1q/index.m3u8');
	INSERT INTO episodes (movie_id, name, video_url)
	  VALUES (78, 'Tập 39', 'https://player.phimapi.com/player/?url=https://s5.phim1280.tv/20250308/1MsxK2OR/index.m3u8');
	INSERT INTO episodes (movie_id, name, video_url)
	  VALUES (78, 'Tập 40', 'https://player.phimapi.com/player/?url=https://s5.phim1280.tv/20250308/xbGgEvHj/index.m3u8');
	INSERT INTO episodes (movie_id, name, video_url)
	  VALUES (78, 'Tập 41', 'https://player.phimapi.com/player/?url=https://s5.phim1280.tv/20250308/fxZ3Jjoh/index.m3u8');
	INSERT INTO episodes (movie_id, name, video_url)
	  VALUES (78, 'Tập 42', 'https://player.phimapi.com/player/?url=https://s5.phim1280.tv/20250308/oZj9JXCM/index.m3u8');
	INSERT INTO episodes (movie_id, name, video_url)
	  VALUES (78, 'Tập 43', 'https://player.phimapi.com/player/?url=https://s5.phim1280.tv/20250308/bCW2RNrM/index.m3u8');
	INSERT INTO episodes (movie_id, name, video_url)
	  VALUES (78, 'Tập 44', 'https://player.phimapi.com/player/?url=https://s5.phim1280.tv/20250308/hG6aVv1g/index.m3u8');
	INSERT INTO episodes (movie_id, name, video_url)
	  VALUES (78, 'Tập 45', 'https://player.phimapi.com/player/?url=https://s5.phim1280.tv/20250308/U8pL4VcE/index.m3u8');
	INSERT INTO episodes (movie_id, name, video_url)
	  VALUES (78, 'Tập 46', 'https://player.phimapi.com/player/?url=https://s5.phim1280.tv/20250308/HVe2NZpf/index.m3u8');
	INSERT INTO episodes (movie_id, name, video_url)
	  VALUES (78, 'Tập 47', 'https://player.phimapi.com/player/?url=https://s5.phim1280.tv/20250308/ITvZF2zM/index.m3u8');
	INSERT INTO episodes (movie_id, name, video_url)
	  VALUES (78, 'Tập 48', 'https://player.phimapi.com/player/?url=https://s5.phim1280.tv/20250308/o9cVPDEp/index.m3u8');
	INSERT INTO episodes (movie_id, name, video_url)
	  VALUES (78, 'Tập 49', 'https://player.phimapi.com/player/?url=https://s5.phim1280.tv/20250308/IwVVWW0i/index.m3u8');
	INSERT INTO episodes (movie_id, name, video_url)
	  VALUES (78, 'Tập 50', 'https://player.phimapi.com/player/?url=https://s5.phim1280.tv/20250308/ya7q3POZ/index.m3u8');
	INSERT INTO episodes (movie_id, name, video_url)
	  VALUES (78, 'Tập 51', 'https://player.phimapi.com/player/?url=https://s5.phim1280.tv/20250308/mRdqdBaI/index.m3u8');
	INSERT INTO episodes (movie_id, name, video_url)
	  VALUES (78, 'Tập 52', 'https://player.phimapi.com/player/?url=https://s5.phim1280.tv/20250308/hVvs6kY9/index.m3u8');
	INSERT INTO episodes (movie_id, name, video_url)
	  VALUES (78, 'Tập 53', 'https://player.phimapi.com/player/?url=https://s5.phim1280.tv/20250308/b1F4g3Gg/index.m3u8');
	INSERT INTO episodes (movie_id, name, video_url)
	  VALUES (78, 'Tập 54', 'https://player.phimapi.com/player/?url=https://s5.phim1280.tv/20250308/76xbHkzg/index.m3u8');
	INSERT INTO episodes (movie_id, name, video_url)
	  VALUES (78, 'Tập 55', 'https://player.phimapi.com/player/?url=https://s5.phim1280.tv/20250308/1oMUi00Y/index.m3u8');
	INSERT INTO episodes (movie_id, name, video_url)
	  VALUES (78, 'Tập 56', 'https://player.phimapi.com/player/?url=https://s5.phim1280.tv/20250308/eGFn9i1Q/index.m3u8');
	INSERT INTO episodes (movie_id, name, video_url)
	  VALUES (78, 'Tập 57', 'https://player.phimapi.com/player/?url=https://s5.phim1280.tv/20250308/Aozsgf4S/index.m3u8');
	INSERT INTO episodes (movie_id, name, video_url)
	  VALUES (78, 'Tập 58', 'https://player.phimapi.com/player/?url=https://s5.phim1280.tv/20250308/D2DbJ5ut/index.m3u8');
	INSERT INTO episodes (movie_id, name, video_url)
	  VALUES (78, 'Tập 59', 'https://player.phimapi.com/player/?url=https://s5.phim1280.tv/20250308/saSBTPyD/index.m3u8');
	INSERT INTO episodes (movie_id, name, video_url)
	  VALUES (78, 'Tập 60', 'https://player.phimapi.com/player/?url=https://s5.phim1280.tv/20250308/z5krzt9E/index.m3u8');
	INSERT INTO episodes (movie_id, name, video_url)
	  VALUES (78, 'Tập 61', 'https://player.phimapi.com/player/?url=https://s5.phim1280.tv/20250308/bMz1s0xt/index.m3u8');
	INSERT INTO episodes (movie_id, name, video_url)
	  VALUES (78, 'Tập 62', 'https://player.phimapi.com/player/?url=https://s5.phim1280.tv/20250308/Qy3vw71E/index.m3u8');
	INSERT INTO episodes (movie_id, name, video_url)
	  VALUES (78, 'Tập 63', 'https://player.phimapi.com/player/?url=https://s5.phim1280.tv/20250308/BcT42cIN/index.m3u8');
	INSERT INTO episodes (movie_id, name, video_url)
	  VALUES (78, 'Tập 64', 'https://player.phimapi.com/player/?url=https://s5.phim1280.tv/20250308/azE0a8V7/index.m3u8');
	INSERT INTO episodes (movie_id, name, video_url)
	  VALUES (78, 'Tập 65', 'https://player.phimapi.com/player/?url=https://s5.phim1280.tv/20250308/5uGAwpnR/index.m3u8');
	INSERT INTO episodes (movie_id, name, video_url)
	  VALUES (78, 'Tập 66', 'https://player.phimapi.com/player/?url=https://s5.phim1280.tv/20250308/ucfsaq2n/index.m3u8');
	INSERT INTO episodes (movie_id, name, video_url)
	  VALUES (78, 'Tập 67', 'https://player.phimapi.com/player/?url=https://s5.phim1280.tv/20250308/RimboT4a/index.m3u8');
	INSERT INTO episodes (movie_id, name, video_url)
	  VALUES (78, 'Tập 68', 'https://player.phimapi.com/player/?url=https://s5.phim1280.tv/20250308/aGFu4GXy/index.m3u8');
	INSERT INTO episodes (movie_id, name, video_url)
	  VALUES (78, 'Tập 69', 'https://player.phimapi.com/player/?url=https://s5.phim1280.tv/20250308/60mMlegm/index.m3u8');
	INSERT INTO episodes (movie_id, name, video_url)
	  VALUES (78, 'Tập 70', 'https://player.phimapi.com/player/?url=https://s5.phim1280.tv/20250308/4VYtyaZn/index.m3u8');
	INSERT INTO episodes (movie_id, name, video_url)
	  VALUES (78, 'Tập 71', 'https://player.phimapi.com/player/?url=https://s5.phim1280.tv/20250308/wOiYhaW0/index.m3u8');
	INSERT INTO episodes (movie_id, name, video_url)
	  VALUES (78, 'Tập 72', 'https://player.phimapi.com/player/?url=https://s5.phim1280.tv/20250308/KDDBoWmx/index.m3u8');
	INSERT INTO episodes (movie_id, name, video_url)
	  VALUES (78, 'Tập 73', 'https://player.phimapi.com/player/?url=https://s5.phim1280.tv/20250308/hNI7FgG9/index.m3u8');
	INSERT INTO episodes (movie_id, name, video_url)
	  VALUES (78, 'Tập 74', 'https://player.phimapi.com/player/?url=https://s5.phim1280.tv/20250308/zyc1xwL5/index.m3u8');
	INSERT INTO episodes (movie_id, name, video_url)
	  VALUES (78, 'Tập 75', 'https://player.phimapi.com/player/?url=https://s5.phim1280.tv/20250308/rsu0kJnb/index.m3u8');
	INSERT INTO episodes (movie_id, name, video_url)
	  VALUES (78, 'Tập 76', 'https://player.phimapi.com/player/?url=https://s5.phim1280.tv/20250308/aJ1IREek/index.m3u8');
	INSERT INTO episodes (movie_id, name, video_url)
	  VALUES (78, 'Tập 77', 'https://player.phimapi.com/player/?url=https://s5.phim1280.tv/20250308/OrKjAN0y/index.m3u8');
	INSERT INTO episodes (movie_id, name, video_url)
	  VALUES (78, 'Tập 78', 'https://player.phimapi.com/player/?url=https://s5.phim1280.tv/20250308/OHnjynMX/index.m3u8');
	INSERT INTO episodes (movie_id, name, video_url)
	  VALUES (78, 'Tập 79', 'https://player.phimapi.com/player/?url=https://s5.phim1280.tv/20250308/oXzB9UFm/index.m3u8');
	INSERT INTO episodes (movie_id, name, video_url)
	  VALUES (78, 'Tập 80', 'https://player.phimapi.com/player/?url=https://s5.phim1280.tv/20250308/EIBmO2ha/index.m3u8');
	INSERT INTO episodes (movie_id, name, video_url)
	  VALUES (78, 'Tập 81', 'https://player.phimapi.com/player/?url=https://s5.phim1280.tv/20250308/3WSwJPgR/index.m3u8');
	INSERT INTO episodes (movie_id, name, video_url)
	  VALUES (78, 'Tập 82', 'https://player.phimapi.com/player/?url=https://s5.phim1280.tv/20250308/tyFyYczR/index.m3u8');
	INSERT INTO episodes (movie_id, name, video_url)
	  VALUES (78, 'Tập 83', 'https://player.phimapi.com/player/?url=https://s5.phim1280.tv/20250308/b1UeQ76E/index.m3u8');
	INSERT INTO episodes (movie_id, name, video_url)
	  VALUES (78, 'Tập 84', 'https://player.phimapi.com/player/?url=https://s5.phim1280.tv/20250308/yTpmpKo3/index.m3u8');
	INSERT INTO episodes (movie_id, name, video_url)
	  VALUES (78, 'Tập 85', 'https://player.phimapi.com/player/?url=https://s5.phim1280.tv/20250308/FLh22Xgk/index.m3u8');
	INSERT INTO episodes (movie_id, name, video_url)
	  VALUES (78, 'Tập 86', 'https://player.phimapi.com/player/?url=https://s5.phim1280.tv/20250308/BuRwolC5/index.m3u8');
	INSERT INTO episodes (movie_id, name, video_url)
	  VALUES (78, 'Tập 87', 'https://player.phimapi.com/player/?url=https://s5.phim1280.tv/20250308/O8QE8MLk/index.m3u8');
	INSERT INTO episodes (movie_id, name, video_url)
	  VALUES (78, 'Tập 88', 'https://player.phimapi.com/player/?url=https://s5.phim1280.tv/20250308/vcBVRAv9/index.m3u8');
	INSERT INTO episodes (movie_id, name, video_url)
	  VALUES (78, 'Tập 89', 'https://player.phimapi.com/player/?url=https://s5.phim1280.tv/20250308/g4mgL1Et/index.m3u8');
	INSERT INTO episodes (movie_id, name, video_url)
	  VALUES (78, 'Tập 90', 'https://player.phimapi.com/player/?url=https://s5.phim1280.tv/20250308/NJePHPpQ/index.m3u8');
	INSERT INTO episodes (movie_id, name, video_url)
	  VALUES (78, 'Tập 91', 'https://player.phimapi.com/player/?url=https://s5.phim1280.tv/20250308/m2n5fFEe/index.m3u8');
	INSERT INTO episodes (movie_id, name, video_url)
	  VALUES (78, 'Tập 92', 'https://player.phimapi.com/player/?url=https://s5.phim1280.tv/20250308/1v337sWW/index.m3u8');
	INSERT INTO episodes (movie_id, name, video_url)
	  VALUES (78, 'Tập 93', 'https://player.phimapi.com/player/?url=https://s5.phim1280.tv/20250308/BIDBS8yO/index.m3u8');
	INSERT INTO episodes (movie_id, name, video_url)
	  VALUES (78, 'Tập 94', 'https://player.phimapi.com/player/?url=https://s5.phim1280.tv/20250308/ocgIFtch/index.m3u8');
	INSERT INTO episodes (movie_id, name, video_url)
	  VALUES (78, 'Tập 95', 'https://player.phimapi.com/player/?url=https://s5.phim1280.tv/20250308/ebTY1OV0/index.m3u8');
	INSERT INTO episodes (movie_id, name, video_url)
	  VALUES (78, 'Tập 96', 'https://player.phimapi.com/player/?url=https://s5.phim1280.tv/20250308/u8ZO5NcV/index.m3u8');
	INSERT INTO episodes (movie_id, name, video_url)
	  VALUES (78, 'Tập 97', 'https://player.phimapi.com/player/?url=https://s5.phim1280.tv/20250308/Ln1kZMWy/index.m3u8');
	INSERT INTO episodes (movie_id, name, video_url)
	  VALUES (78, 'Tập 98', 'https://player.phimapi.com/player/?url=https://s5.phim1280.tv/20250308/R3muUQvD/index.m3u8');
	INSERT INTO episodes (movie_id, name, video_url)
	  VALUES (78, 'Tập 99', 'https://player.phimapi.com/player/?url=https://s5.phim1280.tv/20250308/6XDGeaku/index.m3u8');
	INSERT INTO episodes (movie_id, name, video_url)
	  VALUES (78, 'Tập 100', 'https://player.phimapi.com/player/?url=https://s5.phim1280.tv/20250308/LYh2oPfD/index.m3u8');
	INSERT INTO episodes (movie_id, name, video_url)
	  VALUES (78, 'Tập 101', 'https://player.phimapi.com/player/?url=https://s5.phim1280.tv/20250308/PA4xIDTo/index.m3u8');
	INSERT INTO episodes (movie_id, name, video_url)
	  VALUES (78, 'Tập 102', 'https://player.phimapi.com/player/?url=https://s5.phim1280.tv/20250308/woNT2Cw3/index.m3u8');
	INSERT INTO episodes (movie_id, name, video_url)
	  VALUES (78, 'Tập 103', 'https://player.phimapi.com/player/?url=https://s5.phim1280.tv/20250308/xbYXAr12/index.m3u8');
	INSERT INTO episodes (movie_id, name, video_url)
	  VALUES (78, 'Tập 104', 'https://player.phimapi.com/player/?url=https://s5.phim1280.tv/20250308/eQfmHR44/index.m3u8');
	INSERT INTO episodes (movie_id, name, video_url)
	  VALUES (78, 'Tập 105', 'https://player.phimapi.com/player/?url=https://s5.phim1280.tv/20250308/Zr4miPkN/index.m3u8');
	INSERT INTO episodes (movie_id, name, video_url)
	  VALUES (78, 'Tập 106', 'https://player.phimapi.com/player/?url=https://s5.phim1280.tv/20250308/JSQDUc1e/index.m3u8');
	INSERT INTO episodes (movie_id, name, video_url)
	  VALUES (78, 'Tập 107', 'https://player.phimapi.com/player/?url=https://s5.phim1280.tv/20250308/HAOTvby7/index.m3u8');
	INSERT INTO episodes (movie_id, name, video_url)
	  VALUES (78, 'Tập 108', 'https://player.phimapi.com/player/?url=https://s5.phim1280.tv/20250308/6uzz46je/index.m3u8');
	INSERT INTO episodes (movie_id, name, video_url)
	  VALUES (78, 'Tập 109', 'https://player.phimapi.com/player/?url=https://s5.phim1280.tv/20250308/tvxiGAMa/index.m3u8');
	INSERT INTO episodes (movie_id, name, video_url)
	  VALUES (78, 'Tập 110', 'https://player.phimapi.com/player/?url=https://s5.phim1280.tv/20250308/5ReluyHg/index.m3u8');
	INSERT INTO episodes (movie_id, name, video_url)
	  VALUES (78, 'Tập 111', 'https://player.phimapi.com/player/?url=https://s5.phim1280.tv/20250308/tI7xNGFY/index.m3u8');
	INSERT INTO episodes (movie_id, name, video_url)
	  VALUES (78, 'Tập 112', 'https://player.phimapi.com/player/?url=https://s5.phim1280.tv/20250308/QJlSfDHG/index.m3u8');
	INSERT INTO episodes (movie_id, name, video_url)
	  VALUES (78, 'Tập 113', 'https://player.phimapi.com/player/?url=https://s5.phim1280.tv/20250308/fOHuLAYB/index.m3u8');
	INSERT INTO episodes (movie_id, name, video_url)
	  VALUES (78, 'Tập 114', 'https://player.phimapi.com/player/?url=https://s5.phim1280.tv/20250308/Fge5j4ht/index.m3u8');
	INSERT INTO episodes (movie_id, name, video_url)
	  VALUES (78, 'Tập 115', 'https://player.phimapi.com/player/?url=https://s5.phim1280.tv/20250308/vfP5PR09/index.m3u8');
	INSERT INTO episodes (movie_id, name, video_url)
	  VALUES (78, 'Tập 116', 'https://player.phimapi.com/player/?url=https://s5.phim1280.tv/20250308/5b115Qwq/index.m3u8');
	INSERT INTO episodes (movie_id, name, video_url)
	  VALUES (78, 'Tập 117', 'https://player.phimapi.com/player/?url=https://s5.phim1280.tv/20250308/HEzeGZ0i/index.m3u8');
	INSERT INTO episodes (movie_id, name, video_url)
	  VALUES (78, 'Tập 118', 'https://player.phimapi.com/player/?url=https://s5.phim1280.tv/20250308/YqBFuqo0/index.m3u8');
	INSERT INTO episodes (movie_id, name, video_url)
	  VALUES (78, 'Tập 119', 'https://player.phimapi.com/player/?url=https://s5.phim1280.tv/20250308/X6ICt8VU/index.m3u8');
	INSERT INTO episodes (movie_id, name, video_url)
	  VALUES (78, 'Tập 120', 'https://player.phimapi.com/player/?url=https://s5.phim1280.tv/20250308/GYPiTbEq/index.m3u8');
	INSERT INTO episodes (movie_id, name, video_url)
	  VALUES (78, 'Tập 121', 'https://player.phimapi.com/player/?url=https://s5.phim1280.tv/20250308/DOqjvxsT/index.m3u8');
	INSERT INTO episodes (movie_id, name, video_url)
	  VALUES (78, 'Tập 122', 'https://player.phimapi.com/player/?url=https://s5.phim1280.tv/20250308/kRy45egz/index.m3u8');
	INSERT INTO episodes (movie_id, name, video_url)
	  VALUES (78, 'Tập 123', 'https://player.phimapi.com/player/?url=https://s5.phim1280.tv/20250308/eprnu4zO/index.m3u8');
	INSERT INTO episodes (movie_id, name, video_url)
	  VALUES (78, 'Tập 124', 'https://player.phimapi.com/player/?url=https://s5.phim1280.tv/20250308/xi0iM9pj/index.m3u8');
	INSERT INTO episodes (movie_id, name, video_url)
	  VALUES (78, 'Tập 125', 'https://player.phimapi.com/player/?url=https://s5.phim1280.tv/20250308/gQ5cdZWQ/index.m3u8');
	INSERT INTO episodes (movie_id, name, video_url)
	  VALUES (78, 'Tập 126', 'https://player.phimapi.com/player/?url=https://s5.phim1280.tv/20250308/CsQP9BB9/index.m3u8');
	INSERT INTO episodes (movie_id, name, video_url)
	  VALUES (78, 'Tập 127', 'https://player.phimapi.com/player/?url=https://s5.phim1280.tv/20250308/W4Ovclyd/index.m3u8');
	INSERT INTO episodes (movie_id, name, video_url)
	  VALUES (78, 'Tập 128', 'https://player.phimapi.com/player/?url=https://s5.phim1280.tv/20250308/sKX2ydrS/index.m3u8');
	INSERT INTO episodes (movie_id, name, video_url)
	  VALUES (78, 'Tập 129', 'https://player.phimapi.com/player/?url=https://s5.phim1280.tv/20250308/38KSK3M1/index.m3u8');
	INSERT INTO episodes (movie_id, name, video_url)
	  VALUES (78, 'Tập 130', 'https://player.phimapi.com/player/?url=https://s5.phim1280.tv/20250308/qPJZCFq3/index.m3u8');
	INSERT INTO episodes (movie_id, name, video_url)
	  VALUES (78, 'Tập 131', 'https://player.phimapi.com/player/?url=https://s5.phim1280.tv/20250308/1BsZ1D6Q/index.m3u8');
	INSERT INTO episodes (movie_id, name, video_url)
	  VALUES (78, 'Tập 132', 'https://player.phimapi.com/player/?url=https://s5.phim1280.tv/20250308/o6WuTFY3/index.m3u8');
	INSERT INTO episodes (movie_id, name, video_url)
	  VALUES (78, 'Tập 133', 'https://player.phimapi.com/player/?url=https://s5.phim1280.tv/20250308/5GOO4qJ5/index.m3u8');
	INSERT INTO episodes (movie_id, name, video_url)
	  VALUES (78, 'Tập 134', 'https://player.phimapi.com/player/?url=https://s5.phim1280.tv/20250308/I6OUUUfZ/index.m3u8');
	INSERT INTO episodes (movie_id, name, video_url)
	  VALUES (78, 'Tập 135', 'https://player.phimapi.com/player/?url=https://s5.phim1280.tv/20250308/atWarfBK/index.m3u8');
	INSERT INTO episodes (movie_id, name, video_url)
	  VALUES (78, 'Tập 136', 'https://player.phimapi.com/player/?url=https://s5.phim1280.tv/20250308/cejdXaWO/index.m3u8');
	INSERT INTO episodes (movie_id, name, video_url)
	  VALUES (78, 'Tập 137', 'https://player.phimapi.com/player/?url=https://s5.phim1280.tv/20250308/bTWNULpB/index.m3u8');
	INSERT INTO episodes (movie_id, name, video_url)
	  VALUES (78, 'Tập 138', 'https://player.phimapi.com/player/?url=https://s5.phim1280.tv/20250308/1A5JcVpN/index.m3u8');
	INSERT INTO episodes (movie_id, name, video_url)
	  VALUES (78, 'Tập 139', 'https://player.phimapi.com/player/?url=https://s5.phim1280.tv/20250308/BxkwtWMB/index.m3u8');
	INSERT INTO episodes (movie_id, name, video_url)
	  VALUES (78, 'Tập 140', 'https://player.phimapi.com/player/?url=https://s5.phim1280.tv/20250308/e5KPVobz/index.m3u8');
	INSERT INTO episodes (movie_id, name, video_url)
	  VALUES (78, 'Tập 141', 'https://player.phimapi.com/player/?url=https://s5.phim1280.tv/20250308/J5L8HMEn/index.m3u8');
	INSERT INTO episodes (movie_id, name, video_url)
	  VALUES (78, 'Tập 142', 'https://player.phimapi.com/player/?url=https://s5.phim1280.tv/20250308/ENGMZwuQ/index.m3u8');
	INSERT INTO episodes (movie_id, name, video_url)
	  VALUES (78, 'Tập 143', 'https://player.phimapi.com/player/?url=https://s5.phim1280.tv/20250308/xnb4R2ac/index.m3u8');
	INSERT INTO episodes (movie_id, name, video_url)
	  VALUES (78, 'Tập 144', 'https://player.phimapi.com/player/?url=https://s5.phim1280.tv/20250308/8PyC4Iku/index.m3u8');
	INSERT INTO episodes (movie_id, name, video_url)
	  VALUES (78, 'Tập 145', 'https://player.phimapi.com/player/?url=https://s5.phim1280.tv/20250308/j3cKZOZb/index.m3u8');
	INSERT INTO episodes (movie_id, name, video_url)
	  VALUES (78, 'Tập 146', 'https://player.phimapi.com/player/?url=https://s5.phim1280.tv/20250308/HtPhshkj/index.m3u8');
	INSERT INTO episodes (movie_id, name, video_url)
	  VALUES (78, 'Tập 147', 'https://player.phimapi.com/player/?url=https://s5.phim1280.tv/20250308/AzwIksrG/index.m3u8');
	INSERT INTO episodes (movie_id, name, video_url)
	  VALUES (78, 'Tập 148', 'https://player.phimapi.com/player/?url=https://s5.phim1280.tv/20250308/rAI32j1o/index.m3u8');
	INSERT INTO episodes (movie_id, name, video_url)
	  VALUES (78, 'Tập 149', 'https://player.phimapi.com/player/?url=https://s5.phim1280.tv/20250308/3lak3YY8/index.m3u8');
	INSERT INTO episodes (movie_id, name, video_url)
	  VALUES (78, 'Tập 150', 'https://player.phimapi.com/player/?url=https://s5.phim1280.tv/20250308/YBPC03BF/index.m3u8');
	INSERT INTO episodes (movie_id, name, video_url)
	  VALUES (78, 'Tập 151', 'https://player.phimapi.com/player/?url=https://s5.phim1280.tv/20250308/h7sOpw7s/index.m3u8');
	INSERT INTO episodes (movie_id, name, video_url)
	  VALUES (78, 'Tập 152', 'https://player.phimapi.com/player/?url=https://s5.phim1280.tv/20250308/2K39GEsr/index.m3u8');
	INSERT INTO episodes (movie_id, name, video_url)
	  VALUES (78, 'Tập 153', 'https://player.phimapi.com/player/?url=https://s5.phim1280.tv/20250308/jDEPprH2/index.m3u8');
	INSERT INTO episodes (movie_id, name, video_url)
	  VALUES (78, 'Tập 154', 'https://player.phimapi.com/player/?url=https://s5.phim1280.tv/20250308/fptORGZn/index.m3u8');
	INSERT INTO episodes (movie_id, name, video_url)
	  VALUES (78, 'Tập 155', 'https://player.phimapi.com/player/?url=https://s5.phim1280.tv/20250308/qipNY2pb/index.m3u8');
	INSERT INTO episodes (movie_id, name, video_url)
	  VALUES (78, 'Tập 156', 'https://player.phimapi.com/player/?url=https://s5.phim1280.tv/20250308/o8pU7ymE/index.m3u8');
	INSERT INTO episodes (movie_id, name, video_url)
	  VALUES (78, 'Tập 157', 'https://player.phimapi.com/player/?url=https://s5.phim1280.tv/20250308/jYSx8xZH/index.m3u8');
	INSERT INTO episodes (movie_id, name, video_url)
	  VALUES (78, 'Tập 158', 'https://player.phimapi.com/player/?url=https://s5.phim1280.tv/20250308/cENL8YDy/index.m3u8');
	INSERT INTO episodes (movie_id, name, video_url)
	  VALUES (78, 'Tập 159', 'https://player.phimapi.com/player/?url=https://s5.phim1280.tv/20250308/d4USvOBd/index.m3u8');
	INSERT INTO episodes (movie_id, name, video_url)
	  VALUES (78, 'Tập 160', 'https://player.phimapi.com/player/?url=https://s5.phim1280.tv/20250308/k5B7lKc7/index.m3u8');
	INSERT INTO episodes (movie_id, name, video_url)
	  VALUES (78, 'Tập 161', 'https://player.phimapi.com/player/?url=https://s5.phim1280.tv/20250308/Wxksdad1/index.m3u8');
	INSERT INTO episodes (movie_id, name, video_url)
	  VALUES (78, 'Tập 162', 'https://player.phimapi.com/player/?url=https://s5.phim1280.tv/20250308/VDIqmLkg/index.m3u8');
	INSERT INTO episodes (movie_id, name, video_url)
	  VALUES (78, 'Tập 163', 'https://player.phimapi.com/player/?url=https://s5.phim1280.tv/20250308/NqpHRGef/index.m3u8');
	INSERT INTO episodes (movie_id, name, video_url)
	  VALUES (78, 'Tập 164', 'https://player.phimapi.com/player/?url=https://s5.phim1280.tv/20250308/XzdPTDPy/index.m3u8');
	INSERT INTO episodes (movie_id, name, video_url)
	  VALUES (78, 'Tập 165', 'https://player.phimapi.com/player/?url=https://s5.phim1280.tv/20250308/giP6xpRg/index.m3u8');
	INSERT INTO episodes (movie_id, name, video_url)
	  VALUES (78, 'Tập 166', 'https://player.phimapi.com/player/?url=https://s5.phim1280.tv/20250308/U5399iyl/index.m3u8');
	INSERT INTO episodes (movie_id, name, video_url)
	  VALUES (78, 'Tập 167', 'https://player.phimapi.com/player/?url=https://s5.phim1280.tv/20250308/03aFSHhK/index.m3u8');
	INSERT INTO episodes (movie_id, name, video_url)
	  VALUES (78, 'Tập 168', 'https://player.phimapi.com/player/?url=https://s5.phim1280.tv/20250308/RTLkLdyi/index.m3u8');
	INSERT INTO episodes (movie_id, name, video_url)
	  VALUES (78, 'Tập 169', 'https://player.phimapi.com/player/?url=https://s5.phim1280.tv/20250308/FBKObK14/index.m3u8');
	INSERT INTO episodes (movie_id, name, video_url)
	  VALUES (78, 'Tập 170', 'https://player.phimapi.com/player/?url=https://s5.phim1280.tv/20250308/QKoiyTTx/index.m3u8');
	INSERT INTO episodes (movie_id, name, video_url)
	  VALUES (78, 'Tập 171', 'https://player.phimapi.com/player/?url=https://s5.phim1280.tv/20250308/AcSFnGdr/index.m3u8');
	INSERT INTO episodes (movie_id, name, video_url)
	  VALUES (78, 'Tập 172', 'https://player.phimapi.com/player/?url=https://s5.phim1280.tv/20250308/0gBQttbn/index.m3u8');
	INSERT INTO episodes (movie_id, name, video_url)
	  VALUES (78, 'Tập 173', 'https://player.phimapi.com/player/?url=https://s5.phim1280.tv/20250308/zpN0EMxH/index.m3u8');
	INSERT INTO episodes (movie_id, name, video_url)
	  VALUES (78, 'Tập 174', 'https://player.phimapi.com/player/?url=https://s5.phim1280.tv/20250308/8V5GW9MJ/index.m3u8');
	INSERT INTO episodes (movie_id, name, video_url)
	  VALUES (78, 'Tập 175', 'https://player.phimapi.com/player/?url=https://s5.phim1280.tv/20250308/CABiekYN/index.m3u8');
	INSERT INTO episodes (movie_id, name, video_url)
	  VALUES (78, 'Tập 176', 'https://player.phimapi.com/player/?url=https://s5.phim1280.tv/20250308/8baIWU9T/index.m3u8');
	INSERT INTO episodes (movie_id, name, video_url)
	  VALUES (78, 'Tập 177', 'https://player.phimapi.com/player/?url=https://s5.phim1280.tv/20250308/bl4Gs1Jn/index.m3u8');
	INSERT INTO episodes (movie_id, name, video_url)
	  VALUES (78, 'Tập 178', 'https://player.phimapi.com/player/?url=https://s5.phim1280.tv/20250308/UnStVSyz/index.m3u8');
	INSERT INTO episodes (movie_id, name, video_url)
	  VALUES (78, 'Tập 179', 'https://player.phimapi.com/player/?url=https://s5.phim1280.tv/20250308/zaAaJZZZ/index.m3u8');
	INSERT INTO episodes (movie_id, name, video_url)
	  VALUES (78, 'Tập 180', 'https://player.phimapi.com/player/?url=https://s5.phim1280.tv/20250308/gBmxWLjK/index.m3u8');
	INSERT INTO episodes (movie_id, name, video_url)
	  VALUES (78, 'Tập 181', 'https://player.phimapi.com/player/?url=https://s5.phim1280.tv/20250308/3tJNFVT6/index.m3u8');
	INSERT INTO episodes (movie_id, name, video_url)
	  VALUES (78, 'Tập 182', 'https://player.phimapi.com/player/?url=https://s5.phim1280.tv/20250308/qS9APqCJ/index.m3u8');
	INSERT INTO episodes (movie_id, name, video_url)
	  VALUES (78, 'Tập 183', 'https://player.phimapi.com/player/?url=https://s5.phim1280.tv/20250308/sLrsz8ZQ/index.m3u8');
	INSERT INTO episodes (movie_id, name, video_url)
	  VALUES (78, 'Tập 184', 'https://player.phimapi.com/player/?url=https://s5.phim1280.tv/20250308/1lbFsDim/index.m3u8');
	INSERT INTO episodes (movie_id, name, video_url)
	  VALUES (78, 'Tập 185', 'https://player.phimapi.com/player/?url=https://s5.phim1280.tv/20250308/LKES0raV/index.m3u8');
	INSERT INTO episodes (movie_id, name, video_url)
	  VALUES (78, 'Tập 186', 'https://player.phimapi.com/player/?url=https://s5.phim1280.tv/20250308/w7Eb1jwR/index.m3u8');
	INSERT INTO episodes (movie_id, name, video_url)
	  VALUES (78, 'Tập 187', 'https://player.phimapi.com/player/?url=https://s5.phim1280.tv/20250308/cOiokVy7/index.m3u8');
	INSERT INTO episodes (movie_id, name, video_url)
	  VALUES (78, 'Tập 188', 'https://player.phimapi.com/player/?url=https://s5.phim1280.tv/20250308/YP1gnO3a/index.m3u8');
	INSERT INTO episodes (movie_id, name, video_url)
	  VALUES (78, 'Tập 189', 'https://player.phimapi.com/player/?url=https://s5.phim1280.tv/20250308/zM9QpcGM/index.m3u8');
	INSERT INTO episodes (movie_id, name, video_url)
	  VALUES (78, 'Tập 190', 'https://player.phimapi.com/player/?url=https://s5.phim1280.tv/20250308/aVO10Jfq/index.m3u8');
	INSERT INTO episodes (movie_id, name, video_url)
	  VALUES (78, 'Tập 191', 'https://player.phimapi.com/player/?url=https://s5.phim1280.tv/20250308/QMv746gd/index.m3u8');
	INSERT INTO episodes (movie_id, name, video_url)
	  VALUES (78, 'Tập 192', 'https://player.phimapi.com/player/?url=https://s5.phim1280.tv/20250308/ybeMp4em/index.m3u8');
	INSERT INTO episodes (movie_id, name, video_url)
	  VALUES (78, 'Tập 193', 'https://player.phimapi.com/player/?url=https://s5.phim1280.tv/20250308/vw0E3t59/index.m3u8');
	INSERT INTO episodes (movie_id, name, video_url)
	  VALUES (78, 'Tập 194', 'https://player.phimapi.com/player/?url=https://s5.phim1280.tv/20250308/nKnmfZnL/index.m3u8');
	INSERT INTO episodes (movie_id, name, video_url)
	  VALUES (78, 'Tập 195', 'https://player.phimapi.com/player/?url=https://s5.phim1280.tv/20250308/xeJXl44G/index.m3u8');
	INSERT INTO episodes (movie_id, name, video_url)
	  VALUES (78, 'Tập 196', 'https://player.phimapi.com/player/?url=https://s5.phim1280.tv/20250308/tbjRdhJ2/index.m3u8');
	INSERT INTO episodes (movie_id, name, video_url)
	  VALUES (78, 'Tập 197', 'https://player.phimapi.com/player/?url=https://s5.phim1280.tv/20250308/1C2EvN0D/index.m3u8');
	INSERT INTO episodes (movie_id, name, video_url)
	  VALUES (78, 'Tập 198', 'https://player.phimapi.com/player/?url=https://s5.phim1280.tv/20250308/5wlsQfVB/index.m3u8');
	INSERT INTO episodes (movie_id, name, video_url)
	  VALUES (78, 'Tập 199', 'https://player.phimapi.com/player/?url=https://s5.phim1280.tv/20250308/XmgvGxAS/index.m3u8');
	INSERT INTO episodes (movie_id, name, video_url)
	  VALUES (78, 'Tập 200', 'https://player.phimapi.com/player/?url=https://s5.phim1280.tv/20250308/jEjro1SY/index.m3u8');
	INSERT INTO episodes (movie_id, name, video_url)
	  VALUES (78, 'Tập 201', 'https://player.phimapi.com/player/?url=https://s5.phim1280.tv/20250308/aXroaJS7/index.m3u8');
	INSERT INTO episodes (movie_id, name, video_url)
	  VALUES (78, 'Tập 202', 'https://player.phimapi.com/player/?url=https://s5.phim1280.tv/20250308/8O0zb4zs/index.m3u8');
	INSERT INTO episodes (movie_id, name, video_url)
	  VALUES (78, 'Tập 203', 'https://player.phimapi.com/player/?url=https://s5.phim1280.tv/20250308/wzN3V0bP/index.m3u8');
	INSERT INTO episodes (movie_id, name, video_url)
	  VALUES (78, 'Tập 204', 'https://player.phimapi.com/player/?url=https://s5.phim1280.tv/20250308/sVyfJ7Bs/index.m3u8');
	INSERT INTO episodes (movie_id, name, video_url)
	  VALUES (78, 'Tập 205', 'https://player.phimapi.com/player/?url=https://s5.phim1280.tv/20250308/EhkpgseU/index.m3u8');
	INSERT INTO episodes (movie_id, name, video_url)
	  VALUES (78, 'Tập 206', 'https://player.phimapi.com/player/?url=https://s5.phim1280.tv/20250308/j5QNbvzI/index.m3u8');
	INSERT INTO episodes (movie_id, name, video_url)
	  VALUES (78, 'Tập 207', 'https://player.phimapi.com/player/?url=https://s5.phim1280.tv/20250308/GMjAOUbO/index.m3u8');
	INSERT INTO episodes (movie_id, name, video_url)
	  VALUES (78, 'Tập 208', 'https://player.phimapi.com/player/?url=https://s5.phim1280.tv/20250308/Y8NlNAxP/index.m3u8');
	INSERT INTO episodes (movie_id, name, video_url)
	  VALUES (78, 'Tập 209', 'https://player.phimapi.com/player/?url=https://s5.phim1280.tv/20250308/Bpes2WyI/index.m3u8');
	INSERT INTO episodes (movie_id, name, video_url)
	  VALUES (78, 'Tập 210', 'https://player.phimapi.com/player/?url=https://s5.phim1280.tv/20250308/ggFa7JaO/index.m3u8');
	INSERT INTO episodes (movie_id, name, video_url)
	  VALUES (78, 'Tập 211', 'https://player.phimapi.com/player/?url=https://s5.phim1280.tv/20250308/tLENu81x/index.m3u8');
	INSERT INTO episodes (movie_id, name, video_url)
	  VALUES (78, 'Tập 212', 'https://player.phimapi.com/player/?url=https://s5.phim1280.tv/20250308/SZ5FMjoJ/index.m3u8');
	INSERT INTO episodes (movie_id, name, video_url)
	  VALUES (78, 'Tập 213', 'https://player.phimapi.com/player/?url=https://s5.phim1280.tv/20250308/aIO4yv8W/index.m3u8');
	INSERT INTO episodes (movie_id, name, video_url)
	  VALUES (78, 'Tập 214', 'https://player.phimapi.com/player/?url=https://s5.phim1280.tv/20250308/1VE0lGkb/index.m3u8');
	INSERT INTO episodes (movie_id, name, video_url)
	  VALUES (78, 'Tập 215', 'https://player.phimapi.com/player/?url=https://s5.phim1280.tv/20250308/jNbZb2x3/index.m3u8');
	INSERT INTO episodes (movie_id, name, video_url)
	  VALUES (78, 'Tập 216', 'https://player.phimapi.com/player/?url=https://s5.phim1280.tv/20250308/KPftdbXL/index.m3u8');
	INSERT INTO episodes (movie_id, name, video_url)
	  VALUES (78, 'Tập 217', 'https://player.phimapi.com/player/?url=https://s5.phim1280.tv/20250308/BDQgJ8Oh/index.m3u8');
	INSERT INTO episodes (movie_id, name, video_url)
	  VALUES (78, 'Tập 218', 'https://player.phimapi.com/player/?url=https://s5.phim1280.tv/20250308/1k00xW0y/index.m3u8');
	INSERT INTO episodes (movie_id, name, video_url)
	  VALUES (78, 'Tập 219', 'https://player.phimapi.com/player/?url=https://s5.phim1280.tv/20250308/IYggOsWH/index.m3u8');
	INSERT INTO episodes (movie_id, name, video_url)
	  VALUES (78, 'Tập 220', 'https://player.phimapi.com/player/?url=https://s5.phim1280.tv/20250308/Ss1mJyAb/index.m3u8');
	INSERT INTO episodes (movie_id, name, video_url)
	  VALUES (78, 'Tập 221', 'https://player.phimapi.com/player/?url=https://s5.phim1280.tv/20250308/BAqQCtgF/index.m3u8');
	INSERT INTO episodes (movie_id, name, video_url)
	  VALUES (78, 'Tập 222', 'https://player.phimapi.com/player/?url=https://s5.phim1280.tv/20250308/ewUEIhac/index.m3u8');
	INSERT INTO episodes (movie_id, name, video_url)
	  VALUES (78, 'Tập 223', 'https://player.phimapi.com/player/?url=https://s5.phim1280.tv/20250308/LQzhDcId/index.m3u8');
	INSERT INTO episodes (movie_id, name, video_url)
	  VALUES (78, 'Tập 224', 'https://player.phimapi.com/player/?url=https://s5.phim1280.tv/20250308/BvFGbPBN/index.m3u8');
	INSERT INTO episodes (movie_id, name, video_url)
	  VALUES (78, 'Tập 225', 'https://player.phimapi.com/player/?url=https://s5.phim1280.tv/20250308/XooY9Op6/index.m3u8');
	INSERT INTO episodes (movie_id, name, video_url)
	  VALUES (78, 'Tập 226', 'https://player.phimapi.com/player/?url=https://s5.phim1280.tv/20250308/A3jsqxGd/index.m3u8');
	INSERT INTO episodes (movie_id, name, video_url)
	  VALUES (78, 'Tập 227', 'https://player.phimapi.com/player/?url=https://s5.phim1280.tv/20250308/GZxxJf0l/index.m3u8');
	INSERT INTO episodes (movie_id, name, video_url)
	  VALUES (78, 'Tập 228', 'https://player.phimapi.com/player/?url=https://s5.phim1280.tv/20250308/IJX1uZX3/index.m3u8');
	INSERT INTO episodes (movie_id, name, video_url)
	  VALUES (78, 'Tập 229', 'https://player.phimapi.com/player/?url=https://s5.phim1280.tv/20250308/3BZyVjCk/index.m3u8');
	INSERT INTO episodes (movie_id, name, video_url)
	  VALUES (78, 'Tập 230', 'https://player.phimapi.com/player/?url=https://s5.phim1280.tv/20250308/YBohUDqH/index.m3u8');
	INSERT INTO episodes (movie_id, name, video_url)
	  VALUES (78, 'Tập 231', 'https://player.phimapi.com/player/?url=https://s5.phim1280.tv/20250308/sze5W18M/index.m3u8');
	INSERT INTO episodes (movie_id, name, video_url)
	  VALUES (78, 'Tập 232', 'https://player.phimapi.com/player/?url=https://s5.phim1280.tv/20250308/RRTo0POK/index.m3u8');
	INSERT INTO episodes (movie_id, name, video_url)
	  VALUES (78, 'Tập 233', 'https://player.phimapi.com/player/?url=https://s5.phim1280.tv/20250308/AUMMSrJa/index.m3u8');
	INSERT INTO episodes (movie_id, name, video_url)
	  VALUES (78, 'Tập 234', 'https://player.phimapi.com/player/?url=https://s5.phim1280.tv/20250308/gp366Zlo/index.m3u8');
	INSERT INTO episodes (movie_id, name, video_url)
	  VALUES (78, 'Tập 235', 'https://player.phimapi.com/player/?url=https://s5.phim1280.tv/20250308/92B9QFtX/index.m3u8');
	INSERT INTO episodes (movie_id, name, video_url)
	  VALUES (78, 'Tập 236', 'https://player.phimapi.com/player/?url=https://s5.phim1280.tv/20250308/MkQiBAGo/index.m3u8');
	INSERT INTO episodes (movie_id, name, video_url)
	  VALUES (78, 'Tập 237', 'https://player.phimapi.com/player/?url=https://s5.phim1280.tv/20250308/OkHczCkk/index.m3u8');
	INSERT INTO episodes (movie_id, name, video_url)
	  VALUES (78, 'Tập 238', 'https://player.phimapi.com/player/?url=https://s5.phim1280.tv/20250308/GtP4TSlf/index.m3u8');
	INSERT INTO episodes (movie_id, name, video_url)
	  VALUES (78, 'Tập 239', 'https://player.phimapi.com/player/?url=https://s5.phim1280.tv/20250308/UqsIyUjD/index.m3u8');
	INSERT INTO episodes (movie_id, name, video_url)
	  VALUES (78, 'Tập 240', 'https://player.phimapi.com/player/?url=https://s5.phim1280.tv/20250308/kWrQSQln/index.m3u8');
	INSERT INTO episodes (movie_id, name, video_url)
	  VALUES (78, 'Tập 241', 'https://player.phimapi.com/player/?url=https://s5.phim1280.tv/20250308/X1h31reE/index.m3u8');
	INSERT INTO episodes (movie_id, name, video_url)
	  VALUES (78, 'Tập 242', 'https://player.phimapi.com/player/?url=https://s5.phim1280.tv/20250308/vOTUSrXj/index.m3u8');
	INSERT INTO episodes (movie_id, name, video_url)
	  VALUES (78, 'Tập 243', 'https://player.phimapi.com/player/?url=https://s5.phim1280.tv/20250308/ZrM4iSLL/index.m3u8');
	INSERT INTO episodes (movie_id, name, video_url)
	  VALUES (78, 'Tập 244', 'https://player.phimapi.com/player/?url=https://s5.phim1280.tv/20250308/8h3bcav7/index.m3u8');
	INSERT INTO episodes (movie_id, name, video_url)
	  VALUES (78, 'Tập 245', 'https://player.phimapi.com/player/?url=https://s5.phim1280.tv/20250308/aFEKPP2z/index.m3u8');
	INSERT INTO episodes (movie_id, name, video_url)
	  VALUES (78, 'Tập 246', 'https://player.phimapi.com/player/?url=https://s5.phim1280.tv/20250308/yAW9YpvX/index.m3u8');
	INSERT INTO episodes (movie_id, name, video_url)
	  VALUES (78, 'Tập 247', 'https://player.phimapi.com/player/?url=https://s5.phim1280.tv/20250308/PkdaV1eh/index.m3u8');
	INSERT INTO episodes (movie_id, name, video_url)
	  VALUES (78, 'Tập 248', 'https://player.phimapi.com/player/?url=https://s5.phim1280.tv/20250308/dKKN3ozX/index.m3u8');
	INSERT INTO episodes (movie_id, name, video_url)
	  VALUES (78, 'Tập 249', 'https://player.phimapi.com/player/?url=https://s5.phim1280.tv/20250308/ixsEhqhD/index.m3u8');
	INSERT INTO episodes (movie_id, name, video_url)
	  VALUES (78, 'Tập 250', 'https://player.phimapi.com/player/?url=https://s5.phim1280.tv/20250308/4eKoFLhZ/index.m3u8');
	INSERT INTO episodes (movie_id, name, video_url)
	  VALUES (78, 'Tập 251', 'https://player.phimapi.com/player/?url=https://s5.phim1280.tv/20250308/69qDtzf4/index.m3u8');
	INSERT INTO episodes (movie_id, name, video_url)
	  VALUES (78, 'Tập 252', 'https://player.phimapi.com/player/?url=https://s5.phim1280.tv/20250308/IMVAuQM0/index.m3u8');
	INSERT INTO episodes (movie_id, name, video_url)
	  VALUES (78, 'Tập 253', 'https://player.phimapi.com/player/?url=https://s5.phim1280.tv/20250308/2CZQL3tW/index.m3u8');
	INSERT INTO episodes (movie_id, name, video_url)
	  VALUES (78, 'Tập 254', 'https://player.phimapi.com/player/?url=https://s5.phim1280.tv/20250308/nHv2YUp0/index.m3u8');
	INSERT INTO episodes (movie_id, name, video_url)
	  VALUES (78, 'Tập 255', 'https://player.phimapi.com/player/?url=https://s5.phim1280.tv/20250308/zQLUxd9c/index.m3u8');
	INSERT INTO episodes (movie_id, name, video_url)
	  VALUES (78, 'Tập 256', 'https://player.phimapi.com/player/?url=https://s5.phim1280.tv/20250308/itlDZrU6/index.m3u8');
	INSERT INTO episodes (movie_id, name, video_url)
	  VALUES (78, 'Tập 257', 'https://player.phimapi.com/player/?url=https://s5.phim1280.tv/20250308/0BLPg5Fc/index.m3u8');
	INSERT INTO episodes (movie_id, name, video_url)
	  VALUES (78, 'Tập 258', 'https://player.phimapi.com/player/?url=https://s5.phim1280.tv/20250308/onj6uCHt/index.m3u8');
	INSERT INTO episodes (movie_id, name, video_url)
	  VALUES (78, 'Tập 259', 'https://player.phimapi.com/player/?url=https://s5.phim1280.tv/20250308/sE0ZH57M/index.m3u8');
	INSERT INTO episodes (movie_id, name, video_url)
	  VALUES (78, 'Tập 260', 'https://player.phimapi.com/player/?url=https://s5.phim1280.tv/20250308/aav8rKHX/index.m3u8');
	INSERT INTO episodes (movie_id, name, video_url)
	  VALUES (78, 'Tập 261', 'https://player.phimapi.com/player/?url=https://s5.phim1280.tv/20250308/MDuJQKjH/index.m3u8');
	INSERT INTO episodes (movie_id, name, video_url)
	  VALUES (78, 'Tập 262', 'https://player.phimapi.com/player/?url=https://s5.phim1280.tv/20250308/HF5xqApt/index.m3u8');
	INSERT INTO episodes (movie_id, name, video_url)
	  VALUES (78, 'Tập 263', 'https://player.phimapi.com/player/?url=https://s5.phim1280.tv/20250308/ghxUj6lD/index.m3u8');
	INSERT INTO episodes (movie_id, name, video_url)
	  VALUES (78, 'Tập 264', 'https://player.phimapi.com/player/?url=https://s5.phim1280.tv/20250308/DotewpGM/index.m3u8');
	INSERT INTO episodes (movie_id, name, video_url)
	  VALUES (78, 'Tập 265', 'https://player.phimapi.com/player/?url=https://s5.phim1280.tv/20250308/XRwMuj3s/index.m3u8');
	INSERT INTO episodes (movie_id, name, video_url)
	  VALUES (78, 'Tập 266', 'https://player.phimapi.com/player/?url=https://s5.phim1280.tv/20250308/FAEB6Hzb/index.m3u8');
	INSERT INTO episodes (movie_id, name, video_url)
	  VALUES (78, 'Tập 267', 'https://player.phimapi.com/player/?url=https://s5.phim1280.tv/20250308/HfQ12qlF/index.m3u8');
	INSERT INTO episodes (movie_id, name, video_url)
	  VALUES (78, 'Tập 268', 'https://player.phimapi.com/player/?url=https://s5.phim1280.tv/20250308/9XoLaa1U/index.m3u8');
	INSERT INTO episodes (movie_id, name, video_url)
	  VALUES (78, 'Tập 269', 'https://player.phimapi.com/player/?url=https://s5.phim1280.tv/20250308/oWqAZXgS/index.m3u8');
	INSERT INTO episodes (movie_id, name, video_url)
	  VALUES (78, 'Tập 270', 'https://player.phimapi.com/player/?url=https://s5.phim1280.tv/20250308/dzzkVZDo/index.m3u8');
	INSERT INTO episodes (movie_id, name, video_url)
	  VALUES (78, 'Tập 271', 'https://player.phimapi.com/player/?url=https://s5.phim1280.tv/20250308/81zpTx0V/index.m3u8');
	INSERT INTO episodes (movie_id, name, video_url)
	  VALUES (78, 'Tập 272', 'https://player.phimapi.com/player/?url=https://s5.phim1280.tv/20250308/wP4C5L5Z/index.m3u8');
	INSERT INTO episodes (movie_id, name, video_url)
	  VALUES (78, 'Tập 273', 'https://player.phimapi.com/player/?url=https://s5.phim1280.tv/20250308/VU0L62rZ/index.m3u8');
	INSERT INTO episodes (movie_id, name, video_url)
	  VALUES (78, 'Tập 274', 'https://player.phimapi.com/player/?url=https://s5.phim1280.tv/20250308/dCF0JfnE/index.m3u8');
	INSERT INTO episodes (movie_id, name, video_url)
	  VALUES (78, 'Tập 275', 'https://player.phimapi.com/player/?url=https://s5.phim1280.tv/20250308/CcGvbpOB/index.m3u8');
	INSERT INTO episodes (movie_id, name, video_url)
	  VALUES (78, 'Tập 276', 'https://player.phimapi.com/player/?url=https://s5.phim1280.tv/20250308/2Ap2vQBe/index.m3u8');
	INSERT INTO episodes (movie_id, name, video_url)
	  VALUES (78, 'Tập 277', 'https://player.phimapi.com/player/?url=https://s5.phim1280.tv/20250308/OTWrRooB/index.m3u8');
	INSERT INTO episodes (movie_id, name, video_url)
	  VALUES (78, 'Tập 278', 'https://player.phimapi.com/player/?url=https://s5.phim1280.tv/20250308/MwJ752ty/index.m3u8');
	INSERT INTO episodes (movie_id, name, video_url)
	  VALUES (78, 'Tập 279', 'https://player.phimapi.com/player/?url=https://s5.phim1280.tv/20250308/XkkUAMKj/index.m3u8');
	INSERT INTO episodes (movie_id, name, video_url)
	  VALUES (78, 'Tập 280', 'https://player.phimapi.com/player/?url=https://s5.phim1280.tv/20250308/oKJapads/index.m3u8');
	INSERT INTO episodes (movie_id, name, video_url)
	  VALUES (78, 'Tập 281', 'https://player.phimapi.com/player/?url=https://s5.phim1280.tv/20250308/L04xadDn/index.m3u8');
	INSERT INTO episodes (movie_id, name, video_url)
	  VALUES (78, 'Tập 282', 'https://player.phimapi.com/player/?url=https://s5.phim1280.tv/20250308/poC3tYuo/index.m3u8');
	INSERT INTO episodes (movie_id, name, video_url)
	  VALUES (78, 'Tập 283', 'https://player.phimapi.com/player/?url=https://s5.phim1280.tv/20250308/Z3aoPmTQ/index.m3u8');
	INSERT INTO episodes (movie_id, name, video_url)
	  VALUES (78, 'Tập 284', 'https://player.phimapi.com/player/?url=https://s5.phim1280.tv/20250308/mOZCdQJ4/index.m3u8');
	INSERT INTO episodes (movie_id, name, video_url)
	  VALUES (78, 'Tập 285', 'https://player.phimapi.com/player/?url=https://s5.phim1280.tv/20250308/0ZfS2H5d/index.m3u8');
	INSERT INTO episodes (movie_id, name, video_url)
	  VALUES (78, 'Tập 286', 'https://player.phimapi.com/player/?url=https://s5.phim1280.tv/20250308/mQHBRjGc/index.m3u8');
	INSERT INTO episodes (movie_id, name, video_url)
	  VALUES (78, 'Tập 287', 'https://player.phimapi.com/player/?url=https://s5.phim1280.tv/20250308/yfA38sEK/index.m3u8');
	INSERT INTO episodes (movie_id, name, video_url)
	  VALUES (78, 'Tập 288', 'https://player.phimapi.com/player/?url=https://s5.phim1280.tv/20250308/eoTq4DU2/index.m3u8');
	INSERT INTO episodes (movie_id, name, video_url)
	  VALUES (78, 'Tập 289', 'https://player.phimapi.com/player/?url=https://s5.phim1280.tv/20250308/sgzRXF7P/index.m3u8');
	INSERT INTO episodes (movie_id, name, video_url)
	  VALUES (78, 'Tập 290', 'https://player.phimapi.com/player/?url=https://s5.phim1280.tv/20250308/NmtYIcVn/index.m3u8');
	INSERT INTO episodes (movie_id, name, video_url)
	  VALUES (78, 'Tập 291', 'https://player.phimapi.com/player/?url=https://s5.phim1280.tv/20250308/6DXt80Uf/index.m3u8');
	INSERT INTO episodes (movie_id, name, video_url)
	  VALUES (78, 'Tập 292', 'https://player.phimapi.com/player/?url=https://s5.phim1280.tv/20250308/kU9hA8xy/index.m3u8');
	INSERT INTO episodes (movie_id, name, video_url)
	  VALUES (78, 'Tập 293', 'https://player.phimapi.com/player/?url=https://s5.phim1280.tv/20250308/Cvhi6ute/index.m3u8');
	INSERT INTO episodes (movie_id, name, video_url)
	  VALUES (78, 'Tập 294', 'https://player.phimapi.com/player/?url=https://s5.phim1280.tv/20250308/eFZPRhqs/index.m3u8');
	INSERT INTO episodes (movie_id, name, video_url)
	  VALUES (78, 'Tập 295', 'https://player.phimapi.com/player/?url=https://s5.phim1280.tv/20250308/Sx9EO7Rt/index.m3u8');
	INSERT INTO episodes (movie_id, name, video_url)
	  VALUES (78, 'Tập 296', 'https://player.phimapi.com/player/?url=https://s5.phim1280.tv/20250308/VUQYrtlE/index.m3u8');
	INSERT INTO episodes (movie_id, name, video_url)
	  VALUES (78, 'Tập 297', 'https://player.phimapi.com/player/?url=https://s5.phim1280.tv/20250308/VL3EpBUl/index.m3u8');
	INSERT INTO episodes (movie_id, name, video_url)
	  VALUES (78, 'Tập 298', 'https://player.phimapi.com/player/?url=https://s5.phim1280.tv/20250308/sZxNg8Hj/index.m3u8');
	INSERT INTO episodes (movie_id, name, video_url)
	  VALUES (78, 'Tập 299', 'https://player.phimapi.com/player/?url=https://s5.phim1280.tv/20250308/p1fW5zXZ/index.m3u8');
	INSERT INTO episodes (movie_id, name, video_url)
	  VALUES (78, 'Tập 300', 'https://player.phimapi.com/player/?url=https://s5.phim1280.tv/20250308/ZRjjS1jP/index.m3u8');
	INSERT INTO episodes (movie_id, name, video_url)
	  VALUES (78, 'Tập 301', 'https://player.phimapi.com/player/?url=https://s5.phim1280.tv/20250308/VGqK83AU/index.m3u8');
	INSERT INTO episodes (movie_id, name, video_url)
	  VALUES (78, 'Tập 302', 'https://player.phimapi.com/player/?url=https://s5.phim1280.tv/20250308/e9sf07g8/index.m3u8');
	INSERT INTO episodes (movie_id, name, video_url)
	  VALUES (78, 'Tập 303', 'https://player.phimapi.com/player/?url=https://s5.phim1280.tv/20250308/w1a61O3f/index.m3u8');
	INSERT INTO episodes (movie_id, name, video_url)
	  VALUES (78, 'Tập 304', 'https://player.phimapi.com/player/?url=https://s5.phim1280.tv/20250308/UN9kEWsh/index.m3u8');
	INSERT INTO episodes (movie_id, name, video_url)
	  VALUES (78, 'Tập 305', 'https://player.phimapi.com/player/?url=https://s5.phim1280.tv/20250308/APJiU7pl/index.m3u8');
	INSERT INTO episodes (movie_id, name, video_url)
	  VALUES (78, 'Tập 306', 'https://player.phimapi.com/player/?url=https://s5.phim1280.tv/20250308/EKr9CIjN/index.m3u8');
	INSERT INTO episodes (movie_id, name, video_url)
	  VALUES (78, 'Tập 307', 'https://player.phimapi.com/player/?url=https://s5.phim1280.tv/20250308/KUVQMXNe/index.m3u8');
	INSERT INTO episodes (movie_id, name, video_url)
	  VALUES (78, 'Tập 308', 'https://player.phimapi.com/player/?url=https://s5.phim1280.tv/20250308/zKEXbWp7/index.m3u8');
	INSERT INTO episodes (movie_id, name, video_url)
	  VALUES (78, 'Tập 309', 'https://player.phimapi.com/player/?url=https://s5.phim1280.tv/20250308/CKfQ5TwB/index.m3u8');
	INSERT INTO episodes (movie_id, name, video_url)
	  VALUES (78, 'Tập 310', 'https://player.phimapi.com/player/?url=https://s5.phim1280.tv/20250308/JCvr3LBm/index.m3u8');
	INSERT INTO episodes (movie_id, name, video_url)
	  VALUES (78, 'Tập 311', 'https://player.phimapi.com/player/?url=https://s4.phim1280.tv/20250311/ds54ifRQ/index.m3u8');
	INSERT INTO episodes (movie_id, name, video_url)
	  VALUES (78, 'Tập 312', 'https://player.phimapi.com/player/?url=https://s4.phim1280.tv/20250315/UU27jjq7/index.m3u8');
	INSERT INTO episodes (movie_id, name, video_url)
	  VALUES (78, 'Tập 313', 'https://player.phimapi.com/player/?url=https://s4.phim1280.tv/20250319/gMMiAh2e/index.m3u8');
	INSERT INTO episodes (movie_id, name, video_url)
	  VALUES (78, 'Tập 314', 'https://player.phimapi.com/player/?url=https://s5.phim1280.tv/20250322/vb6Qbv1W/index.m3u8');
	INSERT INTO episodes (movie_id, name, video_url)
	  VALUES (78, 'Tập 315', 'https://player.phimapi.com/player/?url=https://s5.phim1280.tv/20250325/hkC1ZuW6/index.m3u8');
	INSERT INTO episodes (movie_id, name, video_url)
	  VALUES (78, 'Tập 316', 'https://player.phimapi.com/player/?url=https://s5.phim1280.tv/20250329/5rZPauIx/index.m3u8');
	INSERT INTO episodes (movie_id, name, video_url)
	  VALUES (78, 'Tập 317', 'https://player.phimapi.com/player/?url=https://s4.phim1280.tv/20250401/fg9PMODE/index.m3u8');
	INSERT INTO episodes (movie_id, name, video_url)
	  VALUES (78, 'Tập 318', 'https://player.phimapi.com/player/?url=https://s5.phim1280.tv/20250405/he5CJ0bv/index.m3u8');
	INSERT INTO episodes (movie_id, name, video_url)
	  VALUES (78, 'Tập 319', 'https://player.phimapi.com/player/?url=https://s4.phim1280.tv/20250409/HW7Ha0oN/index.m3u8');
	INSERT INTO episodes (movie_id, name, video_url)
	  VALUES (78, 'Tập 320', 'https://player.phimapi.com/player/?url=https://s4.phim1280.tv/20250412/ZyATUsbV/index.m3u8');
	INSERT INTO episodes (movie_id, name, video_url)
	  VALUES (78, 'Tập 321', 'https://player.phimapi.com/player/?url=https://s4.phim1280.tv/20250415/mXS8cKlV/index.m3u8');
	INSERT INTO episodes (movie_id, name, video_url)
	  VALUES (78, 'Tập 322', 'https://player.phimapi.com/player/?url=https://s5.phim1280.tv/20250419/VCTobi8h/index.m3u8');
	INSERT INTO episodes (movie_id, name, video_url)
	  VALUES (78, 'Tập 323', 'https://player.phimapi.com/player/?url=https://s5.phim1280.tv/20250422/z6oOJtfJ/index.m3u8');
	INSERT INTO episodes (movie_id, name, video_url)
	  VALUES (78, 'Tập 324', 'https://player.phimapi.com/player/?url=https://s4.phim1280.tv/20250426/PnUKHzOn/index.m3u8');
	INSERT INTO episodes (movie_id, name, video_url)
	  VALUES (78, 'Tập 325', 'https://player.phimapi.com/player/?url=https://s5.phim1280.tv/20250429/Qt3fTuUp/index.m3u8');
	INSERT INTO episodes (movie_id, name, video_url)
	  VALUES (78, 'Tập 326', 'https://player.phimapi.com/player/?url=https://s5.phim1280.tv/20250503/Hjl7NFal/index.m3u8');
	INSERT INTO episodes (movie_id, name, video_url)
	  VALUES (78, 'Tập 327', 'https://player.phimapi.com/player/?url=https://s4.phim1280.tv/20250507/w4dkO3e1/index.m3u8');
	INSERT INTO episodes (movie_id, name, video_url)
	  VALUES (78, 'Tập 328', 'https://player.phimapi.com/player/?url=https://s5.phim1280.tv/20250510/uOwtHsOH/index.m3u8');
	INSERT INTO episodes (movie_id, name, video_url)
	  VALUES (78, 'Tập 329', 'https://player.phimapi.com/player/?url=https://s5.phim1280.tv/20250513/2TTaXcLA/index.m3u8');
	INSERT INTO episodes (movie_id, name, video_url)
	  VALUES (78, 'Tập 330', 'https://player.phimapi.com/player/?url=https://s5.phim1280.tv/20250518/5PEvo1pI/index.m3u8');
	INSERT INTO episodes (movie_id, name, video_url)
	  VALUES (78, 'Tập 331', 'https://player.phimapi.com/player/?url=https://s4.phim1280.tv/20250520/h80IVFTU/index.m3u8');
	INSERT INTO episodes (movie_id, name, video_url)
	  VALUES (78, 'Tập 332', 'https://player.phimapi.com/player/?url=https://s6.kkphimplayer6.com/20250524/NqvcvU4L/index.m3u8');
	INSERT INTO episodes (movie_id, name, video_url)
	  VALUES (78, 'Tập 333', 'https://player.phimapi.com/player/?url=https://s6.kkphimplayer6.com/20250528/HAgVK3hQ/index.m3u8');
	INSERT INTO episodes (movie_id, name, video_url)
	  VALUES (78, 'Tập 334', 'https://player.phimapi.com/player/?url=https://s6.kkphimplayer6.com/20250531/hDsd59Kp/index.m3u8');
	INSERT INTO episodes (movie_id, name, video_url)
	  VALUES (78, 'Tập 335', 'https://player.phimapi.com/player/?url=https://s6.kkphimplayer6.com/20250604/wTFmSbd4/index.m3u8');
	INSERT INTO episodes (movie_id, name, video_url)
	  VALUES (78, 'Tập 336', 'https://player.phimapi.com/player/?url=https://s6.kkphimplayer6.com/20250607/JU1SJXrw/index.m3u8');
	INSERT INTO episodes (movie_id, name, video_url)
	  VALUES (78, 'Tập 337', 'https://player.phimapi.com/player/?url=https://s6.kkphimplayer6.com/20250611/T6ub8Uqz/index.m3u8');
	INSERT INTO episodes (movie_id, name, video_url)
	  VALUES (78, 'Tập 338', 'https://player.phimapi.com/player/?url=https://s6.kkphimplayer6.com/20250614/SwymoXSm/index.m3u8');
	INSERT INTO episodes (movie_id, name, video_url)
	  VALUES (78, 'Tập 339', 'https://player.phimapi.com/player/?url=https://s6.kkphimplayer6.com/20250618/R3tecGhZ/index.m3u8');
	INSERT INTO episodes (movie_id, name, video_url)
	  VALUES (78, 'Tập 340', 'https://player.phimapi.com/player/?url=https://s6.kkphimplayer6.com/20250621/xwaxNHp3/index.m3u8');
	INSERT INTO episodes (movie_id, name, video_url)
	  VALUES (78, 'Tập 341', 'https://player.phimapi.com/player/?url=https://s6.kkphimplayer6.com/20250627/FjIcUc4X/index.m3u8');
	INSERT INTO episodes (movie_id, name, video_url)
	  VALUES (78, 'Tập 342', 'https://player.phimapi.com/player/?url=https://s6.kkphimplayer6.com/20250630/HlMq8EGz/index.m3u8');
	INSERT INTO episodes (movie_id, name, video_url)
	  VALUES (78, 'Tập 343', 'https://player.phimapi.com/player/?url=https://s6.kkphimplayer6.com/20250702/HGsLC9q0/index.m3u8');
	INSERT INTO episodes (movie_id, name, video_url)
	  VALUES (78, 'Tập 344', 'https://player.phimapi.com/player/?url=https://s6.kkphimplayer6.com/20250705/4dAMN2hd/index.m3u8');
	INSERT INTO episodes (movie_id, name, video_url)
	  VALUES (78, 'Tập 345', 'https://player.phimapi.com/player/?url=https://s6.kkphimplayer6.com/20250708/4DPQL3LK/index.m3u8');
	INSERT INTO episodes (movie_id, name, video_url)
	  VALUES (78, 'Tập 346', 'https://player.phimapi.com/player/?url=https://s6.kkphimplayer6.com/20250713/ntVaSNyC/index.m3u8');
	INSERT INTO episodes (movie_id, name, video_url)
	  VALUES (78, 'Tập 347', 'https://player.phimapi.com/player/?url=https://s6.kkphimplayer6.com/20250715/wxqQh2hr/index.m3u8');
	INSERT INTO episodes (movie_id, name, video_url)
	  VALUES (78, 'Tập 348', 'https://player.phimapi.com/player/?url=https://s6.kkphimplayer6.com/20250719/0JT4d402/index.m3u8');
	INSERT INTO episodes (movie_id, name, video_url)
	  VALUES (78, 'Tập 349', 'https://player.phimapi.com/player/?url=https://s6.kkphimplayer6.com/20250723/EWtuUln5/index.m3u8');
	INSERT INTO episodes (movie_id, name, video_url)
	  VALUES (78, 'Tập 350', 'https://player.phimapi.com/player/?url=https://s6.kkphimplayer6.com/20250726/9AaCzkP0/index.m3u8');
	INSERT INTO episodes (movie_id, name, video_url)
	  VALUES (78, 'Tập 351', 'https://player.phimapi.com/player/?url=https://s6.kkphimplayer6.com/20250730/1TugB9xT/index.m3u8');
	INSERT INTO episodes (movie_id, name, video_url)
	  VALUES (78, 'Tập 352', 'https://player.phimapi.com/player/?url=https://s6.kkphimplayer6.com/20250803/1LRhVjaU/index.m3u8');
	INSERT INTO episodes (movie_id, name, video_url)
	  VALUES (78, 'Tập 353', 'https://player.phimapi.com/player/?url=https://s6.kkphimplayer6.com/20250805/VMYpgMfq/index.m3u8');
	INSERT INTO episodes (movie_id, name, video_url)
	  VALUES (78, 'Tập 354', 'https://player.phimapi.com/player/?url=https://s6.kkphimplayer6.com/20250809/Lpgm0fol/index.m3u8');
	INSERT INTO episodes (movie_id, name, video_url)
	  VALUES (78, 'Tập 355', 'https://player.phimapi.com/player/?url=https://s6.kkphimplayer6.com/20250812/ZMoq5NCC/index.m3u8');
	INSERT INTO episodes (movie_id, name, video_url)
	  VALUES (78, 'Tập 356', 'https://player.phimapi.com/player/?url=https://s6.kkphimplayer6.com/20250816/z2MaakTE/index.m3u8');
	INSERT INTO episodes (movie_id, name, video_url)
	  VALUES (78, 'Tập 357', 'https://player.phimapi.com/player/?url=https://s6.kkphimplayer6.com/20250819/J2JrYeck/index.m3u8');
	INSERT INTO episodes (movie_id, name, video_url)
	  VALUES (78, 'Tập 358', 'https://player.phimapi.com/player/?url=https://s6.kkphimplayer6.com/20250823/c8d2gKmu/index.m3u8');
	INSERT INTO episodes (movie_id, name, video_url)
	  VALUES (78, 'Tập 359', 'https://player.phimapi.com/player/?url=https://s6.kkphimplayer6.com/20250829/HUfZi40X/index.m3u8');
	INSERT INTO episodes (movie_id, name, video_url)
	  VALUES (78, 'Tập 360', 'https://player.phimapi.com/player/?url=https://s6.kkphimplayer6.com/20250830/MuO4Cd6H/index.m3u8');
	INSERT INTO episodes (movie_id, name, video_url)
	  VALUES (78, 'Tập 361', 'https://player.phimapi.com/player/?url=https://s6.kkphimplayer6.com/20250902/dtVyI2jR/index.m3u8');
	INSERT INTO episodes (movie_id, name, video_url)
	  VALUES (78, 'Tập 362', 'https://player.phimapi.com/player/?url=https://s6.kkphimplayer6.com/20250906/U4MrhY3g/index.m3u8');
	INSERT INTO episodes (movie_id, name, video_url)
	  VALUES (78, 'Tập 363', 'https://player.phimapi.com/player/?url=https://s6.kkphimplayer6.com/20250909/y2JQzyRA/index.m3u8');
	INSERT INTO episodes (movie_id, name, video_url)
	  VALUES (78, 'Tập 364', 'https://player.phimapi.com/player/?url=https://s6.kkphimplayer6.com/20250913/2Z7Aun76/index.m3u8');
	INSERT INTO episodes (movie_id, name, video_url)
	  VALUES (78, 'Tập 365', 'https://player.phimapi.com/player/?url=https://s6.kkphimplayer6.com/20250916/z6HxA7as/index.m3u8');
	INSERT INTO episodes (movie_id, name, video_url)
	  VALUES (78, 'Tập 366', 'https://player.phimapi.com/player/?url=https://s6.kkphimplayer6.com/20250920/OYKS1Tu6/index.m3u8');
	INSERT INTO episodes (movie_id, name, video_url)
	  VALUES (78, 'Tập 367', 'https://player.phimapi.com/player/?url=https://s6.kkphimplayer6.com/20250924/Sz6ovOlg/index.m3u8');

	-- Movie: Lăng Thiên Độc Tôn
	INSERT INTO movies (movie_id, title, description, release_date, poster_url, thumb_url, status)
	VALUES (79, 'Lăng Thiên Độc Tôn', 'Nổi tiếng khắp giang hồ như một vị cao thủ kiếm thánh nhưng vì để bảo vệ người tình trong mộng của mình mà Lăng Thiên đã phải làm những việc đi ngược với đạo trời, chính vì vậy mà anh chàng đã bị Thiên Đạo nhắm đến và nổ ra một trận chiến kinh thiên động địa. Trong thời khắc quyết định, Lăng Thiên đã nằm xuống cùng với Thiên Đạo. Nhưng tưởng như vậy là đã đăng xuất thì Lăng Thiên lại bị đưa ngược trở lại thời điểm 300 năm về trước, đó là lúc mà mọi thứ còn đang dang dở, người yêu đang bên cạnh hắn, nhưng kẻ thù cũng vẫn còn đó, thậm chí là hắn lại phải tu luyện một lần nữa để quay trở lại đỉnh cao của kiếm thánh. Con đường tu luyện dài đằng đẵng một lần nữa mở ra, thách thức và đợi chờ Lăng Thiên chinh phục.', '2025', 'https://phimimg.com/upload/vod/20250719-1/b5864c72d2f3811c4a81cffcd67eaa4d.jpg', 'https://phimimg.com/upload/vod/20250719-1/9d75341ac87b3cee68b2c02e8726bb0e.jpg', 'showing');
	UPDATE movies SET country='Trung Quốc', language='Vietsub', trailer_url='https://www.youtube.com/watch?v=En_Q0uFA34c' WHERE movie_id=79;
	INSERT IGNORE INTO genres (name) VALUES ('Chính Kịch');
	INSERT INTO movie_genres (movie_id, genre_id)
	  SELECT 79, genre_id FROM genres WHERE name='Chính Kịch' LIMIT 1;
	INSERT IGNORE INTO genres (name) VALUES ('Viễn Tưởng');
	INSERT INTO movie_genres (movie_id, genre_id)
	  SELECT 79, genre_id FROM genres WHERE name='Viễn Tưởng' LIMIT 1;
	INSERT IGNORE INTO genres (name) VALUES ('Phiêu Lưu');
	INSERT INTO movie_genres (movie_id, genre_id)
	  SELECT 79, genre_id FROM genres WHERE name='Phiêu Lưu' LIMIT 1;
	INSERT IGNORE INTO actors (name) VALUES ('Đang cập nhật');
	INSERT INTO movie_actors (movie_id, actor_id)
	  SELECT 79, actor_id FROM actors WHERE name='Đang cập nhật' LIMIT 1;
	INSERT IGNORE INTO directors (name) VALUES ('Đang cập nhật');
	INSERT INTO movie_directors (movie_id, director_id)
	  SELECT 79, director_id FROM directors WHERE name='Đang cập nhật' LIMIT 1;
	INSERT INTO episodes (movie_id, name, video_url)
	  VALUES (79, 'Tập 1', 'https://player.phimapi.com/player/?url=https://s6.kkphimplayer6.com/20250719/mEQy8gd6/index.m3u8');
	INSERT INTO episodes (movie_id, name, video_url)
	  VALUES (79, 'Tập 2', 'https://player.phimapi.com/player/?url=https://s6.kkphimplayer6.com/20250719/SQsM8IoI/index.m3u8');
	INSERT INTO episodes (movie_id, name, video_url)
	  VALUES (79, 'Tập 3', 'https://player.phimapi.com/player/?url=https://s6.kkphimplayer6.com/20250719/s14EqI9m/index.m3u8');
	INSERT INTO episodes (movie_id, name, video_url)
	  VALUES (79, 'Tập 4', 'https://player.phimapi.com/player/?url=https://s6.kkphimplayer6.com/20250719/9mARnRxI/index.m3u8');
	INSERT INTO episodes (movie_id, name, video_url)
	  VALUES (79, 'Tập 5', 'https://player.phimapi.com/player/?url=https://s6.kkphimplayer6.com/20250719/zC2XRYE5/index.m3u8');
	INSERT INTO episodes (movie_id, name, video_url)
	  VALUES (79, 'Tập 6', 'https://player.phimapi.com/player/?url=https://s6.kkphimplayer6.com/20250719/aXX4wzgh/index.m3u8');
	INSERT INTO episodes (movie_id, name, video_url)
	  VALUES (79, 'Tập 7', 'https://player.phimapi.com/player/?url=https://s6.kkphimplayer6.com/20250719/tFOuKl5R/index.m3u8');
	INSERT INTO episodes (movie_id, name, video_url)
	  VALUES (79, 'Tập 8', 'https://player.phimapi.com/player/?url=https://s6.kkphimplayer6.com/20250719/vvZr0Ihr/index.m3u8');
	INSERT INTO episodes (movie_id, name, video_url)
	  VALUES (79, 'Tập 9', 'https://player.phimapi.com/player/?url=https://s6.kkphimplayer6.com/20250719/n09thOpB/index.m3u8');
	INSERT INTO episodes (movie_id, name, video_url)
	  VALUES (79, 'Tập 10', 'https://player.phimapi.com/player/?url=https://s6.kkphimplayer6.com/20250723/HewbjSyJ/index.m3u8');
	INSERT INTO episodes (movie_id, name, video_url)
	  VALUES (79, 'Tập 11', 'https://player.phimapi.com/player/?url=https://s6.kkphimplayer6.com/20250726/dABTTw9e/index.m3u8');
	INSERT INTO episodes (movie_id, name, video_url)
	  VALUES (79, 'Tập 12', 'https://player.phimapi.com/player/?url=https://s6.kkphimplayer6.com/20250803/7rnE6BZU/index.m3u8');
	INSERT INTO episodes (movie_id, name, video_url)
	  VALUES (79, 'Tập 13', 'https://player.phimapi.com/player/?url=https://s6.kkphimplayer6.com/20250803/TiptklmQ/index.m3u8');
	INSERT INTO episodes (movie_id, name, video_url)
	  VALUES (79, 'Tập 14', 'https://player.phimapi.com/player/?url=https://s6.kkphimplayer6.com/20250807/LHG43rcb/index.m3u8');
	INSERT INTO episodes (movie_id, name, video_url)
	  VALUES (79, 'Tập 15', 'https://player.phimapi.com/player/?url=https://s6.kkphimplayer6.com/20250809/BPFjolJa/index.m3u8');
	INSERT INTO episodes (movie_id, name, video_url)
	  VALUES (79, 'Tập 16', 'https://player.phimapi.com/player/?url=https://s6.kkphimplayer6.com/20250815/692sLigW/index.m3u8');
	INSERT INTO episodes (movie_id, name, video_url)
	  VALUES (79, 'Tập 17', 'https://player.phimapi.com/player/?url=https://s6.kkphimplayer6.com/20250816/yOWrRDhq/index.m3u8');
	INSERT INTO episodes (movie_id, name, video_url)
	  VALUES (79, 'Tập 18', 'https://player.phimapi.com/player/?url=https://s6.kkphimplayer6.com/20250822/KDD6PXLu/index.m3u8');
	INSERT INTO episodes (movie_id, name, video_url)
	  VALUES (79, 'Tập 19', 'https://player.phimapi.com/player/?url=https://s6.kkphimplayer6.com/20250823/jtQi9A5V/index.m3u8');
	INSERT INTO episodes (movie_id, name, video_url)
	  VALUES (79, 'Tập 20', 'https://player.phimapi.com/player/?url=https://s6.kkphimplayer6.com/20250827/imFhdHTX/index.m3u8');
	INSERT INTO episodes (movie_id, name, video_url)
	  VALUES (79, 'Tập 21', 'https://player.phimapi.com/player/?url=https://s6.kkphimplayer6.com/20250830/b7TFrOZu/index.m3u8');
	INSERT INTO episodes (movie_id, name, video_url)
	  VALUES (79, 'Tập 22', 'https://player.phimapi.com/player/?url=https://s6.kkphimplayer6.com/20250905/iAvMkHIK/index.m3u8');
	INSERT INTO episodes (movie_id, name, video_url)
	  VALUES (79, 'Tập 23', 'https://player.phimapi.com/player/?url=https://s6.kkphimplayer6.com/20250906/TfiXaCYj/index.m3u8');
	INSERT INTO episodes (movie_id, name, video_url)
	  VALUES (79, 'Tập 24', 'https://player.phimapi.com/player/?url=https://s6.kkphimplayer6.com/20250911/kp8Ixq3F/index.m3u8');
	INSERT INTO episodes (movie_id, name, video_url)
	  VALUES (79, 'Tập 25', 'https://player.phimapi.com/player/?url=https://s6.kkphimplayer6.com/20250913/9jLvcT3V/index.m3u8');
	INSERT INTO episodes (movie_id, name, video_url)
	  VALUES (79, 'Tập 26', 'https://player.phimapi.com/player/?url=https://s6.kkphimplayer6.com/20250918/B41Apox6/index.m3u8');
	INSERT INTO episodes (movie_id, name, video_url)
	  VALUES (79, 'Tập 27', 'https://player.phimapi.com/player/?url=https://s6.kkphimplayer6.com/20250920/42Tzlijb/index.m3u8');
	INSERT INTO episodes (movie_id, name, video_url)
	  VALUES (79, 'Tập 28', 'https://player.phimapi.com/player/?url=https://s6.kkphimplayer6.com/20250924/6qw6Zfx1/index.m3u8');

	-- Movie: Song Sinh Võ Hồn
	INSERT INTO movies (movie_id, title, description, release_date, poster_url, thumb_url, status)
	VALUES (80, 'Song Sinh Võ Hồn', 'Lâm Phàm, xuất thân từ thế gia tại Đại Lâm quận, vốn là thiên tài tuyệt thế sở hữu Thiên Kiêu Lệnh, nhưng lại bị vị hôn thê đoạt mất võ hồn, trở thành phế vật. Khi một Ma Vương lai lịch thần bí ký sinh trên người, hắn khôi phục được võ hồn đã bị phế và trở thành người mang thể chất song võ hồn hiếm có. Từ đây, Lâm Phàm chính thức bước lên con đường quật khởi, từ một tiểu thành của quận nhỏ, tung hoành chư thiên vạn giới.', '2025', 'https://phimimg.com/upload/vod/20250725-1/c8f465cee0f9ff68ac8425e55add699d.jpg', 'https://phimimg.com/upload/vod/20250725-1/4ca116d416f7e7b621bc5cbe8f03df98.jpg', 'showing');
	UPDATE movies SET country='Trung Quốc', language='Vietsub + Thuyết Minh', trailer_url='https://www.youtube.com/watch?v=wd_JGT2ufIA' WHERE movie_id=80;
	INSERT IGNORE INTO genres (name) VALUES ('Hành Động');
	INSERT INTO movie_genres (movie_id, genre_id)
	  SELECT 80, genre_id FROM genres WHERE name='Hành Động' LIMIT 1;
	INSERT IGNORE INTO genres (name) VALUES ('Phiêu Lưu');
	INSERT INTO movie_genres (movie_id, genre_id)
	  SELECT 80, genre_id FROM genres WHERE name='Phiêu Lưu' LIMIT 1;
	INSERT IGNORE INTO genres (name) VALUES ('Khoa Học');
	INSERT INTO movie_genres (movie_id, genre_id)
	  SELECT 80, genre_id FROM genres WHERE name='Khoa Học' LIMIT 1;
	INSERT IGNORE INTO genres (name) VALUES ('Viễn Tưởng');
	INSERT INTO movie_genres (movie_id, genre_id)
	  SELECT 80, genre_id FROM genres WHERE name='Viễn Tưởng' LIMIT 1;
	INSERT IGNORE INTO genres (name) VALUES ('Hài Hước');
	INSERT INTO movie_genres (movie_id, genre_id)
	  SELECT 80, genre_id FROM genres WHERE name='Hài Hước' LIMIT 1;
	INSERT IGNORE INTO actors (name) VALUES ('Wang Qiuhao');
	INSERT INTO movie_actors (movie_id, actor_id)
	  SELECT 80, actor_id FROM actors WHERE name='Wang Qiuhao' LIMIT 1;
	INSERT IGNORE INTO actors (name) VALUES ('Liu Man');
	INSERT INTO movie_actors (movie_id, actor_id)
	  SELECT 80, actor_id FROM actors WHERE name='Liu Man' LIMIT 1;
	INSERT IGNORE INTO actors (name) VALUES ('Li Min');
	INSERT INTO movie_actors (movie_id, actor_id)
	  SELECT 80, actor_id FROM actors WHERE name='Li Min' LIMIT 1;
	INSERT IGNORE INTO actors (name) VALUES ('Shi Zekun');
	INSERT INTO movie_actors (movie_id, actor_id)
	  SELECT 80, actor_id FROM actors WHERE name='Shi Zekun' LIMIT 1;
	INSERT IGNORE INTO directors (name) VALUES ('Tinghe Li');
	INSERT INTO movie_directors (movie_id, director_id)
	  SELECT 80, director_id FROM directors WHERE name='Tinghe Li' LIMIT 1;
	INSERT INTO episodes (movie_id, name, video_url)
	  VALUES (80, 'Tập 1', 'https://player.phimapi.com/player/?url=https://s6.kkphimplayer6.com/20250725/y4q60QNr/index.m3u8');
	INSERT INTO episodes (movie_id, name, video_url)
	  VALUES (80, 'Tập 2', 'https://player.phimapi.com/player/?url=https://s6.kkphimplayer6.com/20250725/DPmyFCBB/index.m3u8');
	INSERT INTO episodes (movie_id, name, video_url)
	  VALUES (80, 'Tập 3', 'https://player.phimapi.com/player/?url=https://s6.kkphimplayer6.com/20250725/u50WjJlh/index.m3u8');
	INSERT INTO episodes (movie_id, name, video_url)
	  VALUES (80, 'Tập 4', 'https://player.phimapi.com/player/?url=https://s6.kkphimplayer6.com/20250725/8Rfq53Hd/index.m3u8');
	INSERT INTO episodes (movie_id, name, video_url)
	  VALUES (80, 'Tập 5', 'https://player.phimapi.com/player/?url=https://s6.kkphimplayer6.com/20250725/ZECOan7w/index.m3u8');
	INSERT INTO episodes (movie_id, name, video_url)
	  VALUES (80, 'Tập 6', 'https://player.phimapi.com/player/?url=https://s6.kkphimplayer6.com/20250803/6xOgDmZ5/index.m3u8');
	INSERT INTO episodes (movie_id, name, video_url)
	  VALUES (80, 'Tập 7', 'https://player.phimapi.com/player/?url=https://s6.kkphimplayer6.com/20250803/bMSi4lBX/index.m3u8');
	INSERT INTO episodes (movie_id, name, video_url)
	  VALUES (80, 'Tập 8', 'https://player.phimapi.com/player/?url=https://s6.kkphimplayer6.com/20250807/VVbPzjKd/index.m3u8');
	INSERT INTO episodes (movie_id, name, video_url)
	  VALUES (80, 'Tập 9', 'https://player.phimapi.com/player/?url=https://s6.kkphimplayer6.com/20250807/LtuT7VfZ/index.m3u8');
	INSERT INTO episodes (movie_id, name, video_url)
	  VALUES (80, 'Tập 10', 'https://player.phimapi.com/player/?url=https://s6.kkphimplayer6.com/20250807/bs7nZjS3/index.m3u8');
	INSERT INTO episodes (movie_id, name, video_url)
	  VALUES (80, 'Tập 11', 'https://player.phimapi.com/player/?url=https://s6.kkphimplayer6.com/20250807/cOAbA7Ji/index.m3u8');
	INSERT INTO episodes (movie_id, name, video_url)
	  VALUES (80, 'Tập 12', 'https://player.phimapi.com/player/?url=https://s6.kkphimplayer6.com/20250807/0YJRsepJ/index.m3u8');
	INSERT INTO episodes (movie_id, name, video_url)
	  VALUES (80, 'Tập 13', 'https://player.phimapi.com/player/?url=https://s6.kkphimplayer6.com/20250807/ATKeuf8t/index.m3u8');
	INSERT INTO episodes (movie_id, name, video_url)
	  VALUES (80, 'Tập 14', 'https://player.phimapi.com/player/?url=https://s6.kkphimplayer6.com/20250807/4rN6FgEq/index.m3u8');
	INSERT INTO episodes (movie_id, name, video_url)
	  VALUES (80, 'Tập 15', 'https://player.phimapi.com/player/?url=https://s6.kkphimplayer6.com/20250815/P9jeCGDP/index.m3u8');
	INSERT INTO episodes (movie_id, name, video_url)
	  VALUES (80, 'Tập 16', 'https://player.phimapi.com/player/?url=https://s6.kkphimplayer6.com/20250815/sHDX8IvO/index.m3u8');
	INSERT INTO episodes (movie_id, name, video_url)
	  VALUES (80, 'Tập 17', 'https://player.phimapi.com/player/?url=https://s6.kkphimplayer6.com/20250822/fJbVmoj0/index.m3u8');
	INSERT INTO episodes (movie_id, name, video_url)
	  VALUES (80, 'Tập 18', 'https://player.phimapi.com/player/?url=https://s6.kkphimplayer6.com/20250822/IT4UOzfb/index.m3u8');
	INSERT INTO episodes (movie_id, name, video_url)
	  VALUES (80, 'Tập 19', 'https://player.phimapi.com/player/?url=https://s6.kkphimplayer6.com/20250827/nfql11oD/index.m3u8');
	INSERT INTO episodes (movie_id, name, video_url)
	  VALUES (80, 'Tập 20', 'https://player.phimapi.com/player/?url=https://s6.kkphimplayer6.com/20250829/hH3dKEG6/index.m3u8');
	INSERT INTO episodes (movie_id, name, video_url)
	  VALUES (80, 'Tập 21', 'https://player.phimapi.com/player/?url=https://s6.kkphimplayer6.com/20250905/JeajVQLx/index.m3u8');
	INSERT INTO episodes (movie_id, name, video_url)
	  VALUES (80, 'Tập 22', 'https://player.phimapi.com/player/?url=https://s6.kkphimplayer6.com/20250905/CviOQwtZ/index.m3u8');
	INSERT INTO episodes (movie_id, name, video_url)
	  VALUES (80, 'Tập 23', 'https://player.phimapi.com/player/?url=https://s6.kkphimplayer6.com/20250911/Dy3mWnBP/index.m3u8');
	INSERT INTO episodes (movie_id, name, video_url)
	  VALUES (80, 'Tập 24', 'https://player.phimapi.com/player/?url=https://s6.kkphimplayer6.com/20250911/yygwNqWJ/index.m3u8');
	INSERT INTO episodes (movie_id, name, video_url)
	  VALUES (80, 'Tập 25', 'https://player.phimapi.com/player/?url=https://s6.kkphimplayer6.com/20250918/elzXj8pp/index.m3u8');
	INSERT INTO episodes (movie_id, name, video_url)
	  VALUES (80, 'Tập 26', 'https://player.phimapi.com/player/?url=https://s6.kkphimplayer6.com/20250918/OgeQW8hg/index.m3u8');
	INSERT INTO episodes (movie_id, name, video_url)
	  VALUES (80, 'Tập 27', 'https://player.phimapi.com/player/?url=https://s6.kkphimplayer6.com/20250924/yMB39AWz/index.m3u8');
	INSERT INTO episodes (movie_id, name, video_url)
	  VALUES (80, 'Tập 1', 'https://player.phimapi.com/player/?url=https://s6.kkphimplayer6.com/20250803/BKmR2aAw/index.m3u8');
	INSERT INTO episodes (movie_id, name, video_url)
	  VALUES (80, 'Tập 2', 'https://player.phimapi.com/player/?url=https://s6.kkphimplayer6.com/20250803/XnUGI62F/index.m3u8');
	INSERT INTO episodes (movie_id, name, video_url)
	  VALUES (80, 'Tập 3', 'https://player.phimapi.com/player/?url=https://s6.kkphimplayer6.com/20250803/EYeIrEti/index.m3u8');
	INSERT INTO episodes (movie_id, name, video_url)
	  VALUES (80, 'Tập 4', 'https://player.phimapi.com/player/?url=https://s6.kkphimplayer6.com/20250803/2OQtvbMK/index.m3u8');
	INSERT INTO episodes (movie_id, name, video_url)
	  VALUES (80, 'Tập 5', 'https://player.phimapi.com/player/?url=https://s6.kkphimplayer6.com/20250803/liJc3QCL/index.m3u8');
	INSERT INTO episodes (movie_id, name, video_url)
	  VALUES (80, 'Tập 6', 'https://player.phimapi.com/player/?url=https://s6.kkphimplayer6.com/20250803/oRE8syZ9/index.m3u8');
	INSERT INTO episodes (movie_id, name, video_url)
	  VALUES (80, 'Tập 7', 'https://player.phimapi.com/player/?url=https://s6.kkphimplayer6.com/20250803/qnPYfghL/index.m3u8');
	INSERT INTO episodes (movie_id, name, video_url)
	  VALUES (80, 'Tập 8', 'https://player.phimapi.com/player/?url=https://s6.kkphimplayer6.com/20250807/4P2sdMrN/index.m3u8');
	INSERT INTO episodes (movie_id, name, video_url)
	  VALUES (80, 'Tập 9', 'https://player.phimapi.com/player/?url=https://s6.kkphimplayer6.com/20250807/tjd8G9wS/index.m3u8');
	INSERT INTO episodes (movie_id, name, video_url)
	  VALUES (80, 'Tập 10', 'https://player.phimapi.com/player/?url=https://s6.kkphimplayer6.com/20250807/JIfbs252/index.m3u8');
	INSERT INTO episodes (movie_id, name, video_url)
	  VALUES (80, 'Tập 11', 'https://player.phimapi.com/player/?url=https://s6.kkphimplayer6.com/20250807/ySAXebSL/index.m3u8');
	INSERT INTO episodes (movie_id, name, video_url)
	  VALUES (80, 'Tập 12', 'https://player.phimapi.com/player/?url=https://s6.kkphimplayer6.com/20250807/DyOQYLdX/index.m3u8');
	INSERT INTO episodes (movie_id, name, video_url)
	  VALUES (80, 'Tập 13', 'https://player.phimapi.com/player/?url=https://s6.kkphimplayer6.com/20250807/QnnHLxL2/index.m3u8');
	INSERT INTO episodes (movie_id, name, video_url)
	  VALUES (80, 'Tập 14', 'https://player.phimapi.com/player/?url=https://s6.kkphimplayer6.com/20250807/hT1fYY81/index.m3u8');
	INSERT INTO episodes (movie_id, name, video_url)
	  VALUES (80, 'Tập 15', 'https://player.phimapi.com/player/?url=https://s6.kkphimplayer6.com/20250815/Zep1jsqu/index.m3u8');
	INSERT INTO episodes (movie_id, name, video_url)
	  VALUES (80, 'Tập 16', 'https://player.phimapi.com/player/?url=https://s6.kkphimplayer6.com/20250815/ez71nbaW/index.m3u8');
	INSERT INTO episodes (movie_id, name, video_url)
	  VALUES (80, 'Tập 17', 'https://player.phimapi.com/player/?url=https://s6.kkphimplayer6.com/20250822/dRFtS6OV/index.m3u8');
	INSERT INTO episodes (movie_id, name, video_url)
	  VALUES (80, 'Tập 18', 'https://player.phimapi.com/player/?url=https://s6.kkphimplayer6.com/20250822/azwdzQIv/index.m3u8');
	INSERT INTO episodes (movie_id, name, video_url)
	  VALUES (80, 'Tập 19', 'https://player.phimapi.com/player/?url=https://s6.kkphimplayer6.com/20250827/JvxuH4Cs/index.m3u8');
	INSERT INTO episodes (movie_id, name, video_url)
	  VALUES (80, 'Tập 20', 'https://player.phimapi.com/player/?url=https://s6.kkphimplayer6.com/20250829/YkuMRQNl/index.m3u8');
	INSERT INTO episodes (movie_id, name, video_url)
	  VALUES (80, 'Tập 21', 'https://player.phimapi.com/player/?url=https://s6.kkphimplayer6.com/20250905/hbiRcLXx/index.m3u8');
	INSERT INTO episodes (movie_id, name, video_url)
	  VALUES (80, 'Tập 22', 'https://player.phimapi.com/player/?url=https://s6.kkphimplayer6.com/20250905/WbISmQ8u/index.m3u8');
	INSERT INTO episodes (movie_id, name, video_url)
	  VALUES (80, 'Tập 23', 'https://player.phimapi.com/player/?url=https://s6.kkphimplayer6.com/20250911/zTmgEuik/index.m3u8');
	INSERT INTO episodes (movie_id, name, video_url)
	  VALUES (80, 'Tập 24', 'https://player.phimapi.com/player/?url=https://s6.kkphimplayer6.com/20250911/pmRimxX3/index.m3u8');
	INSERT INTO episodes (movie_id, name, video_url)
	  VALUES (80, 'Tập 25', 'https://player.phimapi.com/player/?url=https://s6.kkphimplayer6.com/20250918/BqRJrFBO/index.m3u8');
	INSERT INTO episodes (movie_id, name, video_url)
	  VALUES (80, 'Tập 26', 'https://player.phimapi.com/player/?url=https://s6.kkphimplayer6.com/20250918/qW6nYa2K/index.m3u8');
	INSERT INTO episodes (movie_id, name, video_url)
	  VALUES (80, 'Tập 27', 'https://player.phimapi.com/player/?url=https://s6.kkphimplayer6.com/20250924/iHb2YCkl/index.m3u8');

	-- Movie: Nghịch Thiên Chí Tôn
	INSERT INTO movies (movie_id, title, description, release_date, poster_url, thumb_url, status)
	VALUES (81, 'Nghịch Thiên Chí Tôn', 'Vũ trụ chia thành vực nội và vực ngoại, là kẻ thù của nhau. Vực ngoại do Thiên Ma thống trị, vực nội bao gồm phàm giới, tiên giới và thần giới. Các phàm giới như đại lục Thiên Phạt rất nhiều, gọi chung là tinh vực Cửu Thiên, do chín đại Tiên Đế lãnh đạo. Trên Cửu Thiên là thần vực Luyện Tiên, nơi tiên nhân cần đi qua để thành thần. Trong quá khứ, vạn tộc do ba chí tôn Thủy Nguyên, Hỗn Độn và Hồng Mông thống trị. Hồng Mông Chí Tôn là mạnh nhất, nhân hậu và bình đẳng với mọi sinh linh. Khi vũ trụ vực ngoại xâm lấn, ngài bị hai chí tôn kia cấu kết giết hại và nguyền rủa luân hồi. Người thân, thuộc hạ, quê hương không còn, đồ đệ Linh Hà thiên tôn phản bội, ngài trải qua nhiều kiếp bị diệt môn, cuối cùng chuyển kiếp thành Đàm Vân, thiếu gia 16 tuổi của một gia tộc chớm nổi trong trấn Vọng Nguyệt. Khi chưa thức tỉnh, hắn bị ức hiếp vì là kẻ vô dụng. Trong hôn lễ, hắn bị đánh vì phát hiện vị hôn thê gian díu với Tư Đồ công tử. Lúc sắp chết, ký ức của Hồng Mông Chí Tôn mới được thức tỉnh, thay đổi số phận, sở hữu thiên phú cấp thần, tu luyện công pháp kiếp trước và nhanh chóng tăng tu vi. Sau khi báo thù nhà, hắn vào Hoàng Phổ Thánh Tông, dùng trí tuệ và thuật pháp của Hồng Mông Chí Tôn, trở thành tông chủ, thống trị cả đại lục. Hắn còn gặp lại thuộc hạ và thê tử chuyển kiếp, tìm lại thần khí, hiểu rõ mọi chuyện quá khứ, gặp thêm rất nhiều giai lệ.', '2021', 'https://phimimg.com/upload/vod/20250903-1/fe12e74047daf65d58b996a82987f6aa.jpg', 'https://phimimg.com/upload/vod/20250903-1/cc1e9fd59cf70b050455ceb0bf183bf3.jpg', 'showing');
	UPDATE movies SET country='Trung Quốc', language='Vietsub', trailer_url=NULL WHERE movie_id=81;
	INSERT IGNORE INTO genres (name) VALUES ('Hành Động');
	INSERT INTO movie_genres (movie_id, genre_id)
	  SELECT 81, genre_id FROM genres WHERE name='Hành Động' LIMIT 1;
	INSERT IGNORE INTO genres (name) VALUES ('Phiêu Lưu');
	INSERT INTO movie_genres (movie_id, genre_id)
	  SELECT 81, genre_id FROM genres WHERE name='Phiêu Lưu' LIMIT 1;
	INSERT IGNORE INTO genres (name) VALUES ('Cổ Trang');
	INSERT INTO movie_genres (movie_id, genre_id)
	  SELECT 81, genre_id FROM genres WHERE name='Cổ Trang' LIMIT 1;
	INSERT IGNORE INTO actors (name) VALUES ('Đang cập nhật');
	INSERT INTO movie_actors (movie_id, actor_id)
	  SELECT 81, actor_id FROM actors WHERE name='Đang cập nhật' LIMIT 1;
	INSERT IGNORE INTO directors (name) VALUES ('Đang cập nhật');
	INSERT INTO movie_directors (movie_id, director_id)
	  SELECT 81, director_id FROM directors WHERE name='Đang cập nhật' LIMIT 1;
	INSERT INTO episodes (movie_id, name, video_url)
	  VALUES (81, 'Tập 01-06', 'https://player.phimapi.com/player/?url=https://s6.kkphimplayer6.com/20250903/EgceKJOl/index.m3u8');
	INSERT INTO episodes (movie_id, name, video_url)
	  VALUES (81, 'Tập 07', 'https://player.phimapi.com/player/?url=https://s6.kkphimplayer6.com/20250903/jiGOQ59S/index.m3u8');
	INSERT INTO episodes (movie_id, name, video_url)
	  VALUES (81, 'Tập 08', 'https://player.phimapi.com/player/?url=https://s6.kkphimplayer6.com/20250903/6Vngplf8/index.m3u8');
	INSERT INTO episodes (movie_id, name, video_url)
	  VALUES (81, 'Tập 09', 'https://player.phimapi.com/player/?url=https://s6.kkphimplayer6.com/20250903/TCPpyjef/index.m3u8');
	INSERT INTO episodes (movie_id, name, video_url)
	  VALUES (81, 'Tập 10', 'https://player.phimapi.com/player/?url=https://s6.kkphimplayer6.com/20250903/X8SvVr0t/index.m3u8');
	INSERT INTO episodes (movie_id, name, video_url)
	  VALUES (81, 'Tập 11', 'https://player.phimapi.com/player/?url=https://s6.kkphimplayer6.com/20250903/wADkO9iA/index.m3u8');
	INSERT INTO episodes (movie_id, name, video_url)
	  VALUES (81, 'Tập 12', 'https://player.phimapi.com/player/?url=https://s6.kkphimplayer6.com/20250903/3z3360Lw/index.m3u8');
	INSERT INTO episodes (movie_id, name, video_url)
	  VALUES (81, 'Tập 13', 'https://player.phimapi.com/player/?url=https://s6.kkphimplayer6.com/20250903/BirkJHbk/index.m3u8');
	INSERT INTO episodes (movie_id, name, video_url)
	  VALUES (81, 'Tập 14', 'https://player.phimapi.com/player/?url=https://s6.kkphimplayer6.com/20250903/0skh125b/index.m3u8');
	INSERT INTO episodes (movie_id, name, video_url)
	  VALUES (81, 'Tập 15', 'https://player.phimapi.com/player/?url=https://s6.kkphimplayer6.com/20250903/aY0hoXeR/index.m3u8');
	INSERT INTO episodes (movie_id, name, video_url)
	  VALUES (81, 'Tập 16', 'https://player.phimapi.com/player/?url=https://s6.kkphimplayer6.com/20250903/ADmrjV7S/index.m3u8');
	INSERT INTO episodes (movie_id, name, video_url)
	  VALUES (81, 'Tập 17', 'https://player.phimapi.com/player/?url=https://s6.kkphimplayer6.com/20250903/E0lUo9E3/index.m3u8');
	INSERT INTO episodes (movie_id, name, video_url)
	  VALUES (81, 'Tập 18', 'https://player.phimapi.com/player/?url=https://s6.kkphimplayer6.com/20250903/vm6d9aPk/index.m3u8');
	INSERT INTO episodes (movie_id, name, video_url)
	  VALUES (81, 'Tập 19', 'https://player.phimapi.com/player/?url=https://s6.kkphimplayer6.com/20250903/xzUurGUK/index.m3u8');
	INSERT INTO episodes (movie_id, name, video_url)
	  VALUES (81, 'Tập 20', 'https://player.phimapi.com/player/?url=https://s6.kkphimplayer6.com/20250903/RhbsSE5s/index.m3u8');
	INSERT INTO episodes (movie_id, name, video_url)
	  VALUES (81, 'Tập 21', 'https://player.phimapi.com/player/?url=https://s6.kkphimplayer6.com/20250903/rQGypho1/index.m3u8');
	INSERT INTO episodes (movie_id, name, video_url)
	  VALUES (81, 'Tập 22', 'https://player.phimapi.com/player/?url=https://s6.kkphimplayer6.com/20250903/czxopkJD/index.m3u8');
	INSERT INTO episodes (movie_id, name, video_url)
	  VALUES (81, 'Tập 23', 'https://player.phimapi.com/player/?url=https://s6.kkphimplayer6.com/20250903/RC0PUCbq/index.m3u8');
	INSERT INTO episodes (movie_id, name, video_url)
	  VALUES (81, 'Tập 24', 'https://player.phimapi.com/player/?url=https://s6.kkphimplayer6.com/20250903/8oV9MKQt/index.m3u8');
	INSERT INTO episodes (movie_id, name, video_url)
	  VALUES (81, 'Tập 25', 'https://player.phimapi.com/player/?url=https://s6.kkphimplayer6.com/20250903/gBxAP7i2/index.m3u8');
	INSERT INTO episodes (movie_id, name, video_url)
	  VALUES (81, 'Tập 26', 'https://player.phimapi.com/player/?url=https://s6.kkphimplayer6.com/20250903/eoOmj2KV/index.m3u8');
	INSERT INTO episodes (movie_id, name, video_url)
	  VALUES (81, 'Tập 27', 'https://player.phimapi.com/player/?url=https://s6.kkphimplayer6.com/20250903/0cP4Mu9R/index.m3u8');
	INSERT INTO episodes (movie_id, name, video_url)
	  VALUES (81, 'Tập 28', 'https://player.phimapi.com/player/?url=https://s6.kkphimplayer6.com/20250903/ouCIVvBd/index.m3u8');
	INSERT INTO episodes (movie_id, name, video_url)
	  VALUES (81, 'Tập 29', 'https://player.phimapi.com/player/?url=https://s6.kkphimplayer6.com/20250903/9d1ULOcK/index.m3u8');
	INSERT INTO episodes (movie_id, name, video_url)
	  VALUES (81, 'Tập 30', 'https://player.phimapi.com/player/?url=https://s6.kkphimplayer6.com/20250903/Va4Ot4I3/index.m3u8');
	INSERT INTO episodes (movie_id, name, video_url)
	  VALUES (81, 'Tập 31', 'https://player.phimapi.com/player/?url=https://s6.kkphimplayer6.com/20250903/8FDTqe2E/index.m3u8');
	INSERT INTO episodes (movie_id, name, video_url)
	  VALUES (81, 'Tập 32', 'https://player.phimapi.com/player/?url=https://s6.kkphimplayer6.com/20250903/CaViVgJd/index.m3u8');
	INSERT INTO episodes (movie_id, name, video_url)
	  VALUES (81, 'Tập 33', 'https://player.phimapi.com/player/?url=https://s6.kkphimplayer6.com/20250903/0M6WztFh/index.m3u8');
	INSERT INTO episodes (movie_id, name, video_url)
	  VALUES (81, 'Tập 34', 'https://player.phimapi.com/player/?url=https://s6.kkphimplayer6.com/20250903/4DiEU62k/index.m3u8');
	INSERT INTO episodes (movie_id, name, video_url)
	  VALUES (81, 'Tập 35', 'https://player.phimapi.com/player/?url=https://s6.kkphimplayer6.com/20250903/wtwC8PKa/index.m3u8');
	INSERT INTO episodes (movie_id, name, video_url)
	  VALUES (81, 'Tập 36', 'https://player.phimapi.com/player/?url=https://s6.kkphimplayer6.com/20250903/XX8o2xfD/index.m3u8');
	INSERT INTO episodes (movie_id, name, video_url)
	  VALUES (81, 'Tập 37', 'https://player.phimapi.com/player/?url=https://s6.kkphimplayer6.com/20250903/jQNRGc7S/index.m3u8');
	INSERT INTO episodes (movie_id, name, video_url)
	  VALUES (81, 'Tập 38', 'https://player.phimapi.com/player/?url=https://s6.kkphimplayer6.com/20250903/QLpsv9hC/index.m3u8');
	INSERT INTO episodes (movie_id, name, video_url)
	  VALUES (81, 'Tập 39', 'https://player.phimapi.com/player/?url=https://s6.kkphimplayer6.com/20250903/P640B5rb/index.m3u8');
	INSERT INTO episodes (movie_id, name, video_url)
	  VALUES (81, 'Tập 40', 'https://player.phimapi.com/player/?url=https://s6.kkphimplayer6.com/20250903/U29H8TVY/index.m3u8');
	INSERT INTO episodes (movie_id, name, video_url)
	  VALUES (81, 'Tập 41', 'https://player.phimapi.com/player/?url=https://s6.kkphimplayer6.com/20250903/dCMGANpR/index.m3u8');
	INSERT INTO episodes (movie_id, name, video_url)
	  VALUES (81, 'Tập 42', 'https://player.phimapi.com/player/?url=https://s6.kkphimplayer6.com/20250903/Q1yd8qKZ/index.m3u8');
	INSERT INTO episodes (movie_id, name, video_url)
	  VALUES (81, 'Tập 43', 'https://player.phimapi.com/player/?url=https://s6.kkphimplayer6.com/20250903/NMCkuElG/index.m3u8');
	INSERT INTO episodes (movie_id, name, video_url)
	  VALUES (81, 'Tập 44', 'https://player.phimapi.com/player/?url=https://s6.kkphimplayer6.com/20250903/JiPulLCw/index.m3u8');
	INSERT INTO episodes (movie_id, name, video_url)
	  VALUES (81, 'Tập 45', 'https://player.phimapi.com/player/?url=https://s6.kkphimplayer6.com/20250903/dsSMI4Ut/index.m3u8');
	INSERT INTO episodes (movie_id, name, video_url)
	  VALUES (81, 'Tập 46', 'https://player.phimapi.com/player/?url=https://s6.kkphimplayer6.com/20250903/dbS6X5B6/index.m3u8');
	INSERT INTO episodes (movie_id, name, video_url)
	  VALUES (81, 'Tập 47', 'https://player.phimapi.com/player/?url=https://s6.kkphimplayer6.com/20250903/ge0PLuLl/index.m3u8');
	INSERT INTO episodes (movie_id, name, video_url)
	  VALUES (81, 'Tập 48', 'https://player.phimapi.com/player/?url=https://s6.kkphimplayer6.com/20250903/m9aUnKzl/index.m3u8');
	INSERT INTO episodes (movie_id, name, video_url)
	  VALUES (81, 'Tập 49', 'https://player.phimapi.com/player/?url=https://s6.kkphimplayer6.com/20250903/5p2blgFW/index.m3u8');
	INSERT INTO episodes (movie_id, name, video_url)
	  VALUES (81, 'Tập 50', 'https://player.phimapi.com/player/?url=https://s6.kkphimplayer6.com/20250903/lJGYpdnN/index.m3u8');
	INSERT INTO episodes (movie_id, name, video_url)
	  VALUES (81, 'Tập 51', 'https://player.phimapi.com/player/?url=https://s6.kkphimplayer6.com/20250903/R7TJgM1M/index.m3u8');
	INSERT INTO episodes (movie_id, name, video_url)
	  VALUES (81, 'Tập 52', 'https://player.phimapi.com/player/?url=https://s6.kkphimplayer6.com/20250903/zLrUx8YD/index.m3u8');
	INSERT INTO episodes (movie_id, name, video_url)
	  VALUES (81, 'Tập 53', 'https://player.phimapi.com/player/?url=https://s6.kkphimplayer6.com/20250903/TAXTZI0v/index.m3u8');
	INSERT INTO episodes (movie_id, name, video_url)
	  VALUES (81, 'Tập 54', 'https://player.phimapi.com/player/?url=https://s6.kkphimplayer6.com/20250903/UtaBVeY3/index.m3u8');
	INSERT INTO episodes (movie_id, name, video_url)
	  VALUES (81, 'Tập 55', 'https://player.phimapi.com/player/?url=https://s6.kkphimplayer6.com/20250903/QaFXMKbv/index.m3u8');
	INSERT INTO episodes (movie_id, name, video_url)
	  VALUES (81, 'Tập 56', 'https://player.phimapi.com/player/?url=https://s6.kkphimplayer6.com/20250903/1N2flkUm/index.m3u8');
	INSERT INTO episodes (movie_id, name, video_url)
	  VALUES (81, 'Tập 57', 'https://player.phimapi.com/player/?url=https://s6.kkphimplayer6.com/20250903/sS2GuFGC/index.m3u8');
	INSERT INTO episodes (movie_id, name, video_url)
	  VALUES (81, 'Tập 58', 'https://player.phimapi.com/player/?url=https://s6.kkphimplayer6.com/20250903/10RcNLel/index.m3u8');
	INSERT INTO episodes (movie_id, name, video_url)
	  VALUES (81, 'Tập 59', 'https://player.phimapi.com/player/?url=https://s6.kkphimplayer6.com/20250903/zR5Tc1OK/index.m3u8');
	INSERT INTO episodes (movie_id, name, video_url)
	  VALUES (81, 'Tập 60', 'https://player.phimapi.com/player/?url=https://s6.kkphimplayer6.com/20250903/5eXFBygN/index.m3u8');
	INSERT INTO episodes (movie_id, name, video_url)
	  VALUES (81, 'Tập 61', 'https://player.phimapi.com/player/?url=https://s6.kkphimplayer6.com/20250903/4WQD49hB/index.m3u8');
	INSERT INTO episodes (movie_id, name, video_url)
	  VALUES (81, 'Tập 62', 'https://player.phimapi.com/player/?url=https://s6.kkphimplayer6.com/20250903/V5LiH2nL/index.m3u8');
	INSERT INTO episodes (movie_id, name, video_url)
	  VALUES (81, 'Tập 63', 'https://player.phimapi.com/player/?url=https://s6.kkphimplayer6.com/20250903/1XQFD5rE/index.m3u8');
	INSERT INTO episodes (movie_id, name, video_url)
	  VALUES (81, 'Tập 64', 'https://player.phimapi.com/player/?url=https://s6.kkphimplayer6.com/20250903/AQM9SdJb/index.m3u8');
	INSERT INTO episodes (movie_id, name, video_url)
	  VALUES (81, 'Tập 65', 'https://player.phimapi.com/player/?url=https://s6.kkphimplayer6.com/20250903/vulXfrn3/index.m3u8');
	INSERT INTO episodes (movie_id, name, video_url)
	  VALUES (81, 'Tập 66', 'https://player.phimapi.com/player/?url=https://s6.kkphimplayer6.com/20250903/bnWqMYyv/index.m3u8');
	INSERT INTO episodes (movie_id, name, video_url)
	  VALUES (81, 'Tập 67', 'https://player.phimapi.com/player/?url=https://s6.kkphimplayer6.com/20250903/wDvTBubB/index.m3u8');
	INSERT INTO episodes (movie_id, name, video_url)
	  VALUES (81, 'Tập 68', 'https://player.phimapi.com/player/?url=https://s6.kkphimplayer6.com/20250903/z8hLNPXt/index.m3u8');
	INSERT INTO episodes (movie_id, name, video_url)
	  VALUES (81, 'Tập 69', 'https://player.phimapi.com/player/?url=https://s6.kkphimplayer6.com/20250903/nk2YTewz/index.m3u8');
	INSERT INTO episodes (movie_id, name, video_url)
	  VALUES (81, 'Tập 70', 'https://player.phimapi.com/player/?url=https://s6.kkphimplayer6.com/20250903/u7TPiDHy/index.m3u8');
	INSERT INTO episodes (movie_id, name, video_url)
	  VALUES (81, 'Tập 71', 'https://player.phimapi.com/player/?url=https://s6.kkphimplayer6.com/20250903/LVFNJ93D/index.m3u8');
	INSERT INTO episodes (movie_id, name, video_url)
	  VALUES (81, 'Tập 72', 'https://player.phimapi.com/player/?url=https://s6.kkphimplayer6.com/20250903/2kkU8ook/index.m3u8');
	INSERT INTO episodes (movie_id, name, video_url)
	  VALUES (81, 'Tập 73', 'https://player.phimapi.com/player/?url=https://s6.kkphimplayer6.com/20250903/Gr41I3jo/index.m3u8');
	INSERT INTO episodes (movie_id, name, video_url)
	  VALUES (81, 'Tập 74', 'https://player.phimapi.com/player/?url=https://s6.kkphimplayer6.com/20250903/Rk78bQ2a/index.m3u8');
	INSERT INTO episodes (movie_id, name, video_url)
	  VALUES (81, 'Tập 75', 'https://player.phimapi.com/player/?url=https://s6.kkphimplayer6.com/20250903/ICcw4mty/index.m3u8');
	INSERT INTO episodes (movie_id, name, video_url)
	  VALUES (81, 'Tập 76', 'https://player.phimapi.com/player/?url=https://s6.kkphimplayer6.com/20250903/i1iDjuJa/index.m3u8');
	INSERT INTO episodes (movie_id, name, video_url)
	  VALUES (81, 'Tập 77', 'https://player.phimapi.com/player/?url=https://s6.kkphimplayer6.com/20250903/myB8B08x/index.m3u8');
	INSERT INTO episodes (movie_id, name, video_url)
	  VALUES (81, 'Tập 78', 'https://player.phimapi.com/player/?url=https://s6.kkphimplayer6.com/20250903/i21Kdouu/index.m3u8');
	INSERT INTO episodes (movie_id, name, video_url)
	  VALUES (81, 'Tập 79', 'https://player.phimapi.com/player/?url=https://s6.kkphimplayer6.com/20250903/oCzEcJNb/index.m3u8');
	INSERT INTO episodes (movie_id, name, video_url)
	  VALUES (81, 'Tập 80', 'https://player.phimapi.com/player/?url=https://s6.kkphimplayer6.com/20250903/s6HIBikF/index.m3u8');
	INSERT INTO episodes (movie_id, name, video_url)
	  VALUES (81, 'Tập 81', 'https://player.phimapi.com/player/?url=https://s6.kkphimplayer6.com/20250903/LvKX5oFs/index.m3u8');
	INSERT INTO episodes (movie_id, name, video_url)
	  VALUES (81, 'Tập 82', 'https://player.phimapi.com/player/?url=https://s6.kkphimplayer6.com/20250903/dDSKwRfq/index.m3u8');
	INSERT INTO episodes (movie_id, name, video_url)
	  VALUES (81, 'Tập 83', 'https://player.phimapi.com/player/?url=https://s6.kkphimplayer6.com/20250903/yvqdqiFS/index.m3u8');
	INSERT INTO episodes (movie_id, name, video_url)
	  VALUES (81, 'Tập 84', 'https://player.phimapi.com/player/?url=https://s6.kkphimplayer6.com/20250903/ZVbJp8uZ/index.m3u8');
	INSERT INTO episodes (movie_id, name, video_url)
	  VALUES (81, 'Tập 85', 'https://player.phimapi.com/player/?url=https://s6.kkphimplayer6.com/20250903/BfdKVHED/index.m3u8');
	INSERT INTO episodes (movie_id, name, video_url)
	  VALUES (81, 'Tập 86', 'https://player.phimapi.com/player/?url=https://s6.kkphimplayer6.com/20250903/OHJOB670/index.m3u8');
	INSERT INTO episodes (movie_id, name, video_url)
	  VALUES (81, 'Tập 87', 'https://player.phimapi.com/player/?url=https://s6.kkphimplayer6.com/20250903/c8kEpkmi/index.m3u8');
	INSERT INTO episodes (movie_id, name, video_url)
	  VALUES (81, 'Tập 88', 'https://player.phimapi.com/player/?url=https://s6.kkphimplayer6.com/20250903/T1NGLAza/index.m3u8');
	INSERT INTO episodes (movie_id, name, video_url)
	  VALUES (81, 'Tập 89', 'https://player.phimapi.com/player/?url=https://s6.kkphimplayer6.com/20250903/jRqiCe86/index.m3u8');
	INSERT INTO episodes (movie_id, name, video_url)
	  VALUES (81, 'Tập 90', 'https://player.phimapi.com/player/?url=https://s6.kkphimplayer6.com/20250903/Gm4kLzQO/index.m3u8');
	INSERT INTO episodes (movie_id, name, video_url)
	  VALUES (81, 'Tập 91', 'https://player.phimapi.com/player/?url=https://s6.kkphimplayer6.com/20250903/4jGkBerK/index.m3u8');
	INSERT INTO episodes (movie_id, name, video_url)
	  VALUES (81, 'Tập 92', 'https://player.phimapi.com/player/?url=https://s6.kkphimplayer6.com/20250903/fYjuGCwf/index.m3u8');
	INSERT INTO episodes (movie_id, name, video_url)
	  VALUES (81, 'Tập 93', 'https://player.phimapi.com/player/?url=https://s6.kkphimplayer6.com/20250903/DAElG94j/index.m3u8');
	INSERT INTO episodes (movie_id, name, video_url)
	  VALUES (81, 'Tập 94', 'https://player.phimapi.com/player/?url=https://s6.kkphimplayer6.com/20250903/VsTSeElG/index.m3u8');
	INSERT INTO episodes (movie_id, name, video_url)
	  VALUES (81, 'Tập 95', 'https://player.phimapi.com/player/?url=https://s6.kkphimplayer6.com/20250903/D7D69eiF/index.m3u8');
	INSERT INTO episodes (movie_id, name, video_url)
	  VALUES (81, 'Tập 96', 'https://player.phimapi.com/player/?url=https://s6.kkphimplayer6.com/20250903/Jicf1FAl/index.m3u8');
	INSERT INTO episodes (movie_id, name, video_url)
	  VALUES (81, 'Tập 97', 'https://player.phimapi.com/player/?url=https://s6.kkphimplayer6.com/20250903/a9SOuog1/index.m3u8');
	INSERT INTO episodes (movie_id, name, video_url)
	  VALUES (81, 'Tập 98', 'https://player.phimapi.com/player/?url=https://s6.kkphimplayer6.com/20250903/PyesnYki/index.m3u8');
	INSERT INTO episodes (movie_id, name, video_url)
	  VALUES (81, 'Tập 99', 'https://player.phimapi.com/player/?url=https://s6.kkphimplayer6.com/20250903/sc9mOvys/index.m3u8');
	INSERT INTO episodes (movie_id, name, video_url)
	  VALUES (81, 'Tập 100', 'https://player.phimapi.com/player/?url=https://s6.kkphimplayer6.com/20250903/qVzCYCsb/index.m3u8');
	INSERT INTO episodes (movie_id, name, video_url)
	  VALUES (81, 'Tập 101', 'https://player.phimapi.com/player/?url=https://s6.kkphimplayer6.com/20250903/wBiv2NEe/index.m3u8');
	INSERT INTO episodes (movie_id, name, video_url)
	  VALUES (81, 'Tập 102', 'https://player.phimapi.com/player/?url=https://s6.kkphimplayer6.com/20250903/w9oRB47z/index.m3u8');
	INSERT INTO episodes (movie_id, name, video_url)
	  VALUES (81, 'Tập 103', 'https://player.phimapi.com/player/?url=https://s6.kkphimplayer6.com/20250903/syDVBTfn/index.m3u8');
	INSERT INTO episodes (movie_id, name, video_url)
	  VALUES (81, 'Tập 104', 'https://player.phimapi.com/player/?url=https://s6.kkphimplayer6.com/20250903/zKzfC4Vk/index.m3u8');
	INSERT INTO episodes (movie_id, name, video_url)
	  VALUES (81, 'Tập 105', 'https://player.phimapi.com/player/?url=https://s6.kkphimplayer6.com/20250903/lyq2DfXN/index.m3u8');
	INSERT INTO episodes (movie_id, name, video_url)
	  VALUES (81, 'Tập 106', 'https://player.phimapi.com/player/?url=https://s6.kkphimplayer6.com/20250903/HuKWSr0q/index.m3u8');
	INSERT INTO episodes (movie_id, name, video_url)
	  VALUES (81, 'Tập 107', 'https://player.phimapi.com/player/?url=https://s6.kkphimplayer6.com/20250903/oYeDkavZ/index.m3u8');
	INSERT INTO episodes (movie_id, name, video_url)
	  VALUES (81, 'Tập 108', 'https://player.phimapi.com/player/?url=https://s6.kkphimplayer6.com/20250903/FyaDHIxl/index.m3u8');
	INSERT INTO episodes (movie_id, name, video_url)
	  VALUES (81, 'Tập 109', 'https://player.phimapi.com/player/?url=https://s6.kkphimplayer6.com/20250903/mMVfRnsD/index.m3u8');
	INSERT INTO episodes (movie_id, name, video_url)
	  VALUES (81, 'Tập 110', 'https://player.phimapi.com/player/?url=https://s6.kkphimplayer6.com/20250903/DwAflxMN/index.m3u8');
	INSERT INTO episodes (movie_id, name, video_url)
	  VALUES (81, 'Tập 111', 'https://player.phimapi.com/player/?url=https://s6.kkphimplayer6.com/20250903/QkTRctuk/index.m3u8');
	INSERT INTO episodes (movie_id, name, video_url)
	  VALUES (81, 'Tập 112', 'https://player.phimapi.com/player/?url=https://s6.kkphimplayer6.com/20250903/PR4nrOND/index.m3u8');
	INSERT INTO episodes (movie_id, name, video_url)
	  VALUES (81, 'Tập 113', 'https://player.phimapi.com/player/?url=https://s6.kkphimplayer6.com/20250903/UAvYgdL6/index.m3u8');
	INSERT INTO episodes (movie_id, name, video_url)
	  VALUES (81, 'Tập 114', 'https://player.phimapi.com/player/?url=https://s6.kkphimplayer6.com/20250903/oZ9cphqT/index.m3u8');
	INSERT INTO episodes (movie_id, name, video_url)
	  VALUES (81, 'Tập 115', 'https://player.phimapi.com/player/?url=https://s6.kkphimplayer6.com/20250903/tag2mXeE/index.m3u8');
	INSERT INTO episodes (movie_id, name, video_url)
	  VALUES (81, 'Tập 116', 'https://player.phimapi.com/player/?url=https://s6.kkphimplayer6.com/20250903/xZwRtbRm/index.m3u8');
	INSERT INTO episodes (movie_id, name, video_url)
	  VALUES (81, 'Tập 117', 'https://player.phimapi.com/player/?url=https://s6.kkphimplayer6.com/20250903/5TQltER4/index.m3u8');
	INSERT INTO episodes (movie_id, name, video_url)
	  VALUES (81, 'Tập 118', 'https://player.phimapi.com/player/?url=https://s6.kkphimplayer6.com/20250903/KiL7H98J/index.m3u8');
	INSERT INTO episodes (movie_id, name, video_url)
	  VALUES (81, 'Tập 119', 'https://player.phimapi.com/player/?url=https://s6.kkphimplayer6.com/20250903/PmQNneYj/index.m3u8');
	INSERT INTO episodes (movie_id, name, video_url)
	  VALUES (81, 'Tập 120', 'https://player.phimapi.com/player/?url=https://s6.kkphimplayer6.com/20250903/q9a0xBeC/index.m3u8');
	INSERT INTO episodes (movie_id, name, video_url)
	  VALUES (81, 'Tập 121', 'https://player.phimapi.com/player/?url=https://s6.kkphimplayer6.com/20250903/aep9ww5K/index.m3u8');
	INSERT INTO episodes (movie_id, name, video_url)
	  VALUES (81, 'Tập 122', 'https://player.phimapi.com/player/?url=https://s6.kkphimplayer6.com/20250903/QuXUHFo0/index.m3u8');
	INSERT INTO episodes (movie_id, name, video_url)
	  VALUES (81, 'Tập 123', 'https://player.phimapi.com/player/?url=https://s6.kkphimplayer6.com/20250903/vvui8bQ6/index.m3u8');
	INSERT INTO episodes (movie_id, name, video_url)
	  VALUES (81, 'Tập 124', 'https://player.phimapi.com/player/?url=https://s6.kkphimplayer6.com/20250903/oyTV2xio/index.m3u8');
	INSERT INTO episodes (movie_id, name, video_url)
	  VALUES (81, 'Tập 125', 'https://player.phimapi.com/player/?url=https://s6.kkphimplayer6.com/20250903/H8t9HitH/index.m3u8');
	INSERT INTO episodes (movie_id, name, video_url)
	  VALUES (81, 'Tập 126', 'https://player.phimapi.com/player/?url=https://s6.kkphimplayer6.com/20250903/Hzm5tURy/index.m3u8');
	INSERT INTO episodes (movie_id, name, video_url)
	  VALUES (81, 'Tập 127', 'https://player.phimapi.com/player/?url=https://s6.kkphimplayer6.com/20250903/AvKMc99w/index.m3u8');
	INSERT INTO episodes (movie_id, name, video_url)
	  VALUES (81, 'Tập 128', 'https://player.phimapi.com/player/?url=https://s6.kkphimplayer6.com/20250903/faoS8MlY/index.m3u8');
	INSERT INTO episodes (movie_id, name, video_url)
	  VALUES (81, 'Tập 129', 'https://player.phimapi.com/player/?url=https://s6.kkphimplayer6.com/20250903/lE9JM3St/index.m3u8');
	INSERT INTO episodes (movie_id, name, video_url)
	  VALUES (81, 'Tập 130', 'https://player.phimapi.com/player/?url=https://s6.kkphimplayer6.com/20250903/QFB3mHue/index.m3u8');
	INSERT INTO episodes (movie_id, name, video_url)
	  VALUES (81, 'Tập 131', 'https://player.phimapi.com/player/?url=https://s6.kkphimplayer6.com/20250903/LuJbel7J/index.m3u8');
	INSERT INTO episodes (movie_id, name, video_url)
	  VALUES (81, 'Tập 132', 'https://player.phimapi.com/player/?url=https://s6.kkphimplayer6.com/20250903/Gepi1WjB/index.m3u8');
	INSERT INTO episodes (movie_id, name, video_url)
	  VALUES (81, 'Tập 133', 'https://player.phimapi.com/player/?url=https://s6.kkphimplayer6.com/20250903/A4En9L9m/index.m3u8');
	INSERT INTO episodes (movie_id, name, video_url)
	  VALUES (81, 'Tập 134', 'https://player.phimapi.com/player/?url=https://s6.kkphimplayer6.com/20250903/OSfmht0A/index.m3u8');
	INSERT INTO episodes (movie_id, name, video_url)
	  VALUES (81, 'Tập 135', 'https://player.phimapi.com/player/?url=https://s6.kkphimplayer6.com/20250903/FRZAdxC9/index.m3u8');
	INSERT INTO episodes (movie_id, name, video_url)
	  VALUES (81, 'Tập 136', 'https://player.phimapi.com/player/?url=https://s6.kkphimplayer6.com/20250903/1cA8p5ad/index.m3u8');
	INSERT INTO episodes (movie_id, name, video_url)
	  VALUES (81, 'Tập 137', 'https://player.phimapi.com/player/?url=https://s6.kkphimplayer6.com/20250903/nPPftx6S/index.m3u8');
	INSERT INTO episodes (movie_id, name, video_url)
	  VALUES (81, 'Tập 138', 'https://player.phimapi.com/player/?url=https://s6.kkphimplayer6.com/20250903/3eUC0owt/index.m3u8');
	INSERT INTO episodes (movie_id, name, video_url)
	  VALUES (81, 'Tập 139', 'https://player.phimapi.com/player/?url=https://s6.kkphimplayer6.com/20250903/a8uRkR8e/index.m3u8');
	INSERT INTO episodes (movie_id, name, video_url)
	  VALUES (81, 'Tập 140', 'https://player.phimapi.com/player/?url=https://s6.kkphimplayer6.com/20250903/8CsCZNZy/index.m3u8');
	INSERT INTO episodes (movie_id, name, video_url)
	  VALUES (81, 'Tập 141', 'https://player.phimapi.com/player/?url=https://s6.kkphimplayer6.com/20250903/f2mzt1cy/index.m3u8');
	INSERT INTO episodes (movie_id, name, video_url)
	  VALUES (81, 'Tập 142', 'https://player.phimapi.com/player/?url=https://s6.kkphimplayer6.com/20250903/LzED4ADU/index.m3u8');
	INSERT INTO episodes (movie_id, name, video_url)
	  VALUES (81, 'Tập 143', 'https://player.phimapi.com/player/?url=https://s6.kkphimplayer6.com/20250903/VpUF2cTo/index.m3u8');
	INSERT INTO episodes (movie_id, name, video_url)
	  VALUES (81, 'Tập 144', 'https://player.phimapi.com/player/?url=https://s6.kkphimplayer6.com/20250903/usKSM5dk/index.m3u8');
	INSERT INTO episodes (movie_id, name, video_url)
	  VALUES (81, 'Tập 145', 'https://player.phimapi.com/player/?url=https://s6.kkphimplayer6.com/20250903/F9M2yG4g/index.m3u8');
	INSERT INTO episodes (movie_id, name, video_url)
	  VALUES (81, 'Tập 146', 'https://player.phimapi.com/player/?url=https://s6.kkphimplayer6.com/20250903/r5notS4D/index.m3u8');
	INSERT INTO episodes (movie_id, name, video_url)
	  VALUES (81, 'Tập 147', 'https://player.phimapi.com/player/?url=https://s6.kkphimplayer6.com/20250903/tWuDbiCj/index.m3u8');
	INSERT INTO episodes (movie_id, name, video_url)
	  VALUES (81, 'Tập 148', 'https://player.phimapi.com/player/?url=https://s6.kkphimplayer6.com/20250903/fXaSlWP2/index.m3u8');
	INSERT INTO episodes (movie_id, name, video_url)
	  VALUES (81, 'Tập 149', 'https://player.phimapi.com/player/?url=https://s6.kkphimplayer6.com/20250903/lVecB23p/index.m3u8');
	INSERT INTO episodes (movie_id, name, video_url)
	  VALUES (81, 'Tập 150', 'https://player.phimapi.com/player/?url=https://s6.kkphimplayer6.com/20250903/BPQciirA/index.m3u8');
	INSERT INTO episodes (movie_id, name, video_url)
	  VALUES (81, 'Tập 151', 'https://player.phimapi.com/player/?url=https://s6.kkphimplayer6.com/20250903/rkqWcdXk/index.m3u8');
	INSERT INTO episodes (movie_id, name, video_url)
	  VALUES (81, 'Tập 152', 'https://player.phimapi.com/player/?url=https://s6.kkphimplayer6.com/20250903/CeehpN9r/index.m3u8');
	INSERT INTO episodes (movie_id, name, video_url)
	  VALUES (81, 'Tập 153', 'https://player.phimapi.com/player/?url=https://s6.kkphimplayer6.com/20250903/sgxk7Inc/index.m3u8');
	INSERT INTO episodes (movie_id, name, video_url)
	  VALUES (81, 'Tập 154', 'https://player.phimapi.com/player/?url=https://s6.kkphimplayer6.com/20250903/7PN7MBFw/index.m3u8');
	INSERT INTO episodes (movie_id, name, video_url)
	  VALUES (81, 'Tập 155', 'https://player.phimapi.com/player/?url=https://s6.kkphimplayer6.com/20250903/dLAATHcT/index.m3u8');
	INSERT INTO episodes (movie_id, name, video_url)
	  VALUES (81, 'Tập 156', 'https://player.phimapi.com/player/?url=https://s6.kkphimplayer6.com/20250903/KK33BYgz/index.m3u8');
	INSERT INTO episodes (movie_id, name, video_url)
	  VALUES (81, 'Tập 157', 'https://player.phimapi.com/player/?url=https://s6.kkphimplayer6.com/20250903/BciZ7Np4/index.m3u8');
	INSERT INTO episodes (movie_id, name, video_url)
	  VALUES (81, 'Tập 158', 'https://player.phimapi.com/player/?url=https://s6.kkphimplayer6.com/20250903/YP7RhPJF/index.m3u8');
	INSERT INTO episodes (movie_id, name, video_url)
	  VALUES (81, 'Tập 159', 'https://player.phimapi.com/player/?url=https://s6.kkphimplayer6.com/20250903/LNycQ4QF/index.m3u8');
	INSERT INTO episodes (movie_id, name, video_url)
	  VALUES (81, 'Tập 160', 'https://player.phimapi.com/player/?url=https://s6.kkphimplayer6.com/20250903/xbN1udY1/index.m3u8');
	INSERT INTO episodes (movie_id, name, video_url)
	  VALUES (81, 'Tập 161', 'https://player.phimapi.com/player/?url=https://s6.kkphimplayer6.com/20250903/wsZYEndS/index.m3u8');
	INSERT INTO episodes (movie_id, name, video_url)
	  VALUES (81, 'Tập 162', 'https://player.phimapi.com/player/?url=https://s6.kkphimplayer6.com/20250903/TiLBGOMs/index.m3u8');
	INSERT INTO episodes (movie_id, name, video_url)
	  VALUES (81, 'Tập 163', 'https://player.phimapi.com/player/?url=https://s6.kkphimplayer6.com/20250903/REGYP5bS/index.m3u8');
	INSERT INTO episodes (movie_id, name, video_url)
	  VALUES (81, 'Tập 164', 'https://player.phimapi.com/player/?url=https://s6.kkphimplayer6.com/20250903/hEOblYYn/index.m3u8');
	INSERT INTO episodes (movie_id, name, video_url)
	  VALUES (81, 'Tập 165', 'https://player.phimapi.com/player/?url=https://s6.kkphimplayer6.com/20250903/is0SZ9KP/index.m3u8');
	INSERT INTO episodes (movie_id, name, video_url)
	  VALUES (81, 'Tập 166', 'https://player.phimapi.com/player/?url=https://s6.kkphimplayer6.com/20250903/54soR2WN/index.m3u8');
	INSERT INTO episodes (movie_id, name, video_url)
	  VALUES (81, 'Tập 167', 'https://player.phimapi.com/player/?url=https://s6.kkphimplayer6.com/20250903/VJB7cXBy/index.m3u8');
	INSERT INTO episodes (movie_id, name, video_url)
	  VALUES (81, 'Tập 168', 'https://player.phimapi.com/player/?url=https://s6.kkphimplayer6.com/20250903/85RNab44/index.m3u8');
	INSERT INTO episodes (movie_id, name, video_url)
	  VALUES (81, 'Tập 169', 'https://player.phimapi.com/player/?url=https://s6.kkphimplayer6.com/20250903/Ld4x5D9F/index.m3u8');
	INSERT INTO episodes (movie_id, name, video_url)
	  VALUES (81, 'Tập 170', 'https://player.phimapi.com/player/?url=https://s6.kkphimplayer6.com/20250903/m1LTd1yy/index.m3u8');
	INSERT INTO episodes (movie_id, name, video_url)
	  VALUES (81, 'Tập 171', 'https://player.phimapi.com/player/?url=https://s6.kkphimplayer6.com/20250903/j45msCz1/index.m3u8');
	INSERT INTO episodes (movie_id, name, video_url)
	  VALUES (81, 'Tập 172', 'https://player.phimapi.com/player/?url=https://s6.kkphimplayer6.com/20250903/93lSpqKb/index.m3u8');
	INSERT INTO episodes (movie_id, name, video_url)
	  VALUES (81, 'Tập 173', 'https://player.phimapi.com/player/?url=https://s6.kkphimplayer6.com/20250903/kYd8YJaK/index.m3u8');
	INSERT INTO episodes (movie_id, name, video_url)
	  VALUES (81, 'Tập 174', 'https://player.phimapi.com/player/?url=https://s6.kkphimplayer6.com/20250903/RHaU7A1K/index.m3u8');
	INSERT INTO episodes (movie_id, name, video_url)
	  VALUES (81, 'Tập 175', 'https://player.phimapi.com/player/?url=https://s6.kkphimplayer6.com/20250903/h556LJnk/index.m3u8');
	INSERT INTO episodes (movie_id, name, video_url)
	  VALUES (81, 'Tập 176', 'https://player.phimapi.com/player/?url=https://s6.kkphimplayer6.com/20250903/UvyqdmJV/index.m3u8');
	INSERT INTO episodes (movie_id, name, video_url)
	  VALUES (81, 'Tập 177', 'https://player.phimapi.com/player/?url=https://s6.kkphimplayer6.com/20250903/e2Ks2zZb/index.m3u8');
	INSERT INTO episodes (movie_id, name, video_url)
	  VALUES (81, 'Tập 178', 'https://player.phimapi.com/player/?url=https://s6.kkphimplayer6.com/20250903/rn8QqAM5/index.m3u8');
	INSERT INTO episodes (movie_id, name, video_url)
	  VALUES (81, 'Tập 179', 'https://player.phimapi.com/player/?url=https://s6.kkphimplayer6.com/20250903/2ITevTkC/index.m3u8');
	INSERT INTO episodes (movie_id, name, video_url)
	  VALUES (81, 'Tập 180', 'https://player.phimapi.com/player/?url=https://s6.kkphimplayer6.com/20250903/kJgGfHqJ/index.m3u8');
	INSERT INTO episodes (movie_id, name, video_url)
	  VALUES (81, 'Tập 181', 'https://player.phimapi.com/player/?url=https://s6.kkphimplayer6.com/20250903/vA0Kvq9X/index.m3u8');
	INSERT INTO episodes (movie_id, name, video_url)
	  VALUES (81, 'Tập 182', 'https://player.phimapi.com/player/?url=https://s6.kkphimplayer6.com/20250903/QR8K122j/index.m3u8');
	INSERT INTO episodes (movie_id, name, video_url)
	  VALUES (81, 'Tập 183', 'https://player.phimapi.com/player/?url=https://s6.kkphimplayer6.com/20250903/pe0hbmou/index.m3u8');
	INSERT INTO episodes (movie_id, name, video_url)
	  VALUES (81, 'Tập 184', 'https://player.phimapi.com/player/?url=https://s6.kkphimplayer6.com/20250903/17G1GgAj/index.m3u8');
	INSERT INTO episodes (movie_id, name, video_url)
	  VALUES (81, 'Tập 185', 'https://player.phimapi.com/player/?url=https://s6.kkphimplayer6.com/20250903/KdkFYKdV/index.m3u8');
	INSERT INTO episodes (movie_id, name, video_url)
	  VALUES (81, 'Tập 186', 'https://player.phimapi.com/player/?url=https://s6.kkphimplayer6.com/20250903/RNRZYWys/index.m3u8');
	INSERT INTO episodes (movie_id, name, video_url)
	  VALUES (81, 'Tập 187', 'https://player.phimapi.com/player/?url=https://s6.kkphimplayer6.com/20250903/8BjR8l2z/index.m3u8');
	INSERT INTO episodes (movie_id, name, video_url)
	  VALUES (81, 'Tập 188', 'https://player.phimapi.com/player/?url=https://s6.kkphimplayer6.com/20250903/M2dUy1wa/index.m3u8');
	INSERT INTO episodes (movie_id, name, video_url)
	  VALUES (81, 'Tập 189', 'https://player.phimapi.com/player/?url=https://s6.kkphimplayer6.com/20250903/XO7D4S6t/index.m3u8');
	INSERT INTO episodes (movie_id, name, video_url)
	  VALUES (81, 'Tập 190', 'https://player.phimapi.com/player/?url=https://s6.kkphimplayer6.com/20250903/eVjkuNuS/index.m3u8');
	INSERT INTO episodes (movie_id, name, video_url)
	  VALUES (81, 'Tập 191', 'https://player.phimapi.com/player/?url=https://s6.kkphimplayer6.com/20250903/dp48pMDs/index.m3u8');
	INSERT INTO episodes (movie_id, name, video_url)
	  VALUES (81, 'Tập 192', 'https://player.phimapi.com/player/?url=https://s6.kkphimplayer6.com/20250903/3qI94fbQ/index.m3u8');
	INSERT INTO episodes (movie_id, name, video_url)
	  VALUES (81, 'Tập 193', 'https://player.phimapi.com/player/?url=https://s6.kkphimplayer6.com/20250903/XhVpuJpP/index.m3u8');
	INSERT INTO episodes (movie_id, name, video_url)
	  VALUES (81, 'Tập 194', 'https://player.phimapi.com/player/?url=https://s6.kkphimplayer6.com/20250903/xKM2aEaB/index.m3u8');
	INSERT INTO episodes (movie_id, name, video_url)
	  VALUES (81, 'Tập 195', 'https://player.phimapi.com/player/?url=https://s6.kkphimplayer6.com/20250903/WWYlVp2d/index.m3u8');
	INSERT INTO episodes (movie_id, name, video_url)
	  VALUES (81, 'Tập 196', 'https://player.phimapi.com/player/?url=https://s6.kkphimplayer6.com/20250903/NlBk6LEQ/index.m3u8');
	INSERT INTO episodes (movie_id, name, video_url)
	  VALUES (81, 'Tập 197', 'https://player.phimapi.com/player/?url=https://s6.kkphimplayer6.com/20250903/OYTg8Z1j/index.m3u8');
	INSERT INTO episodes (movie_id, name, video_url)
	  VALUES (81, 'Tập 198', 'https://player.phimapi.com/player/?url=https://s6.kkphimplayer6.com/20250903/WNWrIEAE/index.m3u8');
	INSERT INTO episodes (movie_id, name, video_url)
	  VALUES (81, 'Tập 199', 'https://player.phimapi.com/player/?url=https://s6.kkphimplayer6.com/20250903/qpLrtiEU/index.m3u8');
	INSERT INTO episodes (movie_id, name, video_url)
	  VALUES (81, 'Tập 200', 'https://player.phimapi.com/player/?url=https://s6.kkphimplayer6.com/20250903/tmcXEaSF/index.m3u8');
	INSERT INTO episodes (movie_id, name, video_url)
	  VALUES (81, 'Tập 201', 'https://player.phimapi.com/player/?url=https://s6.kkphimplayer6.com/20250903/VDeoEv6e/index.m3u8');
	INSERT INTO episodes (movie_id, name, video_url)
	  VALUES (81, 'Tập 202', 'https://player.phimapi.com/player/?url=https://s6.kkphimplayer6.com/20250903/OSrVep1k/index.m3u8');
	INSERT INTO episodes (movie_id, name, video_url)
	  VALUES (81, 'Tập 203', 'https://player.phimapi.com/player/?url=https://s6.kkphimplayer6.com/20250903/MTYp6e9i/index.m3u8');
	INSERT INTO episodes (movie_id, name, video_url)
	  VALUES (81, 'Tập 204', 'https://player.phimapi.com/player/?url=https://s6.kkphimplayer6.com/20250903/RCRZCVNT/index.m3u8');
	INSERT INTO episodes (movie_id, name, video_url)
	  VALUES (81, 'Tập 205', 'https://player.phimapi.com/player/?url=https://s6.kkphimplayer6.com/20250903/o0R5EpJs/index.m3u8');
	INSERT INTO episodes (movie_id, name, video_url)
	  VALUES (81, 'Tập 206', 'https://player.phimapi.com/player/?url=https://s6.kkphimplayer6.com/20250903/Ot8oFMhn/index.m3u8');
	INSERT INTO episodes (movie_id, name, video_url)
	  VALUES (81, 'Tập 207', 'https://player.phimapi.com/player/?url=https://s6.kkphimplayer6.com/20250903/hQt08CZ5/index.m3u8');
	INSERT INTO episodes (movie_id, name, video_url)
	  VALUES (81, 'Tập 208', 'https://player.phimapi.com/player/?url=https://s6.kkphimplayer6.com/20250903/960WjczO/index.m3u8');
	INSERT INTO episodes (movie_id, name, video_url)
	  VALUES (81, 'Tập 209', 'https://player.phimapi.com/player/?url=https://s6.kkphimplayer6.com/20250903/RJCKs89P/index.m3u8');
	INSERT INTO episodes (movie_id, name, video_url)
	  VALUES (81, 'Tập 210', 'https://player.phimapi.com/player/?url=https://s6.kkphimplayer6.com/20250903/Fha3Sqwd/index.m3u8');
	INSERT INTO episodes (movie_id, name, video_url)
	  VALUES (81, 'Tập 211', 'https://player.phimapi.com/player/?url=https://s6.kkphimplayer6.com/20250903/Rda2tVu7/index.m3u8');
	INSERT INTO episodes (movie_id, name, video_url)
	  VALUES (81, 'Tập 212', 'https://player.phimapi.com/player/?url=https://s6.kkphimplayer6.com/20250903/o97q1aok/index.m3u8');
	INSERT INTO episodes (movie_id, name, video_url)
	  VALUES (81, 'Tập 213', 'https://player.phimapi.com/player/?url=https://s6.kkphimplayer6.com/20250903/AH12wpC7/index.m3u8');
	INSERT INTO episodes (movie_id, name, video_url)
	  VALUES (81, 'Tập 214', 'https://player.phimapi.com/player/?url=https://s6.kkphimplayer6.com/20250903/6hDpA4I8/index.m3u8');
	INSERT INTO episodes (movie_id, name, video_url)
	  VALUES (81, 'Tập 215', 'https://player.phimapi.com/player/?url=https://s6.kkphimplayer6.com/20250903/UzW1uXpS/index.m3u8');
	INSERT INTO episodes (movie_id, name, video_url)
	  VALUES (81, 'Tập 216', 'https://player.phimapi.com/player/?url=https://s6.kkphimplayer6.com/20250903/4pqSb0qI/index.m3u8');
	INSERT INTO episodes (movie_id, name, video_url)
	  VALUES (81, 'Tập 217', 'https://player.phimapi.com/player/?url=https://s6.kkphimplayer6.com/20250903/dy80mCy1/index.m3u8');
	INSERT INTO episodes (movie_id, name, video_url)
	  VALUES (81, 'Tập 218', 'https://player.phimapi.com/player/?url=https://s6.kkphimplayer6.com/20250903/0g2Kbg5h/index.m3u8');
	INSERT INTO episodes (movie_id, name, video_url)
	  VALUES (81, 'Tập 219', 'https://player.phimapi.com/player/?url=https://s6.kkphimplayer6.com/20250903/1p3YjYSz/index.m3u8');
	INSERT INTO episodes (movie_id, name, video_url)
	  VALUES (81, 'Tập 220', 'https://player.phimapi.com/player/?url=https://s6.kkphimplayer6.com/20250903/ooHUSDL1/index.m3u8');
	INSERT INTO episodes (movie_id, name, video_url)
	  VALUES (81, 'Tập 221', 'https://player.phimapi.com/player/?url=https://s6.kkphimplayer6.com/20250903/kebKXo2v/index.m3u8');
	INSERT INTO episodes (movie_id, name, video_url)
	  VALUES (81, 'Tập 222', 'https://player.phimapi.com/player/?url=https://s6.kkphimplayer6.com/20250903/PriXb3Un/index.m3u8');
	INSERT INTO episodes (movie_id, name, video_url)
	  VALUES (81, 'Tập 223', 'https://player.phimapi.com/player/?url=https://s6.kkphimplayer6.com/20250903/WqOWt7f4/index.m3u8');
	INSERT INTO episodes (movie_id, name, video_url)
	  VALUES (81, 'Tập 224', 'https://player.phimapi.com/player/?url=https://s6.kkphimplayer6.com/20250903/thgDPtAr/index.m3u8');
	INSERT INTO episodes (movie_id, name, video_url)
	  VALUES (81, 'Tập 225', 'https://player.phimapi.com/player/?url=https://s6.kkphimplayer6.com/20250903/HoDbSXV2/index.m3u8');
	INSERT INTO episodes (movie_id, name, video_url)
	  VALUES (81, 'Tập 226', 'https://player.phimapi.com/player/?url=https://s6.kkphimplayer6.com/20250903/UybF6YLn/index.m3u8');
	INSERT INTO episodes (movie_id, name, video_url)
	  VALUES (81, 'Tập 227', 'https://player.phimapi.com/player/?url=https://s6.kkphimplayer6.com/20250903/Grr52u5b/index.m3u8');
	INSERT INTO episodes (movie_id, name, video_url)
	  VALUES (81, 'Tập 228', 'https://player.phimapi.com/player/?url=https://s6.kkphimplayer6.com/20250903/ZM7qgfi8/index.m3u8');
	INSERT INTO episodes (movie_id, name, video_url)
	  VALUES (81, 'Tập 229', 'https://player.phimapi.com/player/?url=https://s6.kkphimplayer6.com/20250903/cNXKbAvb/index.m3u8');
	INSERT INTO episodes (movie_id, name, video_url)
	  VALUES (81, 'Tập 230', 'https://player.phimapi.com/player/?url=https://s6.kkphimplayer6.com/20250903/kTHHXPxs/index.m3u8');
	INSERT INTO episodes (movie_id, name, video_url)
	  VALUES (81, 'Tập 231', 'https://player.phimapi.com/player/?url=https://s6.kkphimplayer6.com/20250903/l7do3j0k/index.m3u8');
	INSERT INTO episodes (movie_id, name, video_url)
	  VALUES (81, 'Tập 232', 'https://player.phimapi.com/player/?url=https://s6.kkphimplayer6.com/20250903/Se6EQzlD/index.m3u8');
	INSERT INTO episodes (movie_id, name, video_url)
	  VALUES (81, 'Tập 233', 'https://player.phimapi.com/player/?url=https://s6.kkphimplayer6.com/20250903/04lOsCzI/index.m3u8');
	INSERT INTO episodes (movie_id, name, video_url)
	  VALUES (81, 'Tập 234', 'https://player.phimapi.com/player/?url=https://s6.kkphimplayer6.com/20250903/4Azg9CNq/index.m3u8');
	INSERT INTO episodes (movie_id, name, video_url)
	  VALUES (81, 'Tập 235', 'https://player.phimapi.com/player/?url=https://s6.kkphimplayer6.com/20250903/6ZcCyCvl/index.m3u8');
	INSERT INTO episodes (movie_id, name, video_url)
	  VALUES (81, 'Tập 236', 'https://player.phimapi.com/player/?url=https://s6.kkphimplayer6.com/20250903/G5qPCR6k/index.m3u8');
	INSERT INTO episodes (movie_id, name, video_url)
	  VALUES (81, 'Tập 237', 'https://player.phimapi.com/player/?url=https://s6.kkphimplayer6.com/20250903/ihQC8AiQ/index.m3u8');
	INSERT INTO episodes (movie_id, name, video_url)
	  VALUES (81, 'Tập 238', 'https://player.phimapi.com/player/?url=https://s6.kkphimplayer6.com/20250903/n40IhHcC/index.m3u8');
	INSERT INTO episodes (movie_id, name, video_url)
	  VALUES (81, 'Tập 239', 'https://player.phimapi.com/player/?url=https://s6.kkphimplayer6.com/20250903/PPkthLtl/index.m3u8');
	INSERT INTO episodes (movie_id, name, video_url)
	  VALUES (81, 'Tập 240', 'https://player.phimapi.com/player/?url=https://s6.kkphimplayer6.com/20250903/IfKgCiXb/index.m3u8');
	INSERT INTO episodes (movie_id, name, video_url)
	  VALUES (81, 'Tập 241', 'https://player.phimapi.com/player/?url=https://s6.kkphimplayer6.com/20250903/sEC7UCZb/index.m3u8');
	INSERT INTO episodes (movie_id, name, video_url)
	  VALUES (81, 'Tập 242', 'https://player.phimapi.com/player/?url=https://s6.kkphimplayer6.com/20250903/jBiS4Prr/index.m3u8');
	INSERT INTO episodes (movie_id, name, video_url)
	  VALUES (81, 'Tập 243', 'https://player.phimapi.com/player/?url=https://s6.kkphimplayer6.com/20250903/flREpDsW/index.m3u8');
	INSERT INTO episodes (movie_id, name, video_url)
	  VALUES (81, 'Tập 244', 'https://player.phimapi.com/player/?url=https://s6.kkphimplayer6.com/20250903/7zvlYi6r/index.m3u8');
	INSERT INTO episodes (movie_id, name, video_url)
	  VALUES (81, 'Tập 245', 'https://player.phimapi.com/player/?url=https://s6.kkphimplayer6.com/20250903/Zrfxuw0L/index.m3u8');
	INSERT INTO episodes (movie_id, name, video_url)
	  VALUES (81, 'Tập 246', 'https://player.phimapi.com/player/?url=https://s6.kkphimplayer6.com/20250903/ouLqNQKE/index.m3u8');
	INSERT INTO episodes (movie_id, name, video_url)
	  VALUES (81, 'Tập 247', 'https://player.phimapi.com/player/?url=https://s6.kkphimplayer6.com/20250903/IFGzcl7W/index.m3u8');
	INSERT INTO episodes (movie_id, name, video_url)
	  VALUES (81, 'Tập 248', 'https://player.phimapi.com/player/?url=https://s6.kkphimplayer6.com/20250903/DcPAWVjv/index.m3u8');
	INSERT INTO episodes (movie_id, name, video_url)
	  VALUES (81, 'Tập 249', 'https://player.phimapi.com/player/?url=https://s6.kkphimplayer6.com/20250903/5ybuTAgN/index.m3u8');
	INSERT INTO episodes (movie_id, name, video_url)
	  VALUES (81, 'Tập 250', 'https://player.phimapi.com/player/?url=https://s6.kkphimplayer6.com/20250903/fTIAeRIn/index.m3u8');
	INSERT INTO episodes (movie_id, name, video_url)
	  VALUES (81, 'Tập 251', 'https://player.phimapi.com/player/?url=https://s6.kkphimplayer6.com/20250903/5iddq4rP/index.m3u8');
	INSERT INTO episodes (movie_id, name, video_url)
	  VALUES (81, 'Tập 252', 'https://player.phimapi.com/player/?url=https://s6.kkphimplayer6.com/20250903/FSTwC4C6/index.m3u8');
	INSERT INTO episodes (movie_id, name, video_url)
	  VALUES (81, 'Tập 253', 'https://player.phimapi.com/player/?url=https://s6.kkphimplayer6.com/20250903/Ld9xjq4R/index.m3u8');
	INSERT INTO episodes (movie_id, name, video_url)
	  VALUES (81, 'Tập 254', 'https://player.phimapi.com/player/?url=https://s6.kkphimplayer6.com/20250903/gtT5RGev/index.m3u8');
	INSERT INTO episodes (movie_id, name, video_url)
	  VALUES (81, 'Tập 255', 'https://player.phimapi.com/player/?url=https://s6.kkphimplayer6.com/20250903/xPx8DZky/index.m3u8');
	INSERT INTO episodes (movie_id, name, video_url)
	  VALUES (81, 'Tập 256', 'https://player.phimapi.com/player/?url=https://s6.kkphimplayer6.com/20250903/AkgMBQAI/index.m3u8');
	INSERT INTO episodes (movie_id, name, video_url)
	  VALUES (81, 'Tập 257', 'https://player.phimapi.com/player/?url=https://s6.kkphimplayer6.com/20250903/HzbrUIaQ/index.m3u8');
	INSERT INTO episodes (movie_id, name, video_url)
	  VALUES (81, 'Tập 258', 'https://player.phimapi.com/player/?url=https://s6.kkphimplayer6.com/20250903/yG0IaJ0y/index.m3u8');
	INSERT INTO episodes (movie_id, name, video_url)
	  VALUES (81, 'Tập 259', 'https://player.phimapi.com/player/?url=https://s6.kkphimplayer6.com/20250903/HPIPWJAI/index.m3u8');
	INSERT INTO episodes (movie_id, name, video_url)
	  VALUES (81, 'Tập 260', 'https://player.phimapi.com/player/?url=https://s6.kkphimplayer6.com/20250903/SASTow7y/index.m3u8');
	INSERT INTO episodes (movie_id, name, video_url)
	  VALUES (81, 'Tập 261', 'https://player.phimapi.com/player/?url=https://s6.kkphimplayer6.com/20250903/EUNqIbz4/index.m3u8');
	INSERT INTO episodes (movie_id, name, video_url)
	  VALUES (81, 'Tập 262', 'https://player.phimapi.com/player/?url=https://s6.kkphimplayer6.com/20250903/ORpnXhFS/index.m3u8');
	INSERT INTO episodes (movie_id, name, video_url)
	  VALUES (81, 'Tập 263', 'https://player.phimapi.com/player/?url=https://s6.kkphimplayer6.com/20250903/mAlHBBfH/index.m3u8');
	INSERT INTO episodes (movie_id, name, video_url)
	  VALUES (81, 'Tập 264', 'https://player.phimapi.com/player/?url=https://s6.kkphimplayer6.com/20250903/TObKpalH/index.m3u8');
	INSERT INTO episodes (movie_id, name, video_url)
	  VALUES (81, 'Tập 265', 'https://player.phimapi.com/player/?url=https://s6.kkphimplayer6.com/20250903/VPvAZz70/index.m3u8');
	INSERT INTO episodes (movie_id, name, video_url)
	  VALUES (81, 'Tập 266', 'https://player.phimapi.com/player/?url=https://s6.kkphimplayer6.com/20250903/gfyPR95Y/index.m3u8');
	INSERT INTO episodes (movie_id, name, video_url)
	  VALUES (81, 'Tập 267', 'https://player.phimapi.com/player/?url=https://s6.kkphimplayer6.com/20250903/pe3zEBlS/index.m3u8');
	INSERT INTO episodes (movie_id, name, video_url)
	  VALUES (81, 'Tập 268', 'https://player.phimapi.com/player/?url=https://s6.kkphimplayer6.com/20250903/GlhdDw23/index.m3u8');
	INSERT INTO episodes (movie_id, name, video_url)
	  VALUES (81, 'Tập 269', 'https://player.phimapi.com/player/?url=https://s6.kkphimplayer6.com/20250903/naBFBJgX/index.m3u8');
	INSERT INTO episodes (movie_id, name, video_url)
	  VALUES (81, 'Tập 270', 'https://player.phimapi.com/player/?url=https://s6.kkphimplayer6.com/20250903/0mDs1jGH/index.m3u8');
	INSERT INTO episodes (movie_id, name, video_url)
	  VALUES (81, 'Tập 271', 'https://player.phimapi.com/player/?url=https://s6.kkphimplayer6.com/20250903/9HSFe78J/index.m3u8');
	INSERT INTO episodes (movie_id, name, video_url)
	  VALUES (81, 'Tập 272', 'https://player.phimapi.com/player/?url=https://s6.kkphimplayer6.com/20250903/9kYQfwEP/index.m3u8');
	INSERT INTO episodes (movie_id, name, video_url)
	  VALUES (81, 'Tập 273', 'https://player.phimapi.com/player/?url=https://s6.kkphimplayer6.com/20250903/bEE4tUbe/index.m3u8');
	INSERT INTO episodes (movie_id, name, video_url)
	  VALUES (81, 'Tập 274', 'https://player.phimapi.com/player/?url=https://s6.kkphimplayer6.com/20250903/jYzd8ljh/index.m3u8');
	INSERT INTO episodes (movie_id, name, video_url)
	  VALUES (81, 'Tập 275', 'https://player.phimapi.com/player/?url=https://s6.kkphimplayer6.com/20250903/jLnYueoF/index.m3u8');
	INSERT INTO episodes (movie_id, name, video_url)
	  VALUES (81, 'Tập 276', 'https://player.phimapi.com/player/?url=https://s6.kkphimplayer6.com/20250903/By1Tu42N/index.m3u8');
	INSERT INTO episodes (movie_id, name, video_url)
	  VALUES (81, 'Tập 277', 'https://player.phimapi.com/player/?url=https://s6.kkphimplayer6.com/20250903/NAdBHcy5/index.m3u8');
	INSERT INTO episodes (movie_id, name, video_url)
	  VALUES (81, 'Tập 278', 'https://player.phimapi.com/player/?url=https://s6.kkphimplayer6.com/20250903/5nnYEOuF/index.m3u8');
	INSERT INTO episodes (movie_id, name, video_url)
	  VALUES (81, 'Tập 279', 'https://player.phimapi.com/player/?url=https://s6.kkphimplayer6.com/20250903/NzuBlCAZ/index.m3u8');
	INSERT INTO episodes (movie_id, name, video_url)
	  VALUES (81, 'Tập 280', 'https://player.phimapi.com/player/?url=https://s6.kkphimplayer6.com/20250903/lTRMruIW/index.m3u8');
	INSERT INTO episodes (movie_id, name, video_url)
	  VALUES (81, 'Tập 281', 'https://player.phimapi.com/player/?url=https://s6.kkphimplayer6.com/20250903/CozEUNNE/index.m3u8');
	INSERT INTO episodes (movie_id, name, video_url)
	  VALUES (81, 'Tập 282', 'https://player.phimapi.com/player/?url=https://s6.kkphimplayer6.com/20250903/lMRRv1Jg/index.m3u8');
	INSERT INTO episodes (movie_id, name, video_url)
	  VALUES (81, 'Tập 283', 'https://player.phimapi.com/player/?url=https://s6.kkphimplayer6.com/20250903/01lCG9vE/index.m3u8');
	INSERT INTO episodes (movie_id, name, video_url)
	  VALUES (81, 'Tập 284', 'https://player.phimapi.com/player/?url=https://s6.kkphimplayer6.com/20250903/0Af3r2Ah/index.m3u8');
	INSERT INTO episodes (movie_id, name, video_url)
	  VALUES (81, 'Tập 285', 'https://player.phimapi.com/player/?url=https://s6.kkphimplayer6.com/20250903/w44xIGl0/index.m3u8');
	INSERT INTO episodes (movie_id, name, video_url)
	  VALUES (81, 'Tập 286', 'https://player.phimapi.com/player/?url=https://s6.kkphimplayer6.com/20250903/GFe38wbu/index.m3u8');
	INSERT INTO episodes (movie_id, name, video_url)
	  VALUES (81, 'Tập 287', 'https://player.phimapi.com/player/?url=https://s6.kkphimplayer6.com/20250903/RjbeoWKK/index.m3u8');
	INSERT INTO episodes (movie_id, name, video_url)
	  VALUES (81, 'Tập 288', 'https://player.phimapi.com/player/?url=https://s6.kkphimplayer6.com/20250903/n5Qvy6xn/index.m3u8');
	INSERT INTO episodes (movie_id, name, video_url)
	  VALUES (81, 'Tập 289', 'https://player.phimapi.com/player/?url=https://s6.kkphimplayer6.com/20250903/b68ZYiyN/index.m3u8');
	INSERT INTO episodes (movie_id, name, video_url)
	  VALUES (81, 'Tập 290', 'https://player.phimapi.com/player/?url=https://s6.kkphimplayer6.com/20250903/cKOVVsYh/index.m3u8');
	INSERT INTO episodes (movie_id, name, video_url)
	  VALUES (81, 'Tập 291', 'https://player.phimapi.com/player/?url=https://s6.kkphimplayer6.com/20250903/2Sk3v9PF/index.m3u8');
	INSERT INTO episodes (movie_id, name, video_url)
	  VALUES (81, 'Tập 292', 'https://player.phimapi.com/player/?url=https://s6.kkphimplayer6.com/20250903/XrLcBm5m/index.m3u8');
	INSERT INTO episodes (movie_id, name, video_url)
	  VALUES (81, 'Tập 293', 'https://player.phimapi.com/player/?url=https://s6.kkphimplayer6.com/20250903/VqSksVHt/index.m3u8');
	INSERT INTO episodes (movie_id, name, video_url)
	  VALUES (81, 'Tập 294', 'https://player.phimapi.com/player/?url=https://s6.kkphimplayer6.com/20250903/ihwRHIHk/index.m3u8');
	INSERT INTO episodes (movie_id, name, video_url)
	  VALUES (81, 'Tập 295', 'https://player.phimapi.com/player/?url=https://s6.kkphimplayer6.com/20250903/XaBUTK1z/index.m3u8');
	INSERT INTO episodes (movie_id, name, video_url)
	  VALUES (81, 'Tập 296', 'https://player.phimapi.com/player/?url=https://s6.kkphimplayer6.com/20250903/RHYMQoC0/index.m3u8');
	INSERT INTO episodes (movie_id, name, video_url)
	  VALUES (81, 'Tập 297', 'https://player.phimapi.com/player/?url=https://s6.kkphimplayer6.com/20250903/hgLIAKXY/index.m3u8');
	INSERT INTO episodes (movie_id, name, video_url)
	  VALUES (81, 'Tập 298', 'https://player.phimapi.com/player/?url=https://s6.kkphimplayer6.com/20250903/XBM3rIDD/index.m3u8');
	INSERT INTO episodes (movie_id, name, video_url)
	  VALUES (81, 'Tập 299', 'https://player.phimapi.com/player/?url=https://s6.kkphimplayer6.com/20250903/h3vTwslw/index.m3u8');
	INSERT INTO episodes (movie_id, name, video_url)
	  VALUES (81, 'Tập 300', 'https://player.phimapi.com/player/?url=https://s6.kkphimplayer6.com/20250903/NoMfClsB/index.m3u8');
	INSERT INTO episodes (movie_id, name, video_url)
	  VALUES (81, 'Tập 301', 'https://player.phimapi.com/player/?url=https://s6.kkphimplayer6.com/20250903/alfe9yox/index.m3u8');
	INSERT INTO episodes (movie_id, name, video_url)
	  VALUES (81, 'Tập 302', 'https://player.phimapi.com/player/?url=https://s6.kkphimplayer6.com/20250903/9gW8wP5r/index.m3u8');
	INSERT INTO episodes (movie_id, name, video_url)
	  VALUES (81, 'Tập 303', 'https://player.phimapi.com/player/?url=https://s6.kkphimplayer6.com/20250903/FaxrDTtV/index.m3u8');
	INSERT INTO episodes (movie_id, name, video_url)
	  VALUES (81, 'Tập 304', 'https://player.phimapi.com/player/?url=https://s6.kkphimplayer6.com/20250903/6zPgljFb/index.m3u8');
	INSERT INTO episodes (movie_id, name, video_url)
	  VALUES (81, 'Tập 305', 'https://player.phimapi.com/player/?url=https://s6.kkphimplayer6.com/20250903/wkTS2ExL/index.m3u8');
	INSERT INTO episodes (movie_id, name, video_url)
	  VALUES (81, 'Tập 306', 'https://player.phimapi.com/player/?url=https://s6.kkphimplayer6.com/20250903/mwOseClo/index.m3u8');
	INSERT INTO episodes (movie_id, name, video_url)
	  VALUES (81, 'Tập 307', 'https://player.phimapi.com/player/?url=https://s6.kkphimplayer6.com/20250903/GKUBlke2/index.m3u8');
	INSERT INTO episodes (movie_id, name, video_url)
	  VALUES (81, 'Tập 308', 'https://player.phimapi.com/player/?url=https://s6.kkphimplayer6.com/20250903/92VnLIsy/index.m3u8');
	INSERT INTO episodes (movie_id, name, video_url)
	  VALUES (81, 'Tập 309', 'https://player.phimapi.com/player/?url=https://s6.kkphimplayer6.com/20250903/TwFJGyFc/index.m3u8');
	INSERT INTO episodes (movie_id, name, video_url)
	  VALUES (81, 'Tập 310', 'https://player.phimapi.com/player/?url=https://s6.kkphimplayer6.com/20250903/0d703mj9/index.m3u8');
	INSERT INTO episodes (movie_id, name, video_url)
	  VALUES (81, 'Tập 311', 'https://player.phimapi.com/player/?url=https://s6.kkphimplayer6.com/20250903/4w02yg2S/index.m3u8');
	INSERT INTO episodes (movie_id, name, video_url)
	  VALUES (81, 'Tập 312', 'https://player.phimapi.com/player/?url=https://s6.kkphimplayer6.com/20250903/PJh8DiTd/index.m3u8');
	INSERT INTO episodes (movie_id, name, video_url)
	  VALUES (81, 'Tập 313', 'https://player.phimapi.com/player/?url=https://s6.kkphimplayer6.com/20250903/iS6XyH3h/index.m3u8');
	INSERT INTO episodes (movie_id, name, video_url)
	  VALUES (81, 'Tập 314', 'https://player.phimapi.com/player/?url=https://s6.kkphimplayer6.com/20250903/8KKdRcaK/index.m3u8');
	INSERT INTO episodes (movie_id, name, video_url)
	  VALUES (81, 'Tập 315', 'https://player.phimapi.com/player/?url=https://s6.kkphimplayer6.com/20250903/cuuNvwVn/index.m3u8');
	INSERT INTO episodes (movie_id, name, video_url)
	  VALUES (81, 'Tập 316', 'https://player.phimapi.com/player/?url=https://s6.kkphimplayer6.com/20250903/sQgIMgrt/index.m3u8');
	INSERT INTO episodes (movie_id, name, video_url)
	  VALUES (81, 'Tập 317', 'https://player.phimapi.com/player/?url=https://s6.kkphimplayer6.com/20250903/BjXnp17I/index.m3u8');
	INSERT INTO episodes (movie_id, name, video_url)
	  VALUES (81, 'Tập 318', 'https://player.phimapi.com/player/?url=https://s6.kkphimplayer6.com/20250903/K6Pillwq/index.m3u8');
	INSERT INTO episodes (movie_id, name, video_url)
	  VALUES (81, 'Tập 319', 'https://player.phimapi.com/player/?url=https://s6.kkphimplayer6.com/20250903/roTEFNiX/index.m3u8');
	INSERT INTO episodes (movie_id, name, video_url)
	  VALUES (81, 'Tập 320', 'https://player.phimapi.com/player/?url=https://s6.kkphimplayer6.com/20250903/PviHkxXe/index.m3u8');
	INSERT INTO episodes (movie_id, name, video_url)
	  VALUES (81, 'Tập 321', 'https://player.phimapi.com/player/?url=https://s6.kkphimplayer6.com/20250903/ygq3mplL/index.m3u8');
	INSERT INTO episodes (movie_id, name, video_url)
	  VALUES (81, 'Tập 322', 'https://player.phimapi.com/player/?url=https://s6.kkphimplayer6.com/20250903/pRGxyaO4/index.m3u8');
	INSERT INTO episodes (movie_id, name, video_url)
	  VALUES (81, 'Tập 323', 'https://player.phimapi.com/player/?url=https://s6.kkphimplayer6.com/20250903/EQDLdvvb/index.m3u8');
	INSERT INTO episodes (movie_id, name, video_url)
	  VALUES (81, 'Tập 324', 'https://player.phimapi.com/player/?url=https://s6.kkphimplayer6.com/20250903/NSJUU5qn/index.m3u8');
	INSERT INTO episodes (movie_id, name, video_url)
	  VALUES (81, 'Tập 325', 'https://player.phimapi.com/player/?url=https://s6.kkphimplayer6.com/20250903/ktDznh4M/index.m3u8');
	INSERT INTO episodes (movie_id, name, video_url)
	  VALUES (81, 'Tập 326', 'https://player.phimapi.com/player/?url=https://s6.kkphimplayer6.com/20250903/fUXWokCC/index.m3u8');
	INSERT INTO episodes (movie_id, name, video_url)
	  VALUES (81, 'Tập 327', 'https://player.phimapi.com/player/?url=https://s6.kkphimplayer6.com/20250903/kbPSnIYu/index.m3u8');
	INSERT INTO episodes (movie_id, name, video_url)
	  VALUES (81, 'Tập 328', 'https://player.phimapi.com/player/?url=https://s6.kkphimplayer6.com/20250903/ZiwmOsTd/index.m3u8');
	INSERT INTO episodes (movie_id, name, video_url)
	  VALUES (81, 'Tập 329', 'https://player.phimapi.com/player/?url=https://s6.kkphimplayer6.com/20250903/X0DfGzgh/index.m3u8');
	INSERT INTO episodes (movie_id, name, video_url)
	  VALUES (81, 'Tập 330', 'https://player.phimapi.com/player/?url=https://s6.kkphimplayer6.com/20250903/u0gLvuMq/index.m3u8');
	INSERT INTO episodes (movie_id, name, video_url)
	  VALUES (81, 'Tập 331', 'https://player.phimapi.com/player/?url=https://s6.kkphimplayer6.com/20250903/06O9phXv/index.m3u8');
	INSERT INTO episodes (movie_id, name, video_url)
	  VALUES (81, 'Tập 332', 'https://player.phimapi.com/player/?url=https://s6.kkphimplayer6.com/20250903/1a4OTU7w/index.m3u8');
	INSERT INTO episodes (movie_id, name, video_url)
	  VALUES (81, 'Tập 333', 'https://player.phimapi.com/player/?url=https://s6.kkphimplayer6.com/20250903/k90QLlij/index.m3u8');
	INSERT INTO episodes (movie_id, name, video_url)
	  VALUES (81, 'Tập 334', 'https://player.phimapi.com/player/?url=https://s6.kkphimplayer6.com/20250903/9idAAEWl/index.m3u8');
	INSERT INTO episodes (movie_id, name, video_url)
	  VALUES (81, 'Tập 335', 'https://player.phimapi.com/player/?url=https://s6.kkphimplayer6.com/20250903/kY4XXJuT/index.m3u8');
	INSERT INTO episodes (movie_id, name, video_url)
	  VALUES (81, 'Tập 336', 'https://player.phimapi.com/player/?url=https://s6.kkphimplayer6.com/20250903/2aZUiyOF/index.m3u8');
	INSERT INTO episodes (movie_id, name, video_url)
	  VALUES (81, 'Tập 337', 'https://player.phimapi.com/player/?url=https://s6.kkphimplayer6.com/20250903/d8cQhpPl/index.m3u8');
	INSERT INTO episodes (movie_id, name, video_url)
	  VALUES (81, 'Tập 338', 'https://player.phimapi.com/player/?url=https://s6.kkphimplayer6.com/20250903/SxwvhL3q/index.m3u8');
	INSERT INTO episodes (movie_id, name, video_url)
	  VALUES (81, 'Tập 339', 'https://player.phimapi.com/player/?url=https://s6.kkphimplayer6.com/20250903/Sv4YHNrm/index.m3u8');
	INSERT INTO episodes (movie_id, name, video_url)
	  VALUES (81, 'Tập 340', 'https://player.phimapi.com/player/?url=https://s6.kkphimplayer6.com/20250903/7RVdhnIr/index.m3u8');
	INSERT INTO episodes (movie_id, name, video_url)
	  VALUES (81, 'Tập 341', 'https://player.phimapi.com/player/?url=https://s6.kkphimplayer6.com/20250903/ql3jWQ1P/index.m3u8');
	INSERT INTO episodes (movie_id, name, video_url)
	  VALUES (81, 'Tập 342', 'https://player.phimapi.com/player/?url=https://s6.kkphimplayer6.com/20250903/lzQxC2C6/index.m3u8');
	INSERT INTO episodes (movie_id, name, video_url)
	  VALUES (81, 'Tập 343', 'https://player.phimapi.com/player/?url=https://s6.kkphimplayer6.com/20250903/vVc4JETc/index.m3u8');
	INSERT INTO episodes (movie_id, name, video_url)
	  VALUES (81, 'Tập 344', 'https://player.phimapi.com/player/?url=https://s6.kkphimplayer6.com/20250903/BiXFcHgW/index.m3u8');
	INSERT INTO episodes (movie_id, name, video_url)
	  VALUES (81, 'Tập 345', 'https://player.phimapi.com/player/?url=https://s6.kkphimplayer6.com/20250903/Jc0HBXdw/index.m3u8');
	INSERT INTO episodes (movie_id, name, video_url)
	  VALUES (81, 'Tập 346', 'https://player.phimapi.com/player/?url=https://s6.kkphimplayer6.com/20250903/eg9POduW/index.m3u8');
	INSERT INTO episodes (movie_id, name, video_url)
	  VALUES (81, 'Tập 347', 'https://player.phimapi.com/player/?url=https://s6.kkphimplayer6.com/20250903/Es2dkuvr/index.m3u8');
	INSERT INTO episodes (movie_id, name, video_url)
	  VALUES (81, 'Tập 348', 'https://player.phimapi.com/player/?url=https://s6.kkphimplayer6.com/20250903/h8WaZ6PV/index.m3u8');
	INSERT INTO episodes (movie_id, name, video_url)
	  VALUES (81, 'Tập 349', 'https://player.phimapi.com/player/?url=https://s6.kkphimplayer6.com/20250903/meyTQkus/index.m3u8');
	INSERT INTO episodes (movie_id, name, video_url)
	  VALUES (81, 'Tập 350', 'https://player.phimapi.com/player/?url=https://s6.kkphimplayer6.com/20250903/PvshqQl7/index.m3u8');
	INSERT INTO episodes (movie_id, name, video_url)
	  VALUES (81, 'Tập 351', 'https://player.phimapi.com/player/?url=https://s6.kkphimplayer6.com/20250903/TVSx2vVt/index.m3u8');
	INSERT INTO episodes (movie_id, name, video_url)
	  VALUES (81, 'Tập 352', 'https://player.phimapi.com/player/?url=https://s6.kkphimplayer6.com/20250903/qMBwWa1D/index.m3u8');
	INSERT INTO episodes (movie_id, name, video_url)
	  VALUES (81, 'Tập 353', 'https://player.phimapi.com/player/?url=https://s6.kkphimplayer6.com/20250903/NS4TARZ9/index.m3u8');
	INSERT INTO episodes (movie_id, name, video_url)
	  VALUES (81, 'Tập 354', 'https://player.phimapi.com/player/?url=https://s6.kkphimplayer6.com/20250903/74pk1kfJ/index.m3u8');
	INSERT INTO episodes (movie_id, name, video_url)
	  VALUES (81, 'Tập 355', 'https://player.phimapi.com/player/?url=https://s6.kkphimplayer6.com/20250903/tP8kpddY/index.m3u8');
	INSERT INTO episodes (movie_id, name, video_url)
	  VALUES (81, 'Tập 356', 'https://player.phimapi.com/player/?url=https://s6.kkphimplayer6.com/20250903/MszwtW7p/index.m3u8');
	INSERT INTO episodes (movie_id, name, video_url)
	  VALUES (81, 'Tập 357', 'https://player.phimapi.com/player/?url=https://s6.kkphimplayer6.com/20250903/4gRd3PEz/index.m3u8');
	INSERT INTO episodes (movie_id, name, video_url)
	  VALUES (81, 'Tập 358', 'https://player.phimapi.com/player/?url=https://s6.kkphimplayer6.com/20250903/4BcrPDpK/index.m3u8');
	INSERT INTO episodes (movie_id, name, video_url)
	  VALUES (81, 'Tập 359', 'https://player.phimapi.com/player/?url=https://s6.kkphimplayer6.com/20250903/PoYjo5Gh/index.m3u8');
	INSERT INTO episodes (movie_id, name, video_url)
	  VALUES (81, 'Tập 360', 'https://player.phimapi.com/player/?url=https://s6.kkphimplayer6.com/20250903/5KvwrDe3/index.m3u8');
	INSERT INTO episodes (movie_id, name, video_url)
	  VALUES (81, 'Tập 361', 'https://player.phimapi.com/player/?url=https://s6.kkphimplayer6.com/20250903/Duk3IuB9/index.m3u8');
	INSERT INTO episodes (movie_id, name, video_url)
	  VALUES (81, 'Tập 362', 'https://player.phimapi.com/player/?url=https://s6.kkphimplayer6.com/20250903/fwRMpFc1/index.m3u8');
	INSERT INTO episodes (movie_id, name, video_url)
	  VALUES (81, 'Tập 363', 'https://player.phimapi.com/player/?url=https://s6.kkphimplayer6.com/20250903/KPE1h0dm/index.m3u8');
	INSERT INTO episodes (movie_id, name, video_url)
	  VALUES (81, 'Tập 364', 'https://player.phimapi.com/player/?url=https://s6.kkphimplayer6.com/20250903/iEdFHfbY/index.m3u8');
	INSERT INTO episodes (movie_id, name, video_url)
	  VALUES (81, 'Tập 365', 'https://player.phimapi.com/player/?url=https://s6.kkphimplayer6.com/20250903/OtrSHXUQ/index.m3u8');
	INSERT INTO episodes (movie_id, name, video_url)
	  VALUES (81, 'Tập 366', 'https://player.phimapi.com/player/?url=https://s6.kkphimplayer6.com/20250903/HndfKcaB/index.m3u8');
	INSERT INTO episodes (movie_id, name, video_url)
	  VALUES (81, 'Tập 367', 'https://player.phimapi.com/player/?url=https://s6.kkphimplayer6.com/20250903/ShXtKkeL/index.m3u8');
	INSERT INTO episodes (movie_id, name, video_url)
	  VALUES (81, 'Tập 368', 'https://player.phimapi.com/player/?url=https://s6.kkphimplayer6.com/20250903/itdOqCUZ/index.m3u8');
	INSERT INTO episodes (movie_id, name, video_url)
	  VALUES (81, 'Tập 369', 'https://player.phimapi.com/player/?url=https://s6.kkphimplayer6.com/20250903/3SNz2B5p/index.m3u8');
	INSERT INTO episodes (movie_id, name, video_url)
	  VALUES (81, 'Tập 370', 'https://player.phimapi.com/player/?url=https://s6.kkphimplayer6.com/20250903/0ibY4b13/index.m3u8');
	INSERT INTO episodes (movie_id, name, video_url)
	  VALUES (81, 'Tập 371', 'https://player.phimapi.com/player/?url=https://s6.kkphimplayer6.com/20250903/94XTILWC/index.m3u8');
	INSERT INTO episodes (movie_id, name, video_url)
	  VALUES (81, 'Tập 372', 'https://player.phimapi.com/player/?url=https://s6.kkphimplayer6.com/20250903/QOQWopwC/index.m3u8');
	INSERT INTO episodes (movie_id, name, video_url)
	  VALUES (81, 'Tập 373', 'https://player.phimapi.com/player/?url=https://s6.kkphimplayer6.com/20250903/E1LiP5LP/index.m3u8');
	INSERT INTO episodes (movie_id, name, video_url)
	  VALUES (81, 'Tập 374', 'https://player.phimapi.com/player/?url=https://s6.kkphimplayer6.com/20250903/3PIFWkS5/index.m3u8');
	INSERT INTO episodes (movie_id, name, video_url)
	  VALUES (81, 'Tập 375', 'https://player.phimapi.com/player/?url=https://s6.kkphimplayer6.com/20250903/wmo1c60E/index.m3u8');
	INSERT INTO episodes (movie_id, name, video_url)
	  VALUES (81, 'Tập 376', 'https://player.phimapi.com/player/?url=https://s6.kkphimplayer6.com/20250903/zvpfJ8ft/index.m3u8');
	INSERT INTO episodes (movie_id, name, video_url)
	  VALUES (81, 'Tập 377', 'https://player.phimapi.com/player/?url=https://s6.kkphimplayer6.com/20250903/uH2lAJeI/index.m3u8');
	INSERT INTO episodes (movie_id, name, video_url)
	  VALUES (81, 'Tập 378', 'https://player.phimapi.com/player/?url=https://s6.kkphimplayer6.com/20250903/M5ZUxasO/index.m3u8');
	INSERT INTO episodes (movie_id, name, video_url)
	  VALUES (81, 'Tập 379', 'https://player.phimapi.com/player/?url=https://s6.kkphimplayer6.com/20250903/6Q72MKfb/index.m3u8');
	INSERT INTO episodes (movie_id, name, video_url)
	  VALUES (81, 'Tập 380', 'https://player.phimapi.com/player/?url=https://s6.kkphimplayer6.com/20250903/VgcL8e1E/index.m3u8');
	INSERT INTO episodes (movie_id, name, video_url)
	  VALUES (81, 'Tập 381', 'https://player.phimapi.com/player/?url=https://s6.kkphimplayer6.com/20250903/jARzocl8/index.m3u8');
	INSERT INTO episodes (movie_id, name, video_url)
	  VALUES (81, 'Tập 382', 'https://player.phimapi.com/player/?url=https://s6.kkphimplayer6.com/20250903/1gpSEuLp/index.m3u8');
	INSERT INTO episodes (movie_id, name, video_url)
	  VALUES (81, 'Tập 383', 'https://player.phimapi.com/player/?url=https://s6.kkphimplayer6.com/20250903/U2Vwug8O/index.m3u8');
	INSERT INTO episodes (movie_id, name, video_url)
	  VALUES (81, 'Tập 384', 'https://player.phimapi.com/player/?url=https://s6.kkphimplayer6.com/20250903/d7RBC7OC/index.m3u8');
	INSERT INTO episodes (movie_id, name, video_url)
	  VALUES (81, 'Tập 385', 'https://player.phimapi.com/player/?url=https://s6.kkphimplayer6.com/20250903/tYQBkWKy/index.m3u8');
	INSERT INTO episodes (movie_id, name, video_url)
	  VALUES (81, 'Tập 386', 'https://player.phimapi.com/player/?url=https://s6.kkphimplayer6.com/20250903/zN9ECbl1/index.m3u8');
	INSERT INTO episodes (movie_id, name, video_url)
	  VALUES (81, 'Tập 387', 'https://player.phimapi.com/player/?url=https://s6.kkphimplayer6.com/20250903/2Tjrh3zJ/index.m3u8');
	INSERT INTO episodes (movie_id, name, video_url)
	  VALUES (81, 'Tập 388', 'https://player.phimapi.com/player/?url=https://s6.kkphimplayer6.com/20250903/34Z2VfyX/index.m3u8');
	INSERT INTO episodes (movie_id, name, video_url)
	  VALUES (81, 'Tập 389', 'https://player.phimapi.com/player/?url=https://s6.kkphimplayer6.com/20250903/7zsj5zRj/index.m3u8');
	INSERT INTO episodes (movie_id, name, video_url)
	  VALUES (81, 'Tập 390', 'https://player.phimapi.com/player/?url=https://s6.kkphimplayer6.com/20250903/xHag6tfk/index.m3u8');
	INSERT INTO episodes (movie_id, name, video_url)
	  VALUES (81, 'Tập 391', 'https://player.phimapi.com/player/?url=https://s6.kkphimplayer6.com/20250903/J6ftI981/index.m3u8');
	INSERT INTO episodes (movie_id, name, video_url)
	  VALUES (81, 'Tập 392', 'https://player.phimapi.com/player/?url=https://s6.kkphimplayer6.com/20250903/tR99aqJd/index.m3u8');
	INSERT INTO episodes (movie_id, name, video_url)
	  VALUES (81, 'Tập 393', 'https://player.phimapi.com/player/?url=https://s6.kkphimplayer6.com/20250903/VDkuRHba/index.m3u8');
	INSERT INTO episodes (movie_id, name, video_url)
	  VALUES (81, 'Tập 394', 'https://player.phimapi.com/player/?url=https://s6.kkphimplayer6.com/20250903/OvSpAKhC/index.m3u8');
	INSERT INTO episodes (movie_id, name, video_url)
	  VALUES (81, 'Tập 395', 'https://player.phimapi.com/player/?url=https://s6.kkphimplayer6.com/20250903/xGFmhMvN/index.m3u8');
	INSERT INTO episodes (movie_id, name, video_url)
	  VALUES (81, 'Tập 396', 'https://player.phimapi.com/player/?url=https://s6.kkphimplayer6.com/20250903/4ZSqYios/index.m3u8');
	INSERT INTO episodes (movie_id, name, video_url)
	  VALUES (81, 'Tập 397', 'https://player.phimapi.com/player/?url=https://s6.kkphimplayer6.com/20250903/iCkTarlc/index.m3u8');
	INSERT INTO episodes (movie_id, name, video_url)
	  VALUES (81, 'Tập 398', 'https://player.phimapi.com/player/?url=https://s6.kkphimplayer6.com/20250903/DYXMwc8P/index.m3u8');
	INSERT INTO episodes (movie_id, name, video_url)
	  VALUES (81, 'Tập 399', 'https://player.phimapi.com/player/?url=https://s6.kkphimplayer6.com/20250903/TnWDhmif/index.m3u8');
	INSERT INTO episodes (movie_id, name, video_url)
	  VALUES (81, 'Tập 400', 'https://player.phimapi.com/player/?url=https://s6.kkphimplayer6.com/20250903/3Gd7KUjz/index.m3u8');
	INSERT INTO episodes (movie_id, name, video_url)
	  VALUES (81, 'Tập 401', 'https://player.phimapi.com/player/?url=https://s6.kkphimplayer6.com/20250903/qROVRAQt/index.m3u8');
	INSERT INTO episodes (movie_id, name, video_url)
	  VALUES (81, 'Tập 402', 'https://player.phimapi.com/player/?url=https://s6.kkphimplayer6.com/20250903/wVCaI5IU/index.m3u8');
	INSERT INTO episodes (movie_id, name, video_url)
	  VALUES (81, 'Tập 403', 'https://player.phimapi.com/player/?url=https://s6.kkphimplayer6.com/20250903/FQhVSuYI/index.m3u8');
	INSERT INTO episodes (movie_id, name, video_url)
	  VALUES (81, 'Tập 404', 'https://player.phimapi.com/player/?url=https://s6.kkphimplayer6.com/20250903/Bb0e9L1i/index.m3u8');
	INSERT INTO episodes (movie_id, name, video_url)
	  VALUES (81, 'Tập 405', 'https://player.phimapi.com/player/?url=https://s6.kkphimplayer6.com/20250903/ucbjylOf/index.m3u8');
	INSERT INTO episodes (movie_id, name, video_url)
	  VALUES (81, 'Tập 406', 'https://player.phimapi.com/player/?url=https://s6.kkphimplayer6.com/20250903/lCTIc3Bu/index.m3u8');
	INSERT INTO episodes (movie_id, name, video_url)
	  VALUES (81, 'Tập 407', 'https://player.phimapi.com/player/?url=https://s6.kkphimplayer6.com/20250903/w03sqAZU/index.m3u8');
	INSERT INTO episodes (movie_id, name, video_url)
	  VALUES (81, 'Tập 408', 'https://player.phimapi.com/player/?url=https://s6.kkphimplayer6.com/20250903/DlmkCUAM/index.m3u8');
	INSERT INTO episodes (movie_id, name, video_url)
	  VALUES (81, 'Tập 409', 'https://player.phimapi.com/player/?url=https://s6.kkphimplayer6.com/20250903/2fxPiO4z/index.m3u8');
	INSERT INTO episodes (movie_id, name, video_url)
	  VALUES (81, 'Tập 410', 'https://player.phimapi.com/player/?url=https://s6.kkphimplayer6.com/20250903/LjlhxWCn/index.m3u8');
	INSERT INTO episodes (movie_id, name, video_url)
	  VALUES (81, 'Tập 411', 'https://player.phimapi.com/player/?url=https://s6.kkphimplayer6.com/20250903/qBxCImjw/index.m3u8');
	INSERT INTO episodes (movie_id, name, video_url)
	  VALUES (81, 'Tập 412', 'https://player.phimapi.com/player/?url=https://s6.kkphimplayer6.com/20250903/M9klWMQV/index.m3u8');
	INSERT INTO episodes (movie_id, name, video_url)
	  VALUES (81, 'Tập 413', 'https://player.phimapi.com/player/?url=https://s6.kkphimplayer6.com/20250903/0TO7OasF/index.m3u8');
	INSERT INTO episodes (movie_id, name, video_url)
	  VALUES (81, 'Tập 414', 'https://player.phimapi.com/player/?url=https://s6.kkphimplayer6.com/20250903/2vseQ4RG/index.m3u8');
	INSERT INTO episodes (movie_id, name, video_url)
	  VALUES (81, 'Tập 415', 'https://player.phimapi.com/player/?url=https://s6.kkphimplayer6.com/20250903/uX5CEzsJ/index.m3u8');
	INSERT INTO episodes (movie_id, name, video_url)
	  VALUES (81, 'Tập 416', 'https://player.phimapi.com/player/?url=https://s6.kkphimplayer6.com/20250903/Kg7RUpSY/index.m3u8');
	INSERT INTO episodes (movie_id, name, video_url)
	  VALUES (81, 'Tập 417', 'https://player.phimapi.com/player/?url=https://s6.kkphimplayer6.com/20250903/vMS9cRk2/index.m3u8');
	INSERT INTO episodes (movie_id, name, video_url)
	  VALUES (81, 'Tập 418', 'https://player.phimapi.com/player/?url=https://s6.kkphimplayer6.com/20250903/UeY3mlXF/index.m3u8');
	INSERT INTO episodes (movie_id, name, video_url)
	  VALUES (81, 'Tập 419', 'https://player.phimapi.com/player/?url=https://s6.kkphimplayer6.com/20250903/81bYPsqX/index.m3u8');
	INSERT INTO episodes (movie_id, name, video_url)
	  VALUES (81, 'Tập 420', 'https://player.phimapi.com/player/?url=https://s6.kkphimplayer6.com/20250903/TXchGIuv/index.m3u8');
	INSERT INTO episodes (movie_id, name, video_url)
	  VALUES (81, 'Tập 421', 'https://player.phimapi.com/player/?url=https://s6.kkphimplayer6.com/20250903/J9AYKIXJ/index.m3u8');
	INSERT INTO episodes (movie_id, name, video_url)
	  VALUES (81, 'Tập 422', 'https://player.phimapi.com/player/?url=https://s6.kkphimplayer6.com/20250903/r8KcLiiv/index.m3u8');
	INSERT INTO episodes (movie_id, name, video_url)
	  VALUES (81, 'Tập 423', 'https://player.phimapi.com/player/?url=https://s6.kkphimplayer6.com/20250903/HcGj7I72/index.m3u8');
	INSERT INTO episodes (movie_id, name, video_url)
	  VALUES (81, 'Tập 424', 'https://player.phimapi.com/player/?url=https://s6.kkphimplayer6.com/20250903/CXgtNmUf/index.m3u8');
	INSERT INTO episodes (movie_id, name, video_url)
	  VALUES (81, 'Tập 425', 'https://player.phimapi.com/player/?url=https://s6.kkphimplayer6.com/20250903/YpgTiGuo/index.m3u8');
	INSERT INTO episodes (movie_id, name, video_url)
	  VALUES (81, 'Tập 426', 'https://player.phimapi.com/player/?url=https://s6.kkphimplayer6.com/20250903/ZSzf03vF/index.m3u8');
	INSERT INTO episodes (movie_id, name, video_url)
	  VALUES (81, 'Tập 427', 'https://player.phimapi.com/player/?url=https://s6.kkphimplayer6.com/20250903/6m3vHUZK/index.m3u8');
	INSERT INTO episodes (movie_id, name, video_url)
	  VALUES (81, 'Tập 428', 'https://player.phimapi.com/player/?url=https://s6.kkphimplayer6.com/20250903/ZzXnS2g4/index.m3u8');
	INSERT INTO episodes (movie_id, name, video_url)
	  VALUES (81, 'Tập 429', 'https://player.phimapi.com/player/?url=https://s6.kkphimplayer6.com/20250903/Bh2hBFBN/index.m3u8');
	INSERT INTO episodes (movie_id, name, video_url)
	  VALUES (81, 'Tập 430', 'https://player.phimapi.com/player/?url=https://s6.kkphimplayer6.com/20250903/WM84yj2B/index.m3u8');
	INSERT INTO episodes (movie_id, name, video_url)
	  VALUES (81, 'Tập 431', 'https://player.phimapi.com/player/?url=https://s6.kkphimplayer6.com/20250903/z4AVVHn6/index.m3u8');
	INSERT INTO episodes (movie_id, name, video_url)
	  VALUES (81, 'Tập 432', 'https://player.phimapi.com/player/?url=https://s6.kkphimplayer6.com/20250903/Uj1UflUc/index.m3u8');
	INSERT INTO episodes (movie_id, name, video_url)
	  VALUES (81, 'Tập 433', 'https://player.phimapi.com/player/?url=https://s6.kkphimplayer6.com/20250903/uR0SS8M1/index.m3u8');
	INSERT INTO episodes (movie_id, name, video_url)
	  VALUES (81, 'Tập 434', 'https://player.phimapi.com/player/?url=https://s6.kkphimplayer6.com/20250903/FBBgOANR/index.m3u8');
	INSERT INTO episodes (movie_id, name, video_url)
	  VALUES (81, 'Tập 435', 'https://player.phimapi.com/player/?url=https://s6.kkphimplayer6.com/20250903/psYnIEHA/index.m3u8');
	INSERT INTO episodes (movie_id, name, video_url)
	  VALUES (81, 'Tập 436', 'https://player.phimapi.com/player/?url=https://s6.kkphimplayer6.com/20250903/iOZHedUT/index.m3u8');
	INSERT INTO episodes (movie_id, name, video_url)
	  VALUES (81, 'Tập 437', 'https://player.phimapi.com/player/?url=https://s6.kkphimplayer6.com/20250903/2cbCdCYw/index.m3u8');
	INSERT INTO episodes (movie_id, name, video_url)
	  VALUES (81, 'Tập 438', 'https://player.phimapi.com/player/?url=https://s6.kkphimplayer6.com/20250903/Z0IeI3Lh/index.m3u8');
	INSERT INTO episodes (movie_id, name, video_url)
	  VALUES (81, 'Tập 439', 'https://player.phimapi.com/player/?url=https://s6.kkphimplayer6.com/20250903/R63V5KKj/index.m3u8');
	INSERT INTO episodes (movie_id, name, video_url)
	  VALUES (81, 'Tập 440', 'https://player.phimapi.com/player/?url=https://s6.kkphimplayer6.com/20250903/cQJnwZDQ/index.m3u8');
	INSERT INTO episodes (movie_id, name, video_url)
	  VALUES (81, 'Tập 441', 'https://player.phimapi.com/player/?url=https://s6.kkphimplayer6.com/20250903/o4Ntbvyh/index.m3u8');
	INSERT INTO episodes (movie_id, name, video_url)
	  VALUES (81, 'Tập 442', 'https://player.phimapi.com/player/?url=https://s6.kkphimplayer6.com/20250905/lfRFJ4q5/index.m3u8');
	INSERT INTO episodes (movie_id, name, video_url)
	  VALUES (81, 'Tập 443', 'https://player.phimapi.com/player/?url=https://s6.kkphimplayer6.com/20250909/BxrccWKR/index.m3u8');
	INSERT INTO episodes (movie_id, name, video_url)
	  VALUES (81, 'Tập 444', 'https://player.phimapi.com/player/?url=https://s6.kkphimplayer6.com/20250913/bgtkxqQ1/index.m3u8');
	INSERT INTO episodes (movie_id, name, video_url)
	  VALUES (81, 'Tập 445', 'https://player.phimapi.com/player/?url=https://s6.kkphimplayer6.com/20250915/YqGVYuZL/index.m3u8');
	INSERT INTO episodes (movie_id, name, video_url)
	  VALUES (81, 'Tập 446', 'https://player.phimapi.com/player/?url=https://s6.kkphimplayer6.com/20250920/i6cLixVq/index.m3u8');
	INSERT INTO episodes (movie_id, name, video_url)
	  VALUES (81, 'Tập 447', 'https://player.phimapi.com/player/?url=https://s6.kkphimplayer6.com/20250924/5BF488Rs/index.m3u8');

	-- Movie: Thôn Phệ Tinh Không
	INSERT INTO movies (movie_id, title, description, release_date, poster_url, thumb_url, status)
	VALUES (82, 'Thôn Phệ Tinh Không', 'Một ngày nọ, một chiếc virus RR ko xác định xuất hiện trên trái đất, và thế giới rơi vào thảm họa. Động vật bị nhiễm bệnh đột biến thành quái vật đáng sợ và tấn công ồ ạt. Khi con người đối mặt sở hữu sự hủy diệt, họ xây tường và xây dựng các tỉnh thành căn cứ như pháo đài cuối cùng của con người. Những thử thách mà nhân loại trải qua trong khoảng thời gian này được gọi là “Thời kỳ Niết bàn.” Trong môi trường sống khắc nghiệt, sức mạnh của con người cũng dần thăng tiến và phát triển, võ công xuất hiện, sức mạnh của con người cũng tăng lên về chất so mang trước đây. Và thấp nhất trong số họ được gọi là Chiến binh. Luo Feng, 18 tuổi, cũng thèm khát trở nên một trong số họ.', '2020', 'https://phimimg.com/upload/vod/20240821-1/a651652396e9f53c09cd88d28700d5c4.jpg', 'https://phimimg.com/upload/vod/20240821-1/22c49ba9590b0e5f3d126696c0bfbecf.jpg', 'showing');
	UPDATE movies SET country='Trung Quốc', language='Vietsub', trailer_url='https://www.youtube.com/watch?v=pUcsPl2ikk4' WHERE movie_id=82;
	INSERT IGNORE INTO genres (name) VALUES ('Khoa Học');
	INSERT INTO movie_genres (movie_id, genre_id)
	  SELECT 82, genre_id FROM genres WHERE name='Khoa Học' LIMIT 1;
	INSERT IGNORE INTO genres (name) VALUES ('Viễn Tưởng');
	INSERT INTO movie_genres (movie_id, genre_id)
	  SELECT 82, genre_id FROM genres WHERE name='Viễn Tưởng' LIMIT 1;
	INSERT IGNORE INTO genres (name) VALUES ('Hành Động');
	INSERT INTO movie_genres (movie_id, genre_id)
	  SELECT 82, genre_id FROM genres WHERE name='Hành Động' LIMIT 1;
	INSERT IGNORE INTO genres (name) VALUES ('Phiêu Lưu');
	INSERT INTO movie_genres (movie_id, genre_id)
	  SELECT 82, genre_id FROM genres WHERE name='Phiêu Lưu' LIMIT 1;
	INSERT IGNORE INTO actors (name) VALUES ('Zhang Xin');
	INSERT INTO movie_actors (movie_id, actor_id)
	  SELECT 82, actor_id FROM actors WHERE name='Zhang Xin' LIMIT 1;
	INSERT IGNORE INTO actors (name) VALUES ('Wang Xiaobing');
	INSERT INTO movie_actors (movie_id, actor_id)
	  SELECT 82, actor_id FROM actors WHERE name='Wang Xiaobing' LIMIT 1;
	INSERT IGNORE INTO actors (name) VALUES ('Zhihao Su');
	INSERT INTO movie_actors (movie_id, actor_id)
	  SELECT 82, actor_id FROM actors WHERE name='Zhihao Su' LIMIT 1;
	INSERT IGNORE INTO actors (name) VALUES ('Vin Zhang');
	INSERT INTO movie_actors (movie_id, actor_id)
	  SELECT 82, actor_id FROM actors WHERE name='Vin Zhang' LIMIT 1;
	INSERT IGNORE INTO actors (name) VALUES ('Li Chanfei');
	INSERT INTO movie_actors (movie_id, actor_id)
	  SELECT 82, actor_id FROM actors WHERE name='Li Chanfei' LIMIT 1;
	INSERT IGNORE INTO actors (name) VALUES ('Lei Wu');
	INSERT INTO movie_actors (movie_id, actor_id)
	  SELECT 82, actor_id FROM actors WHERE name='Lei Wu' LIMIT 1;
	INSERT IGNORE INTO actors (name) VALUES ('Yuze Sang');
	INSERT INTO movie_actors (movie_id, actor_id)
	  SELECT 82, actor_id FROM actors WHERE name='Yuze Sang' LIMIT 1;
	INSERT IGNORE INTO actors (name) VALUES ('Ruoyu Zhang');
	INSERT INTO movie_actors (movie_id, actor_id)
	  SELECT 82, actor_id FROM actors WHERE name='Ruoyu Zhang' LIMIT 1;
	INSERT IGNORE INTO actors (name) VALUES ('Zhao Qianjing');
	INSERT INTO movie_actors (movie_id, actor_id)
	  SELECT 82, actor_id FROM actors WHERE name='Zhao Qianjing' LIMIT 1;
	INSERT IGNORE INTO actors (name) VALUES ('Xie Ying');
	INSERT INTO movie_actors (movie_id, actor_id)
	  SELECT 82, actor_id FROM actors WHERE name='Xie Ying' LIMIT 1;
	INSERT IGNORE INTO actors (name) VALUES ('张晔');
	INSERT INTO movie_actors (movie_id, actor_id)
	  SELECT 82, actor_id FROM actors WHERE name='张晔' LIMIT 1;
	INSERT IGNORE INTO actors (name) VALUES ('赵梓涵');
	INSERT INTO movie_actors (movie_id, actor_id)
	  SELECT 82, actor_id FROM actors WHERE name='赵梓涵' LIMIT 1;
	INSERT IGNORE INTO directors (name) VALUES ('Đang cập nhật');
	INSERT INTO movie_directors (movie_id, director_id)
	  SELECT 82, director_id FROM directors WHERE name='Đang cập nhật' LIMIT 1;
	INSERT INTO episodes (movie_id, name, video_url)
	  VALUES (82, 'Tập 01', 'https://player.phimapi.com/player/?url=https://s3.phim1280.tv/20240821/wFIU7kDd/index.m3u8');
	INSERT INTO episodes (movie_id, name, video_url)
	  VALUES (82, 'Tập 02', 'https://player.phimapi.com/player/?url=https://s3.phim1280.tv/20240821/Dhrmktwj/index.m3u8');
	INSERT INTO episodes (movie_id, name, video_url)
	  VALUES (82, 'Tập 03', 'https://player.phimapi.com/player/?url=https://s3.phim1280.tv/20240821/UnCmeUqv/index.m3u8');
	INSERT INTO episodes (movie_id, name, video_url)
	  VALUES (82, 'Tập 04', 'https://player.phimapi.com/player/?url=https://s3.phim1280.tv/20240821/a65ncRou/index.m3u8');
	INSERT INTO episodes (movie_id, name, video_url)
	  VALUES (82, 'Tập 05', 'https://player.phimapi.com/player/?url=https://s3.phim1280.tv/20240821/nRkXiQ3T/index.m3u8');
	INSERT INTO episodes (movie_id, name, video_url)
	  VALUES (82, 'Tập 06', 'https://player.phimapi.com/player/?url=https://s3.phim1280.tv/20240821/WI5fW3Ko/index.m3u8');
	INSERT INTO episodes (movie_id, name, video_url)
	  VALUES (82, 'Tập 07', 'https://player.phimapi.com/player/?url=https://s3.phim1280.tv/20240821/N8CI0m71/index.m3u8');
	INSERT INTO episodes (movie_id, name, video_url)
	  VALUES (82, 'Tập 08', 'https://player.phimapi.com/player/?url=https://s3.phim1280.tv/20240821/jx4ltiy1/index.m3u8');
	INSERT INTO episodes (movie_id, name, video_url)
	  VALUES (82, 'Tập 09', 'https://player.phimapi.com/player/?url=https://s3.phim1280.tv/20240821/On84eA2C/index.m3u8');
	INSERT INTO episodes (movie_id, name, video_url)
	  VALUES (82, 'Tập 10', 'https://player.phimapi.com/player/?url=https://s3.phim1280.tv/20240821/WHbjruxW/index.m3u8');
	INSERT INTO episodes (movie_id, name, video_url)
	  VALUES (82, 'Tập 11', 'https://player.phimapi.com/player/?url=https://s3.phim1280.tv/20240821/Ouf071kP/index.m3u8');
	INSERT INTO episodes (movie_id, name, video_url)
	  VALUES (82, 'Tập 12', 'https://player.phimapi.com/player/?url=https://s3.phim1280.tv/20240821/uz1FF5g5/index.m3u8');
	INSERT INTO episodes (movie_id, name, video_url)
	  VALUES (82, 'Tập 13', 'https://player.phimapi.com/player/?url=https://s3.phim1280.tv/20240821/qlcxsRlZ/index.m3u8');
	INSERT INTO episodes (movie_id, name, video_url)
	  VALUES (82, 'Tập 14', 'https://player.phimapi.com/player/?url=https://s3.phim1280.tv/20240821/qOpgV8mu/index.m3u8');
	INSERT INTO episodes (movie_id, name, video_url)
	  VALUES (82, 'Tập 15', 'https://player.phimapi.com/player/?url=https://s3.phim1280.tv/20240821/IwgKdS7b/index.m3u8');
	INSERT INTO episodes (movie_id, name, video_url)
	  VALUES (82, 'Tập 16', 'https://player.phimapi.com/player/?url=https://s3.phim1280.tv/20240821/wkrk29Kx/index.m3u8');
	INSERT INTO episodes (movie_id, name, video_url)
	  VALUES (82, 'Tập 17', 'https://player.phimapi.com/player/?url=https://s3.phim1280.tv/20240821/PkRd9aiV/index.m3u8');
	INSERT INTO episodes (movie_id, name, video_url)
	  VALUES (82, 'Tập 18', 'https://player.phimapi.com/player/?url=https://s3.phim1280.tv/20240821/7e9wtDoj/index.m3u8');
	INSERT INTO episodes (movie_id, name, video_url)
	  VALUES (82, 'Tập 19', 'https://player.phimapi.com/player/?url=https://s3.phim1280.tv/20240821/uSQIDU3W/index.m3u8');
	INSERT INTO episodes (movie_id, name, video_url)
	  VALUES (82, 'Tập 20', 'https://player.phimapi.com/player/?url=https://s3.phim1280.tv/20240821/GgkXnuyj/index.m3u8');
	INSERT INTO episodes (movie_id, name, video_url)
	  VALUES (82, 'Tập 21', 'https://player.phimapi.com/player/?url=https://s3.phim1280.tv/20240821/nnUjK5U8/index.m3u8');
	INSERT INTO episodes (movie_id, name, video_url)
	  VALUES (82, 'Tập 22', 'https://player.phimapi.com/player/?url=https://s3.phim1280.tv/20240821/PLZ5QC2v/index.m3u8');
	INSERT INTO episodes (movie_id, name, video_url)
	  VALUES (82, 'Tập 23', 'https://player.phimapi.com/player/?url=https://s3.phim1280.tv/20240821/464ZCGMG/index.m3u8');
	INSERT INTO episodes (movie_id, name, video_url)
	  VALUES (82, 'Tập 24', 'https://player.phimapi.com/player/?url=https://s3.phim1280.tv/20240821/eBURZ7sX/index.m3u8');
	INSERT INTO episodes (movie_id, name, video_url)
	  VALUES (82, 'Tập 25', 'https://player.phimapi.com/player/?url=https://s3.phim1280.tv/20240821/sDYB9AL4/index.m3u8');
	INSERT INTO episodes (movie_id, name, video_url)
	  VALUES (82, 'Tập 26', 'https://player.phimapi.com/player/?url=https://s3.phim1280.tv/20240821/0vcVJkJD/index.m3u8');
	INSERT INTO episodes (movie_id, name, video_url)
	  VALUES (82, 'Tập 27', 'https://player.phimapi.com/player/?url=https://s3.phim1280.tv/20240821/MzBLRXr9/index.m3u8');
	INSERT INTO episodes (movie_id, name, video_url)
	  VALUES (82, 'Tập 28', 'https://player.phimapi.com/player/?url=https://s3.phim1280.tv/20240821/qiCnmriL/index.m3u8');
	INSERT INTO episodes (movie_id, name, video_url)
	  VALUES (82, 'Tập 29', 'https://player.phimapi.com/player/?url=https://s3.phim1280.tv/20240821/gwZV5Nzm/index.m3u8');
	INSERT INTO episodes (movie_id, name, video_url)
	  VALUES (82, 'Tập 30', 'https://player.phimapi.com/player/?url=https://s3.phim1280.tv/20240821/r9I95kQi/index.m3u8');
	INSERT INTO episodes (movie_id, name, video_url)
	  VALUES (82, 'Tập 31', 'https://player.phimapi.com/player/?url=https://s3.phim1280.tv/20240821/DJ9uxu5W/index.m3u8');
	INSERT INTO episodes (movie_id, name, video_url)
	  VALUES (82, 'Tập 32', 'https://player.phimapi.com/player/?url=https://s3.phim1280.tv/20240821/T4RI8VgC/index.m3u8');
	INSERT INTO episodes (movie_id, name, video_url)
	  VALUES (82, 'Tập 33', 'https://player.phimapi.com/player/?url=https://s3.phim1280.tv/20240821/etNcMVke/index.m3u8');
	INSERT INTO episodes (movie_id, name, video_url)
	  VALUES (82, 'Tập 34', 'https://player.phimapi.com/player/?url=https://s3.phim1280.tv/20240821/RlX8rJFQ/index.m3u8');
	INSERT INTO episodes (movie_id, name, video_url)
	  VALUES (82, 'Tập 35', 'https://player.phimapi.com/player/?url=https://s3.phim1280.tv/20240821/yHNh4BgN/index.m3u8');
	INSERT INTO episodes (movie_id, name, video_url)
	  VALUES (82, 'Tập 36', 'https://player.phimapi.com/player/?url=https://s3.phim1280.tv/20240821/DiQKPp9M/index.m3u8');
	INSERT INTO episodes (movie_id, name, video_url)
	  VALUES (82, 'Tập 37', 'https://player.phimapi.com/player/?url=https://s3.phim1280.tv/20240821/6dBFigt6/index.m3u8');
	INSERT INTO episodes (movie_id, name, video_url)
	  VALUES (82, 'Tập 38', 'https://player.phimapi.com/player/?url=https://s3.phim1280.tv/20240821/1wc2HdNZ/index.m3u8');
	INSERT INTO episodes (movie_id, name, video_url)
	  VALUES (82, 'Tập 39', 'https://player.phimapi.com/player/?url=https://s3.phim1280.tv/20240821/ui2UnK1m/index.m3u8');
	INSERT INTO episodes (movie_id, name, video_url)
	  VALUES (82, 'Tập 40', 'https://player.phimapi.com/player/?url=https://s3.phim1280.tv/20240821/IHkaCEFD/index.m3u8');
	INSERT INTO episodes (movie_id, name, video_url)
	  VALUES (82, 'Tập 41', 'https://player.phimapi.com/player/?url=https://s3.phim1280.tv/20240821/5Sq06atz/index.m3u8');
	INSERT INTO episodes (movie_id, name, video_url)
	  VALUES (82, 'Tập 42', 'https://player.phimapi.com/player/?url=https://s3.phim1280.tv/20240821/je4Htfon/index.m3u8');
	INSERT INTO episodes (movie_id, name, video_url)
	  VALUES (82, 'Tập 43', 'https://player.phimapi.com/player/?url=https://s3.phim1280.tv/20240821/tpCrGii9/index.m3u8');
	INSERT INTO episodes (movie_id, name, video_url)
	  VALUES (82, 'Tập 44', 'https://player.phimapi.com/player/?url=https://s3.phim1280.tv/20240821/gieZBRXV/index.m3u8');
	INSERT INTO episodes (movie_id, name, video_url)
	  VALUES (82, 'Tập 45', 'https://player.phimapi.com/player/?url=https://s3.phim1280.tv/20240821/Ajpp6G4W/index.m3u8');
	INSERT INTO episodes (movie_id, name, video_url)
	  VALUES (82, 'Tập 46', 'https://player.phimapi.com/player/?url=https://s3.phim1280.tv/20240821/yXaoblU7/index.m3u8');
	INSERT INTO episodes (movie_id, name, video_url)
	  VALUES (82, 'Tập 47', 'https://player.phimapi.com/player/?url=https://s3.phim1280.tv/20240821/zLIMT4iy/index.m3u8');
	INSERT INTO episodes (movie_id, name, video_url)
	  VALUES (82, 'Tập 48', 'https://player.phimapi.com/player/?url=https://s3.phim1280.tv/20240821/9Cpn6Ywu/index.m3u8');
	INSERT INTO episodes (movie_id, name, video_url)
	  VALUES (82, 'Tập 49', 'https://player.phimapi.com/player/?url=https://s3.phim1280.tv/20240821/el9y11FW/index.m3u8');
	INSERT INTO episodes (movie_id, name, video_url)
	  VALUES (82, 'Tập 50', 'https://player.phimapi.com/player/?url=https://s3.phim1280.tv/20240821/IREB5LNP/index.m3u8');
	INSERT INTO episodes (movie_id, name, video_url)
	  VALUES (82, 'Tập 51', 'https://player.phimapi.com/player/?url=https://s3.phim1280.tv/20240821/1wEnn2bv/index.m3u8');
	INSERT INTO episodes (movie_id, name, video_url)
	  VALUES (82, 'Tập 52', 'https://player.phimapi.com/player/?url=https://s3.phim1280.tv/20240821/vd2sYj52/index.m3u8');
	INSERT INTO episodes (movie_id, name, video_url)
	  VALUES (82, 'Tập 53', 'https://player.phimapi.com/player/?url=https://s3.phim1280.tv/20240821/BX7usB22/index.m3u8');
	INSERT INTO episodes (movie_id, name, video_url)
	  VALUES (82, 'Tập 54', 'https://player.phimapi.com/player/?url=https://s3.phim1280.tv/20240821/JTiSx5z4/index.m3u8');
	INSERT INTO episodes (movie_id, name, video_url)
	  VALUES (82, 'Tập 55', 'https://player.phimapi.com/player/?url=https://s3.phim1280.tv/20240821/QnTs6eht/index.m3u8');
	INSERT INTO episodes (movie_id, name, video_url)
	  VALUES (82, 'Tập 56', 'https://player.phimapi.com/player/?url=https://s3.phim1280.tv/20240821/AYC8zbW1/index.m3u8');
	INSERT INTO episodes (movie_id, name, video_url)
	  VALUES (82, 'Tập 57', 'https://player.phimapi.com/player/?url=https://s3.phim1280.tv/20240821/exZ7SjSx/index.m3u8');
	INSERT INTO episodes (movie_id, name, video_url)
	  VALUES (82, 'Tập 58', 'https://player.phimapi.com/player/?url=https://s3.phim1280.tv/20240821/j9odsxEj/index.m3u8');
	INSERT INTO episodes (movie_id, name, video_url)
	  VALUES (82, 'Tập 59', 'https://player.phimapi.com/player/?url=https://s3.phim1280.tv/20240821/MZK2qLyh/index.m3u8');
	INSERT INTO episodes (movie_id, name, video_url)
	  VALUES (82, 'Tập 60', 'https://player.phimapi.com/player/?url=https://s3.phim1280.tv/20240821/21Qx8AY0/index.m3u8');
	INSERT INTO episodes (movie_id, name, video_url)
	  VALUES (82, 'Tập 61', 'https://player.phimapi.com/player/?url=https://s3.phim1280.tv/20240821/MBfYAYJS/index.m3u8');
	INSERT INTO episodes (movie_id, name, video_url)
	  VALUES (82, 'Tập 62', 'https://player.phimapi.com/player/?url=https://s3.phim1280.tv/20240821/4CMjneRu/index.m3u8');
	INSERT INTO episodes (movie_id, name, video_url)
	  VALUES (82, 'Tập 63', 'https://player.phimapi.com/player/?url=https://s3.phim1280.tv/20240821/0sMd7Boc/index.m3u8');
	INSERT INTO episodes (movie_id, name, video_url)
	  VALUES (82, 'Tập 64', 'https://player.phimapi.com/player/?url=https://s3.phim1280.tv/20240821/6whK7ZTT/index.m3u8');
	INSERT INTO episodes (movie_id, name, video_url)
	  VALUES (82, 'Tập 65', 'https://player.phimapi.com/player/?url=https://s3.phim1280.tv/20240821/DtiV3lPW/index.m3u8');
	INSERT INTO episodes (movie_id, name, video_url)
	  VALUES (82, 'Tập 66', 'https://player.phimapi.com/player/?url=https://s3.phim1280.tv/20240821/nNXf3vDG/index.m3u8');
	INSERT INTO episodes (movie_id, name, video_url)
	  VALUES (82, 'Tập 67', 'https://player.phimapi.com/player/?url=https://s3.phim1280.tv/20240821/5LCk3pWV/index.m3u8');
	INSERT INTO episodes (movie_id, name, video_url)
	  VALUES (82, 'Tập 68', 'https://player.phimapi.com/player/?url=https://s3.phim1280.tv/20240821/XB1AxTDv/index.m3u8');
	INSERT INTO episodes (movie_id, name, video_url)
	  VALUES (82, 'Tập 69', 'https://player.phimapi.com/player/?url=https://s3.phim1280.tv/20240821/5fcZ3Tk1/index.m3u8');
	INSERT INTO episodes (movie_id, name, video_url)
	  VALUES (82, 'Tập 70', 'https://player.phimapi.com/player/?url=https://s3.phim1280.tv/20240821/QtOYGTgH/index.m3u8');
	INSERT INTO episodes (movie_id, name, video_url)
	  VALUES (82, 'Tập 71', 'https://player.phimapi.com/player/?url=https://s3.phim1280.tv/20240821/okT6RJGc/index.m3u8');
	INSERT INTO episodes (movie_id, name, video_url)
	  VALUES (82, 'Tập 72', 'https://player.phimapi.com/player/?url=https://s3.phim1280.tv/20240821/wy6mfMyX/index.m3u8');
	INSERT INTO episodes (movie_id, name, video_url)
	  VALUES (82, 'Tập 73', 'https://player.phimapi.com/player/?url=https://s3.phim1280.tv/20240821/wnNXY7Xu/index.m3u8');
	INSERT INTO episodes (movie_id, name, video_url)
	  VALUES (82, 'Tập 74', 'https://player.phimapi.com/player/?url=https://s3.phim1280.tv/20240821/1u2VQNxr/index.m3u8');
	INSERT INTO episodes (movie_id, name, video_url)
	  VALUES (82, 'Tập 75', 'https://player.phimapi.com/player/?url=https://s3.phim1280.tv/20240821/ZvOFswnr/index.m3u8');
	INSERT INTO episodes (movie_id, name, video_url)
	  VALUES (82, 'Tập 76', 'https://player.phimapi.com/player/?url=https://s3.phim1280.tv/20240821/EcjqGKFG/index.m3u8');
	INSERT INTO episodes (movie_id, name, video_url)
	  VALUES (82, 'Tập 77', 'https://player.phimapi.com/player/?url=https://s3.phim1280.tv/20240821/72M5zsyw/index.m3u8');
	INSERT INTO episodes (movie_id, name, video_url)
	  VALUES (82, 'Tập 78', 'https://player.phimapi.com/player/?url=https://s3.phim1280.tv/20240821/OUlEAdPs/index.m3u8');
	INSERT INTO episodes (movie_id, name, video_url)
	  VALUES (82, 'Tập 79', 'https://player.phimapi.com/player/?url=https://s3.phim1280.tv/20240821/KTkDFVrg/index.m3u8');
	INSERT INTO episodes (movie_id, name, video_url)
	  VALUES (82, 'Tập 80', 'https://player.phimapi.com/player/?url=https://s3.phim1280.tv/20240821/Cy2lP8b7/index.m3u8');
	INSERT INTO episodes (movie_id, name, video_url)
	  VALUES (82, 'Tập 81', 'https://player.phimapi.com/player/?url=https://s3.phim1280.tv/20240821/QtfS5flV/index.m3u8');
	INSERT INTO episodes (movie_id, name, video_url)
	  VALUES (82, 'Tập 82', 'https://player.phimapi.com/player/?url=https://s3.phim1280.tv/20240821/KjaBBNMN/index.m3u8');
	INSERT INTO episodes (movie_id, name, video_url)
	  VALUES (82, 'Tập 83', 'https://player.phimapi.com/player/?url=https://s3.phim1280.tv/20240821/It2KTY1O/index.m3u8');
	INSERT INTO episodes (movie_id, name, video_url)
	  VALUES (82, 'Tập 84', 'https://player.phimapi.com/player/?url=https://s3.phim1280.tv/20240821/w2eQ2yXF/index.m3u8');
	INSERT INTO episodes (movie_id, name, video_url)
	  VALUES (82, 'Tập 85', 'https://player.phimapi.com/player/?url=https://s3.phim1280.tv/20240821/3WabJz0M/index.m3u8');
	INSERT INTO episodes (movie_id, name, video_url)
	  VALUES (82, 'Tập 86', 'https://player.phimapi.com/player/?url=https://s3.phim1280.tv/20240821/Q4APNqZn/index.m3u8');
	INSERT INTO episodes (movie_id, name, video_url)
	  VALUES (82, 'Tập 87', 'https://player.phimapi.com/player/?url=https://s3.phim1280.tv/20240821/Y7cHkwwZ/index.m3u8');
	INSERT INTO episodes (movie_id, name, video_url)
	  VALUES (82, 'Tập 88', 'https://player.phimapi.com/player/?url=https://s3.phim1280.tv/20240821/9RVSTKi1/index.m3u8');
	INSERT INTO episodes (movie_id, name, video_url)
	  VALUES (82, 'Tập 89', 'https://player.phimapi.com/player/?url=https://s3.phim1280.tv/20240821/L7JKcv3e/index.m3u8');
	INSERT INTO episodes (movie_id, name, video_url)
	  VALUES (82, 'Tập 90', 'https://player.phimapi.com/player/?url=https://s3.phim1280.tv/20240821/t2fyxkOM/index.m3u8');
	INSERT INTO episodes (movie_id, name, video_url)
	  VALUES (82, 'Tập 91', 'https://player.phimapi.com/player/?url=https://s3.phim1280.tv/20240821/qyrJTugk/index.m3u8');
	INSERT INTO episodes (movie_id, name, video_url)
	  VALUES (82, 'Tập 92', 'https://player.phimapi.com/player/?url=https://s3.phim1280.tv/20240821/7YmCS7gX/index.m3u8');
	INSERT INTO episodes (movie_id, name, video_url)
	  VALUES (82, 'Tập 93', 'https://player.phimapi.com/player/?url=https://s3.phim1280.tv/20240821/2yiFEKvE/index.m3u8');
	INSERT INTO episodes (movie_id, name, video_url)
	  VALUES (82, 'Tập 94', 'https://player.phimapi.com/player/?url=https://s3.phim1280.tv/20240821/QuM9bogs/index.m3u8');
	INSERT INTO episodes (movie_id, name, video_url)
	  VALUES (82, 'Tập 95', 'https://player.phimapi.com/player/?url=https://s3.phim1280.tv/20240821/jGBVfNNo/index.m3u8');
	INSERT INTO episodes (movie_id, name, video_url)
	  VALUES (82, 'Tập 96', 'https://player.phimapi.com/player/?url=https://s3.phim1280.tv/20240821/kqgyYbHK/index.m3u8');
	INSERT INTO episodes (movie_id, name, video_url)
	  VALUES (82, 'Tập 97', 'https://player.phimapi.com/player/?url=https://s3.phim1280.tv/20240821/kOkK989E/index.m3u8');
	INSERT INTO episodes (movie_id, name, video_url)
	  VALUES (82, 'Tập 98', 'https://player.phimapi.com/player/?url=https://s3.phim1280.tv/20240821/fVt0y8d2/index.m3u8');
	INSERT INTO episodes (movie_id, name, video_url)
	  VALUES (82, 'Tập 99', 'https://player.phimapi.com/player/?url=https://s3.phim1280.tv/20240821/edQfhd3x/index.m3u8');
	INSERT INTO episodes (movie_id, name, video_url)
	  VALUES (82, 'Tập 100', 'https://player.phimapi.com/player/?url=https://s3.phim1280.tv/20240821/KMz6hIci/index.m3u8');
	INSERT INTO episodes (movie_id, name, video_url)
	  VALUES (82, 'Tập 101', 'https://player.phimapi.com/player/?url=https://s3.phim1280.tv/20240821/joglfEHL/index.m3u8');
	INSERT INTO episodes (movie_id, name, video_url)
	  VALUES (82, 'Tập 102', 'https://player.phimapi.com/player/?url=https://s3.phim1280.tv/20240821/BQAqblZC/index.m3u8');
	INSERT INTO episodes (movie_id, name, video_url)
	  VALUES (82, 'Tập 103', 'https://player.phimapi.com/player/?url=https://s3.phim1280.tv/20240821/kRvO9Hbp/index.m3u8');
	INSERT INTO episodes (movie_id, name, video_url)
	  VALUES (82, 'Tập 104', 'https://player.phimapi.com/player/?url=https://s3.phim1280.tv/20240821/fpbbvDvL/index.m3u8');
	INSERT INTO episodes (movie_id, name, video_url)
	  VALUES (82, 'Tập 105', 'https://player.phimapi.com/player/?url=https://s3.phim1280.tv/20240821/2v08INlJ/index.m3u8');
	INSERT INTO episodes (movie_id, name, video_url)
	  VALUES (82, 'Tập 106', 'https://player.phimapi.com/player/?url=https://s3.phim1280.tv/20240821/eXFTaTqf/index.m3u8');
	INSERT INTO episodes (movie_id, name, video_url)
	  VALUES (82, 'Tập 107', 'https://player.phimapi.com/player/?url=https://s3.phim1280.tv/20240821/iOTzD49b/index.m3u8');
	INSERT INTO episodes (movie_id, name, video_url)
	  VALUES (82, 'Tập 108', 'https://player.phimapi.com/player/?url=https://s3.phim1280.tv/20240821/lzDRDlN8/index.m3u8');
	INSERT INTO episodes (movie_id, name, video_url)
	  VALUES (82, 'Tập 109', 'https://player.phimapi.com/player/?url=https://s3.phim1280.tv/20240821/utQvkoV7/index.m3u8');
	INSERT INTO episodes (movie_id, name, video_url)
	  VALUES (82, 'Tập 110', 'https://player.phimapi.com/player/?url=https://s3.phim1280.tv/20240821/aVTVlZEb/index.m3u8');
	INSERT INTO episodes (movie_id, name, video_url)
	  VALUES (82, 'Tập 111', 'https://player.phimapi.com/player/?url=https://s3.phim1280.tv/20240821/QnSV43TE/index.m3u8');
	INSERT INTO episodes (movie_id, name, video_url)
	  VALUES (82, 'Tập 112', 'https://player.phimapi.com/player/?url=https://s3.phim1280.tv/20240821/lS0edC2S/index.m3u8');
	INSERT INTO episodes (movie_id, name, video_url)
	  VALUES (82, 'Tập 113', 'https://player.phimapi.com/player/?url=https://s3.phim1280.tv/20240821/bW5ohBz1/index.m3u8');
	INSERT INTO episodes (movie_id, name, video_url)
	  VALUES (82, 'Tập 114', 'https://player.phimapi.com/player/?url=https://s3.phim1280.tv/20240821/0eqrXs8w/index.m3u8');
	INSERT INTO episodes (movie_id, name, video_url)
	  VALUES (82, 'Tập 115', 'https://player.phimapi.com/player/?url=https://s3.phim1280.tv/20240821/Uc9yDiJe/index.m3u8');
	INSERT INTO episodes (movie_id, name, video_url)
	  VALUES (82, 'Tập 116', 'https://player.phimapi.com/player/?url=https://s3.phim1280.tv/20240821/7nEvBhHd/index.m3u8');
	INSERT INTO episodes (movie_id, name, video_url)
	  VALUES (82, 'Tập 117', 'https://player.phimapi.com/player/?url=https://s3.phim1280.tv/20240821/o6Htwt0Z/index.m3u8');
	INSERT INTO episodes (movie_id, name, video_url)
	  VALUES (82, 'Tập 118', 'https://player.phimapi.com/player/?url=https://s3.phim1280.tv/20240821/jlUWcAEO/index.m3u8');
	INSERT INTO episodes (movie_id, name, video_url)
	  VALUES (82, 'Tập 119', 'https://player.phimapi.com/player/?url=https://s3.phim1280.tv/20240821/nAJyphP8/index.m3u8');
	INSERT INTO episodes (movie_id, name, video_url)
	  VALUES (82, 'Tập 120', 'https://player.phimapi.com/player/?url=https://s3.phim1280.tv/20240821/iLvwNtmt/index.m3u8');
	INSERT INTO episodes (movie_id, name, video_url)
	  VALUES (82, 'Tập 121', 'https://player.phimapi.com/player/?url=https://s3.phim1280.tv/20240821/TU2CMfLu/index.m3u8');
	INSERT INTO episodes (movie_id, name, video_url)
	  VALUES (82, 'Tập 122', 'https://player.phimapi.com/player/?url=https://s3.phim1280.tv/20240821/3rguPkZn/index.m3u8');
	INSERT INTO episodes (movie_id, name, video_url)
	  VALUES (82, 'Tập 123', 'https://player.phimapi.com/player/?url=https://s3.phim1280.tv/20240821/HfPdSJh7/index.m3u8');
	INSERT INTO episodes (movie_id, name, video_url)
	  VALUES (82, 'Tập 124', 'https://player.phimapi.com/player/?url=https://s3.phim1280.tv/20240821/KrYiNvH0/index.m3u8');
	INSERT INTO episodes (movie_id, name, video_url)
	  VALUES (82, 'Tập 125', 'https://player.phimapi.com/player/?url=https://s3.phim1280.tv/20240821/yBv1wQ1m/index.m3u8');
	INSERT INTO episodes (movie_id, name, video_url)
	  VALUES (82, 'Tập 126', 'https://player.phimapi.com/player/?url=https://s3.phim1280.tv/20240821/UBVdFd14/index.m3u8');
	INSERT INTO episodes (movie_id, name, video_url)
	  VALUES (82, 'Tập 127', 'https://player.phimapi.com/player/?url=https://s3.phim1280.tv/20240821/tznQFaaS/index.m3u8');
	INSERT INTO episodes (movie_id, name, video_url)
	  VALUES (82, 'Tập 128', 'https://player.phimapi.com/player/?url=https://s3.phim1280.tv/20240821/OG4dJ4gV/index.m3u8');
	INSERT INTO episodes (movie_id, name, video_url)
	  VALUES (82, 'Tập 129', 'https://player.phimapi.com/player/?url=https://s3.phim1280.tv/20240821/SJyDMeuZ/index.m3u8');
	INSERT INTO episodes (movie_id, name, video_url)
	  VALUES (82, 'Tập 130', 'https://player.phimapi.com/player/?url=https://s3.phim1280.tv/20240821/Ey4Sue3Z/index.m3u8');
	INSERT INTO episodes (movie_id, name, video_url)
	  VALUES (82, 'Tập 131', 'https://player.phimapi.com/player/?url=https://s3.phim1280.tv/20240821/2rz09inL/index.m3u8');
	INSERT INTO episodes (movie_id, name, video_url)
	  VALUES (82, 'Tập 132', 'https://player.phimapi.com/player/?url=https://s3.phim1280.tv/20240821/4EI2fgPq/index.m3u8');
	INSERT INTO episodes (movie_id, name, video_url)
	  VALUES (82, 'Tập 133', 'https://player.phimapi.com/player/?url=https://s3.phim1280.tv/20240823/kiumwe4I/index.m3u8');
	INSERT INTO episodes (movie_id, name, video_url)
	  VALUES (82, 'Tập 134', 'https://player.phimapi.com/player/?url=https://s4.phim1280.tv/20240901/7aFx24n5/index.m3u8');
	INSERT INTO episodes (movie_id, name, video_url)
	  VALUES (82, 'Tập 135', 'https://player.phimapi.com/player/?url=https://s4.phim1280.tv/20240907/Xwa05yrK/index.m3u8');
	INSERT INTO episodes (movie_id, name, video_url)
	  VALUES (82, 'Tập 136', 'https://player.phimapi.com/player/?url=https://s4.phim1280.tv/20240915/w7VJ5aVt/index.m3u8');
	INSERT INTO episodes (movie_id, name, video_url)
	  VALUES (82, 'Tập 137', 'https://player.phimapi.com/player/?url=https://s5.phim1280.tv/20240925/xihuilml/index.m3u8');
	INSERT INTO episodes (movie_id, name, video_url)
	  VALUES (82, 'Tập 138', 'https://player.phimapi.com/player/?url=https://s5.phim1280.tv/20240929/XZ6P8kef/index.m3u8');
	INSERT INTO episodes (movie_id, name, video_url)
	  VALUES (82, 'Tập 139', 'https://player.phimapi.com/player/?url=https://s5.phim1280.tv/20241005/PAvcqGlm/index.m3u8');
	INSERT INTO episodes (movie_id, name, video_url)
	  VALUES (82, 'Tập 140', 'https://player.phimapi.com/player/?url=https://s5.phim1280.tv/20241013/yUXaODdY/index.m3u8');
	INSERT INTO episodes (movie_id, name, video_url)
	  VALUES (82, 'Tập 141', 'https://player.phimapi.com/player/?url=https://s4.phim1280.tv/20241020/4mRvoIaZ/index.m3u8');
	INSERT INTO episodes (movie_id, name, video_url)
	  VALUES (82, 'Tập 142', 'https://player.phimapi.com/player/?url=https://s5.phim1280.tv/20241026/xwOXAXO4/index.m3u8');
	INSERT INTO episodes (movie_id, name, video_url)
	  VALUES (82, 'Tập 143', 'https://player.phimapi.com/player/?url=https://s5.phim1280.tv/20241102/vTRr2F45/index.m3u8');
	INSERT INTO episodes (movie_id, name, video_url)
	  VALUES (82, 'Tập 144', 'https://player.phimapi.com/player/?url=https://s4.phim1280.tv/20241108/bqMPBdEj/index.m3u8');
	INSERT INTO episodes (movie_id, name, video_url)
	  VALUES (82, 'Tập 145', 'https://player.phimapi.com/player/?url=https://s5.phim1280.tv/20241116/fr3Q6JTH/index.m3u8');
	INSERT INTO episodes (movie_id, name, video_url)
	  VALUES (82, 'Tập 146', 'https://player.phimapi.com/player/?url=https://s5.phim1280.tv/20241123/E3LTQIpR/index.m3u8');
	INSERT INTO episodes (movie_id, name, video_url)
	  VALUES (82, 'Tập 147', 'https://player.phimapi.com/player/?url=https://s4.phim1280.tv/20241129/gLILunjE/index.m3u8');
	INSERT INTO episodes (movie_id, name, video_url)
	  VALUES (82, 'Tập 148', 'https://player.phimapi.com/player/?url=https://s5.phim1280.tv/20241207/k5fzRw0I/index.m3u8');
	INSERT INTO episodes (movie_id, name, video_url)
	  VALUES (82, 'Tập 149', 'https://player.phimapi.com/player/?url=https://s4.phim1280.tv/20241214/fmg4OEtJ/index.m3u8');
	INSERT INTO episodes (movie_id, name, video_url)
	  VALUES (82, 'Tập 150', 'https://player.phimapi.com/player/?url=https://s5.phim1280.tv/20241221/WsO1dAW5/index.m3u8');
	INSERT INTO episodes (movie_id, name, video_url)
	  VALUES (82, 'Tập 151', 'https://player.phimapi.com/player/?url=https://s4.phim1280.tv/20241227/rKAT5Rfu/index.m3u8');
	INSERT INTO episodes (movie_id, name, video_url)
	  VALUES (82, 'Tập 152', 'https://player.phimapi.com/player/?url=https://s4.phim1280.tv/20250103/fCVuHQr7/index.m3u8');
	INSERT INTO episodes (movie_id, name, video_url)
	  VALUES (82, 'Tập 153', 'https://player.phimapi.com/player/?url=https://s5.phim1280.tv/20250110/WewEMajJ/index.m3u8');
	INSERT INTO episodes (movie_id, name, video_url)
	  VALUES (82, 'Tập 154', 'https://player.phimapi.com/player/?url=https://s4.phim1280.tv/20250118/ME67W0tS/index.m3u8');
	INSERT INTO episodes (movie_id, name, video_url)
	  VALUES (82, 'Tập 155', 'https://player.phimapi.com/player/?url=https://s4.phim1280.tv/20250124/xhfLpKrL/index.m3u8');
	INSERT INTO episodes (movie_id, name, video_url)
	  VALUES (82, 'Tập 156', 'https://player.phimapi.com/player/?url=https://s4.phim1280.tv/20250131/fnzgAQ5p/index.m3u8');
	INSERT INTO episodes (movie_id, name, video_url)
	  VALUES (82, 'Tập 157', 'https://player.phimapi.com/player/?url=https://s5.phim1280.tv/20250208/54LeS4bF/index.m3u8');
	INSERT INTO episodes (movie_id, name, video_url)
	  VALUES (82, 'Tập 158', 'https://player.phimapi.com/player/?url=https://s4.phim1280.tv/20250215/IPhgrY0C/index.m3u8');
	INSERT INTO episodes (movie_id, name, video_url)
	  VALUES (82, 'Tập 159', 'https://player.phimapi.com/player/?url=https://s4.phim1280.tv/20250222/kfMu3ovj/index.m3u8');
	INSERT INTO episodes (movie_id, name, video_url)
	  VALUES (82, 'Tập 160', 'https://player.phimapi.com/player/?url=https://s4.phim1280.tv/20250304/lO32PLW4/index.m3u8');
	INSERT INTO episodes (movie_id, name, video_url)
	  VALUES (82, 'Tập 161', 'https://player.phimapi.com/player/?url=https://s4.phim1280.tv/20250307/BTS4AWkx/index.m3u8');
	INSERT INTO episodes (movie_id, name, video_url)
	  VALUES (82, 'Tập 162', 'https://player.phimapi.com/player/?url=https://s6.kkphimplayer6.com/20250702/4eeTzEt0/index.m3u8');
	INSERT INTO episodes (movie_id, name, video_url)
	  VALUES (82, 'Tập 163', 'https://player.phimapi.com/player/?url=https://s6.kkphimplayer6.com/20250702/QcuY2xxB/index.m3u8');
	INSERT INTO episodes (movie_id, name, video_url)
	  VALUES (82, 'Tập 164', 'https://player.phimapi.com/player/?url=https://s6.kkphimplayer6.com/20250702/cgYLWHmt/index.m3u8');
	INSERT INTO episodes (movie_id, name, video_url)
	  VALUES (82, 'Tập 165', 'https://player.phimapi.com/player/?url=https://s6.kkphimplayer6.com/20250702/PylJKoM0/index.m3u8');
	INSERT INTO episodes (movie_id, name, video_url)
	  VALUES (82, 'Tập 166', 'https://player.phimapi.com/player/?url=https://s6.kkphimplayer6.com/20250702/PDc7PB60/index.m3u8');
	INSERT INTO episodes (movie_id, name, video_url)
	  VALUES (82, 'Tập 167', 'https://player.phimapi.com/player/?url=https://s6.kkphimplayer6.com/20250702/7abEAX4u/index.m3u8');
	INSERT INTO episodes (movie_id, name, video_url)
	  VALUES (82, 'Tập 168', 'https://player.phimapi.com/player/?url=https://s6.kkphimplayer6.com/20250702/cd8iJlMp/index.m3u8');
	INSERT INTO episodes (movie_id, name, video_url)
	  VALUES (82, 'Tập 169', 'https://player.phimapi.com/player/?url=https://s6.kkphimplayer6.com/20250702/uizHe6f6/index.m3u8');
	INSERT INTO episodes (movie_id, name, video_url)
	  VALUES (82, 'Tập 170', 'https://player.phimapi.com/player/?url=https://s6.kkphimplayer6.com/20250702/VlxRTniD/index.m3u8');
	INSERT INTO episodes (movie_id, name, video_url)
	  VALUES (82, 'Tập 171', 'https://player.phimapi.com/player/?url=https://s6.kkphimplayer6.com/20250702/9UR0CtxO/index.m3u8');
	INSERT INTO episodes (movie_id, name, video_url)
	  VALUES (82, 'Tập 172', 'https://player.phimapi.com/player/?url=https://s6.kkphimplayer6.com/20250702/KSb4PbxS/index.m3u8');
	INSERT INTO episodes (movie_id, name, video_url)
	  VALUES (82, 'Tập 173', 'https://player.phimapi.com/player/?url=https://s6.kkphimplayer6.com/20250702/wp51bIFz/index.m3u8');
	INSERT INTO episodes (movie_id, name, video_url)
	  VALUES (82, 'Tập 174', 'https://player.phimapi.com/player/?url=https://s6.kkphimplayer6.com/20250702/dSOHepYl/index.m3u8');
	INSERT INTO episodes (movie_id, name, video_url)
	  VALUES (82, 'Tập 175', 'https://player.phimapi.com/player/?url=https://s6.kkphimplayer6.com/20250702/2N806L3N/index.m3u8');
	INSERT INTO episodes (movie_id, name, video_url)
	  VALUES (82, 'Tập 176', 'https://player.phimapi.com/player/?url=https://s6.kkphimplayer6.com/20250702/1qt2sMe9/index.m3u8');
	INSERT INTO episodes (movie_id, name, video_url)
	  VALUES (82, 'Tập 177', 'https://player.phimapi.com/player/?url=https://s6.kkphimplayer6.com/20250702/oSnfF1dC/index.m3u8');
	INSERT INTO episodes (movie_id, name, video_url)
	  VALUES (82, 'Tập 178', 'https://player.phimapi.com/player/?url=https://s6.kkphimplayer6.com/20250705/QFWoDPSZ/index.m3u8');
	INSERT INTO episodes (movie_id, name, video_url)
	  VALUES (82, 'Tập 179', 'https://player.phimapi.com/player/?url=https://s6.kkphimplayer6.com/20250711/ZaBnFLtN/index.m3u8');
	INSERT INTO episodes (movie_id, name, video_url)
	  VALUES (82, 'Tập 180', 'https://player.phimapi.com/player/?url=https://s6.kkphimplayer6.com/20250718/umnmfrBX/index.m3u8');
	INSERT INTO episodes (movie_id, name, video_url)
	  VALUES (82, 'Tập 181', 'https://player.phimapi.com/player/?url=https://s6.kkphimplayer6.com/20250725/zIxB71QZ/index.m3u8');
	INSERT INTO episodes (movie_id, name, video_url)
	  VALUES (82, 'Tập 182', 'https://player.phimapi.com/player/?url=https://s6.kkphimplayer6.com/20250802/2erixOoE/index.m3u8');
	INSERT INTO episodes (movie_id, name, video_url)
	  VALUES (82, 'Tập 183', 'https://player.phimapi.com/player/?url=https://s6.kkphimplayer6.com/20250809/awQ3cynn/index.m3u8');
	INSERT INTO episodes (movie_id, name, video_url)
	  VALUES (82, 'Tập 184', 'https://player.phimapi.com/player/?url=https://s6.kkphimplayer6.com/20250815/FaTIGHRj/index.m3u8');
	INSERT INTO episodes (movie_id, name, video_url)
	  VALUES (82, 'Tập 185', 'https://player.phimapi.com/player/?url=https://s6.kkphimplayer6.com/20250823/388l7uqG/index.m3u8');
	INSERT INTO episodes (movie_id, name, video_url)
	  VALUES (82, 'Tập 186', 'https://player.phimapi.com/player/?url=https://s6.kkphimplayer6.com/20250830/mV3ZEJlN/index.m3u8');
	INSERT INTO episodes (movie_id, name, video_url)
	  VALUES (82, 'Tập 187', 'https://player.phimapi.com/player/?url=https://s6.kkphimplayer6.com/20250906/7xG5oB4T/index.m3u8');
	INSERT INTO episodes (movie_id, name, video_url)
	  VALUES (82, 'Tập 188', 'https://player.phimapi.com/player/?url=https://s6.kkphimplayer6.com/20250909/BycwUfUK/index.m3u8');
	INSERT INTO episodes (movie_id, name, video_url)
	  VALUES (82, 'Tập 189', 'https://player.phimapi.com/player/?url=https://s6.kkphimplayer6.com/20250916/PuJLdPsy/index.m3u8');
	INSERT INTO episodes (movie_id, name, video_url)
	  VALUES (82, 'Tập 190', 'https://player.phimapi.com/player/?url=https://s6.kkphimplayer6.com/20250924/Jdp847ip/index.m3u8');

	-- Movie: Thiên Mệnh Đại Thần Hoàng
	INSERT INTO movies (movie_id, title, description, release_date, poster_url, thumb_url, status)
	VALUES (83, 'Thiên Mệnh Đại Thần Hoàng', 'Thiên Mệnh Đại Thần Hoàng – câu chuyện về hành trình lột xác đầy lý thú của một nam thanh niên từ kẻ bị coi là vô dụng cho đến khi trở thành một Đại thần hoàng cai trị toàn cõi thế gian lừng lẫy. Số là một anh chàng vô cùng bình thường, chẳng có một chút gì đặc biệt hoặc khá khẩm để mà người khác để mắt đến, đã vậy cũng chẳng có nghị lực vươn lên gì cả, Tuyên Khởi chỉ mong sống một cuộc đời an nhiên nhàn hạ, nhưng số phận đã là nam chính thì mọi thứ đều có thể thay đổi đến chóng mặt. Vô tình bị cuốn vào một trận chiến sống còn của một ma thần và một nữ đế, Tuyên Khởi đã được đánh thức Thiên Tú ẩn giấu bên trong, và cũng từ đó đã lột xác, bước vào hành trình tu luyện đầy gian nan nhưng cũng rất đáng mong chờ.', '2025', 'https://phimimg.com/upload/vod/20250912-1/f11ddc46cee226cbd7591b687d15916b.jpg', 'https://phimimg.com/upload/vod/20250912-1/ede693609916776d4937921f5ba115e4.jpg', 'showing');
	UPDATE movies SET country='Trung Quốc', language='Vietsub + Thuyết Minh', trailer_url='https://www.youtube.com/watch?v=nZVwdBlt5n8' WHERE movie_id=83;
	INSERT IGNORE INTO genres (name) VALUES ('Chính Kịch');
	INSERT INTO movie_genres (movie_id, genre_id)
	  SELECT 83, genre_id FROM genres WHERE name='Chính Kịch' LIMIT 1;
	INSERT IGNORE INTO genres (name) VALUES ('Phiêu Lưu');
	INSERT INTO movie_genres (movie_id, genre_id)
	  SELECT 83, genre_id FROM genres WHERE name='Phiêu Lưu' LIMIT 1;
	INSERT IGNORE INTO genres (name) VALUES ('Tâm Lý');
	INSERT INTO movie_genres (movie_id, genre_id)
	  SELECT 83, genre_id FROM genres WHERE name='Tâm Lý' LIMIT 1;
	INSERT IGNORE INTO actors (name) VALUES ('Đang cập nhật');
	INSERT INTO movie_actors (movie_id, actor_id)
	  SELECT 83, actor_id FROM actors WHERE name='Đang cập nhật' LIMIT 1;
	INSERT IGNORE INTO directors (name) VALUES ('Đang cập nhật');
	INSERT INTO movie_directors (movie_id, director_id)
	  SELECT 83, director_id FROM directors WHERE name='Đang cập nhật' LIMIT 1;
	INSERT INTO episodes (movie_id, name, video_url)
	  VALUES (83, 'Tập 1', 'https://player.phimapi.com/player/?url=https://s6.kkphimplayer6.com/20250912/Ozkk4ITk/index.m3u8');
	INSERT INTO episodes (movie_id, name, video_url)
	  VALUES (83, 'Tập 2', 'https://player.phimapi.com/player/?url=https://s6.kkphimplayer6.com/20250912/jCji1Saj/index.m3u8');
	INSERT INTO episodes (movie_id, name, video_url)
	  VALUES (83, 'Tập 3', 'https://player.phimapi.com/player/?url=https://s6.kkphimplayer6.com/20250912/Z9LvLuyB/index.m3u8');
	INSERT INTO episodes (movie_id, name, video_url)
	  VALUES (83, 'Tập 4', 'https://player.phimapi.com/player/?url=https://s6.kkphimplayer6.com/20250912/c982qszl/index.m3u8');
	INSERT INTO episodes (movie_id, name, video_url)
	  VALUES (83, 'Tập 5', 'https://player.phimapi.com/player/?url=https://s6.kkphimplayer6.com/20250912/2qtCV4HQ/index.m3u8');
	INSERT INTO episodes (movie_id, name, video_url)
	  VALUES (83, 'Tập 6', 'https://player.phimapi.com/player/?url=https://s6.kkphimplayer6.com/20250915/aQxEnm7c/index.m3u8');
	INSERT INTO episodes (movie_id, name, video_url)
	  VALUES (83, 'Tập 7', 'https://player.phimapi.com/player/?url=https://s6.kkphimplayer6.com/20250918/4RgjMHwk/index.m3u8');
	INSERT INTO episodes (movie_id, name, video_url)
	  VALUES (83, 'Tập 8', 'https://player.phimapi.com/player/?url=https://s6.kkphimplayer6.com/20250924/pJcbfFC2/index.m3u8');
	INSERT INTO episodes (movie_id, name, video_url)
	  VALUES (83, 'Tập 1', 'https://player.phimapi.com/player/?url=https://s6.kkphimplayer6.com/20250912/yqXw1m2Y/index.m3u8');
	INSERT INTO episodes (movie_id, name, video_url)
	  VALUES (83, 'Tập 2', 'https://player.phimapi.com/player/?url=https://s6.kkphimplayer6.com/20250912/mvHT4fuM/index.m3u8');
	INSERT INTO episodes (movie_id, name, video_url)
	  VALUES (83, 'Tập 3', 'https://player.phimapi.com/player/?url=https://s6.kkphimplayer6.com/20250912/yaeQdy7J/index.m3u8');
	INSERT INTO episodes (movie_id, name, video_url)
	  VALUES (83, 'Tập 4', 'https://player.phimapi.com/player/?url=https://s6.kkphimplayer6.com/20250912/rnZs08iG/index.m3u8');
	INSERT INTO episodes (movie_id, name, video_url)
	  VALUES (83, 'Tập 5', 'https://player.phimapi.com/player/?url=https://s6.kkphimplayer6.com/20250912/N1qTQbWd/index.m3u8');
	INSERT INTO episodes (movie_id, name, video_url)
	  VALUES (83, 'Tập 6', 'https://player.phimapi.com/player/?url=https://s6.kkphimplayer6.com/20250915/zTn7UVgL/index.m3u8');
	INSERT INTO episodes (movie_id, name, video_url)
	  VALUES (83, 'Tập 7', 'https://player.phimapi.com/player/?url=https://s6.kkphimplayer6.com/20250918/8XTpKNr6/index.m3u8');
	INSERT INTO episodes (movie_id, name, video_url)
	  VALUES (83, 'Tập 8', 'https://player.phimapi.com/player/?url=https://s6.kkphimplayer6.com/20250924/jIfH1PBT/index.m3u8');

	-- Movie: Tử Xuyên (Phần 2)
	INSERT INTO movies (movie_id, title, description, release_date, poster_url, thumb_url, status)
	VALUES (84, 'Tử Xuyên (Phần 2)', 'Để thanh minh cho sợ trong sạch của mình thì con người ta có thể dùng đến những lời nói, nhưng đôi khi thì lời nói không phải hoàn toàn có giá trị và đáng tin, mà cách thiết thực nhất chính là chứng minh bằng thực lực và cả hành động. Tử Xuyên Tú vì muốn bảo vệ gia tộc Tử Xuyên của mình mà không ngần ngại ra tay trừng trị kẻ phản gián, bán mình cho ma tộc. Và cũng kể từ đó, Tử Xuyên Tú nhận được sự đồng tình và giúp đỡ tuyệt đối của các trưởng lão ở Miếu Thánh tại vùng đất Viễn Đông, một bước trở thành thủ lĩnh mới thống lĩnh trăm vạn quân liên minh và cũng hiên ngang trở thành một vị vua mới và cái tên là Quang Minh Vương của vùng đất Viễn Đông bao la ấy.', '2025', 'https://phimimg.com/upload/vod/20250813-1/f4d31a926b46f7bfd809527d9df711ae.jpg', 'https://phimimg.com/upload/vod/20250813-1/073c45e99877cd52574b86cc3c0baba1.jpg', 'showing');
	UPDATE movies SET country='Trung Quốc', language='Vietsub + Thuyết Minh', trailer_url='https://www.youtube.com/watch?v=Z759ois8-f8' WHERE movie_id=84;
	INSERT IGNORE INTO genres (name) VALUES ('Khoa Học');
	INSERT INTO movie_genres (movie_id, genre_id)
	  SELECT 84, genre_id FROM genres WHERE name='Khoa Học' LIMIT 1;
	INSERT IGNORE INTO genres (name) VALUES ('Viễn Tưởng');
	INSERT INTO movie_genres (movie_id, genre_id)
	  SELECT 84, genre_id FROM genres WHERE name='Viễn Tưởng' LIMIT 1;
	INSERT IGNORE INTO genres (name) VALUES ('Chính Kịch');
	INSERT INTO movie_genres (movie_id, genre_id)
	  SELECT 84, genre_id FROM genres WHERE name='Chính Kịch' LIMIT 1;
	INSERT IGNORE INTO genres (name) VALUES ('Tâm Lý');
	INSERT INTO movie_genres (movie_id, genre_id)
	  SELECT 84, genre_id FROM genres WHERE name='Tâm Lý' LIMIT 1;
	INSERT IGNORE INTO actors (name) VALUES ('Tang Bao');
	INSERT INTO movie_actors (movie_id, actor_id)
	  SELECT 84, actor_id FROM actors WHERE name='Tang Bao' LIMIT 1;
	INSERT IGNORE INTO actors (name) VALUES ('Zhengyang Ma');
	INSERT INTO movie_actors (movie_id, actor_id)
	  SELECT 84, actor_id FROM actors WHERE name='Zhengyang Ma' LIMIT 1;
	INSERT IGNORE INTO actors (name) VALUES ('Jiang Guangtao');
	INSERT INTO movie_actors (movie_id, actor_id)
	  SELECT 84, actor_id FROM actors WHERE name='Jiang Guangtao' LIMIT 1;
	INSERT IGNORE INTO actors (name) VALUES ('Baomu Zhongyang');
	INSERT INTO movie_actors (movie_id, actor_id)
	  SELECT 84, actor_id FROM actors WHERE name='Baomu Zhongyang' LIMIT 1;
	INSERT IGNORE INTO actors (name) VALUES ('Ajie');
	INSERT INTO movie_actors (movie_id, actor_id)
	  SELECT 84, actor_id FROM actors WHERE name='Ajie' LIMIT 1;
	INSERT IGNORE INTO actors (name) VALUES ('Qiao Shiyu');
	INSERT INTO movie_actors (movie_id, actor_id)
	  SELECT 84, actor_id FROM actors WHERE name='Qiao Shiyu' LIMIT 1;
	INSERT IGNORE INTO actors (name) VALUES ('Liangwei Hu');
	INSERT INTO movie_actors (movie_id, actor_id)
	  SELECT 84, actor_id FROM actors WHERE name='Liangwei Hu' LIMIT 1;
	INSERT IGNORE INTO actors (name) VALUES ('Gao Qifan');
	INSERT INTO movie_actors (movie_id, actor_id)
	  SELECT 84, actor_id FROM actors WHERE name='Gao Qifan' LIMIT 1;
	INSERT IGNORE INTO actors (name) VALUES ('Xiao Han');
	INSERT INTO movie_actors (movie_id, actor_id)
	  SELECT 84, actor_id FROM actors WHERE name='Xiao Han' LIMIT 1;
	INSERT IGNORE INTO actors (name) VALUES ('Yuanfei Mei');
	INSERT INTO movie_actors (movie_id, actor_id)
	  SELECT 84, actor_id FROM actors WHERE name='Yuanfei Mei' LIMIT 1;
	INSERT IGNORE INTO actors (name) VALUES ('Zhou Dong');
	INSERT INTO movie_actors (movie_id, actor_id)
	  SELECT 84, actor_id FROM actors WHERE name='Zhou Dong' LIMIT 1;
	INSERT IGNORE INTO directors (name) VALUES ('Đang cập nhật');
	INSERT INTO movie_directors (movie_id, director_id)
	  SELECT 84, director_id FROM directors WHERE name='Đang cập nhật' LIMIT 1;
	INSERT INTO episodes (movie_id, name, video_url)
	  VALUES (84, 'Tập 01', 'https://player.phimapi.com/player/?url=https://s6.kkphimplayer6.com/20250813/kQdtZ7dk/index.m3u8');
	INSERT INTO episodes (movie_id, name, video_url)
	  VALUES (84, 'Tập 02', 'https://player.phimapi.com/player/?url=https://s6.kkphimplayer6.com/20250813/yrp1BxKM/index.m3u8');
	INSERT INTO episodes (movie_id, name, video_url)
	  VALUES (84, 'Tập 03', 'https://player.phimapi.com/player/?url=https://s6.kkphimplayer6.com/20250813/XxehreTC/index.m3u8');
	INSERT INTO episodes (movie_id, name, video_url)
	  VALUES (84, 'Tập 04', 'https://player.phimapi.com/player/?url=https://s6.kkphimplayer6.com/20250813/woncHUK9/index.m3u8');
	INSERT INTO episodes (movie_id, name, video_url)
	  VALUES (84, 'Tập 05', 'https://player.phimapi.com/player/?url=https://s6.kkphimplayer6.com/20250813/bZlxGPSx/index.m3u8');
	INSERT INTO episodes (movie_id, name, video_url)
	  VALUES (84, 'Tập 06', 'https://player.phimapi.com/player/?url=https://s6.kkphimplayer6.com/20250822/2jT9ZbXy/index.m3u8');
	INSERT INTO episodes (movie_id, name, video_url)
	  VALUES (84, 'Tập 07', 'https://player.phimapi.com/player/?url=https://s6.kkphimplayer6.com/20250829/SFAWHgSJ/index.m3u8');
	INSERT INTO episodes (movie_id, name, video_url)
	  VALUES (84, 'Tập 08', 'https://player.phimapi.com/player/?url=https://s6.kkphimplayer6.com/20250903/RWXL9XIk/index.m3u8');
	INSERT INTO episodes (movie_id, name, video_url)
	  VALUES (84, 'Tập 09', 'https://player.phimapi.com/player/?url=https://s6.kkphimplayer6.com/20250910/ePCooMMJ/index.m3u8');
	INSERT INTO episodes (movie_id, name, video_url)
	  VALUES (84, 'Tập 10', 'https://player.phimapi.com/player/?url=https://s6.kkphimplayer6.com/20250916/tUVPJzVQ/index.m3u8');
	INSERT INTO episodes (movie_id, name, video_url)
	  VALUES (84, 'Tập 11', 'https://player.phimapi.com/player/?url=https://s6.kkphimplayer6.com/20250924/MNllqd9F/index.m3u8');
	INSERT INTO episodes (movie_id, name, video_url)
	  VALUES (84, 'Tập 01', 'https://player.phimapi.com/player/?url=https://s6.kkphimplayer6.com/20250813/6hyrnr6W/index.m3u8');
	INSERT INTO episodes (movie_id, name, video_url)
	  VALUES (84, 'Tập 02', 'https://player.phimapi.com/player/?url=https://s6.kkphimplayer6.com/20250813/d7Q1Q228/index.m3u8');
	INSERT INTO episodes (movie_id, name, video_url)
	  VALUES (84, 'Tập 03', 'https://player.phimapi.com/player/?url=https://s6.kkphimplayer6.com/20250813/KkS1ilXB/index.m3u8');
	INSERT INTO episodes (movie_id, name, video_url)
	  VALUES (84, 'Tập 04', 'https://player.phimapi.com/player/?url=https://s6.kkphimplayer6.com/20250813/bF5jFVxk/index.m3u8');
	INSERT INTO episodes (movie_id, name, video_url)
	  VALUES (84, 'Tập 05', 'https://player.phimapi.com/player/?url=https://s6.kkphimplayer6.com/20250813/dEsM2ATK/index.m3u8');
	INSERT INTO episodes (movie_id, name, video_url)
	  VALUES (84, 'Tập 06', 'https://player.phimapi.com/player/?url=https://s6.kkphimplayer6.com/20250822/J147ICNp/index.m3u8');
	INSERT INTO episodes (movie_id, name, video_url)
	  VALUES (84, 'Tập 07', 'https://player.phimapi.com/player/?url=https://s6.kkphimplayer6.com/20250829/Rbqm4wcq/index.m3u8');
	INSERT INTO episodes (movie_id, name, video_url)
	  VALUES (84, 'Tập 8', 'https://player.phimapi.com/player/?url=https://s6.kkphimplayer6.com/20250918/cAX9Z65G/index.m3u8');
	INSERT INTO episodes (movie_id, name, video_url)
	  VALUES (84, 'Tập 09', 'https://player.phimapi.com/player/?url=https://s6.kkphimplayer6.com/20250910/ePCooMMJ/index.m3u8');
	INSERT INTO episodes (movie_id, name, video_url)
	  VALUES (84, 'Tập 10', 'https://player.phimapi.com/player/?url=https://s6.kkphimplayer6.com/20250916/RtL3dzY4/index.m3u8');
	INSERT INTO episodes (movie_id, name, video_url)
	  VALUES (84, 'Tập 11', 'https://player.phimapi.com/player/?url=https://s6.kkphimplayer6.com/20250924/G8V7W1wT/index.m3u8');

	-- Movie: Già Thiên
	INSERT INTO movies (movie_id, title, description, release_date, poster_url, thumb_url, status)
	VALUES (85, 'Già Thiên', 'Ở tận cùng vũ trụ, nơi vô cùng lạnh lẽo và tối tăm, chín xác rồng khổng lồ kéo một cỗ quan tài bằng đồng cổ kính, tồn tại suốt từ thời xa xưa. Đây là hình ảnh cực sốc mà tàu thám hiểm không gian đã thấy được trong vũ trụ hiu quạnh. Chín con rồng kéo quan tài, rốt cuộc là trở về thời cổ đại hay đã đến bên kia bầu trời đầy sao? Một thế giới tiên hiệp rộng lớn, kỳ dị và đầy bí ẩn. Nhiệt huyết sục sôi như núi lửa phun trào, đam mê cuồn cuộn như biển cả, ham muốn vô tận như vực thẳm... Đường lên trời, rộn tiếng ca vang.', '2023', 'https://phimimg.com/upload/vod/20240411-1/0a4084fdfad19ecab9f1f53d629bf422.jpg', 'https://phimimg.com/upload/vod/20240411-1/bbf5847cc8ae2ce6528d5b51ef6f877a.jpg', 'showing');
	UPDATE movies SET country='Trung Quốc', language='Vietsub', trailer_url='https://www.youtube.com/watch?v=qzwhD9umKqw' WHERE movie_id=85;
	INSERT IGNORE INTO genres (name) VALUES ('Võ Thuật');
	INSERT INTO movie_genres (movie_id, genre_id)
	  SELECT 85, genre_id FROM genres WHERE name='Võ Thuật' LIMIT 1;
	INSERT IGNORE INTO genres (name) VALUES ('Viễn Tưởng');
	INSERT INTO movie_genres (movie_id, genre_id)
	  SELECT 85, genre_id FROM genres WHERE name='Viễn Tưởng' LIMIT 1;
	INSERT IGNORE INTO genres (name) VALUES ('Thần Thoại');
	INSERT INTO movie_genres (movie_id, genre_id)
	  SELECT 85, genre_id FROM genres WHERE name='Thần Thoại' LIMIT 1;
	INSERT IGNORE INTO genres (name) VALUES ('Cổ Trang');
	INSERT INTO movie_genres (movie_id, genre_id)
	  SELECT 85, genre_id FROM genres WHERE name='Cổ Trang' LIMIT 1;
	INSERT IGNORE INTO actors (name) VALUES ('Đang cập nhật');
	INSERT INTO movie_actors (movie_id, actor_id)
	  SELECT 85, actor_id FROM actors WHERE name='Đang cập nhật' LIMIT 1;
	INSERT IGNORE INTO directors (name) VALUES ('Đang cập nhật');
	INSERT INTO movie_directors (movie_id, director_id)
	  SELECT 85, director_id FROM directors WHERE name='Đang cập nhật' LIMIT 1;
	INSERT INTO episodes (movie_id, name, video_url)
	  VALUES (85, 'Tập 01', 'https://player.phimapi.com/player/?url=https://s3.phim1280.tv/20240411/n2i5u9Ux/index.m3u8');
	INSERT INTO episodes (movie_id, name, video_url)
	  VALUES (85, 'Tập 02', 'https://player.phimapi.com/player/?url=https://s3.phim1280.tv/20240411/QR9inWeS/index.m3u8');
	INSERT INTO episodes (movie_id, name, video_url)
	  VALUES (85, 'Tập 03', 'https://player.phimapi.com/player/?url=https://s3.phim1280.tv/20240411/1G9HOSgg/index.m3u8');
	INSERT INTO episodes (movie_id, name, video_url)
	  VALUES (85, 'Tập 04', 'https://player.phimapi.com/player/?url=https://s3.phim1280.tv/20240411/nLr8rAmD/index.m3u8');
	INSERT INTO episodes (movie_id, name, video_url)
	  VALUES (85, 'Tập 05', 'https://player.phimapi.com/player/?url=https://s3.phim1280.tv/20240411/qYVFjEDP/index.m3u8');
	INSERT INTO episodes (movie_id, name, video_url)
	  VALUES (85, 'Tập 06', 'https://player.phimapi.com/player/?url=https://s3.phim1280.tv/20240411/rZWvyJEx/index.m3u8');
	INSERT INTO episodes (movie_id, name, video_url)
	  VALUES (85, 'Tập 07', 'https://player.phimapi.com/player/?url=https://s3.phim1280.tv/20240411/IyMDf8n1/index.m3u8');
	INSERT INTO episodes (movie_id, name, video_url)
	  VALUES (85, 'Tập 08', 'https://player.phimapi.com/player/?url=https://s3.phim1280.tv/20240411/JULm5v0y/index.m3u8');
	INSERT INTO episodes (movie_id, name, video_url)
	  VALUES (85, 'Tập 09', 'https://player.phimapi.com/player/?url=https://s3.phim1280.tv/20240411/K0I5KuMx/index.m3u8');
	INSERT INTO episodes (movie_id, name, video_url)
	  VALUES (85, 'Tập 10', 'https://player.phimapi.com/player/?url=https://s3.phim1280.tv/20240411/wVaQBTy4/index.m3u8');
	INSERT INTO episodes (movie_id, name, video_url)
	  VALUES (85, 'Tập 11', 'https://player.phimapi.com/player/?url=https://s3.phim1280.tv/20240411/uJEtOMHQ/index.m3u8');
	INSERT INTO episodes (movie_id, name, video_url)
	  VALUES (85, 'Tập 12', 'https://player.phimapi.com/player/?url=https://s3.phim1280.tv/20240411/sTSl3ks1/index.m3u8');
	INSERT INTO episodes (movie_id, name, video_url)
	  VALUES (85, 'Tập 13', 'https://player.phimapi.com/player/?url=https://s3.phim1280.tv/20240411/PD8qYqec/index.m3u8');
	INSERT INTO episodes (movie_id, name, video_url)
	  VALUES (85, 'Tập 14', 'https://player.phimapi.com/player/?url=https://s3.phim1280.tv/20240411/6889CgQB/index.m3u8');
	INSERT INTO episodes (movie_id, name, video_url)
	  VALUES (85, 'Tập 15', 'https://player.phimapi.com/player/?url=https://s3.phim1280.tv/20240411/4hZXhTDh/index.m3u8');
	INSERT INTO episodes (movie_id, name, video_url)
	  VALUES (85, 'Tập 16', 'https://player.phimapi.com/player/?url=https://s3.phim1280.tv/20240411/stWPaYoB/index.m3u8');
	INSERT INTO episodes (movie_id, name, video_url)
	  VALUES (85, 'Tập 17', 'https://player.phimapi.com/player/?url=https://s3.phim1280.tv/20240411/u9KRKkSl/index.m3u8');
	INSERT INTO episodes (movie_id, name, video_url)
	  VALUES (85, 'Tập 18', 'https://player.phimapi.com/player/?url=https://s3.phim1280.tv/20240411/woZlH1hZ/index.m3u8');
	INSERT INTO episodes (movie_id, name, video_url)
	  VALUES (85, 'Tập 19', 'https://player.phimapi.com/player/?url=https://s3.phim1280.tv/20240411/T2BKNAaN/index.m3u8');
	INSERT INTO episodes (movie_id, name, video_url)
	  VALUES (85, 'Tập 20', 'https://player.phimapi.com/player/?url=https://s3.phim1280.tv/20240411/4LHqNL1c/index.m3u8');
	INSERT INTO episodes (movie_id, name, video_url)
	  VALUES (85, 'Tập 21', 'https://player.phimapi.com/player/?url=https://s3.phim1280.tv/20240411/X1Lkdwle/index.m3u8');
	INSERT INTO episodes (movie_id, name, video_url)
	  VALUES (85, 'Tập 22', 'https://player.phimapi.com/player/?url=https://s3.phim1280.tv/20240411/YBVjmnUo/index.m3u8');
	INSERT INTO episodes (movie_id, name, video_url)
	  VALUES (85, 'Tập 23', 'https://player.phimapi.com/player/?url=https://s3.phim1280.tv/20240411/qyFHnPfs/index.m3u8');
	INSERT INTO episodes (movie_id, name, video_url)
	  VALUES (85, 'Tập 24', 'https://player.phimapi.com/player/?url=https://s3.phim1280.tv/20240411/C1PcgEhY/index.m3u8');
	INSERT INTO episodes (movie_id, name, video_url)
	  VALUES (85, 'Tập 25', 'https://player.phimapi.com/player/?url=https://s3.phim1280.tv/20240411/qSmIVzeK/index.m3u8');
	INSERT INTO episodes (movie_id, name, video_url)
	  VALUES (85, 'Tập 26', 'https://player.phimapi.com/player/?url=https://s3.phim1280.tv/20240411/jkoqogHZ/index.m3u8');
	INSERT INTO episodes (movie_id, name, video_url)
	  VALUES (85, 'Tập 27', 'https://player.phimapi.com/player/?url=https://s3.phim1280.tv/20240411/8ump6pA4/index.m3u8');
	INSERT INTO episodes (movie_id, name, video_url)
	  VALUES (85, 'Tập 28', 'https://player.phimapi.com/player/?url=https://s3.phim1280.tv/20240411/m1WugdEJ/index.m3u8');
	INSERT INTO episodes (movie_id, name, video_url)
	  VALUES (85, 'Tập 29', 'https://player.phimapi.com/player/?url=https://s3.phim1280.tv/20240411/NPwLc0sz/index.m3u8');
	INSERT INTO episodes (movie_id, name, video_url)
	  VALUES (85, 'Tập 30', 'https://player.phimapi.com/player/?url=https://s3.phim1280.tv/20240411/CrCnm7qm/index.m3u8');
	INSERT INTO episodes (movie_id, name, video_url)
	  VALUES (85, 'Tập 31', 'https://player.phimapi.com/player/?url=https://s3.phim1280.tv/20240411/lGovAjCK/index.m3u8');
	INSERT INTO episodes (movie_id, name, video_url)
	  VALUES (85, 'Tập 32', 'https://player.phimapi.com/player/?url=https://s3.phim1280.tv/20240411/nEl2LhXm/index.m3u8');
	INSERT INTO episodes (movie_id, name, video_url)
	  VALUES (85, 'Tập 33', 'https://player.phimapi.com/player/?url=https://s3.phim1280.tv/20240411/2VD9xNwe/index.m3u8');
	INSERT INTO episodes (movie_id, name, video_url)
	  VALUES (85, 'Tập 34', 'https://player.phimapi.com/player/?url=https://s3.phim1280.tv/20240411/QLRD4mJj/index.m3u8');
	INSERT INTO episodes (movie_id, name, video_url)
	  VALUES (85, 'Tập 35', 'https://player.phimapi.com/player/?url=https://s3.phim1280.tv/20240411/8r02K0JH/index.m3u8');
	INSERT INTO episodes (movie_id, name, video_url)
	  VALUES (85, 'Tập 36', 'https://player.phimapi.com/player/?url=https://s3.phim1280.tv/20240411/YLpyL4Ds/index.m3u8');
	INSERT INTO episodes (movie_id, name, video_url)
	  VALUES (85, 'Tập 37', 'https://player.phimapi.com/player/?url=https://s3.phim1280.tv/20240411/ZsQoVC2x/index.m3u8');
	INSERT INTO episodes (movie_id, name, video_url)
	  VALUES (85, 'Tập 38', 'https://player.phimapi.com/player/?url=https://s3.phim1280.tv/20240411/sFKghAww/index.m3u8');
	INSERT INTO episodes (movie_id, name, video_url)
	  VALUES (85, 'Tập 39', 'https://player.phimapi.com/player/?url=https://s3.phim1280.tv/20240411/vAhoqvlc/index.m3u8');
	INSERT INTO episodes (movie_id, name, video_url)
	  VALUES (85, 'Tập 40', 'https://player.phimapi.com/player/?url=https://s3.phim1280.tv/20240411/AjFhp9H0/index.m3u8');
	INSERT INTO episodes (movie_id, name, video_url)
	  VALUES (85, 'Tập 41', 'https://player.phimapi.com/player/?url=https://s3.phim1280.tv/20240411/yDigVps9/index.m3u8');
	INSERT INTO episodes (movie_id, name, video_url)
	  VALUES (85, 'Tập 42', 'https://player.phimapi.com/player/?url=https://s3.phim1280.tv/20240411/MAvEwBlk/index.m3u8');
	INSERT INTO episodes (movie_id, name, video_url)
	  VALUES (85, 'Tập 43', 'https://player.phimapi.com/player/?url=https://s3.phim1280.tv/20240411/imoKzFLp/index.m3u8');
	INSERT INTO episodes (movie_id, name, video_url)
	  VALUES (85, 'Tập 44', 'https://player.phimapi.com/player/?url=https://s3.phim1280.tv/20240411/Cfv5m2d8/index.m3u8');
	INSERT INTO episodes (movie_id, name, video_url)
	  VALUES (85, 'Tập 45', 'https://player.phimapi.com/player/?url=https://s3.phim1280.tv/20240411/yI4f3O0m/index.m3u8');
	INSERT INTO episodes (movie_id, name, video_url)
	  VALUES (85, 'Tập 46', 'https://player.phimapi.com/player/?url=https://s3.phim1280.tv/20240411/AfBwb9Hp/index.m3u8');
	INSERT INTO episodes (movie_id, name, video_url)
	  VALUES (85, 'Tập 47', 'https://player.phimapi.com/player/?url=https://s3.phim1280.tv/20240411/KhX8qDAb/index.m3u8');
	INSERT INTO episodes (movie_id, name, video_url)
	  VALUES (85, 'Tập 48', 'https://player.phimapi.com/player/?url=https://s3.phim1280.tv/20240411/ycBmhVOI/index.m3u8');
	INSERT INTO episodes (movie_id, name, video_url)
	  VALUES (85, 'Tập 49', 'https://player.phimapi.com/player/?url=https://s3.phim1280.tv/20240411/VV1Oeu08/index.m3u8');
	INSERT INTO episodes (movie_id, name, video_url)
	  VALUES (85, 'Tập 50', 'https://player.phimapi.com/player/?url=https://s3.phim1280.tv/20240411/ZM9EK3EG/index.m3u8');
	INSERT INTO episodes (movie_id, name, video_url)
	  VALUES (85, 'Tập 51', 'https://player.phimapi.com/player/?url=https://s3.phim1280.tv/20240411/sL2DBEcO/index.m3u8');
	INSERT INTO episodes (movie_id, name, video_url)
	  VALUES (85, 'Tập 52', 'https://player.phimapi.com/player/?url=https://s3.phim1280.tv/20240411/rcT2x8QB/index.m3u8');
	INSERT INTO episodes (movie_id, name, video_url)
	  VALUES (85, 'Tập 53', 'https://player.phimapi.com/player/?url=https://s3.phim1280.tv/20240418/X1HiJ5ll/index.m3u8');
	INSERT INTO episodes (movie_id, name, video_url)
	  VALUES (85, 'Tập 54', 'https://player.phimapi.com/player/?url=https://s3.phim1280.tv/20240502/p13DembS/index.m3u8');
	INSERT INTO episodes (movie_id, name, video_url)
	  VALUES (85, 'Tập 55', 'https://player.phimapi.com/player/?url=https://s3.phim1280.tv/20240502/NBGTaXI1/index.m3u8');
	INSERT INTO episodes (movie_id, name, video_url)
	  VALUES (85, 'Tập 56', 'https://player.phimapi.com/player/?url=https://s3.phim1280.tv/20240509/H8EDJR4j/index.m3u8');
	INSERT INTO episodes (movie_id, name, video_url)
	  VALUES (85, 'Tập 57', 'https://player.phimapi.com/player/?url=https://s3.phim1280.tv/20240516/Hsleb3uU/index.m3u8');
	INSERT INTO episodes (movie_id, name, video_url)
	  VALUES (85, 'Tập 58', 'https://player.phimapi.com/player/?url=https://s3.phim1280.tv/20240524/kdtpORC6/index.m3u8');
	INSERT INTO episodes (movie_id, name, video_url)
	  VALUES (85, 'Tập 59', 'https://player.phimapi.com/player/?url=https://s3.phim1280.tv/20240716/JPi8xeP2/index.m3u8');
	INSERT INTO episodes (movie_id, name, video_url)
	  VALUES (85, 'Tập 60', 'https://player.phimapi.com/player/?url=https://s3.phim1280.tv/20240716/ZW4mFYgU/index.m3u8');
	INSERT INTO episodes (movie_id, name, video_url)
	  VALUES (85, 'Tập 61', 'https://player.phimapi.com/player/?url=https://s3.phim1280.tv/20240716/YJoHkhKU/index.m3u8');
	INSERT INTO episodes (movie_id, name, video_url)
	  VALUES (85, 'Tập 62', 'https://player.phimapi.com/player/?url=https://s3.phim1280.tv/20240716/L9GMlelq/index.m3u8');
	INSERT INTO episodes (movie_id, name, video_url)
	  VALUES (85, 'Tập 63', 'https://player.phimapi.com/player/?url=https://s3.phim1280.tv/20240716/2WogcQMk/index.m3u8');
	INSERT INTO episodes (movie_id, name, video_url)
	  VALUES (85, 'Tập 64', 'https://player.phimapi.com/player/?url=https://s3.phim1280.tv/20240716/9uB8AzAo/index.m3u8');
	INSERT INTO episodes (movie_id, name, video_url)
	  VALUES (85, 'Tập 65', 'https://player.phimapi.com/player/?url=https://s3.phim1280.tv/20240716/t3y15HYZ/index.m3u8');
	INSERT INTO episodes (movie_id, name, video_url)
	  VALUES (85, 'Tập 66', 'https://player.phimapi.com/player/?url=https://s3.phim1280.tv/20240728/rrwp96zQ/index.m3u8');
	INSERT INTO episodes (movie_id, name, video_url)
	  VALUES (85, 'Tập 67', 'https://player.phimapi.com/player/?url=https://s3.phim1280.tv/20240728/ODuhKs8s/index.m3u8');
	INSERT INTO episodes (movie_id, name, video_url)
	  VALUES (85, 'Tập 68', 'https://player.phimapi.com/player/?url=https://s3.phim1280.tv/20240806/BcbjCO12/index.m3u8');
	INSERT INTO episodes (movie_id, name, video_url)
	  VALUES (85, 'Tập 69', 'https://player.phimapi.com/player/?url=https://s3.phim1280.tv/20240810/vN56XIpi/index.m3u8');
	INSERT INTO episodes (movie_id, name, video_url)
	  VALUES (85, 'Tập 70', 'https://player.phimapi.com/player/?url=https://s3.phim1280.tv/20240815/XyjbQANk/index.m3u8');
	INSERT INTO episodes (movie_id, name, video_url)
	  VALUES (85, 'Tập 71', 'https://player.phimapi.com/player/?url=https://s3.phim1280.tv/20240822/2yGTU3wM/index.m3u8');
	INSERT INTO episodes (movie_id, name, video_url)
	  VALUES (85, 'Tập 72', 'https://player.phimapi.com/player/?url=https://s3.phim1280.tv/20240830/i8cuwD8g/index.m3u8');
	INSERT INTO episodes (movie_id, name, video_url)
	  VALUES (85, 'Tập 73', 'https://player.phimapi.com/player/?url=https://s4.phim1280.tv/20240907/WWyXcT3q/index.m3u8');
	INSERT INTO episodes (movie_id, name, video_url)
	  VALUES (85, 'Tập 74', 'https://player.phimapi.com/player/?url=https://s4.phim1280.tv/20240915/yRZ9EVQb/index.m3u8');
	INSERT INTO episodes (movie_id, name, video_url)
	  VALUES (85, 'Tập 75', 'https://player.phimapi.com/player/?url=https://s5.phim1280.tv/20240918/1aKoCz6g/index.m3u8');
	INSERT INTO episodes (movie_id, name, video_url)
	  VALUES (85, 'Tập 76', 'https://player.phimapi.com/player/?url=https://s5.phim1280.tv/20240925/gbScHpsg/index.m3u8');
	INSERT INTO episodes (movie_id, name, video_url)
	  VALUES (85, 'Tập 77', 'https://player.phimapi.com/player/?url=https://s5.phim1280.tv/20241002/yEQ3UtkR/index.m3u8');
	INSERT INTO episodes (movie_id, name, video_url)
	  VALUES (85, 'Tập 78', 'https://player.phimapi.com/player/?url=https://s5.phim1280.tv/20241011/KkKs8gZo/index.m3u8');
	INSERT INTO episodes (movie_id, name, video_url)
	  VALUES (85, 'Tập 79', 'https://player.phimapi.com/player/?url=https://s4.phim1280.tv/20241017/UdwBZB0t/index.m3u8');
	INSERT INTO episodes (movie_id, name, video_url)
	  VALUES (85, 'Tập 80', 'https://player.phimapi.com/player/?url=https://s5.phim1280.tv/20241023/vGZs0pqN/index.m3u8');
	INSERT INTO episodes (movie_id, name, video_url)
	  VALUES (85, 'Tập 81', 'https://player.phimapi.com/player/?url=https://s5.phim1280.tv/20241030/nIfue3EP/index.m3u8');
	INSERT INTO episodes (movie_id, name, video_url)
	  VALUES (85, 'Tập 82', 'https://player.phimapi.com/player/?url=https://s5.phim1280.tv/20241107/nH9bXKdo/index.m3u8');
	INSERT INTO episodes (movie_id, name, video_url)
	  VALUES (85, 'Tập 83', 'https://player.phimapi.com/player/?url=https://s4.phim1280.tv/20241113/s2qxPkik/index.m3u8');
	INSERT INTO episodes (movie_id, name, video_url)
	  VALUES (85, 'Tập 84', 'https://player.phimapi.com/player/?url=https://s4.phim1280.tv/20241120/ETQ2QSST/index.m3u8');
	INSERT INTO episodes (movie_id, name, video_url)
	  VALUES (85, 'Tập 85', 'https://player.phimapi.com/player/?url=https://s4.phim1280.tv/20241128/z4mcyCUU/index.m3u8');
	INSERT INTO episodes (movie_id, name, video_url)
	  VALUES (85, 'Tập 86', 'https://player.phimapi.com/player/?url=https://s4.phim1280.tv/20241209/Cbny3CwM/index.m3u8');
	INSERT INTO episodes (movie_id, name, video_url)
	  VALUES (85, 'Tập 87', 'https://player.phimapi.com/player/?url=https://s4.phim1280.tv/20241212/yHfGU85N/index.m3u8');
	INSERT INTO episodes (movie_id, name, video_url)
	  VALUES (85, 'Tập 88', 'https://player.phimapi.com/player/?url=https://s5.phim1280.tv/20241225/PpqVBNG0/index.m3u8');
	INSERT INTO episodes (movie_id, name, video_url)
	  VALUES (85, 'Tập 89', 'https://player.phimapi.com/player/?url=https://s5.phim1280.tv/20241225/bK8OVMkP/index.m3u8');
	INSERT INTO episodes (movie_id, name, video_url)
	  VALUES (85, 'Tập 90', 'https://player.phimapi.com/player/?url=https://s4.phim1280.tv/20250102/l5KmEnEb/index.m3u8');
	INSERT INTO episodes (movie_id, name, video_url)
	  VALUES (85, 'Tập 91', 'https://player.phimapi.com/player/?url=https://s5.phim1280.tv/20250109/0T07nBE1/index.m3u8');
	INSERT INTO episodes (movie_id, name, video_url)
	  VALUES (85, 'Tập 92', 'https://player.phimapi.com/player/?url=https://s4.phim1280.tv/20250115/m9vn64qU/index.m3u8');
	INSERT INTO episodes (movie_id, name, video_url)
	  VALUES (85, 'Tập 93', 'https://player.phimapi.com/player/?url=https://s5.phim1280.tv/20250122/byuJVovh/index.m3u8');
	INSERT INTO episodes (movie_id, name, video_url)
	  VALUES (85, 'Tập 94', 'https://player.phimapi.com/player/?url=https://s4.phim1280.tv/20250130/gDYMCJIz/index.m3u8');
	INSERT INTO episodes (movie_id, name, video_url)
	  VALUES (85, 'Tập 95', 'https://player.phimapi.com/player/?url=https://s4.phim1280.tv/20250213/YkC12LaV/index.m3u8');
	INSERT INTO episodes (movie_id, name, video_url)
	  VALUES (85, 'Tập 96', 'https://player.phimapi.com/player/?url=https://s4.phim1280.tv/20250213/9ZodvkPN/index.m3u8');
	INSERT INTO episodes (movie_id, name, video_url)
	  VALUES (85, 'Tập 97', 'https://player.phimapi.com/player/?url=https://s4.phim1280.tv/20250220/Ozxh3egV/index.m3u8');
	INSERT INTO episodes (movie_id, name, video_url)
	  VALUES (85, 'Tập 98', 'https://player.phimapi.com/player/?url=https://s4.phim1280.tv/20250226/RhFqVGY2/index.m3u8');
	INSERT INTO episodes (movie_id, name, video_url)
	  VALUES (85, 'Tập 99', 'https://player.phimapi.com/player/?url=https://s4.phim1280.tv/20250307/bK4siw3d/index.m3u8');
	INSERT INTO episodes (movie_id, name, video_url)
	  VALUES (85, 'Tập 100', 'https://player.phimapi.com/player/?url=https://s5.phim1280.tv/20250322/7lTS5hRO/index.m3u8');
	INSERT INTO episodes (movie_id, name, video_url)
	  VALUES (85, 'Tập 101', 'https://player.phimapi.com/player/?url=https://s5.phim1280.tv/20250322/DObyUsHd/index.m3u8');
	INSERT INTO episodes (movie_id, name, video_url)
	  VALUES (85, 'Tập 102', 'https://player.phimapi.com/player/?url=https://s4.phim1280.tv/20250326/syORrK8S/index.m3u8');
	INSERT INTO episodes (movie_id, name, video_url)
	  VALUES (85, 'Tập 103', 'https://player.phimapi.com/player/?url=https://s5.phim1280.tv/20250402/ixykov44/index.m3u8');
	INSERT INTO episodes (movie_id, name, video_url)
	  VALUES (85, 'Tập 104', 'https://player.phimapi.com/player/?url=https://s4.phim1280.tv/20250409/U4EoLxmE/index.m3u8');
	INSERT INTO episodes (movie_id, name, video_url)
	  VALUES (85, 'Tập 105', 'https://player.phimapi.com/player/?url=https://s4.phim1280.tv/20250416/1oj0nuuC/index.m3u8');
	INSERT INTO episodes (movie_id, name, video_url)
	  VALUES (85, 'Tập 106', 'https://player.phimapi.com/player/?url=https://s4.phim1280.tv/20250423/XIYlp7SI/index.m3u8');
	INSERT INTO episodes (movie_id, name, video_url)
	  VALUES (85, 'Tập 107', 'https://player.phimapi.com/player/?url=https://s5.phim1280.tv/20250429/WMuZER7o/index.m3u8');
	INSERT INTO episodes (movie_id, name, video_url)
	  VALUES (85, 'Tập 108', 'https://player.phimapi.com/player/?url=https://s4.phim1280.tv/20250507/eju5CbnM/index.m3u8');
	INSERT INTO episodes (movie_id, name, video_url)
	  VALUES (85, 'Tập 109', 'https://player.phimapi.com/player/?url=https://s5.phim1280.tv/20250514/Kso2Yzj1/index.m3u8');
	INSERT INTO episodes (movie_id, name, video_url)
	  VALUES (85, 'Tập 110', 'https://player.phimapi.com/player/?url=https://s4.phim1280.tv/20250520/QDnFIc3k/index.m3u8');
	INSERT INTO episodes (movie_id, name, video_url)
	  VALUES (85, 'Tập 111', 'https://player.phimapi.com/player/?url=https://s6.kkphimplayer6.com/20250528/AwFgj9yq/index.m3u8');
	INSERT INTO episodes (movie_id, name, video_url)
	  VALUES (85, 'Tập 112', 'https://player.phimapi.com/player/?url=https://s6.kkphimplayer6.com/20250604/gZiqONZ1/index.m3u8');
	INSERT INTO episodes (movie_id, name, video_url)
	  VALUES (85, 'Tập 113', 'https://player.phimapi.com/player/?url=https://s6.kkphimplayer6.com/20250611/DVnegsof/index.m3u8');
	INSERT INTO episodes (movie_id, name, video_url)
	  VALUES (85, 'Tập 114', 'https://player.phimapi.com/player/?url=https://s6.kkphimplayer6.com/20250618/fme1d9Ge/index.m3u8');
	INSERT INTO episodes (movie_id, name, video_url)
	  VALUES (85, 'Tập 115', 'https://player.phimapi.com/player/?url=https://s6.kkphimplayer6.com/20250625/SyBAjBMa/index.m3u8');
	INSERT INTO episodes (movie_id, name, video_url)
	  VALUES (85, 'Tập 116', 'https://player.phimapi.com/player/?url=https://s6.kkphimplayer6.com/20250702/6s1cRMAu/index.m3u8');
	INSERT INTO episodes (movie_id, name, video_url)
	  VALUES (85, 'Tập 117', 'https://player.phimapi.com/player/?url=https://s6.kkphimplayer6.com/20250709/AdrjJeCh/index.m3u8');
	INSERT INTO episodes (movie_id, name, video_url)
	  VALUES (85, 'Tập 118', 'https://player.phimapi.com/player/?url=https://s6.kkphimplayer6.com/20250716/PSLNbXRv/index.m3u8');
	INSERT INTO episodes (movie_id, name, video_url)
	  VALUES (85, 'Tập 119', 'https://player.phimapi.com/player/?url=https://s6.kkphimplayer6.com/20250723/m6tK5BYH/index.m3u8');
	INSERT INTO episodes (movie_id, name, video_url)
	  VALUES (85, 'Tập 120', 'https://player.phimapi.com/player/?url=https://s6.kkphimplayer6.com/20250730/p3G1INHM/index.m3u8');
	INSERT INTO episodes (movie_id, name, video_url)
	  VALUES (85, 'Tập 121', 'https://player.phimapi.com/player/?url=https://s6.kkphimplayer6.com/20250807/r5qXCR1o/index.m3u8');
	INSERT INTO episodes (movie_id, name, video_url)
	  VALUES (85, 'Tập 122', 'https://player.phimapi.com/player/?url=https://s6.kkphimplayer6.com/20250813/ICw22HPI/index.m3u8');
	INSERT INTO episodes (movie_id, name, video_url)
	  VALUES (85, 'Tập 123', 'https://player.phimapi.com/player/?url=https://s6.kkphimplayer6.com/20250822/0fBpIJ5C/index.m3u8');
	INSERT INTO episodes (movie_id, name, video_url)
	  VALUES (85, 'Tập 124', 'https://player.phimapi.com/player/?url=https://s6.kkphimplayer6.com/20250829/s36MtbDx/index.m3u8');
	INSERT INTO episodes (movie_id, name, video_url)
	  VALUES (85, 'Tập 125', 'https://player.phimapi.com/player/?url=https://s6.kkphimplayer6.com/20250903/QHDyYdJM/index.m3u8');
	INSERT INTO episodes (movie_id, name, video_url)
	  VALUES (85, 'Tập 126', 'https://player.phimapi.com/player/?url=https://s6.kkphimplayer6.com/20250910/lzZXBjHd/index.m3u8');
	INSERT INTO episodes (movie_id, name, video_url)
	  VALUES (85, 'Tập 127', 'https://player.phimapi.com/player/?url=https://s6.kkphimplayer6.com/20250918/zulfP2lT/index.m3u8');
	INSERT INTO episodes (movie_id, name, video_url)
	  VALUES (85, 'Tập 128', 'https://player.phimapi.com/player/?url=https://s6.kkphimplayer6.com/20250924/sSif9Knl/index.m3u8');

	-- Movie: Tuyệt Thế Thần Hoàng
	INSERT INTO movies (movie_id, title, description, release_date, poster_url, thumb_url, status)
	VALUES (86, 'Tuyệt Thế Thần Hoàng', 'Tuyệt Thế Thần Hoàng, một câu chuyện về cậu thiếu niên gồng gánh những trọng trách và hy vọng lớn lao của gia tộc trên đôi vai gầy gò của mình. Từng là một vị Đại Đế oai phong lẫm liệt ở kiếm trước, chỉ khinh địch và bị kẻ gian gài bẫy để rồi phải trọng sinh vào một cậu bé có tên Cảnh Vân Tiêu của Cảnh gia, giờ đây hành trình vươn lên và bảo vệ gia tộc là một điều vô cùng khó khăn, bởi lẽ những kẻ thù đến từ phủ Chiến Thần và đám sát thủ được thuê là Ám Vũ Điện vẫn không chịu buông tha cho cậu và cả Cảnh gia. Gia Gia của cậu là Cảnh Ngự Phong lại bị thương nặng trong một lần chiến đấu, nên cậu buộc phải đi tìm thuốc để cứu chữa cho ông và những người khác nữa. Sẵn có kỹ ức của vị Đại Đế của kiếp trước, Cảnh Vân Tiêu sớm lĩnh ngộ được võ công và không khó để dần trở thành một thanh niên võ nghệ cao cường, chinh phục luôn cả cô nàng xinh đẹp Mục Thi Thi.', '2025', 'https://phimimg.com/upload/vod/20250921-1/6af42581e2589833f2c55ab0f4b1fe36.jpg', 'https://phimimg.com/upload/vod/20250921-1/6dd37653bfa37b486e723edb43b6995a.jpg', 'showing');
	UPDATE movies SET country='Trung Quốc', language='Vietsub + Thuyết Minh', trailer_url=NULL WHERE movie_id=86;
	INSERT IGNORE INTO genres (name) VALUES ('Chính Kịch');
	INSERT INTO movie_genres (movie_id, genre_id)
	  SELECT 86, genre_id FROM genres WHERE name='Chính Kịch' LIMIT 1;
	INSERT IGNORE INTO genres (name) VALUES ('Tâm Lý');
	INSERT INTO movie_genres (movie_id, genre_id)
	  SELECT 86, genre_id FROM genres WHERE name='Tâm Lý' LIMIT 1;
	INSERT IGNORE INTO actors (name) VALUES ('Đang cập nhật');
	INSERT INTO movie_actors (movie_id, actor_id)
	  SELECT 86, actor_id FROM actors WHERE name='Đang cập nhật' LIMIT 1;
	INSERT IGNORE INTO directors (name) VALUES ('Đang cập nhật');
	INSERT INTO movie_directors (movie_id, director_id)
	  SELECT 86, director_id FROM directors WHERE name='Đang cập nhật' LIMIT 1;
	INSERT INTO episodes (movie_id, name, video_url)
	  VALUES (86, 'Tập 1', 'https://player.phimapi.com/player/?url=https://s6.kkphimplayer6.com/20250920/BgquPVMY/index.m3u8');
	INSERT INTO episodes (movie_id, name, video_url)
	  VALUES (86, 'Tập 2', 'https://player.phimapi.com/player/?url=https://s6.kkphimplayer6.com/20250920/k1f4HNE2/index.m3u8');
	INSERT INTO episodes (movie_id, name, video_url)
	  VALUES (86, 'Tập 3', 'https://player.phimapi.com/player/?url=https://s6.kkphimplayer6.com/20250920/OCaFYS4W/index.m3u8');
	INSERT INTO episodes (movie_id, name, video_url)
	  VALUES (86, 'Tập 4', 'https://player.phimapi.com/player/?url=https://s6.kkphimplayer6.com/20250920/xbB9sRow/index.m3u8');
	INSERT INTO episodes (movie_id, name, video_url)
	  VALUES (86, 'Tập 5', 'https://player.phimapi.com/player/?url=https://s6.kkphimplayer6.com/20250920/ewDUcfo9/index.m3u8');
	INSERT INTO episodes (movie_id, name, video_url)
	  VALUES (86, 'Tập 6', 'https://player.phimapi.com/player/?url=https://s6.kkphimplayer6.com/20250920/IZO2u7jd/index.m3u8');
	INSERT INTO episodes (movie_id, name, video_url)
	  VALUES (86, 'Tập 7', 'https://player.phimapi.com/player/?url=https://s6.kkphimplayer6.com/20250920/Cy0AlpVy/index.m3u8');
	INSERT INTO episodes (movie_id, name, video_url)
	  VALUES (86, 'Tập 8', 'https://player.phimapi.com/player/?url=https://s6.kkphimplayer6.com/20250924/ehfUOM48/index.m3u8');
	INSERT INTO episodes (movie_id, name, video_url)
	  VALUES (86, 'Tập 1', 'https://player.phimapi.com/player/?url=https://s6.kkphimplayer6.com/20250920/ediWVa0r/index.m3u8');
	INSERT INTO episodes (movie_id, name, video_url)
	  VALUES (86, 'Tập 2', 'https://player.phimapi.com/player/?url=https://s6.kkphimplayer6.com/20250920/hWuTXItx/index.m3u8');
	INSERT INTO episodes (movie_id, name, video_url)
	  VALUES (86, 'Tập 3', 'https://player.phimapi.com/player/?url=https://s6.kkphimplayer6.com/20250920/wkCqrZzs/index.m3u8');
	INSERT INTO episodes (movie_id, name, video_url)
	  VALUES (86, 'Tập 4', 'https://player.phimapi.com/player/?url=https://s6.kkphimplayer6.com/20250920/JTkARXCT/index.m3u8');
	INSERT INTO episodes (movie_id, name, video_url)
	  VALUES (86, 'Tập 5', 'https://player.phimapi.com/player/?url=https://s6.kkphimplayer6.com/20250920/6rrO8LqY/index.m3u8');
	INSERT INTO episodes (movie_id, name, video_url)
	  VALUES (86, 'Tập 6', 'https://player.phimapi.com/player/?url=https://s6.kkphimplayer6.com/20250920/5RZ76XlT/index.m3u8');
	INSERT INTO episodes (movie_id, name, video_url)
	  VALUES (86, 'Tập 7', 'https://player.phimapi.com/player/?url=https://s6.kkphimplayer6.com/20250920/1IdCW140/index.m3u8');
	INSERT INTO episodes (movie_id, name, video_url)
	  VALUES (86, 'Tập 8', 'https://player.phimapi.com/player/?url=https://s6.kkphimplayer6.com/20250924/gg44PUxo/index.m3u8');

	-- Movie: Hãy Hẹn Hò với Bạn Tôi Đi
	INSERT INTO movies (movie_id, title, description, release_date, poster_url, thumb_url, status)
	VALUES (87, 'Hãy Hẹn Hò với Bạn Tôi Đi', 'Một chương trình hẹn hò “có một không hai” khi chính các ngôi sao vào vai mai mối, giới thiệu bạn bè thật của mình để tìm kiếm tình yêu. Hãy cùng chứng kiến những khoảnh khắc ngượng ngùng, những cú “thả thính” bất ngờ và những tín hiệu tình cảm lẫn lộn khiến cả người trong cuộc lẫn khán giả phải thót tim. Liệu bạn có hẹn hò với… bạn của tôi?', '2025', 'https://phimimg.com/upload/vod/20250815-1/f8e9fba9afc919da6ee160f9355eea59.jpg', 'https://phimimg.com/upload/vod/20250815-1/3876aaa3410d244e4825f61f6045f6ab.jpg', 'showing');
	UPDATE movies SET country='Hàn Quốc', language='Vietsub', trailer_url='https://www.youtube.com/watch?v=A43tULyn84U' WHERE movie_id=87;
	INSERT IGNORE INTO genres (name) VALUES ('Chính Kịch');
	INSERT INTO movie_genres (movie_id, genre_id)
	  SELECT 87, genre_id FROM genres WHERE name='Chính Kịch' LIMIT 1;
	INSERT IGNORE INTO genres (name) VALUES ('Tình Cảm');
	INSERT INTO movie_genres (movie_id, genre_id)
	  SELECT 87, genre_id FROM genres WHERE name='Tình Cảm' LIMIT 1;
	INSERT IGNORE INTO genres (name) VALUES ('Tâm Lý');
	INSERT INTO movie_genres (movie_id, genre_id)
	  SELECT 87, genre_id FROM genres WHERE name='Tâm Lý' LIMIT 1;
	INSERT IGNORE INTO actors (name) VALUES ('Jo Se-ho');
	INSERT INTO movie_actors (movie_id, actor_id)
	  SELECT 87, actor_id FROM actors WHERE name='Jo Se-ho' LIMIT 1;
	INSERT IGNORE INTO actors (name) VALUES ('Kang So-ra');
	INSERT INTO movie_actors (movie_id, actor_id)
	  SELECT 87, actor_id FROM actors WHERE name='Kang So-ra' LIMIT 1;
	INSERT IGNORE INTO actors (name) VALUES ('Kim Nam-hee');
	INSERT INTO movie_actors (movie_id, actor_id)
	  SELECT 87, actor_id FROM actors WHERE name='Kim Nam-hee' LIMIT 1;
	INSERT IGNORE INTO actors (name) VALUES ('Heo Young-ji');
	INSERT INTO movie_actors (movie_id, actor_id)
	  SELECT 87, actor_id FROM actors WHERE name='Heo Young-ji' LIMIT 1;
	INSERT IGNORE INTO actors (name) VALUES ('Lee Mi-joo');
	INSERT INTO movie_actors (movie_id, actor_id)
	  SELECT 87, actor_id FROM actors WHERE name='Lee Mi-joo' LIMIT 1;
	INSERT IGNORE INTO actors (name) VALUES ('Ji Ye-eun');
	INSERT INTO movie_actors (movie_id, actor_id)
	  SELECT 87, actor_id FROM actors WHERE name='Ji Ye-eun' LIMIT 1;
	INSERT IGNORE INTO actors (name) VALUES ('김영광');
	INSERT INTO movie_actors (movie_id, actor_id)
	  SELECT 87, actor_id FROM actors WHERE name='김영광' LIMIT 1;
	INSERT IGNORE INTO directors (name) VALUES ('Đang cập nhật');
	INSERT INTO movie_directors (movie_id, director_id)
	  SELECT 87, director_id FROM directors WHERE name='Đang cập nhật' LIMIT 1;
	INSERT INTO episodes (movie_id, name, video_url)
	  VALUES (87, 'Tập 1', 'https://player.phimapi.com/player/?url=https://s6.kkphimplayer6.com/20250815/q82yM89o/index.m3u8');
	INSERT INTO episodes (movie_id, name, video_url)
	  VALUES (87, 'Tập 2', 'https://player.phimapi.com/player/?url=https://s6.kkphimplayer6.com/20250815/0yVJrH2F/index.m3u8');
	INSERT INTO episodes (movie_id, name, video_url)
	  VALUES (87, 'Tập 3', 'https://player.phimapi.com/player/?url=https://s6.kkphimplayer6.com/20250830/x2GGM0gQ/index.m3u8');
	INSERT INTO episodes (movie_id, name, video_url)
	  VALUES (87, 'Tập 4', 'https://player.phimapi.com/player/?url=https://s6.kkphimplayer6.com/20250830/Y6osaKJC/index.m3u8');
	INSERT INTO episodes (movie_id, name, video_url)
	  VALUES (87, 'Tập 5', 'https://player.phimapi.com/player/?url=https://s6.kkphimplayer6.com/20250910/b79dthCR/index.m3u8');
	INSERT INTO episodes (movie_id, name, video_url)
	  VALUES (87, 'Tập 6', 'https://player.phimapi.com/player/?url=https://s6.kkphimplayer6.com/20250913/ZPihuL7p/index.m3u8');
	INSERT INTO episodes (movie_id, name, video_url)
	  VALUES (87, 'Tập 7', 'https://player.phimapi.com/player/?url=https://s6.kkphimplayer6.com/20250924/syyDYmV2/index.m3u8');

	-- Movie: Ngôi Sao Rắc Rối của Tôi
	INSERT INTO movies (movie_id, title, description, release_date, poster_url, thumb_url, status)
	VALUES (88, 'Ngôi Sao Rắc Rối của Tôi', 'Nếu một ngày bạn vô tình đánh mất 25 năm đời người, liệu bạn còn có thể nhận ra chính mình trong gương? Im Se Ra (Jang Da Ah thủ vai) là một ngôi sao đình đám, từng chạm đến đỉnh cao danh vọng. Thế nhưng, khi ánh hào quang vẫn đang rực rỡ, cô bất ngờ biến mất không dấu vết. Hai mươi lăm năm sau, Se Ra tỉnh dậy với một thân phận hoàn toàn xa lạ: một người phụ nữ trung niên mang tên Bong Cheong Ja (Uhm Jung Hwa thủ vai), không còn ký ức, không danh tiếng, thậm chí không còn biết mình là ai. Giữa một thế giới giải trí vốn khắc nghiệt với phụ nữ ngoài bốn mươi, cô không chỉ đối diện với nỗi sợ bị lãng quên mà còn phải học cách định nghĩa lại bản thân từ những mảnh vỡ của quá khứ.', '2025', 'https://phimimg.com/upload/vod/20250820-1/5fd72123615ee6b9c6f08e6327fc76ea.jpg', 'https://phimimg.com/upload/vod/20250820-1/28de650a8c7d3015fa5adedc2981aeaa.jpg', 'showing');
	UPDATE movies SET country='Hàn Quốc', language='Vietsub + Thuyết Minh', trailer_url='https://www.youtube.com/watch?v=k8KK2H5csY0' WHERE movie_id=88;
	INSERT IGNORE INTO genres (name) VALUES ('Hài Hước');
	INSERT INTO movie_genres (movie_id, genre_id)
	  SELECT 88, genre_id FROM genres WHERE name='Hài Hước' LIMIT 1;
	INSERT IGNORE INTO genres (name) VALUES ('Chính Kịch');
	INSERT INTO movie_genres (movie_id, genre_id)
	  SELECT 88, genre_id FROM genres WHERE name='Chính Kịch' LIMIT 1;
	INSERT IGNORE INTO genres (name) VALUES ('Tình Cảm');
	INSERT INTO movie_genres (movie_id, genre_id)
	  SELECT 88, genre_id FROM genres WHERE name='Tình Cảm' LIMIT 1;
	INSERT IGNORE INTO genres (name) VALUES ('Tâm Lý');
	INSERT INTO movie_genres (movie_id, genre_id)
	  SELECT 88, genre_id FROM genres WHERE name='Tâm Lý' LIMIT 1;
	INSERT IGNORE INTO actors (name) VALUES ('Uhm Jung-hwa');
	INSERT INTO movie_actors (movie_id, actor_id)
	  SELECT 88, actor_id FROM actors WHERE name='Uhm Jung-hwa' LIMIT 1;
	INSERT IGNORE INTO actors (name) VALUES ('Song Seung-heon');
	INSERT INTO movie_actors (movie_id, actor_id)
	  SELECT 88, actor_id FROM actors WHERE name='Song Seung-heon' LIMIT 1;
	INSERT IGNORE INTO actors (name) VALUES ('Lee El');
	INSERT INTO movie_actors (movie_id, actor_id)
	  SELECT 88, actor_id FROM actors WHERE name='Lee El' LIMIT 1;
	INSERT IGNORE INTO actors (name) VALUES ('Oh Dae-hwan');
	INSERT INTO movie_actors (movie_id, actor_id)
	  SELECT 88, actor_id FROM actors WHERE name='Oh Dae-hwan' LIMIT 1;
	INSERT IGNORE INTO actors (name) VALUES ('Jang Da-a');
	INSERT INTO movie_actors (movie_id, actor_id)
	  SELECT 88, actor_id FROM actors WHERE name='Jang Da-a' LIMIT 1;
	INSERT IGNORE INTO actors (name) VALUES ('Lee Min-jae');
	INSERT INTO movie_actors (movie_id, actor_id)
	  SELECT 88, actor_id FROM actors WHERE name='Lee Min-jae' LIMIT 1;
	INSERT IGNORE INTO actors (name) VALUES ('Cha Chung-hwa');
	INSERT INTO movie_actors (movie_id, actor_id)
	  SELECT 88, actor_id FROM actors WHERE name='Cha Chung-hwa' LIMIT 1;
	INSERT IGNORE INTO actors (name) VALUES ('Hyun Bong-sik');
	INSERT INTO movie_actors (movie_id, actor_id)
	  SELECT 88, actor_id FROM actors WHERE name='Hyun Bong-sik' LIMIT 1;
	INSERT IGNORE INTO directors (name) VALUES ('Choi Young-hoon');
	INSERT INTO movie_directors (movie_id, director_id)
	  SELECT 88, director_id FROM directors WHERE name='Choi Young-hoon' LIMIT 1;
	INSERT INTO episodes (movie_id, name, video_url)
	  VALUES (88, 'Tập 01', 'https://player.phimapi.com/player/?url=https://s6.kkphimplayer6.com/20250822/p3tMK7p1/index.m3u8');
	INSERT INTO episodes (movie_id, name, video_url)
	  VALUES (88, 'Tập 02', 'https://player.phimapi.com/player/?url=https://s6.kkphimplayer6.com/20250822/i2gFTqb4/index.m3u8');
	INSERT INTO episodes (movie_id, name, video_url)
	  VALUES (88, 'Tập 03', 'https://player.phimapi.com/player/?url=https://s6.kkphimplayer6.com/20250828/A69SYQcL/index.m3u8');
	INSERT INTO episodes (movie_id, name, video_url)
	  VALUES (88, 'Tập 04', 'https://player.phimapi.com/player/?url=https://s6.kkphimplayer6.com/20250828/LCCFeFcQ/index.m3u8');
	INSERT INTO episodes (movie_id, name, video_url)
	  VALUES (88, 'Tập 05', 'https://player.phimapi.com/player/?url=https://s6.kkphimplayer6.com/20250906/Aew5lPZw/index.m3u8');
	INSERT INTO episodes (movie_id, name, video_url)
	  VALUES (88, 'Tập 06', 'https://player.phimapi.com/player/?url=https://s6.kkphimplayer6.com/20250906/SdTIMkuX/index.m3u8');
	INSERT INTO episodes (movie_id, name, video_url)
	  VALUES (88, 'Tập 07', 'https://player.phimapi.com/player/?url=https://s6.kkphimplayer6.com/20250911/7V8yRq3x/index.m3u8');
	INSERT INTO episodes (movie_id, name, video_url)
	  VALUES (88, 'Tập 08', 'https://player.phimapi.com/player/?url=https://s6.kkphimplayer6.com/20250911/GI2WVx9Q/index.m3u8');
	INSERT INTO episodes (movie_id, name, video_url)
	  VALUES (88, 'Tập 09', 'https://player.phimapi.com/player/?url=https://s6.kkphimplayer6.com/20250916/PYVjeAYH/index.m3u8');
	INSERT INTO episodes (movie_id, name, video_url)
	  VALUES (88, 'Tập 10', 'https://player.phimapi.com/player/?url=https://s6.kkphimplayer6.com/20250918/appeJs4k/index.m3u8');
	INSERT INTO episodes (movie_id, name, video_url)
	  VALUES (88, 'Tập 11', 'https://player.phimapi.com/player/?url=https://s6.kkphimplayer6.com/20250923/fkVj7Y49/index.m3u8');
	INSERT INTO episodes (movie_id, name, video_url)
	  VALUES (88, 'Tập 12', 'https://player.phimapi.com/player/?url=https://s6.kkphimplayer6.com/20250924/yag2ZrIX/index.m3u8');
	INSERT INTO episodes (movie_id, name, video_url)
	  VALUES (88, 'Tập 01', 'https://player.phimapi.com/player/?url=https://s6.kkphimplayer6.com/20250826/UeBO9FQT/index.m3u8');
	INSERT INTO episodes (movie_id, name, video_url)
	  VALUES (88, 'Tập 02', 'https://player.phimapi.com/player/?url=https://s6.kkphimplayer6.com/20250826/l5zLd6N8/index.m3u8');
	INSERT INTO episodes (movie_id, name, video_url)
	  VALUES (88, 'Tập 03', 'https://player.phimapi.com/player/?url=https://s6.kkphimplayer6.com/20250916/ynb5Cb7C/index.m3u8');
	INSERT INTO episodes (movie_id, name, video_url)
	  VALUES (88, 'Tập 04', 'https://player.phimapi.com/player/?url=https://s6.kkphimplayer6.com/20250916/C0lG1vcr/index.m3u8');
	INSERT INTO episodes (movie_id, name, video_url)
	  VALUES (88, 'Tập 05', 'https://player.phimapi.com/player/?url=https://s6.kkphimplayer6.com/20250916/e8A0Z6Q9/index.m3u8');
	INSERT INTO episodes (movie_id, name, video_url)
	  VALUES (88, 'Tập 06', 'https://player.phimapi.com/player/?url=https://s6.kkphimplayer6.com/20250916/ld2nRqT2/index.m3u8');
	INSERT INTO episodes (movie_id, name, video_url)
	  VALUES (88, 'Tập 07', 'https://player.phimapi.com/player/?url=https://s6.kkphimplayer6.com/20250916/Y1Y2tRWA/index.m3u8');
	INSERT INTO episodes (movie_id, name, video_url)
	  VALUES (88, 'Tập 08', 'https://player.phimapi.com/player/?url=https://s6.kkphimplayer6.com/20250916/uWDUIE9d/index.m3u8');
	INSERT INTO episodes (movie_id, name, video_url)
	  VALUES (88, 'Tập 09', 'https://player.phimapi.com/player/?url=https://s6.kkphimplayer6.com/20250918/2Q76ZswN/index.m3u8');
	INSERT INTO episodes (movie_id, name, video_url)
	  VALUES (88, 'Tập 10', 'https://player.phimapi.com/player/?url=https://s6.kkphimplayer6.com/20250923/r2SAavHL/index.m3u8');

	-- Movie: Vân Thâm Bất Tri Mộng
	INSERT INTO movies (movie_id, title, description, release_date, poster_url, thumb_url, status)
	VALUES (89, 'Vân Thâm Bất Tri Mộng', 'Hôn lễ xa hoa của Vân Vọng Thư bỗng chốc hóa thành một thảm kịch, cả môn phái và gia tộc nàng đều bị tiêu diệt do một âm mưu đã được giăng sẵn. Nàng lết tấm thân rướm máu chạy trốn. Trên bờ vực sinh tử, nàng ký giao ước đổi tim với thế lực bí ẩn “La Dị Các”. 60 năm mai danh ẩn tích, thiếu nữ năm nào giờ hóa thành La Sát đẫm máu, mang danh &quot;Hi Hòa&quot;. Vân Vọng Thư thề sẽ dùng máu kẻ thù cúng tế cho oan hồn môn phái!', '2025', 'https://phimimg.com/upload/vod/20250705-1/d9b4c7bf7cd7c0314e86e8d0ea065519.jpg', 'https://phimimg.com/upload/vod/20250705-1/113abc54b469d91d1fc4f9e0dbeffed0.jpg', 'showing');
	UPDATE movies SET country='Trung Quốc', language='Vietsub + Thuyết Minh', trailer_url='https://www.youtube.com/watch?v=d7kd5ZeF4os' WHERE movie_id=89;
	INSERT IGNORE INTO genres (name) VALUES ('Chính Kịch');
	INSERT INTO movie_genres (movie_id, genre_id)
	  SELECT 89, genre_id FROM genres WHERE name='Chính Kịch' LIMIT 1;
	INSERT IGNORE INTO genres (name) VALUES ('Viễn Tưởng');
	INSERT INTO movie_genres (movie_id, genre_id)
	  SELECT 89, genre_id FROM genres WHERE name='Viễn Tưởng' LIMIT 1;
	INSERT IGNORE INTO genres (name) VALUES ('Phiêu Lưu');
	INSERT INTO movie_genres (movie_id, genre_id)
	  SELECT 89, genre_id FROM genres WHERE name='Phiêu Lưu' LIMIT 1;
	INSERT IGNORE INTO genres (name) VALUES ('Tâm Lý');
	INSERT INTO movie_genres (movie_id, genre_id)
	  SELECT 89, genre_id FROM genres WHERE name='Tâm Lý' LIMIT 1;
	INSERT IGNORE INTO actors (name) VALUES ('Đang cập nhật');
	INSERT INTO movie_actors (movie_id, actor_id)
	  SELECT 89, actor_id FROM actors WHERE name='Đang cập nhật' LIMIT 1;
	INSERT IGNORE INTO directors (name) VALUES ('Đang cập nhật');
	INSERT INTO movie_directors (movie_id, director_id)
	  SELECT 89, director_id FROM directors WHERE name='Đang cập nhật' LIMIT 1;
	INSERT INTO episodes (movie_id, name, video_url)
	  VALUES (89, 'Tập 01', 'https://player.phimapi.com/player/?url=https://s6.kkphimplayer6.com/20250721/CXKWnMBK/index.m3u8');
	INSERT INTO episodes (movie_id, name, video_url)
	  VALUES (89, 'Tập 02', 'https://player.phimapi.com/player/?url=https://s6.kkphimplayer6.com/20250721/ZCl7vc0l/index.m3u8');
	INSERT INTO episodes (movie_id, name, video_url)
	  VALUES (89, 'Tập 03', 'https://player.phimapi.com/player/?url=https://s6.kkphimplayer6.com/20250721/zwKs9sfD/index.m3u8');
	INSERT INTO episodes (movie_id, name, video_url)
	  VALUES (89, 'Tập 04', 'https://player.phimapi.com/player/?url=https://s6.kkphimplayer6.com/20250721/Sh1LMTJc/index.m3u8');
	INSERT INTO episodes (movie_id, name, video_url)
	  VALUES (89, 'Tập 05', 'https://player.phimapi.com/player/?url=https://s6.kkphimplayer6.com/20250728/PIdL9WmR/index.m3u8');
	INSERT INTO episodes (movie_id, name, video_url)
	  VALUES (89, 'Tập 06', 'https://player.phimapi.com/player/?url=https://s6.kkphimplayer6.com/20250817/tRTkwUbX/index.m3u8');
	INSERT INTO episodes (movie_id, name, video_url)
	  VALUES (89, 'Tập 07', 'https://player.phimapi.com/player/?url=https://s6.kkphimplayer6.com/20250817/8m1cCic9/index.m3u8');
	INSERT INTO episodes (movie_id, name, video_url)
	  VALUES (89, 'Tập 08', 'https://player.phimapi.com/player/?url=https://s6.kkphimplayer6.com/20250817/ShTUbZAy/index.m3u8');
	INSERT INTO episodes (movie_id, name, video_url)
	  VALUES (89, 'Tập 09', 'https://player.phimapi.com/player/?url=https://s6.kkphimplayer6.com/20250823/zhpOvh4X/index.m3u8');
	INSERT INTO episodes (movie_id, name, video_url)
	  VALUES (89, 'Tập 10', 'https://player.phimapi.com/player/?url=https://s6.kkphimplayer6.com/20250830/zBh4ZOs3/index.m3u8');
	INSERT INTO episodes (movie_id, name, video_url)
	  VALUES (89, 'Tập 11', 'https://player.phimapi.com/player/?url=https://s6.kkphimplayer6.com/20250906/JG60bcWG/index.m3u8');
	INSERT INTO episodes (movie_id, name, video_url)
	  VALUES (89, 'Tập 12', 'https://player.phimapi.com/player/?url=https://s6.kkphimplayer6.com/20250913/ifcF5eJZ/index.m3u8');
	INSERT INTO episodes (movie_id, name, video_url)
	  VALUES (89, 'Tập 13', 'https://player.phimapi.com/player/?url=https://s6.kkphimplayer6.com/20250920/WEvwKOaV/index.m3u8');
	INSERT INTO episodes (movie_id, name, video_url)
	  VALUES (89, 'Tập 01', 'https://player.phimapi.com/player/?url=https://s6.kkphimplayer6.com/20250721/pUS7GwdK/index.m3u8');
	INSERT INTO episodes (movie_id, name, video_url)
	  VALUES (89, 'Tập 02', 'https://player.phimapi.com/player/?url=https://s6.kkphimplayer6.com/20250721/NDRGgJ5c/index.m3u8');
	INSERT INTO episodes (movie_id, name, video_url)
	  VALUES (89, 'Tập 03', 'https://player.phimapi.com/player/?url=https://s6.kkphimplayer6.com/20250721/FANee5l0/index.m3u8');
	INSERT INTO episodes (movie_id, name, video_url)
	  VALUES (89, 'Tập 04', 'https://player.phimapi.com/player/?url=https://s6.kkphimplayer6.com/20250721/pQH6X9hv/index.m3u8');
	INSERT INTO episodes (movie_id, name, video_url)
	  VALUES (89, 'Tập 05', 'https://player.phimapi.com/player/?url=https://s6.kkphimplayer6.com/20250728/wx5RCny0/index.m3u8');
	INSERT INTO episodes (movie_id, name, video_url)
	  VALUES (89, 'Tập 06', 'https://player.phimapi.com/player/?url=https://s6.kkphimplayer6.com/20250817/jyiMmQT7/index.m3u8');
	INSERT INTO episodes (movie_id, name, video_url)
	  VALUES (89, 'Tập 07', 'https://player.phimapi.com/player/?url=https://s6.kkphimplayer6.com/20250817/4L2W6dHe/index.m3u8');
	INSERT INTO episodes (movie_id, name, video_url)
	  VALUES (89, 'Tập 08', 'https://player.phimapi.com/player/?url=https://s6.kkphimplayer6.com/20250817/RAbnoR6W/index.m3u8');
	INSERT INTO episodes (movie_id, name, video_url)
	  VALUES (89, 'Tập 09', 'https://player.phimapi.com/player/?url=https://s6.kkphimplayer6.com/20250823/2fHBpbk7/index.m3u8');
	INSERT INTO episodes (movie_id, name, video_url)
	  VALUES (89, 'Tập 10', 'https://player.phimapi.com/player/?url=https://s6.kkphimplayer6.com/20250830/X59l88Lt/index.m3u8');
	INSERT INTO episodes (movie_id, name, video_url)
	  VALUES (89, 'Tập 11', 'https://player.phimapi.com/player/?url=https://s6.kkphimplayer6.com/20250906/mGhuauu6/index.m3u8');
	INSERT INTO episodes (movie_id, name, video_url)
	  VALUES (89, 'Tập 12', 'https://player.phimapi.com/player/?url=https://s6.kkphimplayer6.com/20250913/NdDe0bxP/index.m3u8');
	INSERT INTO episodes (movie_id, name, video_url)
	  VALUES (89, 'Tập 13', 'https://player.phimapi.com/player/?url=https://s6.kkphimplayer6.com/20250923/loxCKIR8/index.m3u8');

	-- Movie: Tuyệt Thế Chiến Hồn
	INSERT INTO movies (movie_id, title, description, release_date, poster_url, thumb_url, status)
	VALUES (90, 'Tuyệt Thế Chiến Hồn', 'Đại lục Thương Lam là nơi nếu muốn thành võ giả thì bắt buộc phải thức tỉnh được võ hồn, từ đó kết nối với trời đất, hấp thụ linh khí, tiến hành tu luyện. Thiếu niên bình thường Tần Nam thức tỉnh được Chiến Thần Chi Hồn để không ngừng trở nên mạnh, để báo đáp ơn tri ngộ của Tiêu Khinh Tuyết, đã trải qua bao trắc trở, bị cuốn vào những cuộc tranh đấu khốc liệt, cuối cùng danh chấn Thương Lam, đứng trên vạn người.', '2024', 'https://phimimg.com/upload/vod/20250219-1/b880c627b5571d9afd22e58d056e772a.jpg', 'https://phimimg.com/upload/vod/20250219-1/b2facbf6cebbf66d0c728df0b75ad5b9.jpg', 'showing');
	UPDATE movies SET country='Trung Quốc', language='Vietsub', trailer_url=NULL WHERE movie_id=90;
	INSERT IGNORE INTO genres (name) VALUES ('Hành Động');
	INSERT INTO movie_genres (movie_id, genre_id)
	  SELECT 90, genre_id FROM genres WHERE name='Hành Động' LIMIT 1;
	INSERT IGNORE INTO genres (name) VALUES ('Chính Kịch');
	INSERT INTO movie_genres (movie_id, genre_id)
	  SELECT 90, genre_id FROM genres WHERE name='Chính Kịch' LIMIT 1;
	INSERT IGNORE INTO genres (name) VALUES ('Thần Thoại');
	INSERT INTO movie_genres (movie_id, genre_id)
	  SELECT 90, genre_id FROM genres WHERE name='Thần Thoại' LIMIT 1;
	INSERT IGNORE INTO actors (name) VALUES ('Đang cập nhật');
	INSERT INTO movie_actors (movie_id, actor_id)
	  SELECT 90, actor_id FROM actors WHERE name='Đang cập nhật' LIMIT 1;
	INSERT IGNORE INTO directors (name) VALUES ('Đang cập nhật');
	INSERT INTO movie_directors (movie_id, director_id)
	  SELECT 90, director_id FROM directors WHERE name='Đang cập nhật' LIMIT 1;
	INSERT INTO episodes (movie_id, name, video_url)
	  VALUES (90, 'Tập 01', 'https://player.phimapi.com/player/?url=https://s4.phim1280.tv/20250219/B8ksjxrG/index.m3u8');
	INSERT INTO episodes (movie_id, name, video_url)
	  VALUES (90, 'Tập 02', 'https://player.phimapi.com/player/?url=https://s4.phim1280.tv/20250219/xFNVVE42/index.m3u8');
	INSERT INTO episodes (movie_id, name, video_url)
	  VALUES (90, 'Tập 03', 'https://player.phimapi.com/player/?url=https://s4.phim1280.tv/20250219/DrCsM04k/index.m3u8');
	INSERT INTO episodes (movie_id, name, video_url)
	  VALUES (90, 'Tập 04', 'https://player.phimapi.com/player/?url=https://s4.phim1280.tv/20250219/HPALSQAn/index.m3u8');
	INSERT INTO episodes (movie_id, name, video_url)
	  VALUES (90, 'Tập 05', 'https://player.phimapi.com/player/?url=https://s4.phim1280.tv/20250219/L38ZMbPN/index.m3u8');
	INSERT INTO episodes (movie_id, name, video_url)
	  VALUES (90, 'Tập 06', 'https://player.phimapi.com/player/?url=https://s4.phim1280.tv/20250219/sXdvJVLS/index.m3u8');
	INSERT INTO episodes (movie_id, name, video_url)
	  VALUES (90, 'Tập 07', 'https://player.phimapi.com/player/?url=https://s4.phim1280.tv/20250219/suGOkz8Y/index.m3u8');
	INSERT INTO episodes (movie_id, name, video_url)
	  VALUES (90, 'Tập 08', 'https://player.phimapi.com/player/?url=https://s4.phim1280.tv/20250219/ltdM4P8G/index.m3u8');
	INSERT INTO episodes (movie_id, name, video_url)
	  VALUES (90, 'Tập 09', 'https://player.phimapi.com/player/?url=https://s4.phim1280.tv/20250219/F5K5S1fg/index.m3u8');
	INSERT INTO episodes (movie_id, name, video_url)
	  VALUES (90, 'Tập 10', 'https://player.phimapi.com/player/?url=https://s4.phim1280.tv/20250219/sha2rjid/index.m3u8');
	INSERT INTO episodes (movie_id, name, video_url)
	  VALUES (90, 'Tập 11', 'https://player.phimapi.com/player/?url=https://s4.phim1280.tv/20250219/oGkta1UJ/index.m3u8');
	INSERT INTO episodes (movie_id, name, video_url)
	  VALUES (90, 'Tập 12', 'https://player.phimapi.com/player/?url=https://s4.phim1280.tv/20250219/OIqtuMca/index.m3u8');
	INSERT INTO episodes (movie_id, name, video_url)
	  VALUES (90, 'Tập 13', 'https://player.phimapi.com/player/?url=https://s4.phim1280.tv/20250219/QXlKENcy/index.m3u8');
	INSERT INTO episodes (movie_id, name, video_url)
	  VALUES (90, 'Tập 14', 'https://player.phimapi.com/player/?url=https://s4.phim1280.tv/20250219/YZu4yECo/index.m3u8');
	INSERT INTO episodes (movie_id, name, video_url)
	  VALUES (90, 'Tập 15', 'https://player.phimapi.com/player/?url=https://s4.phim1280.tv/20250219/HlVTilHZ/index.m3u8');
	INSERT INTO episodes (movie_id, name, video_url)
	  VALUES (90, 'Tập 16', 'https://player.phimapi.com/player/?url=https://s4.phim1280.tv/20250219/zaSdOcOz/index.m3u8');
	INSERT INTO episodes (movie_id, name, video_url)
	  VALUES (90, 'Tập 17', 'https://player.phimapi.com/player/?url=https://s4.phim1280.tv/20250219/mW7CKNP3/index.m3u8');
	INSERT INTO episodes (movie_id, name, video_url)
	  VALUES (90, 'Tập 18', 'https://player.phimapi.com/player/?url=https://s4.phim1280.tv/20250219/U1y4syJR/index.m3u8');
	INSERT INTO episodes (movie_id, name, video_url)
	  VALUES (90, 'Tập 19', 'https://player.phimapi.com/player/?url=https://s4.phim1280.tv/20250219/yQqK2ieV/index.m3u8');
	INSERT INTO episodes (movie_id, name, video_url)
	  VALUES (90, 'Tập 20', 'https://player.phimapi.com/player/?url=https://s4.phim1280.tv/20250219/TRfxSRMA/index.m3u8');
	INSERT INTO episodes (movie_id, name, video_url)
	  VALUES (90, 'Tập 21', 'https://player.phimapi.com/player/?url=https://s4.phim1280.tv/20250219/49hcwopP/index.m3u8');
	INSERT INTO episodes (movie_id, name, video_url)
	  VALUES (90, 'Tập 22', 'https://player.phimapi.com/player/?url=https://s4.phim1280.tv/20250219/Ug8AqNVS/index.m3u8');
	INSERT INTO episodes (movie_id, name, video_url)
	  VALUES (90, 'Tập 23', 'https://player.phimapi.com/player/?url=https://s4.phim1280.tv/20250219/D1fKrSa7/index.m3u8');
	INSERT INTO episodes (movie_id, name, video_url)
	  VALUES (90, 'Tập 24', 'https://player.phimapi.com/player/?url=https://s4.phim1280.tv/20250219/0aeRVxyk/index.m3u8');
	INSERT INTO episodes (movie_id, name, video_url)
	  VALUES (90, 'Tập 25', 'https://player.phimapi.com/player/?url=https://s4.phim1280.tv/20250219/g4QIzNdt/index.m3u8');
	INSERT INTO episodes (movie_id, name, video_url)
	  VALUES (90, 'Tập 26', 'https://player.phimapi.com/player/?url=https://s4.phim1280.tv/20250219/7K5v3xlD/index.m3u8');
	INSERT INTO episodes (movie_id, name, video_url)
	  VALUES (90, 'Tập 27', 'https://player.phimapi.com/player/?url=https://s4.phim1280.tv/20250219/dfzPwBP5/index.m3u8');
	INSERT INTO episodes (movie_id, name, video_url)
	  VALUES (90, 'Tập 28', 'https://player.phimapi.com/player/?url=https://s4.phim1280.tv/20250219/5ZbGWBmC/index.m3u8');
	INSERT INTO episodes (movie_id, name, video_url)
	  VALUES (90, 'Tập 29', 'https://player.phimapi.com/player/?url=https://s4.phim1280.tv/20250219/iX880I1d/index.m3u8');
	INSERT INTO episodes (movie_id, name, video_url)
	  VALUES (90, 'Tập 30', 'https://player.phimapi.com/player/?url=https://s4.phim1280.tv/20250219/afDpl9W4/index.m3u8');
	INSERT INTO episodes (movie_id, name, video_url)
	  VALUES (90, 'Tập 31', 'https://player.phimapi.com/player/?url=https://s4.phim1280.tv/20250219/6tGRgLfK/index.m3u8');
	INSERT INTO episodes (movie_id, name, video_url)
	  VALUES (90, 'Tập 32', 'https://player.phimapi.com/player/?url=https://s4.phim1280.tv/20250219/Jrumxhzm/index.m3u8');
	INSERT INTO episodes (movie_id, name, video_url)
	  VALUES (90, 'Tập 33', 'https://player.phimapi.com/player/?url=https://s4.phim1280.tv/20250219/ErbzIsuk/index.m3u8');
	INSERT INTO episodes (movie_id, name, video_url)
	  VALUES (90, 'Tập 34', 'https://player.phimapi.com/player/?url=https://s4.phim1280.tv/20250219/fSZI8OFH/index.m3u8');
	INSERT INTO episodes (movie_id, name, video_url)
	  VALUES (90, 'Tập 35', 'https://player.phimapi.com/player/?url=https://s4.phim1280.tv/20250219/5ifeFf0r/index.m3u8');
	INSERT INTO episodes (movie_id, name, video_url)
	  VALUES (90, 'Tập 36', 'https://player.phimapi.com/player/?url=https://s4.phim1280.tv/20250219/jKMQD4jP/index.m3u8');
	INSERT INTO episodes (movie_id, name, video_url)
	  VALUES (90, 'Tập 37', 'https://player.phimapi.com/player/?url=https://s4.phim1280.tv/20250219/w2spNHOV/index.m3u8');
	INSERT INTO episodes (movie_id, name, video_url)
	  VALUES (90, 'Tập 38', 'https://player.phimapi.com/player/?url=https://s4.phim1280.tv/20250219/tQPLsDbc/index.m3u8');
	INSERT INTO episodes (movie_id, name, video_url)
	  VALUES (90, 'Tập 39', 'https://player.phimapi.com/player/?url=https://s4.phim1280.tv/20250219/uYvNU7H6/index.m3u8');
	INSERT INTO episodes (movie_id, name, video_url)
	  VALUES (90, 'Tập 40', 'https://player.phimapi.com/player/?url=https://s4.phim1280.tv/20250219/EwB0CPJd/index.m3u8');
	INSERT INTO episodes (movie_id, name, video_url)
	  VALUES (90, 'Tập 41', 'https://player.phimapi.com/player/?url=https://s4.phim1280.tv/20250219/6YB28sfb/index.m3u8');
	INSERT INTO episodes (movie_id, name, video_url)
	  VALUES (90, 'Tập 42', 'https://player.phimapi.com/player/?url=https://s4.phim1280.tv/20250219/KGXDuA84/index.m3u8');
	INSERT INTO episodes (movie_id, name, video_url)
	  VALUES (90, 'Tập 43', 'https://player.phimapi.com/player/?url=https://s4.phim1280.tv/20250219/q776sN9W/index.m3u8');
	INSERT INTO episodes (movie_id, name, video_url)
	  VALUES (90, 'Tập 44', 'https://player.phimapi.com/player/?url=https://s4.phim1280.tv/20250219/yGJDN0r6/index.m3u8');
	INSERT INTO episodes (movie_id, name, video_url)
	  VALUES (90, 'Tập 45', 'https://player.phimapi.com/player/?url=https://s4.phim1280.tv/20250219/gqTleMOP/index.m3u8');
	INSERT INTO episodes (movie_id, name, video_url)
	  VALUES (90, 'Tập 46', 'https://player.phimapi.com/player/?url=https://s4.phim1280.tv/20250219/maVDvieo/index.m3u8');
	INSERT INTO episodes (movie_id, name, video_url)
	  VALUES (90, 'Tập 47', 'https://player.phimapi.com/player/?url=https://s4.phim1280.tv/20250219/kVl2aJpL/index.m3u8');
	INSERT INTO episodes (movie_id, name, video_url)
	  VALUES (90, 'Tập 48', 'https://player.phimapi.com/player/?url=https://s4.phim1280.tv/20250219/r0KqMfqp/index.m3u8');
	INSERT INTO episodes (movie_id, name, video_url)
	  VALUES (90, 'Tập 49', 'https://player.phimapi.com/player/?url=https://s4.phim1280.tv/20250219/H0SAWtKq/index.m3u8');
	INSERT INTO episodes (movie_id, name, video_url)
	  VALUES (90, 'Tập 50', 'https://player.phimapi.com/player/?url=https://s4.phim1280.tv/20250219/y986Ymzm/index.m3u8');
	INSERT INTO episodes (movie_id, name, video_url)
	  VALUES (90, 'Tập 51', 'https://player.phimapi.com/player/?url=https://s4.phim1280.tv/20250219/okEjmx3a/index.m3u8');
	INSERT INTO episodes (movie_id, name, video_url)
	  VALUES (90, 'Tập 52', 'https://player.phimapi.com/player/?url=https://s4.phim1280.tv/20250219/N5S0oHAc/index.m3u8');
	INSERT INTO episodes (movie_id, name, video_url)
	  VALUES (90, 'Tập 53', 'https://player.phimapi.com/player/?url=https://s4.phim1280.tv/20250219/kxznfznC/index.m3u8');
	INSERT INTO episodes (movie_id, name, video_url)
	  VALUES (90, 'Tập 54', 'https://player.phimapi.com/player/?url=https://s4.phim1280.tv/20250219/aw8P4TvY/index.m3u8');
	INSERT INTO episodes (movie_id, name, video_url)
	  VALUES (90, 'Tập 55', 'https://player.phimapi.com/player/?url=https://s4.phim1280.tv/20250219/W0aKRMwZ/index.m3u8');
	INSERT INTO episodes (movie_id, name, video_url)
	  VALUES (90, 'Tập 56', 'https://player.phimapi.com/player/?url=https://s4.phim1280.tv/20250219/FqXI15oU/index.m3u8');
	INSERT INTO episodes (movie_id, name, video_url)
	  VALUES (90, 'Tập 57', 'https://player.phimapi.com/player/?url=https://s4.phim1280.tv/20250219/xlMvvqOD/index.m3u8');
	INSERT INTO episodes (movie_id, name, video_url)
	  VALUES (90, 'Tập 58', 'https://player.phimapi.com/player/?url=https://s4.phim1280.tv/20250219/zJqh43oe/index.m3u8');
	INSERT INTO episodes (movie_id, name, video_url)
	  VALUES (90, 'Tập 59', 'https://player.phimapi.com/player/?url=https://s4.phim1280.tv/20250219/UZMzgEIA/index.m3u8');
	INSERT INTO episodes (movie_id, name, video_url)
	  VALUES (90, 'Tập 60', 'https://player.phimapi.com/player/?url=https://s4.phim1280.tv/20250219/CPbvTwG5/index.m3u8');
	INSERT INTO episodes (movie_id, name, video_url)
	  VALUES (90, 'Tập 61', 'https://player.phimapi.com/player/?url=https://s4.phim1280.tv/20250219/nGeNALV5/index.m3u8');
	INSERT INTO episodes (movie_id, name, video_url)
	  VALUES (90, 'Tập 62', 'https://player.phimapi.com/player/?url=https://s4.phim1280.tv/20250219/SQgXVlrN/index.m3u8');
	INSERT INTO episodes (movie_id, name, video_url)
	  VALUES (90, 'Tập 63', 'https://player.phimapi.com/player/?url=https://s4.phim1280.tv/20250219/P160dXHE/index.m3u8');
	INSERT INTO episodes (movie_id, name, video_url)
	  VALUES (90, 'Tập 64', 'https://player.phimapi.com/player/?url=https://s4.phim1280.tv/20250219/9k0U2XJ4/index.m3u8');
	INSERT INTO episodes (movie_id, name, video_url)
	  VALUES (90, 'Tập 65', 'https://player.phimapi.com/player/?url=https://s4.phim1280.tv/20250219/J6lkBu7F/index.m3u8');
	INSERT INTO episodes (movie_id, name, video_url)
	  VALUES (90, 'Tập 66', 'https://player.phimapi.com/player/?url=https://s4.phim1280.tv/20250219/3vhECvD2/index.m3u8');
	INSERT INTO episodes (movie_id, name, video_url)
	  VALUES (90, 'Tập 67', 'https://player.phimapi.com/player/?url=https://s4.phim1280.tv/20250219/SBt2Tvpw/index.m3u8');
	INSERT INTO episodes (movie_id, name, video_url)
	  VALUES (90, 'Tập 68', 'https://player.phimapi.com/player/?url=https://s4.phim1280.tv/20250219/oP1UgDEF/index.m3u8');
	INSERT INTO episodes (movie_id, name, video_url)
	  VALUES (90, 'Tập 69', 'https://player.phimapi.com/player/?url=https://s4.phim1280.tv/20250219/VRCDe9eL/index.m3u8');
	INSERT INTO episodes (movie_id, name, video_url)
	  VALUES (90, 'Tập 70', 'https://player.phimapi.com/player/?url=https://s4.phim1280.tv/20250219/R90Y8jtb/index.m3u8');
	INSERT INTO episodes (movie_id, name, video_url)
	  VALUES (90, 'Tập 71', 'https://player.phimapi.com/player/?url=https://s4.phim1280.tv/20250219/0Hgw0DIU/index.m3u8');
	INSERT INTO episodes (movie_id, name, video_url)
	  VALUES (90, 'Tập 72', 'https://player.phimapi.com/player/?url=https://s4.phim1280.tv/20250219/noPbmBO4/index.m3u8');
	INSERT INTO episodes (movie_id, name, video_url)
	  VALUES (90, 'Tập 73', 'https://player.phimapi.com/player/?url=https://s4.phim1280.tv/20250219/vzH3h2Nr/index.m3u8');
	INSERT INTO episodes (movie_id, name, video_url)
	  VALUES (90, 'Tập 74', 'https://player.phimapi.com/player/?url=https://s4.phim1280.tv/20250219/sU6cJN8H/index.m3u8');
	INSERT INTO episodes (movie_id, name, video_url)
	  VALUES (90, 'Tập 75', 'https://player.phimapi.com/player/?url=https://s4.phim1280.tv/20250219/dwWQJ61C/index.m3u8');
	INSERT INTO episodes (movie_id, name, video_url)
	  VALUES (90, 'Tập 76', 'https://player.phimapi.com/player/?url=https://s4.phim1280.tv/20250219/DvFL6kjA/index.m3u8');
	INSERT INTO episodes (movie_id, name, video_url)
	  VALUES (90, 'Tập 77', 'https://player.phimapi.com/player/?url=https://s4.phim1280.tv/20250219/yGTuyz5B/index.m3u8');
	INSERT INTO episodes (movie_id, name, video_url)
	  VALUES (90, 'Tập 78', 'https://player.phimapi.com/player/?url=https://s4.phim1280.tv/20250219/aWHMbkon/index.m3u8');
	INSERT INTO episodes (movie_id, name, video_url)
	  VALUES (90, 'Tập 79', 'https://player.phimapi.com/player/?url=https://s4.phim1280.tv/20250219/ir1Ll6E1/index.m3u8');
	INSERT INTO episodes (movie_id, name, video_url)
	  VALUES (90, 'Tập 80', 'https://player.phimapi.com/player/?url=https://s4.phim1280.tv/20250219/PnMJgiaH/index.m3u8');
	INSERT INTO episodes (movie_id, name, video_url)
	  VALUES (90, 'Tập 81', 'https://player.phimapi.com/player/?url=https://s4.phim1280.tv/20250219/0GBEU3SQ/index.m3u8');
	INSERT INTO episodes (movie_id, name, video_url)
	  VALUES (90, 'Tập 82', 'https://player.phimapi.com/player/?url=https://s4.phim1280.tv/20250219/X6iEVyuO/index.m3u8');
	INSERT INTO episodes (movie_id, name, video_url)
	  VALUES (90, 'Tập 83', 'https://player.phimapi.com/player/?url=https://s4.phim1280.tv/20250219/kPki2BuV/index.m3u8');
	INSERT INTO episodes (movie_id, name, video_url)
	  VALUES (90, 'Tập 84', 'https://player.phimapi.com/player/?url=https://s4.phim1280.tv/20250219/6I4eZrTI/index.m3u8');
	INSERT INTO episodes (movie_id, name, video_url)
	  VALUES (90, 'Tập 85', 'https://player.phimapi.com/player/?url=https://s4.phim1280.tv/20250219/k9NTAFd4/index.m3u8');
	INSERT INTO episodes (movie_id, name, video_url)
	  VALUES (90, 'Tập 86', 'https://player.phimapi.com/player/?url=https://s4.phim1280.tv/20250219/xsdj3TdA/index.m3u8');
	INSERT INTO episodes (movie_id, name, video_url)
	  VALUES (90, 'Tập 87', 'https://player.phimapi.com/player/?url=https://s4.phim1280.tv/20250219/Xowcs8gz/index.m3u8');
	INSERT INTO episodes (movie_id, name, video_url)
	  VALUES (90, 'Tập 88', 'https://player.phimapi.com/player/?url=https://s4.phim1280.tv/20250219/aB9kjLRc/index.m3u8');
	INSERT INTO episodes (movie_id, name, video_url)
	  VALUES (90, 'Tập 89', 'https://player.phimapi.com/player/?url=https://s4.phim1280.tv/20250219/WN4XAOQx/index.m3u8');
	INSERT INTO episodes (movie_id, name, video_url)
	  VALUES (90, 'Tập 90', 'https://player.phimapi.com/player/?url=https://s5.phim1280.tv/20250225/XmbblB7R/index.m3u8');
	INSERT INTO episodes (movie_id, name, video_url)
	  VALUES (90, 'Tập 91', 'https://player.phimapi.com/player/?url=https://s5.phim1280.tv/20250225/qROA2WUv/index.m3u8');
	INSERT INTO episodes (movie_id, name, video_url)
	  VALUES (90, 'Tập 92', 'https://player.phimapi.com/player/?url=https://s4.phim1280.tv/20250301/jJcXZmaI/index.m3u8');
	INSERT INTO episodes (movie_id, name, video_url)
	  VALUES (90, 'Tập 93', 'https://player.phimapi.com/player/?url=https://s5.phim1280.tv/20250307/cdNT199b/index.m3u8');
	INSERT INTO episodes (movie_id, name, video_url)
	  VALUES (90, 'Tập 94', 'https://player.phimapi.com/player/?url=https://s5.phim1280.tv/20250308/2EUvQcQF/index.m3u8');
	INSERT INTO episodes (movie_id, name, video_url)
	  VALUES (90, 'Tập 95', 'https://player.phimapi.com/player/?url=https://s4.phim1280.tv/20250311/fWmQTAHc/index.m3u8');
	INSERT INTO episodes (movie_id, name, video_url)
	  VALUES (90, 'Tập 96', 'https://player.phimapi.com/player/?url=https://s4.phim1280.tv/20250315/yfuy5jBT/index.m3u8');
	INSERT INTO episodes (movie_id, name, video_url)
	  VALUES (90, 'Tập 97', 'https://player.phimapi.com/player/?url=https://s4.phim1280.tv/20250319/jwbKCv9f/index.m3u8');
	INSERT INTO episodes (movie_id, name, video_url)
	  VALUES (90, 'Tập 98', 'https://player.phimapi.com/player/?url=https://s5.phim1280.tv/20250322/xW01XuBk/index.m3u8');
	INSERT INTO episodes (movie_id, name, video_url)
	  VALUES (90, 'Tập 99', 'https://player.phimapi.com/player/?url=https://s5.phim1280.tv/20250325/yixkijxA/index.m3u8');
	INSERT INTO episodes (movie_id, name, video_url)
	  VALUES (90, 'Tập 100', 'https://player.phimapi.com/player/?url=https://s5.phim1280.tv/20250329/IL06YQnH/index.m3u8');
	INSERT INTO episodes (movie_id, name, video_url)
	  VALUES (90, 'Tập 101', 'https://player.phimapi.com/player/?url=https://s4.phim1280.tv/20250401/hCelg7r0/index.m3u8');
	INSERT INTO episodes (movie_id, name, video_url)
	  VALUES (90, 'Tập 102', 'https://player.phimapi.com/player/?url=https://s5.phim1280.tv/20250405/gL1goCgU/index.m3u8');
	INSERT INTO episodes (movie_id, name, video_url)
	  VALUES (90, 'Tập 103', 'https://player.phimapi.com/player/?url=https://s4.phim1280.tv/20250409/Ur96VyQn/index.m3u8');
	INSERT INTO episodes (movie_id, name, video_url)
	  VALUES (90, 'Tập 104', 'https://player.phimapi.com/player/?url=https://s4.phim1280.tv/20250412/9J1hooEZ/index.m3u8');
	INSERT INTO episodes (movie_id, name, video_url)
	  VALUES (90, 'Tập 105', 'https://player.phimapi.com/player/?url=https://s4.phim1280.tv/20250415/Jqo34zIQ/index.m3u8');
	INSERT INTO episodes (movie_id, name, video_url)
	  VALUES (90, 'Tập 106', 'https://player.phimapi.com/player/?url=https://s5.phim1280.tv/20250419/rsZILlf3/index.m3u8');
	INSERT INTO episodes (movie_id, name, video_url)
	  VALUES (90, 'Tập 107', 'https://player.phimapi.com/player/?url=https://s5.phim1280.tv/20250422/kVfiCeDr/index.m3u8');
	INSERT INTO episodes (movie_id, name, video_url)
	  VALUES (90, 'Tập 108', 'https://player.phimapi.com/player/?url=https://s4.phim1280.tv/20250426/JnyJ0nGv/index.m3u8');
	INSERT INTO episodes (movie_id, name, video_url)
	  VALUES (90, 'Tập 109', 'https://player.phimapi.com/player/?url=https://s5.phim1280.tv/20250429/QKhRy8lM/index.m3u8');
	INSERT INTO episodes (movie_id, name, video_url)
	  VALUES (90, 'Tập 110', 'https://player.phimapi.com/player/?url=https://s5.phim1280.tv/20250503/8WPn9SLJ/index.m3u8');
	INSERT INTO episodes (movie_id, name, video_url)
	  VALUES (90, 'Tập 111', 'https://player.phimapi.com/player/?url=https://s4.phim1280.tv/20250507/DNRcml4N/index.m3u8');
	INSERT INTO episodes (movie_id, name, video_url)
	  VALUES (90, 'Tập 112', 'https://player.phimapi.com/player/?url=https://s5.phim1280.tv/20250510/tODLinm4/index.m3u8');
	INSERT INTO episodes (movie_id, name, video_url)
	  VALUES (90, 'Tập 113', 'https://player.phimapi.com/player/?url=https://s5.phim1280.tv/20250513/9wbLKhPA/index.m3u8');
	INSERT INTO episodes (movie_id, name, video_url)
	  VALUES (90, 'Tập 114', 'https://player.phimapi.com/player/?url=https://s5.phim1280.tv/20250518/cJD3TuTE/index.m3u8');
	INSERT INTO episodes (movie_id, name, video_url)
	  VALUES (90, 'Tập 115', 'https://player.phimapi.com/player/?url=https://s4.phim1280.tv/20250520/9C9oKYaT/index.m3u8');
	INSERT INTO episodes (movie_id, name, video_url)
	  VALUES (90, 'Tập 116', 'https://player.phimapi.com/player/?url=https://s6.kkphimplayer6.com/20250524/j5bD1fGN/index.m3u8');
	INSERT INTO episodes (movie_id, name, video_url)
	  VALUES (90, 'Tập 117', 'https://player.phimapi.com/player/?url=https://s6.kkphimplayer6.com/20250528/HMnolE70/index.m3u8');
	INSERT INTO episodes (movie_id, name, video_url)
	  VALUES (90, 'Tập 118', 'https://player.phimapi.com/player/?url=https://s6.kkphimplayer6.com/20250531/uZDBr9NH/index.m3u8');
	INSERT INTO episodes (movie_id, name, video_url)
	  VALUES (90, 'Tập 119', 'https://player.phimapi.com/player/?url=https://s6.kkphimplayer6.com/20250604/DfvCGaR9/index.m3u8');
	INSERT INTO episodes (movie_id, name, video_url)
	  VALUES (90, 'Tập 120', 'https://player.phimapi.com/player/?url=https://s6.kkphimplayer6.com/20250607/aiHJug3s/index.m3u8');
	INSERT INTO episodes (movie_id, name, video_url)
	  VALUES (90, 'Tập 121', 'https://player.phimapi.com/player/?url=https://s6.kkphimplayer6.com/20250611/ttjMAfgv/index.m3u8');
	INSERT INTO episodes (movie_id, name, video_url)
	  VALUES (90, 'Tập 122', 'https://player.phimapi.com/player/?url=https://s6.kkphimplayer6.com/20250614/DFhVKH1I/index.m3u8');
	INSERT INTO episodes (movie_id, name, video_url)
	  VALUES (90, 'Tập 123', 'https://player.phimapi.com/player/?url=https://s6.kkphimplayer6.com/20250618/yQ1iLSuR/index.m3u8');
	INSERT INTO episodes (movie_id, name, video_url)
	  VALUES (90, 'Tập 124', 'https://player.phimapi.com/player/?url=https://s6.kkphimplayer6.com/20250621/UBVy4Obh/index.m3u8');
	INSERT INTO episodes (movie_id, name, video_url)
	  VALUES (90, 'Tập 125', 'https://player.phimapi.com/player/?url=https://s6.kkphimplayer6.com/20250627/q42BC68r/index.m3u8');
	INSERT INTO episodes (movie_id, name, video_url)
	  VALUES (90, 'Tập 126', 'https://player.phimapi.com/player/?url=https://s6.kkphimplayer6.com/20250630/sFWDmS5s/index.m3u8');
	INSERT INTO episodes (movie_id, name, video_url)
	  VALUES (90, 'Tập 127', 'https://player.phimapi.com/player/?url=https://s6.kkphimplayer6.com/20250702/PBxsPwuP/index.m3u8');
	INSERT INTO episodes (movie_id, name, video_url)
	  VALUES (90, 'Tập 128', 'https://player.phimapi.com/player/?url=https://s6.kkphimplayer6.com/20250705/ZHJo6Ork/index.m3u8');
	INSERT INTO episodes (movie_id, name, video_url)
	  VALUES (90, 'Tập 129', 'https://player.phimapi.com/player/?url=https://s6.kkphimplayer6.com/20250708/MuzGhAft/index.m3u8');
	INSERT INTO episodes (movie_id, name, video_url)
	  VALUES (90, 'Tập 130', 'https://player.phimapi.com/player/?url=https://s6.kkphimplayer6.com/20250713/pkm4PYHa/index.m3u8');
	INSERT INTO episodes (movie_id, name, video_url)
	  VALUES (90, 'Tập 131', 'https://player.phimapi.com/player/?url=https://s6.kkphimplayer6.com/20250715/jCj7aayb/index.m3u8');
	INSERT INTO episodes (movie_id, name, video_url)
	  VALUES (90, 'Tập 132', 'https://player.phimapi.com/player/?url=https://s6.kkphimplayer6.com/20250719/iFJgDarh/index.m3u8');
	INSERT INTO episodes (movie_id, name, video_url)
	  VALUES (90, 'Tập 133', 'https://player.phimapi.com/player/?url=https://s6.kkphimplayer6.com/20250726/mK5EJsow/index.m3u8');
	INSERT INTO episodes (movie_id, name, video_url)
	  VALUES (90, 'Tập 134', 'https://player.phimapi.com/player/?url=https://s6.kkphimplayer6.com/20250803/bKMueevQ/index.m3u8');
	INSERT INTO episodes (movie_id, name, video_url)
	  VALUES (90, 'Tập 135', 'https://player.phimapi.com/player/?url=https://s6.kkphimplayer6.com/20250809/5gtUovHM/index.m3u8');
	INSERT INTO episodes (movie_id, name, video_url)
	  VALUES (90, 'Tập 136', 'https://player.phimapi.com/player/?url=https://s6.kkphimplayer6.com/20250812/vItZKNsm/index.m3u8');
	INSERT INTO episodes (movie_id, name, video_url)
	  VALUES (90, 'Tập 137', 'https://player.phimapi.com/player/?url=https://s6.kkphimplayer6.com/20250819/Te8cBvKt/index.m3u8');
	INSERT INTO episodes (movie_id, name, video_url)
	  VALUES (90, 'Tập 138', 'https://player.phimapi.com/player/?url=https://s6.kkphimplayer6.com/20250829/nqgmtoI2/index.m3u8');
	INSERT INTO episodes (movie_id, name, video_url)
	  VALUES (90, 'Tập 139', 'https://player.phimapi.com/player/?url=https://s6.kkphimplayer6.com/20250902/HTiJXMQW/index.m3u8');
	INSERT INTO episodes (movie_id, name, video_url)
	  VALUES (90, 'Tập 140', 'https://player.phimapi.com/player/?url=https://s6.kkphimplayer6.com/20250909/Y08YZWxo/index.m3u8');
	INSERT INTO episodes (movie_id, name, video_url)
	  VALUES (90, 'Tập 141', 'https://player.phimapi.com/player/?url=https://s6.kkphimplayer6.com/20250916/saSgmoKQ/index.m3u8');
	INSERT INTO episodes (movie_id, name, video_url)
	  VALUES (90, 'Tập 142', 'https://player.phimapi.com/player/?url=https://s6.kkphimplayer6.com/20250923/0I7iGf4g/index.m3u8');

	-- Movie: Người Chơi Khắc Kim
	INSERT INTO movies (movie_id, title, description, release_date, poster_url, thumb_url, status)
	VALUES (91, 'Người Chơi Khắc Kim', 'Trong thế giới tương lai, trò chơi thực tế ảo &quot;Kỷ Nguyên&quot; do Tập đoàn Sở thị phát triển đã thu hút sự chú ý của toàn thế giới nhờ trải nghiệm nhập vai hoàn hảo. Thế nhưng ngay trước ngày trò chơi chính thức ra mắt, cặp vợ chồng nhà phát triển, cha mẹ của thiếu gia Sở Dịch, lại mất tích một cách bí ẩn. Để truy tìm tung tích cha mẹ, Sở Dịch dưới sự chỉ dẫn của trí tuệ nhân tạo hình người tên Chaos, đã &quot;nạp&quot; 30 tỷ để bước vào trò chơi và bắt đầu hành trình thăng cấp, mạo hiểm. Trong quá trình đó, cậu dần tập hợp được một nhóm bạn đồng hành, cùng chiến đấu, cùng khám phá. Trải qua nhiều sóng gió, họ phát hiện ra sự mất tích của cha mẹ có liên quan đến một tổ chức thần bí mang tên Ảo Thế. Để tìm lại cha mẹ, chống lại tổ chức Ảo Thế và “giải cứu” thế giới Kỷ Nguyên, Sở Dịch không ngừng tung ra những màn &quot;nạp tiền phá game&quot; vừa buồn cười vừa bất ngờ, bắt đầu hành trình giả heo ăn hổ của một thần tài bá đạo.', '2025', 'https://phimimg.com/upload/vod/20250722-1/552eb43b6bf886499a2437b515abbb36.jpg', 'https://phimimg.com/upload/vod/20250722-1/068f3ab12c33dd4e9f4a5c877eda0b72.jpg', 'showing');
	UPDATE movies SET country='Trung Quốc', language='Vietsub + Thuyết Minh', trailer_url='https://www.youtube.com/watch?v=wrw7_11yAfA' WHERE movie_id=91;
	INSERT IGNORE INTO genres (name) VALUES ('Khoa Học');
	INSERT INTO movie_genres (movie_id, genre_id)
	  SELECT 91, genre_id FROM genres WHERE name='Khoa Học' LIMIT 1;
	INSERT IGNORE INTO genres (name) VALUES ('Viễn Tưởng');
	INSERT INTO movie_genres (movie_id, genre_id)
	  SELECT 91, genre_id FROM genres WHERE name='Viễn Tưởng' LIMIT 1;
	INSERT IGNORE INTO genres (name) VALUES ('Hành Động');
	INSERT INTO movie_genres (movie_id, genre_id)
	  SELECT 91, genre_id FROM genres WHERE name='Hành Động' LIMIT 1;
	INSERT IGNORE INTO genres (name) VALUES ('Phiêu Lưu');
	INSERT INTO movie_genres (movie_id, genre_id)
	  SELECT 91, genre_id FROM genres WHERE name='Phiêu Lưu' LIMIT 1;
	INSERT IGNORE INTO actors (name) VALUES ('Yajing Tang');
	INSERT INTO movie_actors (movie_id, actor_id)
	  SELECT 91, actor_id FROM actors WHERE name='Yajing Tang' LIMIT 1;
	INSERT IGNORE INTO actors (name) VALUES ('Huang Ying');
	INSERT INTO movie_actors (movie_id, actor_id)
	  SELECT 91, actor_id FROM actors WHERE name='Huang Ying' LIMIT 1;
	INSERT IGNORE INTO actors (name) VALUES ('Danni Pan');
	INSERT INTO movie_actors (movie_id, actor_id)
	  SELECT 91, actor_id FROM actors WHERE name='Danni Pan' LIMIT 1;
	INSERT IGNORE INTO actors (name) VALUES ('Liang Dawei');
	INSERT INTO movie_actors (movie_id, actor_id)
	  SELECT 91, actor_id FROM actors WHERE name='Liang Dawei' LIMIT 1;
	INSERT IGNORE INTO actors (name) VALUES ('Kaiyin Sun');
	INSERT INTO movie_actors (movie_id, actor_id)
	  SELECT 91, actor_id FROM actors WHERE name='Kaiyin Sun' LIMIT 1;
	INSERT IGNORE INTO actors (name) VALUES ('Chengyuan Li');
	INSERT INTO movie_actors (movie_id, actor_id)
	  SELECT 91, actor_id FROM actors WHERE name='Chengyuan Li' LIMIT 1;
	INSERT IGNORE INTO actors (name) VALUES ('伍凯立');
	INSERT INTO movie_actors (movie_id, actor_id)
	  SELECT 91, actor_id FROM actors WHERE name='伍凯立' LIMIT 1;
	INSERT IGNORE INTO actors (name) VALUES ('Xiyue Chen');
	INSERT INTO movie_actors (movie_id, actor_id)
	  SELECT 91, actor_id FROM actors WHERE name='Xiyue Chen' LIMIT 1;
	INSERT IGNORE INTO actors (name) VALUES ('Zhang Pei');
	INSERT INTO movie_actors (movie_id, actor_id)
	  SELECT 91, actor_id FROM actors WHERE name='Zhang Pei' LIMIT 1;
	INSERT IGNORE INTO actors (name) VALUES ('Xie Ying');
	INSERT INTO movie_actors (movie_id, actor_id)
	  SELECT 91, actor_id FROM actors WHERE name='Xie Ying' LIMIT 1;
	INSERT IGNORE INTO actors (name) VALUES ('KIYO');
	INSERT INTO movie_actors (movie_id, actor_id)
	  SELECT 91, actor_id FROM actors WHERE name='KIYO' LIMIT 1;
	INSERT IGNORE INTO actors (name) VALUES ('Sang Yuze');
	INSERT INTO movie_actors (movie_id, actor_id)
	  SELECT 91, actor_id FROM actors WHERE name='Sang Yuze' LIMIT 1;
	INSERT IGNORE INTO actors (name) VALUES ('Chaoran Yang');
	INSERT INTO movie_actors (movie_id, actor_id)
	  SELECT 91, actor_id FROM actors WHERE name='Chaoran Yang' LIMIT 1;
	INSERT IGNORE INTO directors (name) VALUES ('张兆震');
	INSERT INTO movie_directors (movie_id, director_id)
	  SELECT 91, director_id FROM directors WHERE name='张兆震' LIMIT 1;
	INSERT INTO episodes (movie_id, name, video_url)
	  VALUES (91, 'Tập 1', 'https://player.phimapi.com/player/?url=https://s6.kkphimplayer6.com/20250722/M8IibhCp/index.m3u8');
	INSERT INTO episodes (movie_id, name, video_url)
	  VALUES (91, 'Tập 2', 'https://player.phimapi.com/player/?url=https://s6.kkphimplayer6.com/20250722/Viujb592/index.m3u8');
	INSERT INTO episodes (movie_id, name, video_url)
	  VALUES (91, 'Tập 3', 'https://player.phimapi.com/player/?url=https://s6.kkphimplayer6.com/20250722/B1dsdhLe/index.m3u8');
	INSERT INTO episodes (movie_id, name, video_url)
	  VALUES (91, 'Tập 4', 'https://player.phimapi.com/player/?url=https://s6.kkphimplayer6.com/20250722/lGD67n10/index.m3u8');
	INSERT INTO episodes (movie_id, name, video_url)
	  VALUES (91, 'Tập 5', 'https://player.phimapi.com/player/?url=https://s6.kkphimplayer6.com/20250722/N6zeI9Re/index.m3u8');
	INSERT INTO episodes (movie_id, name, video_url)
	  VALUES (91, 'Tập 6', 'https://player.phimapi.com/player/?url=https://s6.kkphimplayer6.com/20250722/cyUEBP1b/index.m3u8');
	INSERT INTO episodes (movie_id, name, video_url)
	  VALUES (91, 'Tập 7', 'https://player.phimapi.com/player/?url=https://s6.kkphimplayer6.com/20250722/HfneMxbp/index.m3u8');
	INSERT INTO episodes (movie_id, name, video_url)
	  VALUES (91, 'Tập 8', 'https://player.phimapi.com/player/?url=https://s6.kkphimplayer6.com/20250722/YN42Nhqy/index.m3u8');
	INSERT INTO episodes (movie_id, name, video_url)
	  VALUES (91, 'Tập 9', 'https://player.phimapi.com/player/?url=https://s6.kkphimplayer6.com/20250730/VNe4gGC5/index.m3u8');
	INSERT INTO episodes (movie_id, name, video_url)
	  VALUES (91, 'Tập 10', 'https://player.phimapi.com/player/?url=https://s6.kkphimplayer6.com/20250807/ZIUjUWTC/index.m3u8');
	INSERT INTO episodes (movie_id, name, video_url)
	  VALUES (91, 'Tập 11', 'https://player.phimapi.com/player/?url=https://s6.kkphimplayer6.com/20250812/fRlpsbEY/index.m3u8');
	INSERT INTO episodes (movie_id, name, video_url)
	  VALUES (91, 'Tập 12', 'https://player.phimapi.com/player/?url=https://s6.kkphimplayer6.com/20250819/b6LwUpLd/index.m3u8');
	INSERT INTO episodes (movie_id, name, video_url)
	  VALUES (91, 'Tập 13', 'https://player.phimapi.com/player/?url=https://s6.kkphimplayer6.com/20250829/Vk4eIIro/index.m3u8');
	INSERT INTO episodes (movie_id, name, video_url)
	  VALUES (91, 'Tập 14', 'https://player.phimapi.com/player/?url=https://s6.kkphimplayer6.com/20250902/KxssaQI6/index.m3u8');
	INSERT INTO episodes (movie_id, name, video_url)
	  VALUES (91, 'Tập 15', 'https://player.phimapi.com/player/?url=https://s6.kkphimplayer6.com/20250909/ecESbb9m/index.m3u8');
	INSERT INTO episodes (movie_id, name, video_url)
	  VALUES (91, 'Tập 16', 'https://player.phimapi.com/player/?url=https://s6.kkphimplayer6.com/20250916/8BKqAnuY/index.m3u8');
	INSERT INTO episodes (movie_id, name, video_url)
	  VALUES (91, 'Tập 17', 'https://player.phimapi.com/player/?url=https://s6.kkphimplayer6.com/20250923/RMaE3fBl/index.m3u8');
	INSERT INTO episodes (movie_id, name, video_url)
	  VALUES (91, 'Tập 1', 'https://player.phimapi.com/player/?url=https://s6.kkphimplayer6.com/20250722/ANKKMaNS/index.m3u8');
	INSERT INTO episodes (movie_id, name, video_url)
	  VALUES (91, 'Tập 2', 'https://player.phimapi.com/player/?url=https://s6.kkphimplayer6.com/20250722/RQfeKCC6/index.m3u8');
	INSERT INTO episodes (movie_id, name, video_url)
	  VALUES (91, 'Tập 3', 'https://player.phimapi.com/player/?url=https://s6.kkphimplayer6.com/20250722/sgrNGQtB/index.m3u8');
	INSERT INTO episodes (movie_id, name, video_url)
	  VALUES (91, 'Tập 4', 'https://player.phimapi.com/player/?url=https://s6.kkphimplayer6.com/20250722/atHO6Jf3/index.m3u8');
	INSERT INTO episodes (movie_id, name, video_url)
	  VALUES (91, 'Tập 5', 'https://player.phimapi.com/player/?url=https://s6.kkphimplayer6.com/20250722/cTKVV0hb/index.m3u8');
	INSERT INTO episodes (movie_id, name, video_url)
	  VALUES (91, 'Tập 6', 'https://player.phimapi.com/player/?url=https://s6.kkphimplayer6.com/20250722/OVRXQtAw/index.m3u8');
	INSERT INTO episodes (movie_id, name, video_url)
	  VALUES (91, 'Tập 7', 'https://player.phimapi.com/player/?url=https://s6.kkphimplayer6.com/20250722/5wE9wCKb/index.m3u8');
	INSERT INTO episodes (movie_id, name, video_url)
	  VALUES (91, 'Tập 8', 'https://player.phimapi.com/player/?url=https://s6.kkphimplayer6.com/20250722/1bbRYmrU/index.m3u8');
	INSERT INTO episodes (movie_id, name, video_url)
	  VALUES (91, 'Tập 9', 'https://player.phimapi.com/player/?url=https://s6.kkphimplayer6.com/20250730/gnpwgXRN/index.m3u8');
	INSERT INTO episodes (movie_id, name, video_url)
	  VALUES (91, 'Tập 10', 'https://player.phimapi.com/player/?url=https://s6.kkphimplayer6.com/20250807/KewWuGwk/index.m3u8');
	INSERT INTO episodes (movie_id, name, video_url)
	  VALUES (91, 'Tập 11', 'https://player.phimapi.com/player/?url=https://s6.kkphimplayer6.com/20250812/JJctMTr4/index.m3u8');
	INSERT INTO episodes (movie_id, name, video_url)
	  VALUES (91, 'Tập 12', 'https://player.phimapi.com/player/?url=https://s6.kkphimplayer6.com/20250819/aID90HTP/index.m3u8');
	INSERT INTO episodes (movie_id, name, video_url)
	  VALUES (91, 'Tập 13', 'https://player.phimapi.com/player/?url=https://s6.kkphimplayer6.com/20250829/NQU0FSJw/index.m3u8');
	INSERT INTO episodes (movie_id, name, video_url)
	  VALUES (91, 'Tập 14', 'https://player.phimapi.com/player/?url=https://s6.kkphimplayer6.com/20250902/vfEUhRT6/index.m3u8');
	INSERT INTO episodes (movie_id, name, video_url)
	  VALUES (91, 'Tập 15', 'https://player.phimapi.com/player/?url=https://s6.kkphimplayer6.com/20250909/yBdPFZaK/index.m3u8');
	INSERT INTO episodes (movie_id, name, video_url)
	  VALUES (91, 'Tập 16', 'https://player.phimapi.com/player/?url=https://s6.kkphimplayer6.com/20250916/SlDkELrR/index.m3u8');
	INSERT INTO episodes (movie_id, name, video_url)
	  VALUES (91, 'Tập 17', 'https://player.phimapi.com/player/?url=https://s6.kkphimplayer6.com/20250923/cSwkZGIS/index.m3u8');

	-- Movie: Luyện Khí Mười Vạn Năm
	INSERT INTO movies (movie_id, title, description, release_date, poster_url, thumb_url, status)
	VALUES (92, 'Luyện Khí Mười Vạn Năm', 'Mười vạn năm trước Thiên Lam Tông vang dội giới tu chân, đệ tử trong tông đều là những đứa con của trời, đánh đâu thắng đó. Chỉ có khai sơn đệ tử Từ Dương vẫn luôn ở Luyện Khí kỳ, để đột phá tu vi sớm ngày phi thăng, Từ Dương bế quan vạn năm. Ai ngờ trong thời gian bế quan giới tu chân đã xuống dốc, Thiên Lam Tông cũng chỉ còn vài ba đệ tử, thấy sắp phải đối mặt với diệt tông, Từ Dương đánh bại cường địch, thề sẽ dẫn dắt Thiên Lam Tông quay về đỉnh cao!', '2023', 'https://phimimg.com/upload/vod/20250219-1/0ddffeb590aa6bad556a0724302487ad.jpg', 'https://phimimg.com/upload/vod/20250219-1/9e7246fa85194e2fad2da74ce43f0c7d.jpg', 'showing');
	UPDATE movies SET country='Trung Quốc', language='Vietsub', trailer_url=NULL WHERE movie_id=92;
	INSERT IGNORE INTO genres (name) VALUES ('Hành Động');
	INSERT INTO movie_genres (movie_id, genre_id)
	  SELECT 92, genre_id FROM genres WHERE name='Hành Động' LIMIT 1;
	INSERT IGNORE INTO genres (name) VALUES ('Phiêu Lưu');
	INSERT INTO movie_genres (movie_id, genre_id)
	  SELECT 92, genre_id FROM genres WHERE name='Phiêu Lưu' LIMIT 1;
	INSERT IGNORE INTO genres (name) VALUES ('Khoa Học');
	INSERT INTO movie_genres (movie_id, genre_id)
	  SELECT 92, genre_id FROM genres WHERE name='Khoa Học' LIMIT 1;
	INSERT IGNORE INTO genres (name) VALUES ('Viễn Tưởng');
	INSERT INTO movie_genres (movie_id, genre_id)
	  SELECT 92, genre_id FROM genres WHERE name='Viễn Tưởng' LIMIT 1;
	INSERT IGNORE INTO actors (name) VALUES ('Đang cập nhật');
	INSERT INTO movie_actors (movie_id, actor_id)
	  SELECT 92, actor_id FROM actors WHERE name='Đang cập nhật' LIMIT 1;
	INSERT IGNORE INTO directors (name) VALUES ('Đang cập nhật');
	INSERT INTO movie_directors (movie_id, director_id)
	  SELECT 92, director_id FROM directors WHERE name='Đang cập nhật' LIMIT 1;
	INSERT INTO episodes (movie_id, name, video_url)
	  VALUES (92, 'Tập 01', 'https://player.phimapi.com/player/?url=https://s4.phim1280.tv/20250219/smT8CzsO/index.m3u8');
	INSERT INTO episodes (movie_id, name, video_url)
	  VALUES (92, 'Tập 02', 'https://player.phimapi.com/player/?url=https://s4.phim1280.tv/20250219/HMEs2zcw/index.m3u8');
	INSERT INTO episodes (movie_id, name, video_url)
	  VALUES (92, 'Tập 03', 'https://player.phimapi.com/player/?url=https://s4.phim1280.tv/20250219/RFqkVOq9/index.m3u8');
	INSERT INTO episodes (movie_id, name, video_url)
	  VALUES (92, 'Tập 04', 'https://player.phimapi.com/player/?url=https://s4.phim1280.tv/20250219/UfIT9sRy/index.m3u8');
	INSERT INTO episodes (movie_id, name, video_url)
	  VALUES (92, 'Tập 05', 'https://player.phimapi.com/player/?url=https://s4.phim1280.tv/20250219/6FjN42uG/index.m3u8');
	INSERT INTO episodes (movie_id, name, video_url)
	  VALUES (92, 'Tập 06', 'https://player.phimapi.com/player/?url=https://s4.phim1280.tv/20250219/4YCLhR2z/index.m3u8');
	INSERT INTO episodes (movie_id, name, video_url)
	  VALUES (92, 'Tập 07', 'https://player.phimapi.com/player/?url=https://s4.phim1280.tv/20250219/1gjtBYPy/index.m3u8');
	INSERT INTO episodes (movie_id, name, video_url)
	  VALUES (92, 'Tập 08', 'https://player.phimapi.com/player/?url=https://s4.phim1280.tv/20250219/BdGKyGlE/index.m3u8');
	INSERT INTO episodes (movie_id, name, video_url)
	  VALUES (92, 'Tập 09', 'https://player.phimapi.com/player/?url=https://s4.phim1280.tv/20250219/9TcIEovS/index.m3u8');
	INSERT INTO episodes (movie_id, name, video_url)
	  VALUES (92, 'Tập 10', 'https://player.phimapi.com/player/?url=https://s4.phim1280.tv/20250219/DOysub59/index.m3u8');
	INSERT INTO episodes (movie_id, name, video_url)
	  VALUES (92, 'Tập 11', 'https://player.phimapi.com/player/?url=https://s4.phim1280.tv/20250219/4nTW9GRm/index.m3u8');
	INSERT INTO episodes (movie_id, name, video_url)
	  VALUES (92, 'Tập 12', 'https://player.phimapi.com/player/?url=https://s4.phim1280.tv/20250219/iuLXsXpc/index.m3u8');
	INSERT INTO episodes (movie_id, name, video_url)
	  VALUES (92, 'Tập 13', 'https://player.phimapi.com/player/?url=https://s4.phim1280.tv/20250219/2CBkbClo/index.m3u8');
	INSERT INTO episodes (movie_id, name, video_url)
	  VALUES (92, 'Tập 14', 'https://player.phimapi.com/player/?url=https://s4.phim1280.tv/20250219/bynEkXm1/index.m3u8');
	INSERT INTO episodes (movie_id, name, video_url)
	  VALUES (92, 'Tập 15', 'https://player.phimapi.com/player/?url=https://s4.phim1280.tv/20250219/AC1Kzyxk/index.m3u8');
	INSERT INTO episodes (movie_id, name, video_url)
	  VALUES (92, 'Tập 16', 'https://player.phimapi.com/player/?url=https://s4.phim1280.tv/20250219/5Xhyio39/index.m3u8');
	INSERT INTO episodes (movie_id, name, video_url)
	  VALUES (92, 'Tập 17', 'https://player.phimapi.com/player/?url=https://s4.phim1280.tv/20250219/eSCEon6j/index.m3u8');
	INSERT INTO episodes (movie_id, name, video_url)
	  VALUES (92, 'Tập 18', 'https://player.phimapi.com/player/?url=https://s4.phim1280.tv/20250219/5E79atkT/index.m3u8');
	INSERT INTO episodes (movie_id, name, video_url)
	  VALUES (92, 'Tập 19', 'https://player.phimapi.com/player/?url=https://s4.phim1280.tv/20250219/3yMNg8dN/index.m3u8');
	INSERT INTO episodes (movie_id, name, video_url)
	  VALUES (92, 'Tập 20', 'https://player.phimapi.com/player/?url=https://s4.phim1280.tv/20250219/9BLLzbWU/index.m3u8');
	INSERT INTO episodes (movie_id, name, video_url)
	  VALUES (92, 'Tập 21', 'https://player.phimapi.com/player/?url=https://s4.phim1280.tv/20250219/FA14UIdj/index.m3u8');
	INSERT INTO episodes (movie_id, name, video_url)
	  VALUES (92, 'Tập 22', 'https://player.phimapi.com/player/?url=https://s4.phim1280.tv/20250219/rqv7qg5L/index.m3u8');
	INSERT INTO episodes (movie_id, name, video_url)
	  VALUES (92, 'Tập 23', 'https://player.phimapi.com/player/?url=https://s4.phim1280.tv/20250219/50RSDFDV/index.m3u8');
	INSERT INTO episodes (movie_id, name, video_url)
	  VALUES (92, 'Tập 24', 'https://player.phimapi.com/player/?url=https://s4.phim1280.tv/20250219/G1mPIXN8/index.m3u8');
	INSERT INTO episodes (movie_id, name, video_url)
	  VALUES (92, 'Tập 25', 'https://player.phimapi.com/player/?url=https://s4.phim1280.tv/20250219/l1lkkg6T/index.m3u8');
	INSERT INTO episodes (movie_id, name, video_url)
	  VALUES (92, 'Tập 26', 'https://player.phimapi.com/player/?url=https://s4.phim1280.tv/20250219/xA97DQQp/index.m3u8');
	INSERT INTO episodes (movie_id, name, video_url)
	  VALUES (92, 'Tập 27', 'https://player.phimapi.com/player/?url=https://s4.phim1280.tv/20250219/nu3VOCMU/index.m3u8');
	INSERT INTO episodes (movie_id, name, video_url)
	  VALUES (92, 'Tập 28', 'https://player.phimapi.com/player/?url=https://s4.phim1280.tv/20250219/QUoP0zcP/index.m3u8');
	INSERT INTO episodes (movie_id, name, video_url)
	  VALUES (92, 'Tập 29', 'https://player.phimapi.com/player/?url=https://s4.phim1280.tv/20250219/xHUAK1Ff/index.m3u8');
	INSERT INTO episodes (movie_id, name, video_url)
	  VALUES (92, 'Tập 30', 'https://player.phimapi.com/player/?url=https://s4.phim1280.tv/20250219/lH3dd2FS/index.m3u8');
	INSERT INTO episodes (movie_id, name, video_url)
	  VALUES (92, 'Tập 31', 'https://player.phimapi.com/player/?url=https://s4.phim1280.tv/20250219/X78oUTpa/index.m3u8');
	INSERT INTO episodes (movie_id, name, video_url)
	  VALUES (92, 'Tập 32', 'https://player.phimapi.com/player/?url=https://s4.phim1280.tv/20250219/eo08d43m/index.m3u8');
	INSERT INTO episodes (movie_id, name, video_url)
	  VALUES (92, 'Tập 33', 'https://player.phimapi.com/player/?url=https://s4.phim1280.tv/20250219/uye8Fd3x/index.m3u8');
	INSERT INTO episodes (movie_id, name, video_url)
	  VALUES (92, 'Tập 34', 'https://player.phimapi.com/player/?url=https://s4.phim1280.tv/20250219/qmJq19bE/index.m3u8');
	INSERT INTO episodes (movie_id, name, video_url)
	  VALUES (92, 'Tập 35', 'https://player.phimapi.com/player/?url=https://s4.phim1280.tv/20250219/aB7MlNiP/index.m3u8');
	INSERT INTO episodes (movie_id, name, video_url)
	  VALUES (92, 'Tập 36', 'https://player.phimapi.com/player/?url=https://s4.phim1280.tv/20250219/vSO4cf8F/index.m3u8');
	INSERT INTO episodes (movie_id, name, video_url)
	  VALUES (92, 'Tập 37', 'https://player.phimapi.com/player/?url=https://s4.phim1280.tv/20250219/41sMWwVt/index.m3u8');
	INSERT INTO episodes (movie_id, name, video_url)
	  VALUES (92, 'Tập 38', 'https://player.phimapi.com/player/?url=https://s4.phim1280.tv/20250219/ElnUrVnS/index.m3u8');
	INSERT INTO episodes (movie_id, name, video_url)
	  VALUES (92, 'Tập 39', 'https://player.phimapi.com/player/?url=https://s4.phim1280.tv/20250219/DanxrGt7/index.m3u8');
	INSERT INTO episodes (movie_id, name, video_url)
	  VALUES (92, 'Tập 40', 'https://player.phimapi.com/player/?url=https://s4.phim1280.tv/20250219/c1uo0QWm/index.m3u8');
	INSERT INTO episodes (movie_id, name, video_url)
	  VALUES (92, 'Tập 41', 'https://player.phimapi.com/player/?url=https://s4.phim1280.tv/20250219/4QrRhLU2/index.m3u8');
	INSERT INTO episodes (movie_id, name, video_url)
	  VALUES (92, 'Tập 42', 'https://player.phimapi.com/player/?url=https://s4.phim1280.tv/20250219/9H4bAtAS/index.m3u8');
	INSERT INTO episodes (movie_id, name, video_url)
	  VALUES (92, 'Tập 43', 'https://player.phimapi.com/player/?url=https://s4.phim1280.tv/20250219/RACAyZ25/index.m3u8');
	INSERT INTO episodes (movie_id, name, video_url)
	  VALUES (92, 'Tập 44', 'https://player.phimapi.com/player/?url=https://s4.phim1280.tv/20250219/UhF2zOQZ/index.m3u8');
	INSERT INTO episodes (movie_id, name, video_url)
	  VALUES (92, 'Tập 45', 'https://player.phimapi.com/player/?url=https://s4.phim1280.tv/20250219/SRCqsoOE/index.m3u8');
	INSERT INTO episodes (movie_id, name, video_url)
	  VALUES (92, 'Tập 46', 'https://player.phimapi.com/player/?url=https://s4.phim1280.tv/20250219/6huc0df3/index.m3u8');
	INSERT INTO episodes (movie_id, name, video_url)
	  VALUES (92, 'Tập 47', 'https://player.phimapi.com/player/?url=https://s4.phim1280.tv/20250219/0AQRfQb3/index.m3u8');
	INSERT INTO episodes (movie_id, name, video_url)
	  VALUES (92, 'Tập 48', 'https://player.phimapi.com/player/?url=https://s4.phim1280.tv/20250219/Wkz5MX4i/index.m3u8');
	INSERT INTO episodes (movie_id, name, video_url)
	  VALUES (92, 'Tập 49', 'https://player.phimapi.com/player/?url=https://s4.phim1280.tv/20250219/QOX6qu0j/index.m3u8');
	INSERT INTO episodes (movie_id, name, video_url)
	  VALUES (92, 'Tập 50', 'https://player.phimapi.com/player/?url=https://s4.phim1280.tv/20250219/Hp405Fsh/index.m3u8');
	INSERT INTO episodes (movie_id, name, video_url)
	  VALUES (92, 'Tập 51', 'https://player.phimapi.com/player/?url=https://s4.phim1280.tv/20250219/33HDZyx8/index.m3u8');
	INSERT INTO episodes (movie_id, name, video_url)
	  VALUES (92, 'Tập 52', 'https://player.phimapi.com/player/?url=https://s4.phim1280.tv/20250219/07ijhtEs/index.m3u8');
	INSERT INTO episodes (movie_id, name, video_url)
	  VALUES (92, 'Tập 53', 'https://player.phimapi.com/player/?url=https://s4.phim1280.tv/20250219/qsVbzy8x/index.m3u8');
	INSERT INTO episodes (movie_id, name, video_url)
	  VALUES (92, 'Tập 54', 'https://player.phimapi.com/player/?url=https://s4.phim1280.tv/20250219/PxF5Fuwu/index.m3u8');
	INSERT INTO episodes (movie_id, name, video_url)
	  VALUES (92, 'Tập 55', 'https://player.phimapi.com/player/?url=https://s4.phim1280.tv/20250219/GACM95pb/index.m3u8');
	INSERT INTO episodes (movie_id, name, video_url)
	  VALUES (92, 'Tập 56', 'https://player.phimapi.com/player/?url=https://s4.phim1280.tv/20250219/e57fUN6S/index.m3u8');
	INSERT INTO episodes (movie_id, name, video_url)
	  VALUES (92, 'Tập 57', 'https://player.phimapi.com/player/?url=https://s4.phim1280.tv/20250219/YkPsuYAJ/index.m3u8');
	INSERT INTO episodes (movie_id, name, video_url)
	  VALUES (92, 'Tập 58', 'https://player.phimapi.com/player/?url=https://s4.phim1280.tv/20250219/TIh7Vr1H/index.m3u8');
	INSERT INTO episodes (movie_id, name, video_url)
	  VALUES (92, 'Tập 59', 'https://player.phimapi.com/player/?url=https://s4.phim1280.tv/20250219/WuZufl7j/index.m3u8');
	INSERT INTO episodes (movie_id, name, video_url)
	  VALUES (92, 'Tập 60', 'https://player.phimapi.com/player/?url=https://s4.phim1280.tv/20250219/dWDpe4yz/index.m3u8');
	INSERT INTO episodes (movie_id, name, video_url)
	  VALUES (92, 'Tập 61', 'https://player.phimapi.com/player/?url=https://s4.phim1280.tv/20250219/hp5oKv3m/index.m3u8');
	INSERT INTO episodes (movie_id, name, video_url)
	  VALUES (92, 'Tập 62', 'https://player.phimapi.com/player/?url=https://s4.phim1280.tv/20250219/Zw0Sgc3W/index.m3u8');
	INSERT INTO episodes (movie_id, name, video_url)
	  VALUES (92, 'Tập 63', 'https://player.phimapi.com/player/?url=https://s4.phim1280.tv/20250219/gweSz4ZM/index.m3u8');
	INSERT INTO episodes (movie_id, name, video_url)
	  VALUES (92, 'Tập 64', 'https://player.phimapi.com/player/?url=https://s4.phim1280.tv/20250219/Q9AtqEw3/index.m3u8');
	INSERT INTO episodes (movie_id, name, video_url)
	  VALUES (92, 'Tập 65', 'https://player.phimapi.com/player/?url=https://s4.phim1280.tv/20250219/m3P1SAYl/index.m3u8');
	INSERT INTO episodes (movie_id, name, video_url)
	  VALUES (92, 'Tập 66', 'https://player.phimapi.com/player/?url=https://s4.phim1280.tv/20250219/kiu6tY9z/index.m3u8');
	INSERT INTO episodes (movie_id, name, video_url)
	  VALUES (92, 'Tập 67', 'https://player.phimapi.com/player/?url=https://s4.phim1280.tv/20250219/1apWgNOo/index.m3u8');
	INSERT INTO episodes (movie_id, name, video_url)
	  VALUES (92, 'Tập 68', 'https://player.phimapi.com/player/?url=https://s4.phim1280.tv/20250219/a58oRZ7O/index.m3u8');
	INSERT INTO episodes (movie_id, name, video_url)
	  VALUES (92, 'Tập 69', 'https://player.phimapi.com/player/?url=https://s4.phim1280.tv/20250219/8xsrLVL4/index.m3u8');
	INSERT INTO episodes (movie_id, name, video_url)
	  VALUES (92, 'Tập 70', 'https://player.phimapi.com/player/?url=https://s4.phim1280.tv/20250219/8lNhSTMo/index.m3u8');
	INSERT INTO episodes (movie_id, name, video_url)
	  VALUES (92, 'Tập 71', 'https://player.phimapi.com/player/?url=https://s4.phim1280.tv/20250219/SBPAhsgo/index.m3u8');
	INSERT INTO episodes (movie_id, name, video_url)
	  VALUES (92, 'Tập 72', 'https://player.phimapi.com/player/?url=https://s4.phim1280.tv/20250219/m5dYfNlT/index.m3u8');
	INSERT INTO episodes (movie_id, name, video_url)
	  VALUES (92, 'Tập 73', 'https://player.phimapi.com/player/?url=https://s4.phim1280.tv/20250219/udvauVxW/index.m3u8');
	INSERT INTO episodes (movie_id, name, video_url)
	  VALUES (92, 'Tập 74', 'https://player.phimapi.com/player/?url=https://s4.phim1280.tv/20250219/xqFD5drL/index.m3u8');
	INSERT INTO episodes (movie_id, name, video_url)
	  VALUES (92, 'Tập 75', 'https://player.phimapi.com/player/?url=https://s4.phim1280.tv/20250219/GyGf9Hhx/index.m3u8');
	INSERT INTO episodes (movie_id, name, video_url)
	  VALUES (92, 'Tập 76', 'https://player.phimapi.com/player/?url=https://s4.phim1280.tv/20250219/mYBJk5MR/index.m3u8');
	INSERT INTO episodes (movie_id, name, video_url)
	  VALUES (92, 'Tập 77', 'https://player.phimapi.com/player/?url=https://s4.phim1280.tv/20250219/A0Pgl4Tm/index.m3u8');
	INSERT INTO episodes (movie_id, name, video_url)
	  VALUES (92, 'Tập 78', 'https://player.phimapi.com/player/?url=https://s4.phim1280.tv/20250219/QP6dNs7z/index.m3u8');
	INSERT INTO episodes (movie_id, name, video_url)
	  VALUES (92, 'Tập 79', 'https://player.phimapi.com/player/?url=https://s4.phim1280.tv/20250219/m5NopFJ9/index.m3u8');
	INSERT INTO episodes (movie_id, name, video_url)
	  VALUES (92, 'Tập 80', 'https://player.phimapi.com/player/?url=https://s4.phim1280.tv/20250219/54EwIfEH/index.m3u8');
	INSERT INTO episodes (movie_id, name, video_url)
	  VALUES (92, 'Tập 81', 'https://player.phimapi.com/player/?url=https://s4.phim1280.tv/20250219/ayrrnOBE/index.m3u8');
	INSERT INTO episodes (movie_id, name, video_url)
	  VALUES (92, 'Tập 82', 'https://player.phimapi.com/player/?url=https://s4.phim1280.tv/20250219/5dKn88JA/index.m3u8');
	INSERT INTO episodes (movie_id, name, video_url)
	  VALUES (92, 'Tập 83', 'https://player.phimapi.com/player/?url=https://s4.phim1280.tv/20250219/YCrSebhP/index.m3u8');
	INSERT INTO episodes (movie_id, name, video_url)
	  VALUES (92, 'Tập 84', 'https://player.phimapi.com/player/?url=https://s4.phim1280.tv/20250219/4gOHmDC2/index.m3u8');
	INSERT INTO episodes (movie_id, name, video_url)
	  VALUES (92, 'Tập 85', 'https://player.phimapi.com/player/?url=https://s4.phim1280.tv/20250219/U1BwHM1e/index.m3u8');
	INSERT INTO episodes (movie_id, name, video_url)
	  VALUES (92, 'Tập 86', 'https://player.phimapi.com/player/?url=https://s4.phim1280.tv/20250219/ZPbaEuTx/index.m3u8');
	INSERT INTO episodes (movie_id, name, video_url)
	  VALUES (92, 'Tập 87', 'https://player.phimapi.com/player/?url=https://s4.phim1280.tv/20250219/zrBGt9Qv/index.m3u8');
	INSERT INTO episodes (movie_id, name, video_url)
	  VALUES (92, 'Tập 88', 'https://player.phimapi.com/player/?url=https://s4.phim1280.tv/20250219/MRiKNzwF/index.m3u8');
	INSERT INTO episodes (movie_id, name, video_url)
	  VALUES (92, 'Tập 89', 'https://player.phimapi.com/player/?url=https://s4.phim1280.tv/20250219/myjt7pRS/index.m3u8');
	INSERT INTO episodes (movie_id, name, video_url)
	  VALUES (92, 'Tập 90', 'https://player.phimapi.com/player/?url=https://s4.phim1280.tv/20250219/dvwINzXJ/index.m3u8');
	INSERT INTO episodes (movie_id, name, video_url)
	  VALUES (92, 'Tập 91', 'https://player.phimapi.com/player/?url=https://s4.phim1280.tv/20250219/8lC3zd78/index.m3u8');
	INSERT INTO episodes (movie_id, name, video_url)
	  VALUES (92, 'Tập 92', 'https://player.phimapi.com/player/?url=https://s4.phim1280.tv/20250219/BEqdH3Rz/index.m3u8');
	INSERT INTO episodes (movie_id, name, video_url)
	  VALUES (92, 'Tập 93', 'https://player.phimapi.com/player/?url=https://s4.phim1280.tv/20250219/XocV32YR/index.m3u8');
	INSERT INTO episodes (movie_id, name, video_url)
	  VALUES (92, 'Tập 94', 'https://player.phimapi.com/player/?url=https://s4.phim1280.tv/20250219/bpWGx4iT/index.m3u8');
	INSERT INTO episodes (movie_id, name, video_url)
	  VALUES (92, 'Tập 95', 'https://player.phimapi.com/player/?url=https://s4.phim1280.tv/20250219/wnyfAVw6/index.m3u8');
	INSERT INTO episodes (movie_id, name, video_url)
	  VALUES (92, 'Tập 96', 'https://player.phimapi.com/player/?url=https://s4.phim1280.tv/20250219/4jTGaJkG/index.m3u8');
	INSERT INTO episodes (movie_id, name, video_url)
	  VALUES (92, 'Tập 97', 'https://player.phimapi.com/player/?url=https://s4.phim1280.tv/20250219/d8f8VVIe/index.m3u8');
	INSERT INTO episodes (movie_id, name, video_url)
	  VALUES (92, 'Tập 98', 'https://player.phimapi.com/player/?url=https://s4.phim1280.tv/20250219/r56jWhU3/index.m3u8');
	INSERT INTO episodes (movie_id, name, video_url)
	  VALUES (92, 'Tập 99', 'https://player.phimapi.com/player/?url=https://s4.phim1280.tv/20250219/89rGzEPP/index.m3u8');
	INSERT INTO episodes (movie_id, name, video_url)
	  VALUES (92, 'Tập 100', 'https://player.phimapi.com/player/?url=https://s4.phim1280.tv/20250219/fJIKM3Pc/index.m3u8');
	INSERT INTO episodes (movie_id, name, video_url)
	  VALUES (92, 'Tập 101', 'https://player.phimapi.com/player/?url=https://s4.phim1280.tv/20250219/UATSKoT8/index.m3u8');
	INSERT INTO episodes (movie_id, name, video_url)
	  VALUES (92, 'Tập 102', 'https://player.phimapi.com/player/?url=https://s4.phim1280.tv/20250219/CC1bW3yt/index.m3u8');
	INSERT INTO episodes (movie_id, name, video_url)
	  VALUES (92, 'Tập 103', 'https://player.phimapi.com/player/?url=https://s4.phim1280.tv/20250219/ju9ZV1dC/index.m3u8');
	INSERT INTO episodes (movie_id, name, video_url)
	  VALUES (92, 'Tập 104', 'https://player.phimapi.com/player/?url=https://s4.phim1280.tv/20250219/DPUhz8ua/index.m3u8');
	INSERT INTO episodes (movie_id, name, video_url)
	  VALUES (92, 'Tập 105', 'https://player.phimapi.com/player/?url=https://s4.phim1280.tv/20250219/J2fSVa28/index.m3u8');
	INSERT INTO episodes (movie_id, name, video_url)
	  VALUES (92, 'Tập 106', 'https://player.phimapi.com/player/?url=https://s4.phim1280.tv/20250219/BBvbw1xc/index.m3u8');
	INSERT INTO episodes (movie_id, name, video_url)
	  VALUES (92, 'Tập 107', 'https://player.phimapi.com/player/?url=https://s4.phim1280.tv/20250219/jOz3BroL/index.m3u8');
	INSERT INTO episodes (movie_id, name, video_url)
	  VALUES (92, 'Tập 108', 'https://player.phimapi.com/player/?url=https://s4.phim1280.tv/20250219/c1lqto6j/index.m3u8');
	INSERT INTO episodes (movie_id, name, video_url)
	  VALUES (92, 'Tập 109', 'https://player.phimapi.com/player/?url=https://s4.phim1280.tv/20250219/Wec4oPZT/index.m3u8');
	INSERT INTO episodes (movie_id, name, video_url)
	  VALUES (92, 'Tập 110', 'https://player.phimapi.com/player/?url=https://s4.phim1280.tv/20250219/xSHw8uNg/index.m3u8');
	INSERT INTO episodes (movie_id, name, video_url)
	  VALUES (92, 'Tập 111', 'https://player.phimapi.com/player/?url=https://s4.phim1280.tv/20250219/7BeG8sTQ/index.m3u8');
	INSERT INTO episodes (movie_id, name, video_url)
	  VALUES (92, 'Tập 112', 'https://player.phimapi.com/player/?url=https://s4.phim1280.tv/20250219/jcoNDSnN/index.m3u8');
	INSERT INTO episodes (movie_id, name, video_url)
	  VALUES (92, 'Tập 113', 'https://player.phimapi.com/player/?url=https://s4.phim1280.tv/20250219/PtkFkQ54/index.m3u8');
	INSERT INTO episodes (movie_id, name, video_url)
	  VALUES (92, 'Tập 114', 'https://player.phimapi.com/player/?url=https://s4.phim1280.tv/20250219/5i4ACKoG/index.m3u8');
	INSERT INTO episodes (movie_id, name, video_url)
	  VALUES (92, 'Tập 115', 'https://player.phimapi.com/player/?url=https://s4.phim1280.tv/20250219/k0og32qM/index.m3u8');
	INSERT INTO episodes (movie_id, name, video_url)
	  VALUES (92, 'Tập 116', 'https://player.phimapi.com/player/?url=https://s4.phim1280.tv/20250219/fouaBpct/index.m3u8');
	INSERT INTO episodes (movie_id, name, video_url)
	  VALUES (92, 'Tập 117', 'https://player.phimapi.com/player/?url=https://s4.phim1280.tv/20250219/mL1eaWdK/index.m3u8');
	INSERT INTO episodes (movie_id, name, video_url)
	  VALUES (92, 'Tập 118', 'https://player.phimapi.com/player/?url=https://s4.phim1280.tv/20250219/i4CM11yh/index.m3u8');
	INSERT INTO episodes (movie_id, name, video_url)
	  VALUES (92, 'Tập 119', 'https://player.phimapi.com/player/?url=https://s4.phim1280.tv/20250219/0x6xdJn9/index.m3u8');
	INSERT INTO episodes (movie_id, name, video_url)
	  VALUES (92, 'Tập 120', 'https://player.phimapi.com/player/?url=https://s4.phim1280.tv/20250219/ru5be0PW/index.m3u8');
	INSERT INTO episodes (movie_id, name, video_url)
	  VALUES (92, 'Tập 121', 'https://player.phimapi.com/player/?url=https://s4.phim1280.tv/20250219/ywoZYjYW/index.m3u8');
	INSERT INTO episodes (movie_id, name, video_url)
	  VALUES (92, 'Tập 122', 'https://player.phimapi.com/player/?url=https://s4.phim1280.tv/20250219/ptrOGoyF/index.m3u8');
	INSERT INTO episodes (movie_id, name, video_url)
	  VALUES (92, 'Tập 123', 'https://player.phimapi.com/player/?url=https://s4.phim1280.tv/20250219/71BQJ9BI/index.m3u8');
	INSERT INTO episodes (movie_id, name, video_url)
	  VALUES (92, 'Tập 124', 'https://player.phimapi.com/player/?url=https://s4.phim1280.tv/20250219/vffEMnr2/index.m3u8');
	INSERT INTO episodes (movie_id, name, video_url)
	  VALUES (92, 'Tập 125', 'https://player.phimapi.com/player/?url=https://s4.phim1280.tv/20250219/dzV9t9IP/index.m3u8');
	INSERT INTO episodes (movie_id, name, video_url)
	  VALUES (92, 'Tập 126', 'https://player.phimapi.com/player/?url=https://s4.phim1280.tv/20250219/tg6B0FlD/index.m3u8');
	INSERT INTO episodes (movie_id, name, video_url)
	  VALUES (92, 'Tập 127', 'https://player.phimapi.com/player/?url=https://s4.phim1280.tv/20250219/g5oNp4PN/index.m3u8');
	INSERT INTO episodes (movie_id, name, video_url)
	  VALUES (92, 'Tập 128', 'https://player.phimapi.com/player/?url=https://s4.phim1280.tv/20250219/2tcowLBh/index.m3u8');
	INSERT INTO episodes (movie_id, name, video_url)
	  VALUES (92, 'Tập 129', 'https://player.phimapi.com/player/?url=https://s4.phim1280.tv/20250219/htaJpSpw/index.m3u8');
	INSERT INTO episodes (movie_id, name, video_url)
	  VALUES (92, 'Tập 130', 'https://player.phimapi.com/player/?url=https://s4.phim1280.tv/20250219/x8cTkARN/index.m3u8');
	INSERT INTO episodes (movie_id, name, video_url)
	  VALUES (92, 'Tập 131', 'https://player.phimapi.com/player/?url=https://s4.phim1280.tv/20250219/rK5xgZSc/index.m3u8');
	INSERT INTO episodes (movie_id, name, video_url)
	  VALUES (92, 'Tập 132', 'https://player.phimapi.com/player/?url=https://s4.phim1280.tv/20250219/AlLWV1b8/index.m3u8');
	INSERT INTO episodes (movie_id, name, video_url)
	  VALUES (92, 'Tập 133', 'https://player.phimapi.com/player/?url=https://s4.phim1280.tv/20250219/vNu8NeZD/index.m3u8');
	INSERT INTO episodes (movie_id, name, video_url)
	  VALUES (92, 'Tập 134', 'https://player.phimapi.com/player/?url=https://s4.phim1280.tv/20250219/TdzasF0Q/index.m3u8');
	INSERT INTO episodes (movie_id, name, video_url)
	  VALUES (92, 'Tập 135', 'https://player.phimapi.com/player/?url=https://s4.phim1280.tv/20250219/QwPMW8CT/index.m3u8');
	INSERT INTO episodes (movie_id, name, video_url)
	  VALUES (92, 'Tập 136', 'https://player.phimapi.com/player/?url=https://s4.phim1280.tv/20250219/cKaPxEKo/index.m3u8');
	INSERT INTO episodes (movie_id, name, video_url)
	  VALUES (92, 'Tập 137', 'https://player.phimapi.com/player/?url=https://s4.phim1280.tv/20250219/666wObQJ/index.m3u8');
	INSERT INTO episodes (movie_id, name, video_url)
	  VALUES (92, 'Tập 138', 'https://player.phimapi.com/player/?url=https://s4.phim1280.tv/20250219/OaOElMAf/index.m3u8');
	INSERT INTO episodes (movie_id, name, video_url)
	  VALUES (92, 'Tập 139', 'https://player.phimapi.com/player/?url=https://s4.phim1280.tv/20250219/gwZaoEUN/index.m3u8');
	INSERT INTO episodes (movie_id, name, video_url)
	  VALUES (92, 'Tập 140', 'https://player.phimapi.com/player/?url=https://s4.phim1280.tv/20250219/QkgK2yH7/index.m3u8');
	INSERT INTO episodes (movie_id, name, video_url)
	  VALUES (92, 'Tập 141', 'https://player.phimapi.com/player/?url=https://s4.phim1280.tv/20250219/ufnxCPP2/index.m3u8');
	INSERT INTO episodes (movie_id, name, video_url)
	  VALUES (92, 'Tập 142', 'https://player.phimapi.com/player/?url=https://s4.phim1280.tv/20250219/b1lIBcbL/index.m3u8');
	INSERT INTO episodes (movie_id, name, video_url)
	  VALUES (92, 'Tập 143', 'https://player.phimapi.com/player/?url=https://s4.phim1280.tv/20250219/mFySEKaE/index.m3u8');
	INSERT INTO episodes (movie_id, name, video_url)
	  VALUES (92, 'Tập 144', 'https://player.phimapi.com/player/?url=https://s4.phim1280.tv/20250219/7x6q9Son/index.m3u8');
	INSERT INTO episodes (movie_id, name, video_url)
	  VALUES (92, 'Tập 145', 'https://player.phimapi.com/player/?url=https://s4.phim1280.tv/20250219/WQ3I3s2L/index.m3u8');
	INSERT INTO episodes (movie_id, name, video_url)
	  VALUES (92, 'Tập 146', 'https://player.phimapi.com/player/?url=https://s4.phim1280.tv/20250219/z9rnk6GJ/index.m3u8');
	INSERT INTO episodes (movie_id, name, video_url)
	  VALUES (92, 'Tập 147', 'https://player.phimapi.com/player/?url=https://s4.phim1280.tv/20250219/vYAJ4Ge8/index.m3u8');
	INSERT INTO episodes (movie_id, name, video_url)
	  VALUES (92, 'Tập 148', 'https://player.phimapi.com/player/?url=https://s4.phim1280.tv/20250219/7mVgSqH6/index.m3u8');
	INSERT INTO episodes (movie_id, name, video_url)
	  VALUES (92, 'Tập 149', 'https://player.phimapi.com/player/?url=https://s4.phim1280.tv/20250219/kKKm8X38/index.m3u8');
	INSERT INTO episodes (movie_id, name, video_url)
	  VALUES (92, 'Tập 150', 'https://player.phimapi.com/player/?url=https://s4.phim1280.tv/20250219/8DrhHxKp/index.m3u8');
	INSERT INTO episodes (movie_id, name, video_url)
	  VALUES (92, 'Tập 151', 'https://player.phimapi.com/player/?url=https://s4.phim1280.tv/20250219/GMRxmQPn/index.m3u8');
	INSERT INTO episodes (movie_id, name, video_url)
	  VALUES (92, 'Tập 152', 'https://player.phimapi.com/player/?url=https://s4.phim1280.tv/20250219/ayQYq424/index.m3u8');
	INSERT INTO episodes (movie_id, name, video_url)
	  VALUES (92, 'Tập 153', 'https://player.phimapi.com/player/?url=https://s4.phim1280.tv/20250219/nRjPoQIj/index.m3u8');
	INSERT INTO episodes (movie_id, name, video_url)
	  VALUES (92, 'Tập 154', 'https://player.phimapi.com/player/?url=https://s4.phim1280.tv/20250219/h0e1Pyw8/index.m3u8');
	INSERT INTO episodes (movie_id, name, video_url)
	  VALUES (92, 'Tập 155', 'https://player.phimapi.com/player/?url=https://s4.phim1280.tv/20250219/X5xnlkcW/index.m3u8');
	INSERT INTO episodes (movie_id, name, video_url)
	  VALUES (92, 'Tập 156', 'https://player.phimapi.com/player/?url=https://s4.phim1280.tv/20250219/H8fQI1ZP/index.m3u8');
	INSERT INTO episodes (movie_id, name, video_url)
	  VALUES (92, 'Tập 157', 'https://player.phimapi.com/player/?url=https://s4.phim1280.tv/20250219/GxN3yVoM/index.m3u8');
	INSERT INTO episodes (movie_id, name, video_url)
	  VALUES (92, 'Tập 158', 'https://player.phimapi.com/player/?url=https://s4.phim1280.tv/20250219/CvTaU0tA/index.m3u8');
	INSERT INTO episodes (movie_id, name, video_url)
	  VALUES (92, 'Tập 159', 'https://player.phimapi.com/player/?url=https://s4.phim1280.tv/20250219/DPSdy7EL/index.m3u8');
	INSERT INTO episodes (movie_id, name, video_url)
	  VALUES (92, 'Tập 160', 'https://player.phimapi.com/player/?url=https://s4.phim1280.tv/20250219/GPl4KYDZ/index.m3u8');
	INSERT INTO episodes (movie_id, name, video_url)
	  VALUES (92, 'Tập 161', 'https://player.phimapi.com/player/?url=https://s4.phim1280.tv/20250219/t5qR8Wzr/index.m3u8');
	INSERT INTO episodes (movie_id, name, video_url)
	  VALUES (92, 'Tập 162', 'https://player.phimapi.com/player/?url=https://s4.phim1280.tv/20250219/s4aIW4Z6/index.m3u8');
	INSERT INTO episodes (movie_id, name, video_url)
	  VALUES (92, 'Tập 163', 'https://player.phimapi.com/player/?url=https://s4.phim1280.tv/20250219/8mAgdvr2/index.m3u8');
	INSERT INTO episodes (movie_id, name, video_url)
	  VALUES (92, 'Tập 164', 'https://player.phimapi.com/player/?url=https://s4.phim1280.tv/20250219/Agbzre32/index.m3u8');
	INSERT INTO episodes (movie_id, name, video_url)
	  VALUES (92, 'Tập 165', 'https://player.phimapi.com/player/?url=https://s4.phim1280.tv/20250219/kN7Tibhp/index.m3u8');
	INSERT INTO episodes (movie_id, name, video_url)
	  VALUES (92, 'Tập 166', 'https://player.phimapi.com/player/?url=https://s4.phim1280.tv/20250219/JI2TMv0d/index.m3u8');
	INSERT INTO episodes (movie_id, name, video_url)
	  VALUES (92, 'Tập 167', 'https://player.phimapi.com/player/?url=https://s4.phim1280.tv/20250219/KuaCmEOX/index.m3u8');
	INSERT INTO episodes (movie_id, name, video_url)
	  VALUES (92, 'Tập 168', 'https://player.phimapi.com/player/?url=https://s4.phim1280.tv/20250219/hwe7ahU9/index.m3u8');
	INSERT INTO episodes (movie_id, name, video_url)
	  VALUES (92, 'Tập 169', 'https://player.phimapi.com/player/?url=https://s4.phim1280.tv/20250219/NZo2AhFs/index.m3u8');
	INSERT INTO episodes (movie_id, name, video_url)
	  VALUES (92, 'Tập 170', 'https://player.phimapi.com/player/?url=https://s4.phim1280.tv/20250219/HyBITLoo/index.m3u8');
	INSERT INTO episodes (movie_id, name, video_url)
	  VALUES (92, 'Tập 171', 'https://player.phimapi.com/player/?url=https://s4.phim1280.tv/20250219/r39Zt7QH/index.m3u8');
	INSERT INTO episodes (movie_id, name, video_url)
	  VALUES (92, 'Tập 172', 'https://player.phimapi.com/player/?url=https://s4.phim1280.tv/20250219/zqApr0Lk/index.m3u8');
	INSERT INTO episodes (movie_id, name, video_url)
	  VALUES (92, 'Tập 173', 'https://player.phimapi.com/player/?url=https://s4.phim1280.tv/20250219/jJdfV8k9/index.m3u8');
	INSERT INTO episodes (movie_id, name, video_url)
	  VALUES (92, 'Tập 174', 'https://player.phimapi.com/player/?url=https://s4.phim1280.tv/20250219/EUYGSw6r/index.m3u8');
	INSERT INTO episodes (movie_id, name, video_url)
	  VALUES (92, 'Tập 175', 'https://player.phimapi.com/player/?url=https://s4.phim1280.tv/20250219/eGhBPHcJ/index.m3u8');
	INSERT INTO episodes (movie_id, name, video_url)
	  VALUES (92, 'Tập 176', 'https://player.phimapi.com/player/?url=https://s4.phim1280.tv/20250219/lIEa9H09/index.m3u8');
	INSERT INTO episodes (movie_id, name, video_url)
	  VALUES (92, 'Tập 177', 'https://player.phimapi.com/player/?url=https://s4.phim1280.tv/20250219/m2hk0ygu/index.m3u8');
	INSERT INTO episodes (movie_id, name, video_url)
	  VALUES (92, 'Tập 178', 'https://player.phimapi.com/player/?url=https://s4.phim1280.tv/20250219/P7yW4Ohv/index.m3u8');
	INSERT INTO episodes (movie_id, name, video_url)
	  VALUES (92, 'Tập 179', 'https://player.phimapi.com/player/?url=https://s4.phim1280.tv/20250219/EZV3waiV/index.m3u8');
	INSERT INTO episodes (movie_id, name, video_url)
	  VALUES (92, 'Tập 180', 'https://player.phimapi.com/player/?url=https://s4.phim1280.tv/20250219/Ko7dSres/index.m3u8');
	INSERT INTO episodes (movie_id, name, video_url)
	  VALUES (92, 'Tập 181', 'https://player.phimapi.com/player/?url=https://s4.phim1280.tv/20250219/HwinBAzF/index.m3u8');
	INSERT INTO episodes (movie_id, name, video_url)
	  VALUES (92, 'Tập 182', 'https://player.phimapi.com/player/?url=https://s4.phim1280.tv/20250219/fMlcmVA7/index.m3u8');
	INSERT INTO episodes (movie_id, name, video_url)
	  VALUES (92, 'Tập 183', 'https://player.phimapi.com/player/?url=https://s4.phim1280.tv/20250219/ocyMTC6s/index.m3u8');
	INSERT INTO episodes (movie_id, name, video_url)
	  VALUES (92, 'Tập 184', 'https://player.phimapi.com/player/?url=https://s4.phim1280.tv/20250219/eT2R6iMI/index.m3u8');
	INSERT INTO episodes (movie_id, name, video_url)
	  VALUES (92, 'Tập 185', 'https://player.phimapi.com/player/?url=https://s4.phim1280.tv/20250219/J1DIsW2N/index.m3u8');
	INSERT INTO episodes (movie_id, name, video_url)
	  VALUES (92, 'Tập 186', 'https://player.phimapi.com/player/?url=https://s4.phim1280.tv/20250219/2Y9nyUiQ/index.m3u8');
	INSERT INTO episodes (movie_id, name, video_url)
	  VALUES (92, 'Tập 187', 'https://player.phimapi.com/player/?url=https://s4.phim1280.tv/20250219/4kC7aGnG/index.m3u8');
	INSERT INTO episodes (movie_id, name, video_url)
	  VALUES (92, 'Tập 188', 'https://player.phimapi.com/player/?url=https://s4.phim1280.tv/20250219/q7eWzB2z/index.m3u8');
	INSERT INTO episodes (movie_id, name, video_url)
	  VALUES (92, 'Tập 189', 'https://player.phimapi.com/player/?url=https://s4.phim1280.tv/20250219/6Gcbx7Ea/index.m3u8');
	INSERT INTO episodes (movie_id, name, video_url)
	  VALUES (92, 'Tập 190', 'https://player.phimapi.com/player/?url=https://s4.phim1280.tv/20250219/4m93qXC0/index.m3u8');
	INSERT INTO episodes (movie_id, name, video_url)
	  VALUES (92, 'Tập 191', 'https://player.phimapi.com/player/?url=https://s4.phim1280.tv/20250219/o6oeoDGA/index.m3u8');
	INSERT INTO episodes (movie_id, name, video_url)
	  VALUES (92, 'Tập 192', 'https://player.phimapi.com/player/?url=https://s4.phim1280.tv/20250219/cyg48Kcl/index.m3u8');
	INSERT INTO episodes (movie_id, name, video_url)
	  VALUES (92, 'Tập 193', 'https://player.phimapi.com/player/?url=https://s4.phim1280.tv/20250219/Uu7oUZdj/index.m3u8');
	INSERT INTO episodes (movie_id, name, video_url)
	  VALUES (92, 'Tập 194', 'https://player.phimapi.com/player/?url=https://s4.phim1280.tv/20250219/1krkNjS3/index.m3u8');
	INSERT INTO episodes (movie_id, name, video_url)
	  VALUES (92, 'Tập 195', 'https://player.phimapi.com/player/?url=https://s4.phim1280.tv/20250219/bUBsglb0/index.m3u8');
	INSERT INTO episodes (movie_id, name, video_url)
	  VALUES (92, 'Tập 196', 'https://player.phimapi.com/player/?url=https://s4.phim1280.tv/20250219/7V2kXwjv/index.m3u8');
	INSERT INTO episodes (movie_id, name, video_url)
	  VALUES (92, 'Tập 197', 'https://player.phimapi.com/player/?url=https://s4.phim1280.tv/20250219/8t55sjKn/index.m3u8');
	INSERT INTO episodes (movie_id, name, video_url)
	  VALUES (92, 'Tập 198', 'https://player.phimapi.com/player/?url=https://s4.phim1280.tv/20250219/vfbDlYZi/index.m3u8');
	INSERT INTO episodes (movie_id, name, video_url)
	  VALUES (92, 'Tập 199', 'https://player.phimapi.com/player/?url=https://s4.phim1280.tv/20250219/E4vDhhuq/index.m3u8');
	INSERT INTO episodes (movie_id, name, video_url)
	  VALUES (92, 'Tập 200', 'https://player.phimapi.com/player/?url=https://s4.phim1280.tv/20250219/GwDmTqGz/index.m3u8');
	INSERT INTO episodes (movie_id, name, video_url)
	  VALUES (92, 'Tập 201', 'https://player.phimapi.com/player/?url=https://s4.phim1280.tv/20250219/llVcEEW6/index.m3u8');
	INSERT INTO episodes (movie_id, name, video_url)
	  VALUES (92, 'Tập 202', 'https://player.phimapi.com/player/?url=https://s4.phim1280.tv/20250219/gQOCDBbG/index.m3u8');
	INSERT INTO episodes (movie_id, name, video_url)
	  VALUES (92, 'Tập 203', 'https://player.phimapi.com/player/?url=https://s4.phim1280.tv/20250219/ugdq4JNM/index.m3u8');
	INSERT INTO episodes (movie_id, name, video_url)
	  VALUES (92, 'Tập 204', 'https://player.phimapi.com/player/?url=https://s4.phim1280.tv/20250219/aHNsRinz/index.m3u8');
	INSERT INTO episodes (movie_id, name, video_url)
	  VALUES (92, 'Tập 205', 'https://player.phimapi.com/player/?url=https://s4.phim1280.tv/20250219/Pq6RNYXw/index.m3u8');
	INSERT INTO episodes (movie_id, name, video_url)
	  VALUES (92, 'Tập 206', 'https://player.phimapi.com/player/?url=https://s4.phim1280.tv/20250219/shpXFNok/index.m3u8');
	INSERT INTO episodes (movie_id, name, video_url)
	  VALUES (92, 'Tập 207', 'https://player.phimapi.com/player/?url=https://s4.phim1280.tv/20250219/2lkxdvQS/index.m3u8');
	INSERT INTO episodes (movie_id, name, video_url)
	  VALUES (92, 'Tập 208', 'https://player.phimapi.com/player/?url=https://s4.phim1280.tv/20250219/viapBIgO/index.m3u8');
	INSERT INTO episodes (movie_id, name, video_url)
	  VALUES (92, 'Tập 209', 'https://player.phimapi.com/player/?url=https://s4.phim1280.tv/20250219/4uGXcCMd/index.m3u8');
	INSERT INTO episodes (movie_id, name, video_url)
	  VALUES (92, 'Tập 210', 'https://player.phimapi.com/player/?url=https://s4.phim1280.tv/20250219/AW3Q9G3E/index.m3u8');
	INSERT INTO episodes (movie_id, name, video_url)
	  VALUES (92, 'Tập 211', 'https://player.phimapi.com/player/?url=https://s4.phim1280.tv/20250219/qjjXHKJA/index.m3u8');
	INSERT INTO episodes (movie_id, name, video_url)
	  VALUES (92, 'Tập 212', 'https://player.phimapi.com/player/?url=https://s4.phim1280.tv/20250219/vGTmHtFB/index.m3u8');
	INSERT INTO episodes (movie_id, name, video_url)
	  VALUES (92, 'Tập 213', 'https://player.phimapi.com/player/?url=https://s4.phim1280.tv/20250219/LRUg2jrL/index.m3u8');
	INSERT INTO episodes (movie_id, name, video_url)
	  VALUES (92, 'Tập 214', 'https://player.phimapi.com/player/?url=https://s4.phim1280.tv/20250219/QppmLesc/index.m3u8');
	INSERT INTO episodes (movie_id, name, video_url)
	  VALUES (92, 'Tập 215', 'https://player.phimapi.com/player/?url=https://s4.phim1280.tv/20250219/yZZ0tn7v/index.m3u8');
	INSERT INTO episodes (movie_id, name, video_url)
	  VALUES (92, 'Tập 216', 'https://player.phimapi.com/player/?url=https://s4.phim1280.tv/20250219/6LKiMYou/index.m3u8');
	INSERT INTO episodes (movie_id, name, video_url)
	  VALUES (92, 'Tập 217', 'https://player.phimapi.com/player/?url=https://s4.phim1280.tv/20250301/4JtCNFHM/index.m3u8');
	INSERT INTO episodes (movie_id, name, video_url)
	  VALUES (92, 'Tập 218', 'https://player.phimapi.com/player/?url=https://s4.phim1280.tv/20250301/ZNJRCXmB/index.m3u8');
	INSERT INTO episodes (movie_id, name, video_url)
	  VALUES (92, 'Tập 219', 'https://player.phimapi.com/player/?url=https://s4.phim1280.tv/20250301/96Ll4yUg/index.m3u8');
	INSERT INTO episodes (movie_id, name, video_url)
	  VALUES (92, 'Tập 220', 'https://player.phimapi.com/player/?url=https://s5.phim1280.tv/20250307/usFz2qVw/index.m3u8');
	INSERT INTO episodes (movie_id, name, video_url)
	  VALUES (92, 'Tập 221', 'https://player.phimapi.com/player/?url=https://s5.phim1280.tv/20250308/Un5SBKXI/index.m3u8');
	INSERT INTO episodes (movie_id, name, video_url)
	  VALUES (92, 'Tập 222', 'https://player.phimapi.com/player/?url=https://s4.phim1280.tv/20250311/2fZ7BPIg/index.m3u8');
	INSERT INTO episodes (movie_id, name, video_url)
	  VALUES (92, 'Tập 223', 'https://player.phimapi.com/player/?url=https://s4.phim1280.tv/20250315/oqdMnhlL/index.m3u8');
	INSERT INTO episodes (movie_id, name, video_url)
	  VALUES (92, 'Tập 224', 'https://player.phimapi.com/player/?url=https://s4.phim1280.tv/20250319/3zKsZAmQ/index.m3u8');
	INSERT INTO episodes (movie_id, name, video_url)
	  VALUES (92, 'Tập 225', 'https://player.phimapi.com/player/?url=https://s5.phim1280.tv/20250322/SzWMefxS/index.m3u8');
	INSERT INTO episodes (movie_id, name, video_url)
	  VALUES (92, 'Tập 226', 'https://player.phimapi.com/player/?url=https://s5.phim1280.tv/20250325/c3UAWo1c/index.m3u8');
	INSERT INTO episodes (movie_id, name, video_url)
	  VALUES (92, 'Tập 227', 'https://player.phimapi.com/player/?url=https://s5.phim1280.tv/20250329/smUtE6ko/index.m3u8');
	INSERT INTO episodes (movie_id, name, video_url)
	  VALUES (92, 'Tập 228', 'https://player.phimapi.com/player/?url=https://s4.phim1280.tv/20250401/JVC6zIsy/index.m3u8');
	INSERT INTO episodes (movie_id, name, video_url)
	  VALUES (92, 'Tập 229', 'https://player.phimapi.com/player/?url=https://s5.phim1280.tv/20250405/uF449swc/index.m3u8');
	INSERT INTO episodes (movie_id, name, video_url)
	  VALUES (92, 'Tập 230', 'https://player.phimapi.com/player/?url=https://s4.phim1280.tv/20250409/Tn0ixBWv/index.m3u8');
	INSERT INTO episodes (movie_id, name, video_url)
	  VALUES (92, 'Tập 231', 'https://player.phimapi.com/player/?url=https://s4.phim1280.tv/20250412/5aGmvI6Y/index.m3u8');
	INSERT INTO episodes (movie_id, name, video_url)
	  VALUES (92, 'Tập 232', 'https://player.phimapi.com/player/?url=https://s4.phim1280.tv/20250415/EFNIKdpt/index.m3u8');
	INSERT INTO episodes (movie_id, name, video_url)
	  VALUES (92, 'Tập 233', 'https://player.phimapi.com/player/?url=https://s5.phim1280.tv/20250419/u0tcY0a2/index.m3u8');
	INSERT INTO episodes (movie_id, name, video_url)
	  VALUES (92, 'Tập 234', 'https://player.phimapi.com/player/?url=https://s5.phim1280.tv/20250422/O31X8uCw/index.m3u8');
	INSERT INTO episodes (movie_id, name, video_url)
	  VALUES (92, 'Tập 235', 'https://player.phimapi.com/player/?url=https://s4.phim1280.tv/20250426/X1K4elja/index.m3u8');
	INSERT INTO episodes (movie_id, name, video_url)
	  VALUES (92, 'Tập 236', 'https://player.phimapi.com/player/?url=https://s5.phim1280.tv/20250429/RXydeVbO/index.m3u8');
	INSERT INTO episodes (movie_id, name, video_url)
	  VALUES (92, 'Tập 237', 'https://player.phimapi.com/player/?url=https://s5.phim1280.tv/20250503/7jufFWJ3/index.m3u8');
	INSERT INTO episodes (movie_id, name, video_url)
	  VALUES (92, 'Tập 238', 'https://player.phimapi.com/player/?url=https://s4.phim1280.tv/20250507/xMQCGJvM/index.m3u8');
	INSERT INTO episodes (movie_id, name, video_url)
	  VALUES (92, 'Tập 239', 'https://player.phimapi.com/player/?url=https://s5.phim1280.tv/20250510/CB4huUnY/index.m3u8');
	INSERT INTO episodes (movie_id, name, video_url)
	  VALUES (92, 'Tập 240', 'https://player.phimapi.com/player/?url=https://s5.phim1280.tv/20250513/14yWK2Bk/index.m3u8');
	INSERT INTO episodes (movie_id, name, video_url)
	  VALUES (92, 'Tập 241', 'https://player.phimapi.com/player/?url=https://s5.phim1280.tv/20250518/zkSm306A/index.m3u8');
	INSERT INTO episodes (movie_id, name, video_url)
	  VALUES (92, 'Tập 242', 'https://player.phimapi.com/player/?url=https://s4.phim1280.tv/20250520/funX040a/index.m3u8');
	INSERT INTO episodes (movie_id, name, video_url)
	  VALUES (92, 'Tập 243', 'https://player.phimapi.com/player/?url=https://s6.kkphimplayer6.com/20250524/LRAgCisz/index.m3u8');
	INSERT INTO episodes (movie_id, name, video_url)
	  VALUES (92, 'Tập 244', 'https://player.phimapi.com/player/?url=https://s6.kkphimplayer6.com/20250528/W9Xp8zHs/index.m3u8');
	INSERT INTO episodes (movie_id, name, video_url)
	  VALUES (92, 'Tập 245', 'https://player.phimapi.com/player/?url=https://s6.kkphimplayer6.com/20250531/xxAYHPXK/index.m3u8');
	INSERT INTO episodes (movie_id, name, video_url)
	  VALUES (92, 'Tập 246', 'https://player.phimapi.com/player/?url=https://s6.kkphimplayer6.com/20250604/88Gz8BjH/index.m3u8');
	INSERT INTO episodes (movie_id, name, video_url)
	  VALUES (92, 'Tập 247', 'https://player.phimapi.com/player/?url=https://s6.kkphimplayer6.com/20250607/SMDamajU/index.m3u8');
	INSERT INTO episodes (movie_id, name, video_url)
	  VALUES (92, 'Tập 248', 'https://player.phimapi.com/player/?url=https://s6.kkphimplayer6.com/20250611/h9XFaeqT/index.m3u8');
	INSERT INTO episodes (movie_id, name, video_url)
	  VALUES (92, 'Tập 249', 'https://player.phimapi.com/player/?url=https://s6.kkphimplayer6.com/20250614/zMUYm6Vw/index.m3u8');
	INSERT INTO episodes (movie_id, name, video_url)
	  VALUES (92, 'Tập 250', 'https://player.phimapi.com/player/?url=https://s6.kkphimplayer6.com/20250618/qQL2JfWZ/index.m3u8');
	INSERT INTO episodes (movie_id, name, video_url)
	  VALUES (92, 'Tập 251', 'https://player.phimapi.com/player/?url=https://s6.kkphimplayer6.com/20250621/1CRQvIEI/index.m3u8');
	INSERT INTO episodes (movie_id, name, video_url)
	  VALUES (92, 'Tập 252', 'https://player.phimapi.com/player/?url=https://s6.kkphimplayer6.com/20250627/99DcwYYv/index.m3u8');
	INSERT INTO episodes (movie_id, name, video_url)
	  VALUES (92, 'Tập 253', 'https://player.phimapi.com/player/?url=https://s6.kkphimplayer6.com/20250630/SNHjnVyI/index.m3u8');
	INSERT INTO episodes (movie_id, name, video_url)
	  VALUES (92, 'Tập 254', 'https://player.phimapi.com/player/?url=https://s6.kkphimplayer6.com/20250702/1BlvM2w1/index.m3u8');
	INSERT INTO episodes (movie_id, name, video_url)
	  VALUES (92, 'Tập 255', 'https://player.phimapi.com/player/?url=https://s6.kkphimplayer6.com/20250705/fFkTM7WC/index.m3u8');
	INSERT INTO episodes (movie_id, name, video_url)
	  VALUES (92, 'Tập 256', 'https://player.phimapi.com/player/?url=https://s6.kkphimplayer6.com/20250708/7Kv6YGXf/index.m3u8');
	INSERT INTO episodes (movie_id, name, video_url)
	  VALUES (92, 'Tập 257', 'https://player.phimapi.com/player/?url=https://s6.kkphimplayer6.com/20250713/yQc52mjq/index.m3u8');
	INSERT INTO episodes (movie_id, name, video_url)
	  VALUES (92, 'Tập 258', 'https://player.phimapi.com/player/?url=https://s6.kkphimplayer6.com/20250715/7vh7oUSZ/index.m3u8');
	INSERT INTO episodes (movie_id, name, video_url)
	  VALUES (92, 'Tập 259', 'https://player.phimapi.com/player/?url=https://s6.kkphimplayer6.com/20250719/8ihGaJrH/index.m3u8');
	INSERT INTO episodes (movie_id, name, video_url)
	  VALUES (92, 'Tập 260', 'https://player.phimapi.com/player/?url=https://s6.kkphimplayer6.com/20250723/VcryAgRq/index.m3u8');
	INSERT INTO episodes (movie_id, name, video_url)
	  VALUES (92, 'Tập 261', 'https://player.phimapi.com/player/?url=https://s6.kkphimplayer6.com/20250723/VXoHSyrZ/index.m3u8');
	INSERT INTO episodes (movie_id, name, video_url)
	  VALUES (92, 'Tập 262', 'https://player.phimapi.com/player/?url=https://s6.kkphimplayer6.com/20250726/b3vbUwbU/index.m3u8');
	INSERT INTO episodes (movie_id, name, video_url)
	  VALUES (92, 'Tập 263', 'https://player.phimapi.com/player/?url=https://s6.kkphimplayer6.com/20250730/eZLknQtw/index.m3u8');
	INSERT INTO episodes (movie_id, name, video_url)
	  VALUES (92, 'Tập 264', 'https://player.phimapi.com/player/?url=https://s6.kkphimplayer6.com/20250803/lDwsfe4M/index.m3u8');
	INSERT INTO episodes (movie_id, name, video_url)
	  VALUES (92, 'Tập 265', 'https://player.phimapi.com/player/?url=https://s6.kkphimplayer6.com/20250807/3mKe7THR/index.m3u8');
	INSERT INTO episodes (movie_id, name, video_url)
	  VALUES (92, 'Tập 266', 'https://player.phimapi.com/player/?url=https://s6.kkphimplayer6.com/20250809/wGzcXQbm/index.m3u8');
	INSERT INTO episodes (movie_id, name, video_url)
	  VALUES (92, 'Tập 267', 'https://player.phimapi.com/player/?url=https://s6.kkphimplayer6.com/20250812/1kK3BVeO/index.m3u8');
	INSERT INTO episodes (movie_id, name, video_url)
	  VALUES (92, 'Tập 268', 'https://player.phimapi.com/player/?url=https://s6.kkphimplayer6.com/20250816/sOVgffbT/index.m3u8');
	INSERT INTO episodes (movie_id, name, video_url)
	  VALUES (92, 'Tập 269', 'https://player.phimapi.com/player/?url=https://s6.kkphimplayer6.com/20250819/zuyLOSgO/index.m3u8');
	INSERT INTO episodes (movie_id, name, video_url)
	  VALUES (92, 'Tập 270', 'https://player.phimapi.com/player/?url=https://s6.kkphimplayer6.com/20250823/lCRBPJUd/index.m3u8');
	INSERT INTO episodes (movie_id, name, video_url)
	  VALUES (92, 'Tập 271', 'https://player.phimapi.com/player/?url=https://s6.kkphimplayer6.com/20250829/pQUlNNZs/index.m3u8');
	INSERT INTO episodes (movie_id, name, video_url)
	  VALUES (92, 'Tập 272', 'https://player.phimapi.com/player/?url=https://s6.kkphimplayer6.com/20250830/kTOxeDrL/index.m3u8');
	INSERT INTO episodes (movie_id, name, video_url)
	  VALUES (92, 'Tập 273', 'https://player.phimapi.com/player/?url=https://s6.kkphimplayer6.com/20250902/pYCCL86c/index.m3u8');
	INSERT INTO episodes (movie_id, name, video_url)
	  VALUES (92, 'Tập 274', 'https://player.phimapi.com/player/?url=https://s6.kkphimplayer6.com/20250906/bVgO3B9J/index.m3u8');
	INSERT INTO episodes (movie_id, name, video_url)
	  VALUES (92, 'Tập 275', 'https://player.phimapi.com/player/?url=https://s6.kkphimplayer6.com/20250909/mG6TcgQa/index.m3u8');
	INSERT INTO episodes (movie_id, name, video_url)
	  VALUES (92, 'Tập 276', 'https://player.phimapi.com/player/?url=https://s6.kkphimplayer6.com/20250913/XGMKHy4F/index.m3u8');
	INSERT INTO episodes (movie_id, name, video_url)
	  VALUES (92, 'Tập 277', 'https://player.phimapi.com/player/?url=https://s6.kkphimplayer6.com/20250916/VmatBjfk/index.m3u8');
	INSERT INTO episodes (movie_id, name, video_url)
	  VALUES (92, 'Tập 278', 'https://player.phimapi.com/player/?url=https://s6.kkphimplayer6.com/20250920/6ta3o4f0/index.m3u8');
	INSERT INTO episodes (movie_id, name, video_url)
	  VALUES (92, 'Tập 279', 'https://player.phimapi.com/player/?url=https://s6.kkphimplayer6.com/20250923/HdVfD7ng/index.m3u8');

	-- Movie: Khắc Tình Trong Ánh Trăng
	INSERT INTO movies (movie_id, title, description, release_date, poster_url, thumb_url, status)
	VALUES (93, 'Khắc Tình Trong Ánh Trăng', '<article>Năm 1963 tại Bangkok, một vị hoàng tử được sắp đặt hôn nhân lại đem lòng yêu người em họ của vị hôn thê. Giữa tình yêu và nghĩa vụ, anh buộc phải đưa ra lựa chọn định đoạt cả số phận và tương lai của mình.</article>', '2025', 'https://phimimg.com/upload/vod/20250924-1/b529011a0183a5c0afb6794bbbf1b042.jpg', 'https://phimimg.com/upload/vod/20250924-1/5a98a4a3b989660fe86428b91dc01319.jpg', 'showing');
	UPDATE movies SET country='Thái Lan', language='Vietsub', trailer_url='https://www.youtube.com/watch?v=C7MGzbSAMz0' WHERE movie_id=93;
	INSERT IGNORE INTO genres (name) VALUES ('Chính Kịch');
	INSERT INTO movie_genres (movie_id, genre_id)
	  SELECT 93, genre_id FROM genres WHERE name='Chính Kịch' LIMIT 1;
	INSERT IGNORE INTO genres (name) VALUES ('Tình Cảm');
	INSERT INTO movie_genres (movie_id, genre_id)
	  SELECT 93, genre_id FROM genres WHERE name='Tình Cảm' LIMIT 1;
	INSERT IGNORE INTO genres (name) VALUES ('Tâm Lý');
	INSERT INTO movie_genres (movie_id, genre_id)
	  SELECT 93, genre_id FROM genres WHERE name='Tâm Lý' LIMIT 1;
	INSERT IGNORE INTO actors (name) VALUES ('Peemapol Panichtamrong');
	INSERT INTO movie_actors (movie_id, actor_id)
	  SELECT 93, actor_id FROM actors WHERE name='Peemapol Panichtamrong' LIMIT 1;
	INSERT IGNORE INTO actors (name) VALUES ('Satjakorn Chalard');
	INSERT INTO movie_actors (movie_id, actor_id)
	  SELECT 93, actor_id FROM actors WHERE name='Satjakorn Chalard' LIMIT 1;
	INSERT IGNORE INTO actors (name) VALUES ('Veerinsara Tangkitsuvanich');
	INSERT INTO movie_actors (movie_id, actor_id)
	  SELECT 93, actor_id FROM actors WHERE name='Veerinsara Tangkitsuvanich' LIMIT 1;
	INSERT IGNORE INTO actors (name) VALUES ('Willie McIntosh');
	INSERT INTO movie_actors (movie_id, actor_id)
	  SELECT 93, actor_id FROM actors WHERE name='Willie McIntosh' LIMIT 1;
	INSERT IGNORE INTO actors (name) VALUES ('Chatchai Plengpanich');
	INSERT INTO movie_actors (movie_id, actor_id)
	  SELECT 93, actor_id FROM actors WHERE name='Chatchai Plengpanich' LIMIT 1;
	INSERT IGNORE INTO actors (name) VALUES ('Dom Haetrakul');
	INSERT INTO movie_actors (movie_id, actor_id)
	  SELECT 93, actor_id FROM actors WHERE name='Dom Haetrakul' LIMIT 1;
	INSERT IGNORE INTO actors (name) VALUES ('Rhatha Phongam');
	INSERT INTO movie_actors (movie_id, actor_id)
	  SELECT 93, actor_id FROM actors WHERE name='Rhatha Phongam' LIMIT 1;
	INSERT IGNORE INTO actors (name) VALUES ('Duangta Toongkamanee');
	INSERT INTO movie_actors (movie_id, actor_id)
	  SELECT 93, actor_id FROM actors WHERE name='Duangta Toongkamanee' LIMIT 1;
	INSERT IGNORE INTO actors (name) VALUES ('Nut Devahastin Na Ayutthaya');
	INSERT INTO movie_actors (movie_id, actor_id)
	  SELECT 93, actor_id FROM actors WHERE name='Nut Devahastin Na Ayutthaya' LIMIT 1;
	INSERT IGNORE INTO actors (name) VALUES ('Suzana Renaud');
	INSERT INTO movie_actors (movie_id, actor_id)
	  SELECT 93, actor_id FROM actors WHERE name='Suzana Renaud' LIMIT 1;
	INSERT IGNORE INTO actors (name) VALUES ('Wattana Kumthorntip');
	INSERT INTO movie_actors (movie_id, actor_id)
	  SELECT 93, actor_id FROM actors WHERE name='Wattana Kumthorntip' LIMIT 1;
	INSERT IGNORE INTO actors (name) VALUES ('Pympan Chalayanacupt');
	INSERT INTO movie_actors (movie_id, actor_id)
	  SELECT 93, actor_id FROM actors WHERE name='Pympan Chalayanacupt' LIMIT 1;
	INSERT IGNORE INTO actors (name) VALUES ('Natha');
	INSERT INTO movie_actors (movie_id, actor_id)
	  SELECT 93, actor_id FROM actors WHERE name='Natha' LIMIT 1;
	INSERT IGNORE INTO directors (name) VALUES ('Paoon Jansiri');
	INSERT INTO movie_directors (movie_id, director_id)
	  SELECT 93, director_id FROM directors WHERE name='Paoon Jansiri' LIMIT 1;
	INSERT INTO episodes (movie_id, name, video_url)
	  VALUES (93, 'Tập 01', 'https://player.phimapi.com/player/?url=https://s6.kkphimplayer6.com/20250923/kh2ESaT2/index.m3u8');
	INSERT INTO episodes (movie_id, name, video_url)
	  VALUES (93, 'Tập 02', 'https://player.phimapi.com/player/?url=https://s6.kkphimplayer6.com/20250923/OYEhNsgx/index.m3u8');

	-- Movie: Đại Lục Linh Võ
	INSERT INTO movies (movie_id, title, description, release_date, poster_url, thumb_url, status)
	VALUES (94, 'Đại Lục Linh Võ', 'Một thế giới mà linh lực và võ hồn cùng tồn tại, chỉ một ý niệm của linh tu có thể dời non lấp biển, võ giả tay không phá vỡ thiên địa. Thiên tài Thần Thiên, sau 10 tuổi võ hồn không thấy, linh hải khô cạn, trở thành phế vật của gia tộc. Sau đó vào nhầm đại trận của Cổ Kiếm Đế, có được cơ duyên lớn, từ đó cuộc đời thay đổi, phá Thiên Đạo, nắm giữ luân hồi, độ Đế kiếp, trở thành người đứng đầu Linh Võ Đại Lục.', '2024', 'https://phimimg.com/upload/vod/20250224-1/f10d225c86bd40ae0eaa2ef5d957c24e.jpg', 'https://phimimg.com/upload/vod/20250224-1/f68af9aa9f67c035f72938fb5291ba55.jpg', 'showing');
	UPDATE movies SET country='Trung Quốc', language='Vietsub', trailer_url=NULL WHERE movie_id=94;
	INSERT IGNORE INTO genres (name) VALUES ('Hành Động');
	INSERT INTO movie_genres (movie_id, genre_id)
	  SELECT 94, genre_id FROM genres WHERE name='Hành Động' LIMIT 1;
	INSERT IGNORE INTO genres (name) VALUES ('Phiêu Lưu');
	INSERT INTO movie_genres (movie_id, genre_id)
	  SELECT 94, genre_id FROM genres WHERE name='Phiêu Lưu' LIMIT 1;
	INSERT IGNORE INTO genres (name) VALUES ('Khoa Học');
	INSERT INTO movie_genres (movie_id, genre_id)
	  SELECT 94, genre_id FROM genres WHERE name='Khoa Học' LIMIT 1;
	INSERT IGNORE INTO genres (name) VALUES ('Viễn Tưởng');
	INSERT INTO movie_genres (movie_id, genre_id)
	  SELECT 94, genre_id FROM genres WHERE name='Viễn Tưởng' LIMIT 1;
	INSERT IGNORE INTO actors (name) VALUES ('Đang cập nhật');
	INSERT INTO movie_actors (movie_id, actor_id)
	  SELECT 94, actor_id FROM actors WHERE name='Đang cập nhật' LIMIT 1;
	INSERT IGNORE INTO directors (name) VALUES ('Đang cập nhật');
	INSERT INTO movie_directors (movie_id, director_id)
	  SELECT 94, director_id FROM directors WHERE name='Đang cập nhật' LIMIT 1;
	INSERT INTO episodes (movie_id, name, video_url)
	  VALUES (94, 'Tập 01', 'https://player.phimapi.com/player/?url=https://s5.phim1280.tv/20250225/n0XRCtZ4/index.m3u8');
	INSERT INTO episodes (movie_id, name, video_url)
	  VALUES (94, 'Tập 02', 'https://player.phimapi.com/player/?url=https://s5.phim1280.tv/20250225/7LvOJvWs/index.m3u8');
	INSERT INTO episodes (movie_id, name, video_url)
	  VALUES (94, 'Tập 03', 'https://player.phimapi.com/player/?url=https://s5.phim1280.tv/20250225/azJqUl12/index.m3u8');
	INSERT INTO episodes (movie_id, name, video_url)
	  VALUES (94, 'Tập 04', 'https://player.phimapi.com/player/?url=https://s5.phim1280.tv/20250225/s65fUvuI/index.m3u8');
	INSERT INTO episodes (movie_id, name, video_url)
	  VALUES (94, 'Tập 05', 'https://player.phimapi.com/player/?url=https://s5.phim1280.tv/20250225/soACZSY6/index.m3u8');
	INSERT INTO episodes (movie_id, name, video_url)
	  VALUES (94, 'Tập 06', 'https://player.phimapi.com/player/?url=https://s5.phim1280.tv/20250225/g7D7Jzds/index.m3u8');
	INSERT INTO episodes (movie_id, name, video_url)
	  VALUES (94, 'Tập 07', 'https://player.phimapi.com/player/?url=https://s5.phim1280.tv/20250225/mzJlRXll/index.m3u8');
	INSERT INTO episodes (movie_id, name, video_url)
	  VALUES (94, 'Tập 08', 'https://player.phimapi.com/player/?url=https://s5.phim1280.tv/20250225/LHRWeTD6/index.m3u8');
	INSERT INTO episodes (movie_id, name, video_url)
	  VALUES (94, 'Tập 09', 'https://player.phimapi.com/player/?url=https://s5.phim1280.tv/20250225/rtSisvQu/index.m3u8');
	INSERT INTO episodes (movie_id, name, video_url)
	  VALUES (94, 'Tập 10', 'https://player.phimapi.com/player/?url=https://s5.phim1280.tv/20250225/pKrD0MME/index.m3u8');
	INSERT INTO episodes (movie_id, name, video_url)
	  VALUES (94, 'Tập 11', 'https://player.phimapi.com/player/?url=https://s5.phim1280.tv/20250225/6NdZtiHF/index.m3u8');
	INSERT INTO episodes (movie_id, name, video_url)
	  VALUES (94, 'Tập 12', 'https://player.phimapi.com/player/?url=https://s5.phim1280.tv/20250225/Rtd3QaBo/index.m3u8');
	INSERT INTO episodes (movie_id, name, video_url)
	  VALUES (94, 'Tập 13', 'https://player.phimapi.com/player/?url=https://s5.phim1280.tv/20250225/AWb9YQiq/index.m3u8');
	INSERT INTO episodes (movie_id, name, video_url)
	  VALUES (94, 'Tập 14', 'https://player.phimapi.com/player/?url=https://s5.phim1280.tv/20250225/wXL2mL8v/index.m3u8');
	INSERT INTO episodes (movie_id, name, video_url)
	  VALUES (94, 'Tập 15', 'https://player.phimapi.com/player/?url=https://s5.phim1280.tv/20250225/MI6RiohL/index.m3u8');
	INSERT INTO episodes (movie_id, name, video_url)
	  VALUES (94, 'Tập 16', 'https://player.phimapi.com/player/?url=https://s5.phim1280.tv/20250225/mlFwhQ8c/index.m3u8');
	INSERT INTO episodes (movie_id, name, video_url)
	  VALUES (94, 'Tập 17', 'https://player.phimapi.com/player/?url=https://s5.phim1280.tv/20250225/DFHIgUcV/index.m3u8');
	INSERT INTO episodes (movie_id, name, video_url)
	  VALUES (94, 'Tập 18', 'https://player.phimapi.com/player/?url=https://s5.phim1280.tv/20250225/v5OF7Wdo/index.m3u8');
	INSERT INTO episodes (movie_id, name, video_url)
	  VALUES (94, 'Tập 19', 'https://player.phimapi.com/player/?url=https://s5.phim1280.tv/20250225/dWu9BItT/index.m3u8');
	INSERT INTO episodes (movie_id, name, video_url)
	  VALUES (94, 'Tập 20', 'https://player.phimapi.com/player/?url=https://s5.phim1280.tv/20250225/BDp6XN5R/index.m3u8');
	INSERT INTO episodes (movie_id, name, video_url)
	  VALUES (94, 'Tập 21', 'https://player.phimapi.com/player/?url=https://s5.phim1280.tv/20250225/ajohrqYi/index.m3u8');
	INSERT INTO episodes (movie_id, name, video_url)
	  VALUES (94, 'Tập 22', 'https://player.phimapi.com/player/?url=https://s5.phim1280.tv/20250225/f7tC88Jr/index.m3u8');
	INSERT INTO episodes (movie_id, name, video_url)
	  VALUES (94, 'Tập 23', 'https://player.phimapi.com/player/?url=https://s5.phim1280.tv/20250225/w0XidkoE/index.m3u8');
	INSERT INTO episodes (movie_id, name, video_url)
	  VALUES (94, 'Tập 24', 'https://player.phimapi.com/player/?url=https://s5.phim1280.tv/20250225/wcc9PqfI/index.m3u8');
	INSERT INTO episodes (movie_id, name, video_url)
	  VALUES (94, 'Tập 25', 'https://player.phimapi.com/player/?url=https://s5.phim1280.tv/20250225/WSr8BsXe/index.m3u8');
	INSERT INTO episodes (movie_id, name, video_url)
	  VALUES (94, 'Tập 26', 'https://player.phimapi.com/player/?url=https://s5.phim1280.tv/20250225/Ost7DQfX/index.m3u8');
	INSERT INTO episodes (movie_id, name, video_url)
	  VALUES (94, 'Tập 27', 'https://player.phimapi.com/player/?url=https://s5.phim1280.tv/20250225/beyE5cJC/index.m3u8');
	INSERT INTO episodes (movie_id, name, video_url)
	  VALUES (94, 'Tập 28', 'https://player.phimapi.com/player/?url=https://s5.phim1280.tv/20250225/0dhKa5kb/index.m3u8');
	INSERT INTO episodes (movie_id, name, video_url)
	  VALUES (94, 'Tập 29', 'https://player.phimapi.com/player/?url=https://s5.phim1280.tv/20250225/x6744jkL/index.m3u8');
	INSERT INTO episodes (movie_id, name, video_url)
	  VALUES (94, 'Tập 30', 'https://player.phimapi.com/player/?url=https://s5.phim1280.tv/20250225/Tsig4Esh/index.m3u8');
	INSERT INTO episodes (movie_id, name, video_url)
	  VALUES (94, 'Tập 31', 'https://player.phimapi.com/player/?url=https://s5.phim1280.tv/20250225/rzt28cxz/index.m3u8');
	INSERT INTO episodes (movie_id, name, video_url)
	  VALUES (94, 'Tập 32', 'https://player.phimapi.com/player/?url=https://s5.phim1280.tv/20250225/QOWiq3P1/index.m3u8');
	INSERT INTO episodes (movie_id, name, video_url)
	  VALUES (94, 'Tập 33', 'https://player.phimapi.com/player/?url=https://s5.phim1280.tv/20250225/WQ1LA80K/index.m3u8');
	INSERT INTO episodes (movie_id, name, video_url)
	  VALUES (94, 'Tập 34', 'https://player.phimapi.com/player/?url=https://s5.phim1280.tv/20250225/NhKbXQQ8/index.m3u8');
	INSERT INTO episodes (movie_id, name, video_url)
	  VALUES (94, 'Tập 35', 'https://player.phimapi.com/player/?url=https://s5.phim1280.tv/20250225/WOllaEy4/index.m3u8');
	INSERT INTO episodes (movie_id, name, video_url)
	  VALUES (94, 'Tập 36', 'https://player.phimapi.com/player/?url=https://s5.phim1280.tv/20250225/3Vqzl43h/index.m3u8');
	INSERT INTO episodes (movie_id, name, video_url)
	  VALUES (94, 'Tập 37', 'https://player.phimapi.com/player/?url=https://s5.phim1280.tv/20250225/IP4wiapQ/index.m3u8');
	INSERT INTO episodes (movie_id, name, video_url)
	  VALUES (94, 'Tập 38', 'https://player.phimapi.com/player/?url=https://s5.phim1280.tv/20250225/WZcOwQHR/index.m3u8');
	INSERT INTO episodes (movie_id, name, video_url)
	  VALUES (94, 'Tập 39', 'https://player.phimapi.com/player/?url=https://s5.phim1280.tv/20250225/XWPeW9Qk/index.m3u8');
	INSERT INTO episodes (movie_id, name, video_url)
	  VALUES (94, 'Tập 40', 'https://player.phimapi.com/player/?url=https://s5.phim1280.tv/20250225/H6pp2osF/index.m3u8');
	INSERT INTO episodes (movie_id, name, video_url)
	  VALUES (94, 'Tập 41', 'https://player.phimapi.com/player/?url=https://s5.phim1280.tv/20250225/hqPyoZWw/index.m3u8');
	INSERT INTO episodes (movie_id, name, video_url)
	  VALUES (94, 'Tập 42', 'https://player.phimapi.com/player/?url=https://s5.phim1280.tv/20250225/wuQ51Jrw/index.m3u8');
	INSERT INTO episodes (movie_id, name, video_url)
	  VALUES (94, 'Tập 43', 'https://player.phimapi.com/player/?url=https://s5.phim1280.tv/20250225/lfBfWv5m/index.m3u8');
	INSERT INTO episodes (movie_id, name, video_url)
	  VALUES (94, 'Tập 44', 'https://player.phimapi.com/player/?url=https://s5.phim1280.tv/20250225/XDMy0o1D/index.m3u8');
	INSERT INTO episodes (movie_id, name, video_url)
	  VALUES (94, 'Tập 45', 'https://player.phimapi.com/player/?url=https://s5.phim1280.tv/20250225/k5AbSU6i/index.m3u8');
	INSERT INTO episodes (movie_id, name, video_url)
	  VALUES (94, 'Tập 46', 'https://player.phimapi.com/player/?url=https://s5.phim1280.tv/20250225/Dopnx1IM/index.m3u8');
	INSERT INTO episodes (movie_id, name, video_url)
	  VALUES (94, 'Tập 47', 'https://player.phimapi.com/player/?url=https://s5.phim1280.tv/20250225/DQ54onLB/index.m3u8');
	INSERT INTO episodes (movie_id, name, video_url)
	  VALUES (94, 'Tập 48', 'https://player.phimapi.com/player/?url=https://s5.phim1280.tv/20250225/wRvuBrXR/index.m3u8');
	INSERT INTO episodes (movie_id, name, video_url)
	  VALUES (94, 'Tập 49', 'https://player.phimapi.com/player/?url=https://s5.phim1280.tv/20250225/JsaqdOwU/index.m3u8');
	INSERT INTO episodes (movie_id, name, video_url)
	  VALUES (94, 'Tập 50', 'https://player.phimapi.com/player/?url=https://s5.phim1280.tv/20250225/0DviP2bs/index.m3u8');
	INSERT INTO episodes (movie_id, name, video_url)
	  VALUES (94, 'Tập 51', 'https://player.phimapi.com/player/?url=https://s5.phim1280.tv/20250225/fNEmyQQV/index.m3u8');
	INSERT INTO episodes (movie_id, name, video_url)
	  VALUES (94, 'Tập 52', 'https://player.phimapi.com/player/?url=https://s5.phim1280.tv/20250225/tXc5RWDI/index.m3u8');
	INSERT INTO episodes (movie_id, name, video_url)
	  VALUES (94, 'Tập 53', 'https://player.phimapi.com/player/?url=https://s5.phim1280.tv/20250225/spxfpsKS/index.m3u8');
	INSERT INTO episodes (movie_id, name, video_url)
	  VALUES (94, 'Tập 54', 'https://player.phimapi.com/player/?url=https://s5.phim1280.tv/20250225/TXbB2Vdn/index.m3u8');
	INSERT INTO episodes (movie_id, name, video_url)
	  VALUES (94, 'Tập 55', 'https://player.phimapi.com/player/?url=https://s5.phim1280.tv/20250225/Gxwc6bxb/index.m3u8');
	INSERT INTO episodes (movie_id, name, video_url)
	  VALUES (94, 'Tập 56', 'https://player.phimapi.com/player/?url=https://s5.phim1280.tv/20250225/W6O5Qenz/index.m3u8');
	INSERT INTO episodes (movie_id, name, video_url)
	  VALUES (94, 'Tập 57', 'https://player.phimapi.com/player/?url=https://s5.phim1280.tv/20250225/W0d8WugL/index.m3u8');
	INSERT INTO episodes (movie_id, name, video_url)
	  VALUES (94, 'Tập 58', 'https://player.phimapi.com/player/?url=https://s5.phim1280.tv/20250225/BZLJfEta/index.m3u8');
	INSERT INTO episodes (movie_id, name, video_url)
	  VALUES (94, 'Tập 59', 'https://player.phimapi.com/player/?url=https://s5.phim1280.tv/20250225/U1N9uhqM/index.m3u8');
	INSERT INTO episodes (movie_id, name, video_url)
	  VALUES (94, 'Tập 60', 'https://player.phimapi.com/player/?url=https://s5.phim1280.tv/20250225/PR8wBpC7/index.m3u8');
	INSERT INTO episodes (movie_id, name, video_url)
	  VALUES (94, 'Tập 61', 'https://player.phimapi.com/player/?url=https://s5.phim1280.tv/20250225/wTrpNyrY/index.m3u8');
	INSERT INTO episodes (movie_id, name, video_url)
	  VALUES (94, 'Tập 62', 'https://player.phimapi.com/player/?url=https://s5.phim1280.tv/20250225/a48JW2aX/index.m3u8');
	INSERT INTO episodes (movie_id, name, video_url)
	  VALUES (94, 'Tập 63', 'https://player.phimapi.com/player/?url=https://s5.phim1280.tv/20250225/t0SBViau/index.m3u8');
	INSERT INTO episodes (movie_id, name, video_url)
	  VALUES (94, 'Tập 64', 'https://player.phimapi.com/player/?url=https://s5.phim1280.tv/20250225/KNzsNyIk/index.m3u8');
	INSERT INTO episodes (movie_id, name, video_url)
	  VALUES (94, 'Tập 65', 'https://player.phimapi.com/player/?url=https://s4.phim1280.tv/20250303/r0iAe9B8/index.m3u8');
	INSERT INTO episodes (movie_id, name, video_url)
	  VALUES (94, 'Tập 66', 'https://player.phimapi.com/player/?url=https://s5.phim1280.tv/20250310/yhwwHWSW/index.m3u8');
	INSERT INTO episodes (movie_id, name, video_url)
	  VALUES (94, 'Tập 67', 'https://player.phimapi.com/player/?url=https://s4.phim1280.tv/20250318/8nOxwzgX/index.m3u8');
	INSERT INTO episodes (movie_id, name, video_url)
	  VALUES (94, 'Tập 68', 'https://player.phimapi.com/player/?url=https://s5.phim1280.tv/20250325/YBj9F1Us/index.m3u8');
	INSERT INTO episodes (movie_id, name, video_url)
	  VALUES (94, 'Tập 69', 'https://player.phimapi.com/player/?url=https://s4.phim1280.tv/20250401/iM5bbOv7/index.m3u8');
	INSERT INTO episodes (movie_id, name, video_url)
	  VALUES (94, 'Tập 70', 'https://player.phimapi.com/player/?url=https://s4.phim1280.tv/20250409/8Q7iaFqz/index.m3u8');
	INSERT INTO episodes (movie_id, name, video_url)
	  VALUES (94, 'Tập 71', 'https://player.phimapi.com/player/?url=https://s4.phim1280.tv/20250414/T6H1lHGn/index.m3u8');
	INSERT INTO episodes (movie_id, name, video_url)
	  VALUES (94, 'Tập 72', 'https://player.phimapi.com/player/?url=https://s5.phim1280.tv/20250421/WkPfgUiq/index.m3u8');
	INSERT INTO episodes (movie_id, name, video_url)
	  VALUES (94, 'Tập 73', 'https://player.phimapi.com/player/?url=https://s4.phim1280.tv/20250428/Ob7ZRWcc/index.m3u8');
	INSERT INTO episodes (movie_id, name, video_url)
	  VALUES (94, 'Tập 74', 'https://player.phimapi.com/player/?url=https://s5.phim1280.tv/20250505/tklzGMCo/index.m3u8');
	INSERT INTO episodes (movie_id, name, video_url)
	  VALUES (94, 'Tập 75', 'https://player.phimapi.com/player/?url=https://s5.phim1280.tv/20250512/WOwySMQT/index.m3u8');
	INSERT INTO episodes (movie_id, name, video_url)
	  VALUES (94, 'Tập 76', 'https://player.phimapi.com/player/?url=https://s4.phim1280.tv/20250519/XIo82YvE/index.m3u8');
	INSERT INTO episodes (movie_id, name, video_url)
	  VALUES (94, 'Tập 77', 'https://player.phimapi.com/player/?url=https://s6.kkphimplayer6.com/20250526/A0k6JF5S/index.m3u8');
	INSERT INTO episodes (movie_id, name, video_url)
	  VALUES (94, 'Tập 78', 'https://player.phimapi.com/player/?url=https://s6.kkphimplayer6.com/20250531/ftbb3RH0/index.m3u8');
	INSERT INTO episodes (movie_id, name, video_url)
	  VALUES (94, 'Tập 79', 'https://player.phimapi.com/player/?url=https://s6.kkphimplayer6.com/20250602/97ZTzGqQ/index.m3u8');
	INSERT INTO episodes (movie_id, name, video_url)
	  VALUES (94, 'Tập 80', 'https://player.phimapi.com/player/?url=https://s6.kkphimplayer6.com/20250607/4Oq5nEsF/index.m3u8');
	INSERT INTO episodes (movie_id, name, video_url)
	  VALUES (94, 'Tập 81', 'https://player.phimapi.com/player/?url=https://s6.kkphimplayer6.com/20250611/q65y28PR/index.m3u8');
	INSERT INTO episodes (movie_id, name, video_url)
	  VALUES (94, 'Tập 82', 'https://player.phimapi.com/player/?url=https://s6.kkphimplayer6.com/20250614/3DBruHGm/index.m3u8');
	INSERT INTO episodes (movie_id, name, video_url)
	  VALUES (94, 'Tập 83', 'https://player.phimapi.com/player/?url=https://s6.kkphimplayer6.com/20250616/83uNvUEv/index.m3u8');
	INSERT INTO episodes (movie_id, name, video_url)
	  VALUES (94, 'Tập 84', 'https://player.phimapi.com/player/?url=https://s6.kkphimplayer6.com/20250620/qiKg0k32/index.m3u8');
	INSERT INTO episodes (movie_id, name, video_url)
	  VALUES (94, 'Tập 85', 'https://player.phimapi.com/player/?url=https://s6.kkphimplayer6.com/20250627/Z6Iwt4A5/index.m3u8');
	INSERT INTO episodes (movie_id, name, video_url)
	  VALUES (94, 'Tập 86', 'https://player.phimapi.com/player/?url=https://s6.kkphimplayer6.com/20250630/PcacMrIH/index.m3u8');
	INSERT INTO episodes (movie_id, name, video_url)
	  VALUES (94, 'Tập 87', 'https://player.phimapi.com/player/?url=https://s6.kkphimplayer6.com/20250630/UgJ31pVj/index.m3u8');
	INSERT INTO episodes (movie_id, name, video_url)
	  VALUES (94, 'Tập 88', 'https://player.phimapi.com/player/?url=https://s6.kkphimplayer6.com/20250704/ytxeP0cC/index.m3u8');
	INSERT INTO episodes (movie_id, name, video_url)
	  VALUES (94, 'Tập 89', 'https://player.phimapi.com/player/?url=https://s6.kkphimplayer6.com/20250707/5bGgGHNN/index.m3u8');
	INSERT INTO episodes (movie_id, name, video_url)
	  VALUES (94, 'Tập 90', 'https://player.phimapi.com/player/?url=https://s6.kkphimplayer6.com/20250713/pGaSHN9N/index.m3u8');
	INSERT INTO episodes (movie_id, name, video_url)
	  VALUES (94, 'Tập 91', 'https://player.phimapi.com/player/?url=https://s6.kkphimplayer6.com/20250715/dj1DsTnM/index.m3u8');
	INSERT INTO episodes (movie_id, name, video_url)
	  VALUES (94, 'Tập 92', 'https://player.phimapi.com/player/?url=https://s6.kkphimplayer6.com/20250719/bcCOvOeq/index.m3u8');
	INSERT INTO episodes (movie_id, name, video_url)
	  VALUES (94, 'Tập 93', 'https://player.phimapi.com/player/?url=https://s6.kkphimplayer6.com/20250723/VDvSFi6O/index.m3u8');
	INSERT INTO episodes (movie_id, name, video_url)
	  VALUES (94, 'Tập 94', 'https://player.phimapi.com/player/?url=https://s6.kkphimplayer6.com/20250726/Q5WfcfnQ/index.m3u8');
	INSERT INTO episodes (movie_id, name, video_url)
	  VALUES (94, 'Tập 95', 'https://player.phimapi.com/player/?url=https://s6.kkphimplayer6.com/20250728/Y6eJYB0f/index.m3u8');
	INSERT INTO episodes (movie_id, name, video_url)
	  VALUES (94, 'Tập 96', 'https://player.phimapi.com/player/?url=https://s6.kkphimplayer6.com/20250803/cefE3K9t/index.m3u8');
	INSERT INTO episodes (movie_id, name, video_url)
	  VALUES (94, 'Tập 97', 'https://player.phimapi.com/player/?url=https://s6.kkphimplayer6.com/20250805/kjIBJrQl/index.m3u8');
	INSERT INTO episodes (movie_id, name, video_url)
	  VALUES (94, 'Tập 98', 'https://player.phimapi.com/player/?url=https://s6.kkphimplayer6.com/20250809/iVeKwzLN/index.m3u8');
	INSERT INTO episodes (movie_id, name, video_url)
	  VALUES (94, 'Tập 99', 'https://player.phimapi.com/player/?url=https://s6.kkphimplayer6.com/20250811/9DE6eOjd/index.m3u8');
	INSERT INTO episodes (movie_id, name, video_url)
	  VALUES (94, 'Tập 100', 'https://player.phimapi.com/player/?url=https://s6.kkphimplayer6.com/20250815/fld5dGDk/index.m3u8');
	INSERT INTO episodes (movie_id, name, video_url)
	  VALUES (94, 'Tập 101', 'https://player.phimapi.com/player/?url=https://s6.kkphimplayer6.com/20250819/SqdWdJOx/index.m3u8');
	INSERT INTO episodes (movie_id, name, video_url)
	  VALUES (94, 'Tập 102', 'https://player.phimapi.com/player/?url=https://s6.kkphimplayer6.com/20250822/pA67QrKi/index.m3u8');
	INSERT INTO episodes (movie_id, name, video_url)
	  VALUES (94, 'Tập 103', 'https://player.phimapi.com/player/?url=https://s6.kkphimplayer6.com/20250829/XPMDJkIx/index.m3u8');
	INSERT INTO episodes (movie_id, name, video_url)
	  VALUES (94, 'Tập 104', 'https://player.phimapi.com/player/?url=https://s6.kkphimplayer6.com/20250830/dty0SrCJ/index.m3u8');
	INSERT INTO episodes (movie_id, name, video_url)
	  VALUES (94, 'Tập 105', 'https://player.phimapi.com/player/?url=https://s6.kkphimplayer6.com/20250902/nWdtEG94/index.m3u8');
	INSERT INTO episodes (movie_id, name, video_url)
	  VALUES (94, 'Tập 106', 'https://player.phimapi.com/player/?url=https://s6.kkphimplayer6.com/20250905/cOQYh2S0/index.m3u8');
	INSERT INTO episodes (movie_id, name, video_url)
	  VALUES (94, 'Tập 107', 'https://player.phimapi.com/player/?url=https://s6.kkphimplayer6.com/20250909/etXttb9s/index.m3u8');
	INSERT INTO episodes (movie_id, name, video_url)
	  VALUES (94, 'Tập 108', 'https://player.phimapi.com/player/?url=https://s6.kkphimplayer6.com/20250913/KzULFjXW/index.m3u8');
	INSERT INTO episodes (movie_id, name, video_url)
	  VALUES (94, 'Tập 109', 'https://player.phimapi.com/player/?url=https://s6.kkphimplayer6.com/20250915/gzkvmcUI/index.m3u8');
	INSERT INTO episodes (movie_id, name, video_url)
	  VALUES (94, 'Tập 110', 'https://player.phimapi.com/player/?url=https://s6.kkphimplayer6.com/20250920/XrCI4C3o/index.m3u8');
	INSERT INTO episodes (movie_id, name, video_url)
	  VALUES (94, 'Tập 111', 'https://player.phimapi.com/player/?url=https://s6.kkphimplayer6.com/20250923/jo3d6QcC/index.m3u8');

	-- Movie: Siêu Nhân Và Lois (Phần 1)
	INSERT INTO movies (movie_id, title, description, release_date, poster_url, thumb_url, status)
	VALUES (95, 'Siêu Nhân Và Lois (Phần 1)', 'Clark Ken/ Superman và người vợ Lois Lane chuyển về Smallville sống cùng 2 cậu con trai là Jonathan và Jordan. Tại đây, họ bắt đầu một cuộc phiêu lưu mới đầy thử thách, hiểm nguy và một kẻ thù mới đầy bí ẩn.', '2021', 'https://phimimg.com/upload/vod/20250331-1/9faa4081d3ad9897d39303f15123086b.jpg', 'https://phimimg.com/upload/vod/20250331-1/b96ae5d461d0ea4edfd7cec155778e58.jpg', 'showing');
	UPDATE movies SET country='Âu Mỹ', language='Vietsub + Thuyết Minh', trailer_url='https://www.youtube.com/watch?v=SJPJPUpNvDw' WHERE movie_id=95;
	INSERT IGNORE INTO genres (name) VALUES ('Chính Kịch');
	INSERT INTO movie_genres (movie_id, genre_id)
	  SELECT 95, genre_id FROM genres WHERE name='Chính Kịch' LIMIT 1;
	INSERT IGNORE INTO genres (name) VALUES ('Khoa Học');
	INSERT INTO movie_genres (movie_id, genre_id)
	  SELECT 95, genre_id FROM genres WHERE name='Khoa Học' LIMIT 1;
	INSERT IGNORE INTO genres (name) VALUES ('Viễn Tưởng');
	INSERT INTO movie_genres (movie_id, genre_id)
	  SELECT 95, genre_id FROM genres WHERE name='Viễn Tưởng' LIMIT 1;
	INSERT IGNORE INTO actors (name) VALUES ('Tyler Hoechlin');
	INSERT INTO movie_actors (movie_id, actor_id)
	  SELECT 95, actor_id FROM actors WHERE name='Tyler Hoechlin' LIMIT 1;
	INSERT IGNORE INTO actors (name) VALUES ('Elizabeth Tulloch');
	INSERT INTO movie_actors (movie_id, actor_id)
	  SELECT 95, actor_id FROM actors WHERE name='Elizabeth Tulloch' LIMIT 1;
	INSERT IGNORE INTO actors (name) VALUES ('Alex Garfin');
	INSERT INTO movie_actors (movie_id, actor_id)
	  SELECT 95, actor_id FROM actors WHERE name='Alex Garfin' LIMIT 1;
	INSERT IGNORE INTO actors (name) VALUES ('Michael Bishop');
	INSERT INTO movie_actors (movie_id, actor_id)
	  SELECT 95, actor_id FROM actors WHERE name='Michael Bishop' LIMIT 1;
	INSERT IGNORE INTO directors (name) VALUES ('Greg Berlanti');
	INSERT INTO movie_directors (movie_id, director_id)
	  SELECT 95, director_id FROM directors WHERE name='Greg Berlanti' LIMIT 1;
	INSERT INTO episodes (movie_id, name, video_url)
	  VALUES (95, 'Tập 01', 'https://player.phimapi.com/player/?url=https://s5.phim1280.tv/20250330/uJph9gaP/index.m3u8');
	INSERT INTO episodes (movie_id, name, video_url)
	  VALUES (95, 'Tập 02', 'https://player.phimapi.com/player/?url=https://s5.phim1280.tv/20250330/g20wK4W3/index.m3u8');
	INSERT INTO episodes (movie_id, name, video_url)
	  VALUES (95, 'Tập 03', 'https://player.phimapi.com/player/?url=https://s5.phim1280.tv/20250330/j0QYixdN/index.m3u8');
	INSERT INTO episodes (movie_id, name, video_url)
	  VALUES (95, 'Tập 04', 'https://player.phimapi.com/player/?url=https://s5.phim1280.tv/20250330/WFtu2hjg/index.m3u8');
	INSERT INTO episodes (movie_id, name, video_url)
	  VALUES (95, 'Tập 05', 'https://player.phimapi.com/player/?url=https://s5.phim1280.tv/20250330/oaxL7WGc/index.m3u8');
	INSERT INTO episodes (movie_id, name, video_url)
	  VALUES (95, 'Tập 06', 'https://player.phimapi.com/player/?url=https://s5.phim1280.tv/20250330/hPdfBnQl/index.m3u8');
	INSERT INTO episodes (movie_id, name, video_url)
	  VALUES (95, 'Tập 07', 'https://player.phimapi.com/player/?url=https://s5.phim1280.tv/20250330/75QOUjEF/index.m3u8');
	INSERT INTO episodes (movie_id, name, video_url)
	  VALUES (95, 'Tập 08', 'https://player.phimapi.com/player/?url=https://s5.phim1280.tv/20250330/B6F1T6CI/index.m3u8');
	INSERT INTO episodes (movie_id, name, video_url)
	  VALUES (95, 'Tập 09', 'https://player.phimapi.com/player/?url=https://s5.phim1280.tv/20250330/xDsIJqaL/index.m3u8');
	INSERT INTO episodes (movie_id, name, video_url)
	  VALUES (95, 'Tập 10', 'https://player.phimapi.com/player/?url=https://s5.phim1280.tv/20250330/j2sJnzgz/index.m3u8');
	INSERT INTO episodes (movie_id, name, video_url)
	  VALUES (95, 'Tập 11', 'https://player.phimapi.com/player/?url=https://s5.phim1280.tv/20250330/77xNEDxV/index.m3u8');
	INSERT INTO episodes (movie_id, name, video_url)
	  VALUES (95, 'Tập 12', 'https://player.phimapi.com/player/?url=https://s5.phim1280.tv/20250330/hM9r5mDb/index.m3u8');
	INSERT INTO episodes (movie_id, name, video_url)
	  VALUES (95, 'Tập 13', 'https://player.phimapi.com/player/?url=https://s5.phim1280.tv/20250330/mBlw4BOO/index.m3u8');
	INSERT INTO episodes (movie_id, name, video_url)
	  VALUES (95, 'Tập 14', 'https://player.phimapi.com/player/?url=https://s5.phim1280.tv/20250330/8dMPp3a8/index.m3u8');
	INSERT INTO episodes (movie_id, name, video_url)
	  VALUES (95, 'Tập 15', 'https://player.phimapi.com/player/?url=https://s5.phim1280.tv/20250330/0DYFS2DI/index.m3u8');
	INSERT INTO episodes (movie_id, name, video_url)
	  VALUES (95, 'Tập 01', 'https://player.phimapi.com/player/?url=https://s5.phim1280.tv/20250330/DpK7R6Bu/index.m3u8');
	INSERT INTO episodes (movie_id, name, video_url)
	  VALUES (95, 'Tập 02', 'https://player.phimapi.com/player/?url=https://s5.phim1280.tv/20250330/5TaNEuGM/index.m3u8');
	INSERT INTO episodes (movie_id, name, video_url)
	  VALUES (95, 'Tập 03', 'https://player.phimapi.com/player/?url=https://s5.phim1280.tv/20250330/wOMj0dg5/index.m3u8');
	INSERT INTO episodes (movie_id, name, video_url)
	  VALUES (95, 'Tập 04', 'https://player.phimapi.com/player/?url=https://s6.kkphimplayer6.com/20250923/VagniksU/index.m3u8');
	INSERT INTO episodes (movie_id, name, video_url)
	  VALUES (95, 'Tập 05', 'https://player.phimapi.com/player/?url=https://s5.phim1280.tv/20250330/PtVY3GrC/index.m3u8');
	INSERT INTO episodes (movie_id, name, video_url)
	  VALUES (95, 'Tập 06', 'https://player.phimapi.com/player/?url=https://s5.phim1280.tv/20250330/BmO7GKlQ/index.m3u8');
	INSERT INTO episodes (movie_id, name, video_url)
	  VALUES (95, 'Tập 07', 'https://player.phimapi.com/player/?url=https://s5.phim1280.tv/20250330/ICnAGdjM/index.m3u8');
	INSERT INTO episodes (movie_id, name, video_url)
	  VALUES (95, 'Tập 08', 'https://player.phimapi.com/player/?url=https://s5.phim1280.tv/20250330/PQ0xqWH3/index.m3u8');
	INSERT INTO episodes (movie_id, name, video_url)
	  VALUES (95, 'Tập 09', 'https://player.phimapi.com/player/?url=https://s5.phim1280.tv/20250330/x2qXR3CF/index.m3u8');
	INSERT INTO episodes (movie_id, name, video_url)
	  VALUES (95, 'Tập 10', 'https://player.phimapi.com/player/?url=https://s5.phim1280.tv/20250330/h47uHgrm/index.m3u8');
	INSERT INTO episodes (movie_id, name, video_url)
	  VALUES (95, 'Tập 11', 'https://player.phimapi.com/player/?url=https://s5.phim1280.tv/20250330/ijha5ESf/index.m3u8');
	INSERT INTO episodes (movie_id, name, video_url)
	  VALUES (95, 'Tập 12', 'https://player.phimapi.com/player/?url=https://s5.phim1280.tv/20250330/kOeKyX8P/index.m3u8');
	INSERT INTO episodes (movie_id, name, video_url)
	  VALUES (95, 'Tập 13', 'https://player.phimapi.com/player/?url=https://s5.phim1280.tv/20250330/WdUP9eS6/index.m3u8');
	INSERT INTO episodes (movie_id, name, video_url)
	  VALUES (95, 'Tập 14', 'https://player.phimapi.com/player/?url=https://s5.phim1280.tv/20250330/yiti0kZx/index.m3u8');
	INSERT INTO episodes (movie_id, name, video_url)
	  VALUES (95, 'Tập 15', 'https://player.phimapi.com/player/?url=https://s5.phim1280.tv/20250330/Q8RqyCj3/index.m3u8');

	-- Movie: Anh Em Đối Đầu (Bara Naga)
	INSERT INTO movies (movie_id, title, description, release_date, poster_url, thumb_url, status)
	VALUES (96, 'Anh Em Đối Đầu (Bara Naga)', 'Blood Brothers: Bara Naga (2025) kể về Ariff, một vệ sĩ bị gán tội phản bội ông chủ quyền lực từng cứu mạng mình. Quyết tâm minh oan, anh buộc phải nhờ đến người anh trai xa cách, trong khi bị truy đuổi bởi Ghaz – bạn thân nay trở thành kẻ săn lùng không khoan nhượng. Giữa vòng xoáy dối trá và hiểm nguy, tình anh em và tình bạn biến thành cuộc đối đầu.', '2025', 'https://phimimg.com/upload/vod/20250902-1/2ff67eb48c56e755d0950ee60a9bc36e.jpg', 'https://phimimg.com/upload/vod/20250902-1/af522961ffb90d688f6a7f4f272e764c.jpg', 'showing');
	UPDATE movies SET country='Indonesia', language='Vietsub', trailer_url='https://www.youtube.com/watch?v=d1nGdLRejl0' WHERE movie_id=96;
	INSERT IGNORE INTO genres (name) VALUES ('Hành Động');
	INSERT INTO movie_genres (movie_id, genre_id)
	  SELECT 96, genre_id FROM genres WHERE name='Hành Động' LIMIT 1;
	INSERT IGNORE INTO genres (name) VALUES ('Hình Sự');
	INSERT INTO movie_genres (movie_id, genre_id)
	  SELECT 96, genre_id FROM genres WHERE name='Hình Sự' LIMIT 1;
	INSERT IGNORE INTO genres (name) VALUES ('Chính Kịch');
	INSERT INTO movie_genres (movie_id, genre_id)
	  SELECT 96, genre_id FROM genres WHERE name='Chính Kịch' LIMIT 1;
	INSERT IGNORE INTO genres (name) VALUES ('Tâm Lý');
	INSERT INTO movie_genres (movie_id, genre_id)
	  SELECT 96, genre_id FROM genres WHERE name='Tâm Lý' LIMIT 1;
	INSERT IGNORE INTO actors (name) VALUES ('Sharnaaz Ahmad');
	INSERT INTO movie_actors (movie_id, actor_id)
	  SELECT 96, actor_id FROM actors WHERE name='Sharnaaz Ahmad' LIMIT 1;
	INSERT IGNORE INTO actors (name) VALUES ('Syafiq Kyle');
	INSERT INTO movie_actors (movie_id, actor_id)
	  SELECT 96, actor_id FROM actors WHERE name='Syafiq Kyle' LIMIT 1;
	INSERT IGNORE INTO actors (name) VALUES ('Shukri Yahaya');
	INSERT INTO movie_actors (movie_id, actor_id)
	  SELECT 96, actor_id FROM actors WHERE name='Shukri Yahaya' LIMIT 1;
	INSERT IGNORE INTO actors (name) VALUES ('Amelia Henderson');
	INSERT INTO movie_actors (movie_id, actor_id)
	  SELECT 96, actor_id FROM actors WHERE name='Amelia Henderson' LIMIT 1;
	INSERT IGNORE INTO actors (name) VALUES ('Syazwan Zulkifly');
	INSERT INTO movie_actors (movie_id, actor_id)
	  SELECT 96, actor_id FROM actors WHERE name='Syazwan Zulkifly' LIMIT 1;
	INSERT IGNORE INTO actors (name) VALUES ('Wan Hanafi Su');
	INSERT INTO movie_actors (movie_id, actor_id)
	  SELECT 96, actor_id FROM actors WHERE name='Wan Hanafi Su' LIMIT 1;
	INSERT IGNORE INTO actors (name) VALUES ('Zamarul Hisham');
	INSERT INTO movie_actors (movie_id, actor_id)
	  SELECT 96, actor_id FROM actors WHERE name='Zamarul Hisham' LIMIT 1;
	INSERT IGNORE INTO actors (name) VALUES ('Andy Teh');
	INSERT INTO movie_actors (movie_id, actor_id)
	  SELECT 96, actor_id FROM actors WHERE name='Andy Teh' LIMIT 1;
	INSERT IGNORE INTO actors (name) VALUES ('Irfan Zaini');
	INSERT INTO movie_actors (movie_id, actor_id)
	  SELECT 96, actor_id FROM actors WHERE name='Irfan Zaini' LIMIT 1;
	INSERT IGNORE INTO actors (name) VALUES ('Shah Reza Mohd Shah');
	INSERT INTO movie_actors (movie_id, actor_id)
	  SELECT 96, actor_id FROM actors WHERE name='Shah Reza Mohd Shah' LIMIT 1;
	INSERT IGNORE INTO actors (name) VALUES ('Hushairi Husain');
	INSERT INTO movie_actors (movie_id, actor_id)
	  SELECT 96, actor_id FROM actors WHERE name='Hushairi Husain' LIMIT 1;
	INSERT IGNORE INTO actors (name) VALUES ('Razib Salimin');
	INSERT INTO movie_actors (movie_id, actor_id)
	  SELECT 96, actor_id FROM actors WHERE name='Razib Salimin' LIMIT 1;
	INSERT IGNORE INTO actors (name) VALUES ('Amir Nafis');
	INSERT INTO movie_actors (movie_id, actor_id)
	  SELECT 96, actor_id FROM actors WHERE name='Amir Nafis' LIMIT 1;
	INSERT IGNORE INTO actors (name) VALUES ('Tracie Sinidol');
	INSERT INTO movie_actors (movie_id, actor_id)
	  SELECT 96, actor_id FROM actors WHERE name='Tracie Sinidol' LIMIT 1;
	INSERT IGNORE INTO actors (name) VALUES ('Dini Schatzmann');
	INSERT INTO movie_actors (movie_id, actor_id)
	  SELECT 96, actor_id FROM actors WHERE name='Dini Schatzmann' LIMIT 1;
	INSERT IGNORE INTO actors (name) VALUES ('Mikael Noah');
	INSERT INTO movie_actors (movie_id, actor_id)
	  SELECT 96, actor_id FROM actors WHERE name='Mikael Noah' LIMIT 1;
	INSERT IGNORE INTO actors (name) VALUES ('Ayam Fared');
	INSERT INTO movie_actors (movie_id, actor_id)
	  SELECT 96, actor_id FROM actors WHERE name='Ayam Fared' LIMIT 1;
	INSERT IGNORE INTO directors (name) VALUES ('Abhilash Chandra');
	INSERT INTO movie_directors (movie_id, director_id)
	  SELECT 96, director_id FROM directors WHERE name='Abhilash Chandra' LIMIT 1;
	INSERT IGNORE INTO directors (name) VALUES ('Syafiq Yusof');
	INSERT INTO movie_directors (movie_id, director_id)
	  SELECT 96, director_id FROM directors WHERE name='Syafiq Yusof' LIMIT 1;
	INSERT INTO episodes (movie_id, name, video_url)
	  VALUES (96, 'Full', 'https://player.phimapi.com/player/?url=https://s6.kkphimplayer6.com/20250902/CmzZ7qYo/index.m3u8');

	-- Movie: Trò Chơi Tử Thần
	INSERT INTO movies (movie_id, title, description, release_date, poster_url, thumb_url, status)
	VALUES (97, 'Trò Chơi Tử Thần', 'Từ bậc thầy kinh dị Chuck Russell, một chiếc bảng ma bị nguyền rủa đã đánh thức thế lực hắc ám, lôi kéo một cặp đôi trẻ vào trò chơi chết chóc đầy ám ảnh, lừa lọc và quỷ ám giữa lòng New Orleans.', '2025', 'https://phimimg.com/upload/vod/20250921-1/dc4c5b22cd3850a71eed0ffa535b7fbe.jpg', 'https://phimimg.com/upload/vod/20250921-1/4fffae67d83056c151e614890e5b67c3.jpg', 'showing');
	UPDATE movies SET country='Âu Mỹ', language='Vietsub', trailer_url='https://www.youtube.com/watch?v=SeLtL8pRF9I' WHERE movie_id=97;
	INSERT IGNORE INTO genres (name) VALUES ('Kinh Dị');
	INSERT INTO movie_genres (movie_id, genre_id)
	  SELECT 97, genre_id FROM genres WHERE name='Kinh Dị' LIMIT 1;
	INSERT IGNORE INTO genres (name) VALUES ('Chính Kịch');
	INSERT INTO movie_genres (movie_id, genre_id)
	  SELECT 97, genre_id FROM genres WHERE name='Chính Kịch' LIMIT 1;
	INSERT IGNORE INTO genres (name) VALUES ('Tâm Lý');
	INSERT INTO movie_genres (movie_id, genre_id)
	  SELECT 97, genre_id FROM genres WHERE name='Tâm Lý' LIMIT 1;
	INSERT IGNORE INTO actors (name) VALUES ('Madison Iseman');
	INSERT INTO movie_actors (movie_id, actor_id)
	  SELECT 97, actor_id FROM actors WHERE name='Madison Iseman' LIMIT 1;
	INSERT IGNORE INTO actors (name) VALUES ('Aaron Dominguez');
	INSERT INTO movie_actors (movie_id, actor_id)
	  SELECT 97, actor_id FROM actors WHERE name='Aaron Dominguez' LIMIT 1;
	INSERT IGNORE INTO actors (name) VALUES ('Melanie Jarnson');
	INSERT INTO movie_actors (movie_id, actor_id)
	  SELECT 97, actor_id FROM actors WHERE name='Melanie Jarnson' LIMIT 1;
	INSERT IGNORE INTO actors (name) VALUES ('Charlie Tahan');
	INSERT INTO movie_actors (movie_id, actor_id)
	  SELECT 97, actor_id FROM actors WHERE name='Charlie Tahan' LIMIT 1;
	INSERT IGNORE INTO actors (name) VALUES ('Antonia Desplat');
	INSERT INTO movie_actors (movie_id, actor_id)
	  SELECT 97, actor_id FROM actors WHERE name='Antonia Desplat' LIMIT 1;
	INSERT IGNORE INTO actors (name) VALUES ('Jamie Campbell Bower');
	INSERT INTO movie_actors (movie_id, actor_id)
	  SELECT 97, actor_id FROM actors WHERE name='Jamie Campbell Bower' LIMIT 1;
	INSERT IGNORE INTO actors (name) VALUES ('David La Haye');
	INSERT INTO movie_actors (movie_id, actor_id)
	  SELECT 97, actor_id FROM actors WHERE name='David La Haye' LIMIT 1;
	INSERT IGNORE INTO actors (name) VALUES ('Victoria Lenhardt');
	INSERT INTO movie_actors (movie_id, actor_id)
	  SELECT 97, actor_id FROM actors WHERE name='Victoria Lenhardt' LIMIT 1;
	INSERT IGNORE INTO actors (name) VALUES ('Jamal Azémar');
	INSERT INTO movie_actors (movie_id, actor_id)
	  SELECT 97, actor_id FROM actors WHERE name='Jamal Azémar' LIMIT 1;
	INSERT IGNORE INTO actors (name) VALUES ('Riley Russell');
	INSERT INTO movie_actors (movie_id, actor_id)
	  SELECT 97, actor_id FROM actors WHERE name='Riley Russell' LIMIT 1;
	INSERT IGNORE INTO actors (name) VALUES ('Kade Vu');
	INSERT INTO movie_actors (movie_id, actor_id)
	  SELECT 97, actor_id FROM actors WHERE name='Kade Vu' LIMIT 1;
	INSERT IGNORE INTO actors (name) VALUES ('Renee Herbert');
	INSERT INTO movie_actors (movie_id, actor_id)
	  SELECT 97, actor_id FROM actors WHERE name='Renee Herbert' LIMIT 1;
	INSERT IGNORE INTO actors (name) VALUES ('Elisha Herbert');
	INSERT INTO movie_actors (movie_id, actor_id)
	  SELECT 97, actor_id FROM actors WHERE name='Elisha Herbert' LIMIT 1;
	INSERT IGNORE INTO actors (name) VALUES ('Francesco Filice');
	INSERT INTO movie_actors (movie_id, actor_id)
	  SELECT 97, actor_id FROM actors WHERE name='Francesco Filice' LIMIT 1;
	INSERT IGNORE INTO actors (name) VALUES ('Simon Anthony');
	INSERT INTO movie_actors (movie_id, actor_id)
	  SELECT 97, actor_id FROM actors WHERE name='Simon Anthony' LIMIT 1;
	INSERT IGNORE INTO actors (name) VALUES ('Kent McQuaid');
	INSERT INTO movie_actors (movie_id, actor_id)
	  SELECT 97, actor_id FROM actors WHERE name='Kent McQuaid' LIMIT 1;
	INSERT IGNORE INTO actors (name) VALUES ('S');
	INSERT INTO movie_actors (movie_id, actor_id)
	  SELECT 97, actor_id FROM actors WHERE name='S' LIMIT 1;
	INSERT IGNORE INTO directors (name) VALUES ('Chuck Russell');
	INSERT INTO movie_directors (movie_id, director_id)
	  SELECT 97, director_id FROM directors WHERE name='Chuck Russell' LIMIT 1;
	INSERT INTO episodes (movie_id, name, video_url)
	  VALUES (97, 'Full', 'https://player.phimapi.com/player/?url=https://s6.kkphimplayer6.com/20250921/2wqHnVDf/index.m3u8');

	-- Movie: Anh Hùng Xạ Điêu Truyện: Hiệp Chi Đại Giả
	INSERT INTO movies (movie_id, title, description, release_date, poster_url, thumb_url, status)
	VALUES (98, 'Anh Hùng Xạ Điêu Truyện: Hiệp Chi Đại Giả', 'Trong giang hồ đầy ân oán tình thù, giữa thời đại chiến loạn quyền lực tranh giành, Quách Tĩnh (do Tiêu Chiến thủ vai) từ nhỏ đã rời xa quê hương, dần rèn luyện nên một sức mạnh to lớn có thể thay đổi cả cục diện và vận mệnh. Dù được các cao nhân xem trọng và truyền dạy những tuyệt học võ công như “Cửu Âm Chân Kinh” và “Giáng Long Thập Bát Chưởng”, nhưng chính điều đó cũng khiến anh trở thành mục tiêu đố kỵ của nhiều thế lực. Quách Tĩnh, khiêm nhường nhưng kiên định, giữ trọn tấm lòng trong sáng. Cùng Hoàng Dung (do Trang Đạt Phi thủ vai), anh dũng cảm xông pha giữa khói lửa chiến trường và mưa tên ngựa sắt, gánh vác sứ mệnh bảo vệ biên ải nhà Nam Tống. Giữa biển trời và chim điêu, người anh hùng không biết sợ hãi – người đại hiệp chân chính, xoay chuyển cả giang sơn, lập nên truyền thuyết võ lâm. Bộ phim chủ yếu được chuyển thể từ chương 34 đến chương 40 trong tiểu thuyết kinh điển cùng tên của Kim Dung.', '2025', 'https://phimimg.com/upload/vod/20250412-1/4c00065f76596a168a60263d0eefcbc4.jpg', 'https://phimimg.com/upload/vod/20250412-1/f0f454bd324af2f9786ecd6a65afefc1.jpg', 'showing');
	UPDATE movies SET country='Trung Quốc', language='Vietsub + Thuyết Minh', trailer_url='https://www.youtube.com/watch?v=uyIPBAmY1hY&pp=ygUyTGVnZW5kcyBPZiBUaGUgQ29uZG9yIEhlcm9lczogVGhlIEdhbGxhbnRzIHRyYWlsZXI%3D' WHERE movie_id=98;
	INSERT IGNORE INTO genres (name) VALUES ('Hành Động');
	INSERT INTO movie_genres (movie_id, genre_id)
	  SELECT 98, genre_id FROM genres WHERE name='Hành Động' LIMIT 1;
	INSERT IGNORE INTO genres (name) VALUES ('Chính Kịch');
	INSERT INTO movie_genres (movie_id, genre_id)
	  SELECT 98, genre_id FROM genres WHERE name='Chính Kịch' LIMIT 1;
	INSERT IGNORE INTO genres (name) VALUES ('Lịch Sử');
	INSERT INTO movie_genres (movie_id, genre_id)
	  SELECT 98, genre_id FROM genres WHERE name='Lịch Sử' LIMIT 1;
	INSERT IGNORE INTO genres (name) VALUES ('Phiêu Lưu');
	INSERT INTO movie_genres (movie_id, genre_id)
	  SELECT 98, genre_id FROM genres WHERE name='Phiêu Lưu' LIMIT 1;
	INSERT IGNORE INTO actors (name) VALUES ('Tiêu Chiến');
	INSERT INTO movie_actors (movie_id, actor_id)
	  SELECT 98, actor_id FROM actors WHERE name='Tiêu Chiến' LIMIT 1;
	INSERT IGNORE INTO actors (name) VALUES ('Trang Đạt Phỉ');
	INSERT INTO movie_actors (movie_id, actor_id)
	  SELECT 98, actor_id FROM actors WHERE name='Trang Đạt Phỉ' LIMIT 1;
	INSERT IGNORE INTO actors (name) VALUES ('Hồ Quân');
	INSERT INTO movie_actors (movie_id, actor_id)
	  SELECT 98, actor_id FROM actors WHERE name='Hồ Quân' LIMIT 1;
	INSERT IGNORE INTO actors (name) VALUES ('Thái Thiếu Phân');
	INSERT INTO movie_actors (movie_id, actor_id)
	  SELECT 98, actor_id FROM actors WHERE name='Thái Thiếu Phân' LIMIT 1;
	INSERT IGNORE INTO actors (name) VALUES ('Lương Gia Huy');
	INSERT INTO movie_actors (movie_id, actor_id)
	  SELECT 98, actor_id FROM actors WHERE name='Lương Gia Huy' LIMIT 1;
	INSERT IGNORE INTO directors (name) VALUES ('Từ Khắc');
	INSERT INTO movie_directors (movie_id, director_id)
	  SELECT 98, director_id FROM directors WHERE name='Từ Khắc' LIMIT 1;
	INSERT INTO episodes (movie_id, name, video_url)
	  VALUES (98, 'Full', 'https://player.phimapi.com/player/?url=https://s6.kkphimplayer6.com/20250923/WhB9vA3r/index.m3u8');

	-- Movie: Nhị Long Hồ: Giấc Mộng Thôn Quê (Phần 2)
	INSERT INTO movies (movie_id, title, description, release_date, poster_url, thumb_url, status)
	VALUES (99, 'Nhị Long Hồ: Giấc Mộng Thôn Quê (Phần 2)', 'Phim kể về cuộc sống của dân làng ở vùng Nhị Long Hồ – nơi người dân chịu nhiều khó khăn trong chuyện phát triển kinh tế và cải thiện đời sống. Nhân vật chính thường là những người trẻ ở quê, họ nỗ lực mang lại sự thay đổi cho cộng đồng: từ việc làm nông truyền thống đến các hoạt động khởi nghiệp, du lịch nông thôn, và dự án bảo tồn văn hóa địa phương. Qua đó, phim khắc họa tình làng nghĩa xóm, những mâu thuẫn giữa truyền thống và hiện đại, giữa người ở quê và người đi xa muốn trở về để xây dựng quê hương. Phim mang sắc thái ấm áp, hài hước nhưng cũng đầy cảm động, khi những câu chuyện nhỏ trong làng – tình cảm gia đình, sự gắn bó, tinh thần vượt khó – được khắc họa rõ, để rồi len lỏi hy vọng về một tương lai tươi sáng hơn cho vùng quê.', '2025', 'https://phimimg.com/upload/vod/20250913-1/d7055f9cebb5a344553ecd7c73859471.jpg', 'https://phimimg.com/upload/vod/20250913-1/3db257b4e7c1f4c4fa8ef423776a89ff.jpg', 'showing');
	UPDATE movies SET country='Trung Quốc', language='Vietsub', trailer_url='https://www.youtube.com/watch?v=i1L6VJvqXVA' WHERE movie_id=99;
	INSERT IGNORE INTO genres (name) VALUES ('Chính Kịch');
	INSERT INTO movie_genres (movie_id, genre_id)
	  SELECT 99, genre_id FROM genres WHERE name='Chính Kịch' LIMIT 1;
	INSERT IGNORE INTO genres (name) VALUES ('Hài Hước');
	INSERT INTO movie_genres (movie_id, genre_id)
	  SELECT 99, genre_id FROM genres WHERE name='Hài Hước' LIMIT 1;
	INSERT IGNORE INTO genres (name) VALUES ('Tình Cảm');
	INSERT INTO movie_genres (movie_id, genre_id)
	  SELECT 99, genre_id FROM genres WHERE name='Tình Cảm' LIMIT 1;
	INSERT IGNORE INTO genres (name) VALUES ('Tâm Lý');
	INSERT INTO movie_genres (movie_id, genre_id)
	  SELECT 99, genre_id FROM genres WHERE name='Tâm Lý' LIMIT 1;
	INSERT IGNORE INTO actors (name) VALUES ('Trương Hạo');
	INSERT INTO movie_actors (movie_id, actor_id)
	  SELECT 99, actor_id FROM actors WHERE name='Trương Hạo' LIMIT 1;
	INSERT IGNORE INTO actors (name) VALUES ('Châu Lệ Lan');
	INSERT INTO movie_actors (movie_id, actor_id)
	  SELECT 99, actor_id FROM actors WHERE name='Châu Lệ Lan' LIMIT 1;
	INSERT IGNORE INTO actors (name) VALUES ('Quách Thiết Thành');
	INSERT INTO movie_actors (movie_id, actor_id)
	  SELECT 99, actor_id FROM actors WHERE name='Quách Thiết Thành' LIMIT 1;
	INSERT IGNORE INTO actors (name) VALUES ('Hoàng Hiểu Quyên');
	INSERT INTO movie_actors (movie_id, actor_id)
	  SELECT 99, actor_id FROM actors WHERE name='Hoàng Hiểu Quyên' LIMIT 1;
	INSERT IGNORE INTO actors (name) VALUES ('Lai Hỉ');
	INSERT INTO movie_actors (movie_id, actor_id)
	  SELECT 99, actor_id FROM actors WHERE name='Lai Hỉ' LIMIT 1;
	INSERT IGNORE INTO actors (name) VALUES ('Trương Đào');
	INSERT INTO movie_actors (movie_id, actor_id)
	  SELECT 99, actor_id FROM actors WHERE name='Trương Đào' LIMIT 1;
	INSERT IGNORE INTO actors (name) VALUES ('Trác Nghĩ Âm');
	INSERT INTO movie_actors (movie_id, actor_id)
	  SELECT 99, actor_id FROM actors WHERE name='Trác Nghĩ Âm' LIMIT 1;
	INSERT IGNORE INTO actors (name) VALUES ('Tích Đại Trang');
	INSERT INTO movie_actors (movie_id, actor_id)
	  SELECT 99, actor_id FROM actors WHERE name='Tích Đại Trang' LIMIT 1;
	INSERT IGNORE INTO actors (name) VALUES ('Viện Hàng Minh');
	INSERT INTO movie_actors (movie_id, actor_id)
	  SELECT 99, actor_id FROM actors WHERE name='Viện Hàng Minh' LIMIT 1;
	INSERT IGNORE INTO actors (name) VALUES ('Quan Hạo');
	INSERT INTO movie_actors (movie_id, actor_id)
	  SELECT 99, actor_id FROM actors WHERE name='Quan Hạo' LIMIT 1;
	INSERT IGNORE INTO actors (name) VALUES ('Vương Thông');
	INSERT INTO movie_actors (movie_id, actor_id)
	  SELECT 99, actor_id FROM actors WHERE name='Vương Thông' LIMIT 1;
	INSERT IGNORE INTO actors (name) VALUES ('Địa Lôi');
	INSERT INTO movie_actors (movie_id, actor_id)
	  SELECT 99, actor_id FROM actors WHERE name='Địa Lôi' LIMIT 1;
	INSERT IGNORE INTO directors (name) VALUES ('Trương Hạo');
	INSERT INTO movie_directors (movie_id, director_id)
	  SELECT 99, director_id FROM directors WHERE name='Trương Hạo' LIMIT 1;
	INSERT INTO episodes (movie_id, name, video_url)
	  VALUES (99, 'Tập 01', 'https://player.phimapi.com/player/?url=https://s6.kkphimplayer6.com/20250910/2YOWCfVE/index.m3u8');
	INSERT INTO episodes (movie_id, name, video_url)
	  VALUES (99, 'Tập 02', 'https://player.phimapi.com/player/?url=https://s6.kkphimplayer6.com/20250910/OAsb6X8l/index.m3u8');
	INSERT INTO episodes (movie_id, name, video_url)
	  VALUES (99, 'Tập 03', 'https://player.phimapi.com/player/?url=https://s6.kkphimplayer6.com/20250910/CFQKN3v4/index.m3u8');
	INSERT INTO episodes (movie_id, name, video_url)
	  VALUES (99, 'Tập 04', 'https://player.phimapi.com/player/?url=https://s6.kkphimplayer6.com/20250910/9qDqkYD8/index.m3u8');
	INSERT INTO episodes (movie_id, name, video_url)
	  VALUES (99, 'Tập 05', 'https://player.phimapi.com/player/?url=https://s6.kkphimplayer6.com/20250910/FNl4yptt/index.m3u8');
	INSERT INTO episodes (movie_id, name, video_url)
	  VALUES (99, 'Tập 06', 'https://player.phimapi.com/player/?url=https://s6.kkphimplayer6.com/20250910/DZDn961U/index.m3u8');
	INSERT INTO episodes (movie_id, name, video_url)
	  VALUES (99, 'Tập 07', 'https://player.phimapi.com/player/?url=https://s6.kkphimplayer6.com/20250910/6TZls9fN/index.m3u8');
	INSERT INTO episodes (movie_id, name, video_url)
	  VALUES (99, 'Tập 08', 'https://player.phimapi.com/player/?url=https://s6.kkphimplayer6.com/20250910/UGnSWjBV/index.m3u8');
	INSERT INTO episodes (movie_id, name, video_url)
	  VALUES (99, 'Tập 09', 'https://player.phimapi.com/player/?url=https://s6.kkphimplayer6.com/20250910/NSzT2f5c/index.m3u8');
	INSERT INTO episodes (movie_id, name, video_url)
	  VALUES (99, 'Tập 10', 'https://player.phimapi.com/player/?url=https://s6.kkphimplayer6.com/20250910/2W8ghrOC/index.m3u8');
	INSERT INTO episodes (movie_id, name, video_url)
	  VALUES (99, 'Tập 11', 'https://player.phimapi.com/player/?url=https://s6.kkphimplayer6.com/20250910/hQ12EZ3v/index.m3u8');
	INSERT INTO episodes (movie_id, name, video_url)
	  VALUES (99, 'Tập 12', 'https://player.phimapi.com/player/?url=https://s6.kkphimplayer6.com/20250910/TWS5KiJ8/index.m3u8');
	INSERT INTO episodes (movie_id, name, video_url)
	  VALUES (99, 'Tập 13', 'https://player.phimapi.com/player/?url=https://s6.kkphimplayer6.com/20250910/BEIx1MNf/index.m3u8');
	INSERT INTO episodes (movie_id, name, video_url)
	  VALUES (99, 'Tập 14', 'https://player.phimapi.com/player/?url=https://s6.kkphimplayer6.com/20250910/m7xWXj6I/index.m3u8');
	INSERT INTO episodes (movie_id, name, video_url)
	  VALUES (99, 'Tập 15', 'https://player.phimapi.com/player/?url=https://s6.kkphimplayer6.com/20250910/goCUjBSF/index.m3u8');
	INSERT INTO episodes (movie_id, name, video_url)
	  VALUES (99, 'Tập 16', 'https://player.phimapi.com/player/?url=https://s6.kkphimplayer6.com/20250910/viRJhZXH/index.m3u8');
	INSERT INTO episodes (movie_id, name, video_url)
	  VALUES (99, 'Tập 17', 'https://player.phimapi.com/player/?url=https://s6.kkphimplayer6.com/20250910/8jAe407j/index.m3u8');
	INSERT INTO episodes (movie_id, name, video_url)
	  VALUES (99, 'Tập 18', 'https://player.phimapi.com/player/?url=https://s6.kkphimplayer6.com/20250910/qVPYeXk4/index.m3u8');
	INSERT INTO episodes (movie_id, name, video_url)
	  VALUES (99, 'Tập 19', 'https://player.phimapi.com/player/?url=https://s6.kkphimplayer6.com/20250911/3s4zzXtx/index.m3u8');
	INSERT INTO episodes (movie_id, name, video_url)
	  VALUES (99, 'Tập 20', 'https://player.phimapi.com/player/?url=https://s6.kkphimplayer6.com/20250913/5B9fFWle/index.m3u8');
	INSERT INTO episodes (movie_id, name, video_url)
	  VALUES (99, 'Tập 21', 'https://player.phimapi.com/player/?url=https://s6.kkphimplayer6.com/20250913/Zlx8VQgs/index.m3u8');
	INSERT INTO episodes (movie_id, name, video_url)
	  VALUES (99, 'Tập 22', 'https://player.phimapi.com/player/?url=https://s6.kkphimplayer6.com/20250914/ZZvpMQUN/index.m3u8');
	INSERT INTO episodes (movie_id, name, video_url)
	  VALUES (99, 'Tập 23', 'https://player.phimapi.com/player/?url=https://s6.kkphimplayer6.com/20250914/i2Q4HXnl/index.m3u8');
	INSERT INTO episodes (movie_id, name, video_url)
	  VALUES (99, 'Tập 24', 'https://player.phimapi.com/player/?url=https://s6.kkphimplayer6.com/20250923/CJWdCWUX/index.m3u8');
	INSERT INTO episodes (movie_id, name, video_url)
	  VALUES (99, 'Tập 25', 'https://player.phimapi.com/player/?url=https://s6.kkphimplayer6.com/20250923/FY92vAgg/index.m3u8');
	INSERT INTO episodes (movie_id, name, video_url)
	  VALUES (99, 'Tập 26', 'https://player.phimapi.com/player/?url=https://s6.kkphimplayer6.com/20250923/BwU16bh2/index.m3u8');
	INSERT INTO episodes (movie_id, name, video_url)
	  VALUES (99, 'Tập 27', 'https://player.phimapi.com/player/?url=https://s6.kkphimplayer6.com/20250923/LnVdSADJ/index.m3u8');
	INSERT INTO episodes (movie_id, name, video_url)
	  VALUES (99, 'Tập 28', 'https://player.phimapi.com/player/?url=https://s6.kkphimplayer6.com/20250923/qpFmA4aO/index.m3u8');

	-- Movie: Ngoảnh Lại Gặp Được Em
	INSERT INTO movies (movie_id, title, description, release_date, poster_url, thumb_url, status)
	VALUES (100, 'Ngoảnh Lại Gặp Được Em', 'Nữ chính Vạn Tân Tân – một bà mẹ trẻ nóng bỏng – kết hôn chớp nhoáng với Tần Cương, một thiếu gia nhà giàu, và nhanh chóng sinh con. Nhưng cuộc hôn nhân lại tan vỡ khi cô phát hiện Tần Cương ngoại tình với bạn gái cũ Lưu Vi. Trong cơn tuyệt vọng, Vạn Tân Tân quyết định ly hôn, ôm con rời khỏi nhà chồng. Trên đường rời đi, cô tình cờ quen biết với Hoa Minh, một người đàn ông từng trải, tốt bụng. Cuộc gặp gỡ ngoài ý muốn đã khiến cuộc sống của anh đảo lộn, thậm chí còn bị thiệt hại về nhà cửa và tài sản. Hai người buộc phải “ở chung” để chăm sóc con, từ đó nảy sinh nhiều mâu thuẫn, nhưng cũng dần dần phát triển thành những rung động khó nói. Trong khi đó, Tần Cương vì muốn kế thừa gia nghiệp, dưới sự thúc ép của mẹ, đã tìm cách giành lại vợ con. Mẹ Tần và Lưu Vi cũng lao vào vòng xoáy tranh chấp. Cùng lúc, vợ cũ của Hoa Minh – Hạ Tình – mang theo con gái tuổi dậy thì quay về, mong muốn tái hợp, kéo theo những bí mật trong quá khứ của anh dần được phơi bày. Tình yêu, hôn nhân và gia đình bị cuốn vào vòng xoáy của dối trá, lựa chọn và tha thứ. Cuối cùng, tương lai của Vạn Tân Tân vẫn đầy bất định…', '2025', 'https://phimimg.com/upload/vod/20250910-1/0923572dbc8164b51df4e6682998d40a.jpg', 'https://phimimg.com/upload/vod/20250910-1/d868693e2acf2bc74a8f1b01e9159ca7.jpg', 'showing');
	UPDATE movies SET country='Trung Quốc', language='Vietsub', trailer_url=NULL WHERE movie_id=100;
	INSERT IGNORE INTO genres (name) VALUES ('Chính Kịch');
	INSERT INTO movie_genres (movie_id, genre_id)
	  SELECT 100, genre_id FROM genres WHERE name='Chính Kịch' LIMIT 1;
	INSERT IGNORE INTO genres (name) VALUES ('Tình Cảm');
	INSERT INTO movie_genres (movie_id, genre_id)
	  SELECT 100, genre_id FROM genres WHERE name='Tình Cảm' LIMIT 1;
	INSERT IGNORE INTO genres (name) VALUES ('Tâm Lý');
	INSERT INTO movie_genres (movie_id, genre_id)
	  SELECT 100, genre_id FROM genres WHERE name='Tâm Lý' LIMIT 1;
	INSERT IGNORE INTO actors (name) VALUES ('Đồng Dao');
	INSERT INTO movie_actors (movie_id, actor_id)
	  SELECT 100, actor_id FROM actors WHERE name='Đồng Dao' LIMIT 1;
	INSERT IGNORE INTO actors (name) VALUES ('Vu Dịch');
	INSERT INTO movie_actors (movie_id, actor_id)
	  SELECT 100, actor_id FROM actors WHERE name='Vu Dịch' LIMIT 1;
	INSERT IGNORE INTO actors (name) VALUES ('Trì Soái');
	INSERT INTO movie_actors (movie_id, actor_id)
	  SELECT 100, actor_id FROM actors WHERE name='Trì Soái' LIMIT 1;
	INSERT IGNORE INTO actors (name) VALUES ('Phùng Quốc Cường');
	INSERT INTO movie_actors (movie_id, actor_id)
	  SELECT 100, actor_id FROM actors WHERE name='Phùng Quốc Cường' LIMIT 1;
	INSERT IGNORE INTO actors (name) VALUES ('Dương Khôn');
	INSERT INTO movie_actors (movie_id, actor_id)
	  SELECT 100, actor_id FROM actors WHERE name='Dương Khôn' LIMIT 1;
	INSERT IGNORE INTO directors (name) VALUES ('Đang cập nhật');
	INSERT INTO movie_directors (movie_id, director_id)
	  SELECT 100, director_id FROM directors WHERE name='Đang cập nhật' LIMIT 1;
	INSERT INTO episodes (movie_id, name, video_url)
	  VALUES (100, 'Tập 01', 'https://player.phimapi.com/player/?url=https://s6.kkphimplayer6.com/20250910/l3xsj52b/index.m3u8');
	INSERT INTO episodes (movie_id, name, video_url)
	  VALUES (100, 'Tập 02', 'https://player.phimapi.com/player/?url=https://s6.kkphimplayer6.com/20250910/8qUpt3WP/index.m3u8');
	INSERT INTO episodes (movie_id, name, video_url)
	  VALUES (100, 'Tập 03', 'https://player.phimapi.com/player/?url=https://s6.kkphimplayer6.com/20250910/nbxA4ORY/index.m3u8');
	INSERT INTO episodes (movie_id, name, video_url)
	  VALUES (100, 'Tập 04', 'https://player.phimapi.com/player/?url=https://s6.kkphimplayer6.com/20250910/ex7l1mjb/index.m3u8');
	INSERT INTO episodes (movie_id, name, video_url)
	  VALUES (100, 'Tập 05', 'https://player.phimapi.com/player/?url=https://s6.kkphimplayer6.com/20250910/CCKnA0ia/index.m3u8');
	INSERT INTO episodes (movie_id, name, video_url)
	  VALUES (100, 'Tập 06', 'https://player.phimapi.com/player/?url=https://s6.kkphimplayer6.com/20250910/JsFmX7Dl/index.m3u8');
	INSERT INTO episodes (movie_id, name, video_url)
	  VALUES (100, 'Tập 07', 'https://player.phimapi.com/player/?url=https://s6.kkphimplayer6.com/20250910/618CGpjp/index.m3u8');
	INSERT INTO episodes (movie_id, name, video_url)
	  VALUES (100, 'Tập 08', 'https://player.phimapi.com/player/?url=https://s6.kkphimplayer6.com/20250910/j7NmU5SR/index.m3u8');
	INSERT INTO episodes (movie_id, name, video_url)
	  VALUES (100, 'Tập 09', 'https://player.phimapi.com/player/?url=https://s6.kkphimplayer6.com/20250910/JAyDd32j/index.m3u8');
	INSERT INTO episodes (movie_id, name, video_url)
	  VALUES (100, 'Tập 10', 'https://player.phimapi.com/player/?url=https://s6.kkphimplayer6.com/20250910/p88HzmdN/index.m3u8');
	INSERT INTO episodes (movie_id, name, video_url)
	  VALUES (100, 'Tập 11', 'https://player.phimapi.com/player/?url=https://s6.kkphimplayer6.com/20250910/E4uXZ97G/index.m3u8');
	INSERT INTO episodes (movie_id, name, video_url)
	  VALUES (100, 'Tập 12', 'https://player.phimapi.com/player/?url=https://s6.kkphimplayer6.com/20250910/rjqAcW5R/index.m3u8');
	INSERT INTO episodes (movie_id, name, video_url)
	  VALUES (100, 'Tập 13', 'https://player.phimapi.com/player/?url=https://s6.kkphimplayer6.com/20250911/uL4BFQNH/index.m3u8');
	INSERT INTO episodes (movie_id, name, video_url)
	  VALUES (100, 'Tập 14', 'https://player.phimapi.com/player/?url=https://s6.kkphimplayer6.com/20250911/yxqGpYac/index.m3u8');
	INSERT INTO episodes (movie_id, name, video_url)
	  VALUES (100, 'Tập 15', 'https://player.phimapi.com/player/?url=https://s6.kkphimplayer6.com/20250913/whni8d4y/index.m3u8');
	INSERT INTO episodes (movie_id, name, video_url)
	  VALUES (100, 'Tập 16', 'https://player.phimapi.com/player/?url=https://s6.kkphimplayer6.com/20250913/DCmgfFCq/index.m3u8');
	INSERT INTO episodes (movie_id, name, video_url)
	  VALUES (100, 'Tập 17', 'https://player.phimapi.com/player/?url=https://s6.kkphimplayer6.com/20250913/TiXZa7qG/index.m3u8');
	INSERT INTO episodes (movie_id, name, video_url)
	  VALUES (100, 'Tập 18', 'https://player.phimapi.com/player/?url=https://s6.kkphimplayer6.com/20250913/MXR8yaAO/index.m3u8');
	INSERT INTO episodes (movie_id, name, video_url)
	  VALUES (100, 'Tập 19', 'https://player.phimapi.com/player/?url=https://s6.kkphimplayer6.com/20250914/Q0Q16E2w/index.m3u8');
	INSERT INTO episodes (movie_id, name, video_url)
	  VALUES (100, 'Tập 20', 'https://player.phimapi.com/player/?url=https://s6.kkphimplayer6.com/20250914/i07OGNhk/index.m3u8');
	INSERT INTO episodes (movie_id, name, video_url)
	  VALUES (100, 'Tập 21', 'https://player.phimapi.com/player/?url=https://s6.kkphimplayer6.com/20250916/97ksp5A1/index.m3u8');
	INSERT INTO episodes (movie_id, name, video_url)
	  VALUES (100, 'Tập 22', 'https://player.phimapi.com/player/?url=https://s6.kkphimplayer6.com/20250916/QLEVMAWK/index.m3u8');
	INSERT INTO episodes (movie_id, name, video_url)
	  VALUES (100, 'Tập 23', 'https://player.phimapi.com/player/?url=https://s6.kkphimplayer6.com/20250916/hO0hPccx/index.m3u8');
	INSERT INTO episodes (movie_id, name, video_url)
	  VALUES (100, 'Tập 24', 'https://player.phimapi.com/player/?url=https://s6.kkphimplayer6.com/20250916/jNkB81Vg/index.m3u8');
	INSERT INTO episodes (movie_id, name, video_url)
	  VALUES (100, 'Tập 25', 'https://player.phimapi.com/player/?url=https://s6.kkphimplayer6.com/20250917/GGGeZM04/index.m3u8');
	INSERT INTO episodes (movie_id, name, video_url)
	  VALUES (100, 'Tập 26', 'https://player.phimapi.com/player/?url=https://s6.kkphimplayer6.com/20250917/3nOqDh90/index.m3u8');
	INSERT INTO episodes (movie_id, name, video_url)
	  VALUES (100, 'Tập 27', 'https://player.phimapi.com/player/?url=https://s6.kkphimplayer6.com/20250918/IUq9f9DM/index.m3u8');
	INSERT INTO episodes (movie_id, name, video_url)
	  VALUES (100, 'Tập 28', 'https://player.phimapi.com/player/?url=https://s6.kkphimplayer6.com/20250918/SkflNBCz/index.m3u8');
	INSERT INTO episodes (movie_id, name, video_url)
	  VALUES (100, 'Tập 29', 'https://player.phimapi.com/player/?url=https://s6.kkphimplayer6.com/20250920/auKFmHHr/index.m3u8');
	INSERT INTO episodes (movie_id, name, video_url)
	  VALUES (100, 'Tập 30', 'https://player.phimapi.com/player/?url=https://s6.kkphimplayer6.com/20250920/IEv4JPh9/index.m3u8');
	INSERT INTO episodes (movie_id, name, video_url)
	  VALUES (100, 'Tập 31', 'https://player.phimapi.com/player/?url=https://s6.kkphimplayer6.com/20250920/s9fq79z3/index.m3u8');
	INSERT INTO episodes (movie_id, name, video_url)
	  VALUES (100, 'Tập 32', 'https://player.phimapi.com/player/?url=https://s6.kkphimplayer6.com/20250920/lWAf4hww/index.m3u8');
	INSERT INTO episodes (movie_id, name, video_url)
	  VALUES (100, 'Tập 33', 'https://player.phimapi.com/player/?url=https://s6.kkphimplayer6.com/20250921/p6AL8aMc/index.m3u8');
	INSERT INTO episodes (movie_id, name, video_url)
	  VALUES (100, 'Tập 34', 'https://player.phimapi.com/player/?url=https://s6.kkphimplayer6.com/20250921/BgnxAqRJ/index.m3u8');
	INSERT INTO episodes (movie_id, name, video_url)
	  VALUES (100, 'Tập 35', 'https://player.phimapi.com/player/?url=https://s6.kkphimplayer6.com/20250922/edR5Dkcy/index.m3u8');
	INSERT INTO episodes (movie_id, name, video_url)
	  VALUES (100, 'Tập 36', 'https://player.phimapi.com/player/?url=https://s6.kkphimplayer6.com/20250922/xmhOHsvG/index.m3u8');
	INSERT INTO episodes (movie_id, name, video_url)
	  VALUES (100, 'Tập 37', 'https://player.phimapi.com/player/?url=https://s6.kkphimplayer6.com/20250923/BAK7K3Mh/index.m3u8');
	INSERT INTO episodes (movie_id, name, video_url)
	  VALUES (100, 'Tập 38', 'https://player.phimapi.com/player/?url=https://s6.kkphimplayer6.com/20250923/76sfOgLc/index.m3u8');

